id,speedType,source,draftMulAccelFactor,draftTick,driftBoostMulAccelFactor,driftBoostTick,chargeBoostBySpeed,speedSlotCapacity,itemSlotCapacity,specialSlotCapacity,useTransformBooster,motorcycleType,effectSetupSelectorByte,mass,airFriction,dragFactor,forwardAccel,backwardAccel,gripBrake,slipBrake,maxSteerDeg,steerConstraint,frontGripFactor,rearGripFactor,driftTrigFactor,driftTrigTime,driftSlipFactor,driftEscapeForce,cornerDrawFactor,driftLeanFactor,steerLeanFactor,driftMaxGauge,normalBoosterTime,itemBoosterTime,teamBoosterTime,animalBoosterTime,superBoosterTime,transAccelFactor,boostAccelFactor,startBoosterTimeItem,startBoosterTimeSpeed,startForwardAccelItem,startForwardAccelSpeed,driftGaguePreservePercent,useExtendedAfterBooster,boostAccelFactorOnlyItem,antiCollideBalance,dualBoosterSetAuto,dualBoosterTickMin,dualBoosterTickMax,dualMulAccelFactor,dualTransLowSpeed,partsEngineLock,partsWheelLock,partsSteeringLock,partsBoosterLock,partsCoatingLock,partsTailLampLock,chargeInstAccelGaugeByBoost,chargeInstAccelGaugeByGrip,chargeInstAccelGaugeByWall,instAccelFactor,instAccelGaugeCooldownTime,instAccelGaugeLength,instAccelGaugeMinUsable,instAccelGaugeMinVelBound,instAccelGaugeMinVelLoss,useExtendedAfterBoosterMore,wallCollGaugeCooldownTime,wallCollGaugeMaxVelLoss,wallCollGaugeMinVelBound,wallCollGaugeMinVelLoss,footprintExtent0,footprintExtent1,defaultExceedType,defaultEngineType,defaultHandleType,defaultWheelType,defaultBoosterType,chargeInstAccelGaugeByWallAdded,chargeInstAccelGaugeByBoostAdded,chargerSystemBoosterUseCount,chargerSystemUseTime,chargeBoostBySpeedAdded,driftGaugeFactor,chargeAntiCollideBalance,startItemTableId,startItemId,startItemUid,partsBoosterEffectLock
1,4,cn-server-capture,1,0,1,0,0,2,2,1,0,0,1,100,3,0.75,2160,1775,2070,1415,10,22.25,5,5,0.2,0.2,0.2,2600,0.18,0.07,0.01,1,3000,3000,4500,4000,3500,1.4955,1.494,1000,1000,2160,2160,0,0,1.5,1,0,40,60,1.1,100,0,0,0,0,0,0,0.02,0.02,0.2,1.25,0,0,0,200,50,0,0,200,200,50,0,0,0,0,0,0,0,0,0,0,0,0,0,1,0,0,0,0
1,7,cn-server-capture,1,0,1,0,0,2,2,1,0,0,1,100,3,0.75,2160,1775,2070,1415,10,22.25,5,5,0.2,0.2,0.2,2600,0.18,0.07,0.01,4300,3000,3000,4500,4000,3500,1.4955,1.494,1000,1000,2160,2160,0,0,1.5,1,0,40,60,1.1,100,0,0,0,0,0,0,0.02,0.02,0.2,1.25,0,0,0,200,50,0,0,200,200,50,0,0,0,0,0,0,0,0,0,0,0,0,0,1,0,0,0,0
2,4,cn-server-capture,1,0,1,0,0,2,2,1,0,0,1,100,3,0.74,2200,1795,2070,1415,10,22.75,5,5,0.2,0.2,0.2,2620,0.19000001,0.07,0.01,1,3000,3000,4500,4000,3500,1.4955,1.494,1000,1000,2200,2200,0,0,1.5,1,0,40,60,1.1,100,0,0,0,0,0,0,0.02,0.02,0.2,1.25,0,0,0,200,50,0,0,200,200,50,0,0,0,0,0,0,0,0,0,0,0,0,0,1,0,0,0,0
2,7,cn-server-capture,1,0,1,0,0,2,2,1,0,0,1,100,3,0.74,2200,1795,2070,1415,10,22.75,5,5,0.2,0.2,0.2,2620,0.19000001,0.07,0.01,4300,3000,3000,4500,4000,3500,1.4955,1.494,1000,1000,2200,2200,0,0,1.5,1,0,40,60,1.1,100,0,0,0,0,0,0,0.02,0.02,0.2,1.25,0,0,0,200,50,0,0,200,200,50,0,0,0,0,0,0,0,0,0,0,0,0,0,1,0,0,0,0
3,4,cn-server-capture,1,0,1,0,0,2,2,1,0,0,1,100,3,0.73,2220,1805,2070,1415,10,23.25,5,5,0.2,0.2,0.2,2680,0.2,0.07,0.01,1,3000,3000,4500,4000,3500,1.4955,1.494,1000,1000,2220,2220,0,0,1.5,1,0,40,60,1.1,100,0,0,0,0,0,0,0.02,0.02,0.2,1.25,0,0,0,200,50,0,0,200,200,50,0,0,0,0,0,0,0,0,0,0,0,0,0,1,0,0,0,0
3,7,cn-server-capture,1,0,1,0,0,2,2,1,0,0,1,100,3,0.73,2220,1805,2070,1415,10,23.25,5,5,0.2,0.2,0.2,2680,0.2,0.07,0.01,4300,3000,3000,4500,4000,3500,1.4955,1.494,1000,1000,2220,2220,0,0,1.5,1,0,40,60,1.1,100,0,0,0,0,0,0,0.02,0.02,0.2,1.25,0,0,0,200,50,0,0,200,200,50,0,0,0,0,0,0,0,0,0,0,0,0,0,1,0,0,0,0
4,4,cn-server-capture,1,0,1,0,0,2,2,1,0,0,1,100,3,0.72,2240,1815,2070,1415,10,23.75,5,5,0.2,0.2,0.2,2730,0.21000001,0.07,0.01,1,3000,3000,4500,4000,3500,1.4955,1.494,1000,1000,2240,2240,0,0,1.5,1,0,40,60,1.1,100,0,0,0,0,0,0,0.02,0.02,0.2,1.25,0,0,0,200,50,0,0,200,200,50,0,0,0,0,0,0,0,0,0,0,0,0,0,1,0,0,0,0
4,7,cn-server-capture,1,0,1,0,0,2,2,1,0,0,1,100,3,0.72,2240,1815,2070,1415,10,23.75,5,5,0.2,0.2,0.2,2730,0.21000001,0.07,0.01,4300,3000,3000,4500,4000,3500,1.4955,1.494,1000,1000,2240,2240,0,0,1.5,1,0,40,60,1.1,100,0,0,0,0,0,0,0.02,0.02,0.2,1.25,0,0,0,200,50,0,0,200,200,50,0,0,0,0,0,0,0,0,0,0,0,0,0,1,0,0,0,0
5,4,cn-server-capture,1,0,1,0,0,2,2,1,0,0,1,100,3,0.7,2250,1815,2070,1415,10,24.05,5,5,0.2,0.2,0.2,2780,0.222,0.07,0.01,1,3000,3000,4500,4000,3500,1.4955,1.494,1000,1000,2250,2250,0,0,1.5,1,0,40,60,1.1,100,0,0,0,0,0,0,0.02,0.02,0.2,1.25,0,0,0,200,50,0,0,200,200,50,0,0,0,0,0,0,0,0,0,0,0,0,0,1,0,0,0,0
5,7,cn-server-capture,1,0,1,0,0,2,2,1,0,0,1,100,3,0.7,2250,1815,2070,1415,10,24.05,5,5,0.2,0.2,0.2,2780,0.222,0.07,0.01,4300,3000,3000,4500,4000,3500,1.4955,1.494,1000,1000,2250,2250,0,0,1.5,1,0,40,60,1.1,100,0,0,0,0,0,0,0.02,0.02,0.2,1.25,0,0,0,200,50,0,0,200,200,50,0,0,0,0,0,0,0,0,0,0,0,0,0,1,0,0,0,0
6,4,cn-server-capture,1,0,1,0,0,2,2,1,0,0,1,100,3,0.75,2160,1775,2070,1415,10,22.25,5,5,0.2,0.2,0.2,2600,0.18,0.07,0.01,1,3000,3000,4500,4000,3500,1.4955,1.494,1000,1000,2160,2160,0,0,1.5,1,0,40,60,1.1,100,0,0,0,0,0,0,0.02,0.02,0.2,1.25,0,0,0,200,50,0,0,200,200,50,0,0,0,0,0,0,0,0,0,0,0,0,0,1,0,0,0,0
6,7,cn-server-capture,1,0,1,0,0,2,2,1,0,0,1,100,3,0.75,2160,1775,2070,1415,10,22.25,5,5,0.2,0.2,0.2,2600,0.18,0.07,0.01,4300,3000,3000,4500,4000,3500,1.4955,1.494,1000,1000,2160,2160,0,0,1.5,1,0,40,60,1.1,100,0,0,0,0,0,0,0.02,0.02,0.2,1.25,0,0,0,200,50,0,0,200,200,50,0,0,0,0,0,0,0,0,0,0,0,0,0,1,0,0,0,0
7,4,cn-server-capture,1,0,1,0,0,2,2,1,0,0,1,100,3,0.735,2190,1790,2070,1415,10,22.625,5,5,0.2,0.2,0.2,2660,0.193,0.07,0.01,1,3000,3000,4500,4000,3500,1.4955,1.494,1000,1000,2190,2190,0,0,1.5,1,0,40,60,1.1,100,0,0,0,0,0,0,0.02,0.02,0.2,1.25,0,0,0,200,50,0,0,200,200,50,0,0,0,0,0,0,0,0,0,0,0,0,0,1,0,0,0,0
7,7,cn-server-capture,1,0,1,0,0,2,2,1,0,0,1,100,3,0.735,2190,1790,2070,1415,10,22.625,5,5,0.2,0.2,0.2,2660,0.193,0.07,0.01,4300,3000,3000,4500,4000,3500,1.4955,1.494,1000,1000,2190,2190,0,0,1.5,1,0,40,60,1.1,100,0,0,0,0,0,0,0.02,0.02,0.2,1.25,0,0,0,200,50,0,0,200,200,50,0,0,0,0,0,0,0,0,0,0,0,0,0,1,0,0,0,0
8,4,cn-server-capture,1,0,1,0,0,2,2,1,0,0,1,100,3,0.725,2210,1800,2070,1415,10,23.125,5,5,0.2,0.2,0.2,2720,0.20300001,0.07,0.01,1,3000,3000,4500,4000,3500,1.4955,1.494,1000,1000,2210,2210,0,0,1.5,1,0,40,60,1.1,100,0,0,0,0,0,0,0.02,0.02,0.2,1.25,0,0,0,200,50,0,0,200,200,50,0,0,0,0,0,0,0,0,0,0,0,0,0,1,0,0,0,0
8,7,cn-server-capture,1,0,1,0,0,2,2,1,0,0,1,100,3,0.725,2210,1800,2070,1415,10,23.125,5,5,0.2,0.2,0.2,2720,0.20300001,0.07,0.01,4300,3000,3000,4500,4000,3500,1.4955,1.494,1000,1000,2210,2210,0,0,1.5,1,0,40,60,1.1,100,0,0,0,0,0,0,0.02,0.02,0.2,1.25,0,0,0,200,50,0,0,200,200,50,0,0,0,0,0,0,0,0,0,0,0,0,0,1,0,0,0,0
9,4,cn-server-capture,1,0,1,0,0,2,2,1,0,0,1,100,3,0.703,2225,1810,2070,1415,10,23.5,5,5,0.2,0.2,0.2,2820,0.213,0.07,0.01,1,3000,3000,4500,4000,3500,1.4955,1.494,1000,1000,2225,2225,0,0,1.5,1,0,40,60,1.1,100,0,0,0,0,0,0,0.02,0.02,0.2,1.25,0,0,0,200,50,0,0,200,200,50,0,0,0,0,0,0,0,0,0,0,0,0,0,1,0,0,0,0
9,7,cn-server-capture,1,0,1,0,0,2,2,1,0,0,1,100,3,0.703,2225,1810,2070,1415,10,23.5,5,5,0.2,0.2,0.2,2820,0.213,0.07,0.01,4300,3000,3000,4500,4000,3500,1.4955,1.494,1000,1000,2225,2225,0,0,1.5,1,0,40,60,1.1,100,0,0,0,0,0,0,0.02,0.02,0.2,1.25,0,0,0,200,50,0,0,200,200,50,0,0,0,0,0,0,0,0,0,0,0,0,0,1,0,0,0,0
10,4,cn-server-capture,1,0,1,0,0,2,2,1,0,0,1,100,3,0.69200003,2240,1815,2070,1415,10,23.5,5,5,0.2,0.2,0.2,2820,0.213,0.07,0.01,1,3000,3000,4500,4000,3500,1.4955,1.494,1000,1000,2240,2240,0,0,1.5,1,0,40,60,1.1,100,0,0,0,0,0,0,0.02,0.02,0.2,1.25,0,0,0,200,50,0,0,200,200,50,0,0,0,0,0,0,0,0,0,0,0,0,0,1,0,0,0,0
10,7,cn-server-capture,1,0,1,0,0,2,2,1,0,0,1,100,3,0.69200003,2240,1815,2070,1415,10,23.5,5,5,0.2,0.2,0.2,2820,0.213,0.07,0.01,4300,3000,3000,4500,4000,3500,1.4955,1.494,1000,1000,2240,2240,0,0,1.5,1,0,40,60,1.1,100,0,0,0,0,0,0,0.02,0.02,0.2,1.25,0,0,0,200,50,0,0,200,200,50,0,0,0,0,0,0,0,0,0,0,0,0,0,1,0,0,0,0
11,4,cn-server-capture,1,0,1,0,0,2,2,1,0,0,1,100,3,0.75,2160,1775,2070,1415,10,22.25,5,5,0.2,0.2,0.2,2600,0.18,0.07,0.01,1,3000,3000,4500,4000,3500,1.4955,1.494,1000,1000,2160,2160,0,0,1.5,1,0,40,60,1.1,100,0,0,0,0,0,0,0.02,0.02,0.2,1.25,0,0,0,200,50,0,0,200,200,50,0,0,0,0,0,0,0,0,0,0,0,0,0,1,0,0,0,0
11,7,cn-server-capture,1,0,1,0,0,2,2,1,0,0,1,100,3,0.75,2160,1775,2070,1415,10,22.25,5,5,0.2,0.2,0.2,2600,0.18,0.07,0.01,4300,3000,3000,4500,4000,3500,1.4955,1.494,1000,1000,2160,2160,0,0,1.5,1,0,40,60,1.1,100,0,0,0,0,0,0,0.02,0.02,0.2,1.25,0,0,0,200,50,0,0,200,200,50,0,0,0,0,0,0,0,0,0,0,0,0,0,1,0,0,0,0
12,4,cn-server-capture,1,0,1,0,0,2,2,1,0,0,1,100,3,0.73,2180,1785,2070,1415,10,22.5,5,5,0.2,0.2,0.2,2620,0.19500001,0.07,0.01,1,3000,3000,4500,4000,3500,1.4955,1.494,1000,1000,2180,2180,0,0,1.5,1,0,40,60,1.1,100,0,0,0,0,0,0,0.02,0.02,0.2,1.25,0,0,0,200,50,0,0,200,200,50,0,0,0,0,0,0,0,0,0,0,0,0,0,1,0,0,0,0
12,7,cn-server-capture,1,0,1,0,0,2,2,1,0,0,1,100,3,0.73,2180,1785,2070,1415,10,22.5,5,5,0.2,0.2,0.2,2620,0.19500001,0.07,0.01,4300,3000,3000,4500,4000,3500,1.4955,1.494,1000,1000,2180,2180,0,0,1.5,1,0,40,60,1.1,100,0,0,0,0,0,0,0.02,0.02,0.2,1.25,0,0,0,200,50,0,0,200,200,50,0,0,0,0,0,0,0,0,0,0,0,0,0,1,0,0,0,0
13,4,cn-server-capture,1,0,1,0,0,2,2,1,0,0,1,100,3,0.72,2200,1795,2070,1415,10,23,5,5,0.2,0.2,0.2,2680,0.20500001,0.07,0.01,1,3000,3000,4500,4000,3500,1.4955,1.494,1000,1000,2200,2200,0,0,1.5,1,0,40,60,1.1,100,0,0,0,0,0,0,0.02,0.02,0.2,1.25,0,0,0,200,50,0,0,200,200,50,0,0,0,0,0,0,0,0,0,0,0,0,0,1,0,0,0,0
13,7,cn-server-capture,1,0,1,0,0,2,2,1,0,0,1,100,3,0.72,2200,1795,2070,1415,10,23,5,5,0.2,0.2,0.2,2680,0.20500001,0.07,0.01,4300,3000,3000,4500,4000,3500,1.4955,1.494,1000,1000,2200,2200,0,0,1.5,1,0,40,60,1.1,100,0,0,0,0,0,0,0.02,0.02,0.2,1.25,0,0,0,200,50,0,0,200,200,50,0,0,0,0,0,0,0,0,0,0,0,0,0,1,0,0,0,0
14,4,cn-server-capture,1,0,1,0,0,2,2,1,0,0,1,100,3,0.71,2220,1805,2070,1415,10,23.5,5,5,0.2,0.2,0.2,2730,0.215,0.07,0.01,1,3000,3000,4500,4000,3500,1.4955,1.494,1000,1000,2220,2220,0,0,1.5,1,0,40,60,1.1,100,0,0,0,0,0,0,0.02,0.02,0.2,1.25,0,0,0,200,50,0,0,200,200,50,0,0,0,0,0,0,0,0,0,0,0,0,0,1,0,0,0,0
14,7,cn-server-capture,1,0,1,0,0,2,2,1,0,0,1,100,3,0.71,2220,1805,2070,1415,10,23.5,5,5,0.2,0.2,0.2,2730,0.215,0.07,0.01,4300,3000,3000,4500,4000,3500,1.4955,1.494,1000,1000,2220,2220,0,0,1.5,1,0,40,60,1.1,100,0,0,0,0,0,0,0.02,0.02,0.2,1.25,0,0,0,200,50,0,0,200,200,50,0,0,0,0,0,0,0,0,0,0,0,0,0,1,0,0,0,0
15,4,cn-server-capture,1,0,1,0,0,2,2,1,0,0,1,100,3,0.699,2240,1815,2070,1415,10,23.9,5,5,0.2,0.2,0.2,2780,0.22500001,0.07,0.01,1,3000,3000,4500,4000,3500,1.4955,1.494,1000,1000,2240,2240,0,0,1.5,1,0,40,60,1.1,100,0,0,0,0,0,0,0.02,0.02,0.2,1.25,0,0,0,200,50,0,0,200,200,50,0,0,0,0,0,0,0,0,0,0,0,0,0,1,0,0,0,0
15,7,cn-server-capture,1,0,1,0,0,2,2,1,0,0,1,100,3,0.699,2240,1815,2070,1415,10,23.9,5,5,0.2,0.2,0.2,2780,0.22500001,0.07,0.01,4300,3000,3000,4500,4000,3500,1.4955,1.494,1000,1000,2240,2240,0,0,1.5,1,0,40,60,1.1,100,0,0,0,0,0,0,0.02,0.02,0.2,1.25,0,0,0,200,50,0,0,200,200,50,0,0,0,0,0,0,0,0,0,0,0,0,0,1,0,0,0,0
16,4,cn-server-capture,1,0,1,0,0,2,2,1,0,0,1,100,3,0.75,2160,1775,2070,1415,10,22.25,5,5,0.2,0.2,0.2,2600,0.18,0.07,0.01,1,3000,3000,4500,4000,3500,1.4955,1.494,1000,1000,2160,2160,0,0,1.5,1,0,40,60,1.1,100,0,0,0,0,0,0,0.02,0.02,0.2,1.25,0,0,0,200,50,0,0,200,200,50,0,0,0,0,0,0,0,0,0,0,0,0,0,1,0,0,0,0
16,7,cn-server-capture,1,0,1,0,0,2,2,1,0,0,1,100,3,0.75,2160,1775,2070,1415,10,22.25,5,5,0.2,0.2,0.2,2600,0.18,0.07,0.01,4300,3000,3000,4500,4000,3500,1.4955,1.494,1000,1000,2160,2160,0,0,1.5,1,0,40,60,1.1,100,0,0,0,0,0,0,0.02,0.02,0.2,1.25,0,0,0,200,50,0,0,200,200,50,0,0,0,0,0,0,0,0,0,0,0,0,0,1,0,0,0,0
17,4,cn-server-capture,1,0,1,0,0,2,2,1,0,0,1,100,3,0.725,2170,1780,2070,1415,10,22.375,5,5,0.2,0.2,0.2,2660,0.19700001,0.07,0.01,1,3000,3000,4500,4000,3500,1.4955,1.494,1000,1000,2170,2170,0,0,1.5,1,0,40,60,1.1,100,0,0,0,0,0,0,0.02,0.02,0.2,1.25,0,0,0,200,50,0,0,200,200,50,0,0,0,0,0,0,0,0,0,0,0,0,0,1,0,0,0,0
17,7,cn-server-capture,1,0,1,0,0,2,2,1,0,0,1,100,3,0.725,2170,1780,2070,1415,10,22.375,5,5,0.2,0.2,0.2,2660,0.19700001,0.07,0.01,4300,3000,3000,4500,4000,3500,1.4955,1.494,1000,1000,2170,2170,0,0,1.5,1,0,40,60,1.1,100,0,0,0,0,0,0,0.02,0.02,0.2,1.25,0,0,0,200,50,0,0,200,200,50,0,0,0,0,0,0,0,0,0,0,0,0,0,1,0,0,0,0
18,4,cn-server-capture,1,0,1,0,0,2,2,1,0,0,1,100,3,0.715,2190,1790,2070,1415,10,22.875,5,5,0.2,0.2,0.2,2720,0.207,0.07,0.01,1,3000,3000,4500,4000,3500,1.4955,1.494,1000,1000,2190,2190,0,0,1.5,1,0,40,60,1.1,100,0,0,0,0,0,0,0.02,0.02,0.2,1.25,0,0,0,200,50,0,0,200,200,50,0,0,0,0,0,0,0,0,0,0,0,0,0,1,0,0,0,0
18,7,cn-server-capture,1,0,1,0,0,2,2,1,0,0,1,100,3,0.715,2190,1790,2070,1415,10,22.875,5,5,0.2,0.2,0.2,2720,0.207,0.07,0.01,4300,3000,3000,4500,4000,3500,1.4955,1.494,1000,1000,2190,2190,0,0,1.5,1,0,40,60,1.1,100,0,0,0,0,0,0,0.02,0.02,0.2,1.25,0,0,0,200,50,0,0,200,200,50,0,0,0,0,0,0,0,0,0,0,0,0,0,1,0,0,0,0
19,4,cn-server-capture,1,0,1,0,0,2,2,1,0,0,1,100,3,0.705,2210,1800,2070,1415,10,23.375,5,5,0.2,0.2,0.2,2780,0.21700001,0.07,0.01,1,3000,3000,4500,4000,3500,1.4955,1.494,1000,1000,2210,2210,0,0,1.5,1,0,40,60,1.1,100,0,0,0,0,0,0,0.02,0.02,0.2,1.25,0,0,0,200,50,0,0,200,200,50,0,0,0,0,0,0,0,0,0,0,0,0,0,1,0,0,0,0
19,7,cn-server-capture,1,0,1,0,0,2,2,1,0,0,1,100,3,0.705,2210,1800,2070,1415,10,23.375,5,5,0.2,0.2,0.2,2780,0.21700001,0.07,0.01,4300,3000,3000,4500,4000,3500,1.4955,1.494,1000,1000,2210,2210,0,0,1.5,1,0,40,60,1.1,100,0,0,0,0,0,0,0.02,0.02,0.2,1.25,0,0,0,200,50,0,0,200,200,50,0,0,0,0,0,0,0,0,0,0,0,0,0,1,0,0,0,0
20,4,cn-server-capture,1,0,1,0,0,2,2,1,0,0,1,100,3,0.701,2245,1810,2070,1415,10,23.75,5,5,0.2,0.2,0.2,2820,0.227,0.07,0.01,1,3000,3000,4500,4000,3500,1.4955,1.494,1000,1000,2245,2245,0,0,1.5,1,0,40,60,1.1,100,0,0,0,0,0,0,0.02,0.02,0.2,1.25,0,0,0,200,50,0,0,200,200,50,0,0,0,0,0,0,0,0,0,0,0,0,0,1,0,0,0,0
20,7,cn-server-capture,1,0,1,0,0,2,2,1,0,0,1,100,3,0.701,2245,1810,2070,1415,10,23.75,5,5,0.2,0.2,0.2,2820,0.227,0.07,0.01,4300,3000,3000,4500,4000,3500,1.4955,1.494,1000,1000,2245,2245,0,0,1.5,1,0,40,60,1.1,100,0,0,0,0,0,0,0.02,0.02,0.2,1.25,0,0,0,200,50,0,0,200,200,50,0,0,0,0,0,0,0,0,0,0,0,0,0,1,0,0,0,0
21,4,cn-server-capture,1,0,1,0,0,2,2,1,0,0,1,100,3,0.75,2160,1775,2070,1415,10,22.25,5,5,0.2,0.2,0.2,2600,0.18,0.07,0.01,1,3000,3000,4500,4000,3500,1.4955,1.494,1000,1000,2160,2160,0,0,1.5,1,0,40,60,1.1,100,0,0,0,0,0,0,0.02,0.02,0.2,1.25,0,0,0,200,50,0,0,200,200,50,0,0,0,0,0,0,0,0,0,0,0,0,0,1,0,0,0,0
21,7,cn-server-capture,1,0,1,0,0,2,2,1,0,0,1,100,3,0.75,2160,1775,2070,1415,10,22.25,5,5,0.2,0.2,0.2,2600,0.18,0.07,0.01,4300,3000,3000,4500,4000,3500,1.4955,1.494,1000,1000,2160,2160,0,0,1.5,1,0,40,60,1.1,100,0,0,0,0,0,0,0.02,0.02,0.2,1.25,0,0,0,200,50,0,0,200,200,50,0,0,0,0,0,0,0,0,0,0,0,0,0,1,0,0,0,0
22,4,cn-server-capture,1,0,1,0,0,2,2,1,0,0,1,100,3,0.72,2160,1775,2070,1415,10,22.25,5,5,0.2,0.2,0.2,2620,0.2,0.07,0.01,1,3000,3000,4500,4000,3500,1.4955,1.494,1000,1000,2160,2160,0,0,1.5,1,0,40,60,1.1,100,0,0,0,0,0,0,0.02,0.02,0.2,1.25,0,0,0,200,50,0,0,200,200,50,0,0,0,0,0,0,0,0,0,0,0,0,0,1,0,0,0,0
22,7,cn-server-capture,1,0,1,0,0,2,2,1,0,0,1,100,3,0.72,2160,1775,2070,1415,10,22.25,5,5,0.2,0.2,0.2,2620,0.2,0.07,0.01,4300,3000,3000,4500,4000,3500,1.4955,1.494,1000,1000,2160,2160,0,0,1.5,1,0,40,60,1.1,100,0,0,0,0,0,0,0.02,0.02,0.2,1.25,0,0,0,200,50,0,0,200,200,50,0,0,0,0,0,0,0,0,0,0,0,0,0,1,0,0,0,0
23,4,cn-server-capture,1,0,1,0,0,2,2,1,0,0,1,100,3,0.71,2180,1785,2070,1415,10,22.75,5,5,0.2,0.2,0.2,2670,0.21000001,0.07,0.01,1,3000,3000,4500,4000,3500,1.4955,1.494,1000,1000,2180,2180,0,0,1.5,1,0,40,60,1.1,100,0,0,0,0,0,0,0.02,0.02,0.2,1.25,0,0,0,200,50,0,0,200,200,50,0,0,0,0,0,0,0,0,0,0,0,0,0,1,0,0,0,0
23,7,cn-server-capture,1,0,1,0,0,2,2,1,0,0,1,100,3,0.71,2180,1785,2070,1415,10,22.75,5,5,0.2,0.2,0.2,2670,0.21000001,0.07,0.01,4300,3000,3000,4500,4000,3500,1.4955,1.494,1000,1000,2180,2180,0,0,1.5,1,0,40,60,1.1,100,0,0,0,0,0,0,0.02,0.02,0.2,1.25,0,0,0,200,50,0,0,200,200,50,0,0,0,0,0,0,0,0,0,0,0,0,0,1,0,0,0,0
24,4,cn-server-capture,1,0,1,0,0,2,2,1,0,0,1,100,3,0.7,2200,1795,2070,1415,10,23.25,5,5,0.2,0.2,0.2,2710,0.22,0.07,0.01,1,3000,3000,4500,4000,3500,1.4955,1.494,1000,1000,2200,2200,0,0,1.5,1,0,40,60,1.1,100,0,0,0,0,0,0,0.02,0.02,0.2,1.25,0,0,0,200,50,0,0,200,200,50,0,0,0,0,0,0,0,0,0,0,0,0,0,1,0,0,0,0
24,7,cn-server-capture,1,0,1,0,0,2,2,1,0,0,1,100,3,0.7,2200,1795,2070,1415,10,23.25,5,5,0.2,0.2,0.2,2710,0.22,0.07,0.01,4300,3000,3000,4500,4000,3500,1.4955,1.494,1000,1000,2200,2200,0,0,1.5,1,0,40,60,1.1,100,0,0,0,0,0,0,0.02,0.02,0.2,1.25,0,0,0,200,50,0,0,200,200,50,0,0,0,0,0,0,0,0,0,0,0,0,0,1,0,0,0,0
25,4,cn-server-capture,1,0,1,0,0,2,2,1,0,0,1,100,3,0.704,2260,1825,2070,1415,10,24.1,5,5,0.2,0.2,0.2,2750,0.22,0.07,0.01,1,3000,3000,4500,4000,3500,1.4955,1.494,1000,1000,2260,2260,0,0,1.5,1,0,40,60,1.1,100,0,0,0,0,0,0,0.02,0.02,0.2,1.25,0,0,0,200,50,0,0,200,200,50,0,0,0,0,0,0,0,0,0,0,0,0,0,1,0,0,0,0
25,7,cn-server-capture,1,0,1,0,0,2,2,1,0,0,1,100,3,0.704,2260,1825,2070,1415,10,24.1,5,5,0.2,0.2,0.2,2750,0.22,0.07,0.01,4300,3000,3000,4500,4000,3500,1.4955,1.494,1000,1000,2260,2260,0,0,1.5,1,0,40,60,1.1,100,0,0,0,0,0,0,0.02,0.02,0.2,1.25,0,0,0,200,50,0,0,200,200,50,0,0,0,0,0,0,0,0,0,0,0,0,0,1,0,0,0,0
26,4,cn-server-capture,1,0,1,0,0,2,2,1,0,0,1,100,3,0.725,2170,1775,2070,1415,10,22.375,5,5,0.2,0.2,0.2,2620,0.19700001,0.07,0.01,1,3000,3000,4500,4000,3500,1.4955,1.494,1000,1000,2170,2170,0,0,1.5,1,0,40,60,1.1,100,0,0,0,0,0,0,0.02,0.02,0.2,1.25,0,0,0,200,50,0,0,200,200,50,0,0,0,0,0,0,0,0,0,0,0,0,0,1,0,0,0,0
26,7,cn-server-capture,1,0,1,0,0,2,2,1,0,0,1,100,3,0.725,2170,1775,2070,1415,10,22.375,5,5,0.2,0.2,0.2,2620,0.19700001,0.07,0.01,4300,3000,3000,4500,4000,3500,1.4955,1.494,1000,1000,2170,2170,0,0,1.5,1,0,40,60,1.1,100,0,0,0,0,0,0,0.02,0.02,0.2,1.25,0,0,0,200,50,0,0,200,200,50,0,0,0,0,0,0,0,0,0,0,0,0,0,1,0,0,0,0
27,4,cn-server-capture,1,0,1,0,0,2,2,1,0,0,1,100,3,0.725,2200,1815,2070,1415,10,23.25,5,5,0.2,0.2,0.2,2680,0.20500001,0.07,0.01,1,3000,3000,4500,4000,3500,1.4955,1.494,1000,1000,2200,2200,0,0,1.5,1,0,40,60,1.1,100,0,0,0,0,0,0,0.02,0.02,0.2,1.25,0,0,0,200,50,0,0,200,200,50,0,0,0,0,0,0,0,0,0,0,0,0,0,1,0,0,0,0
27,7,cn-server-capture,1,0,1,0,0,2,2,1,0,0,1,100,3,0.725,2200,1815,2070,1415,10,23.25,5,5,0.2,0.2,0.2,2680,0.20500001,0.07,0.01,4300,3000,3000,4500,4000,3500,1.4955,1.494,1000,1000,2200,2200,0,0,1.5,1,0,40,60,1.1,100,0,0,0,0,0,0,0.02,0.02,0.2,1.25,0,0,0,200,50,0,0,200,200,50,0,0,0,0,0,0,0,0,0,0,0,0,0,1,0,0,0,0
28,4,cn-server-capture,1,0,1,0,0,2,2,1,0,0,1,100,3,0.725,2180,1785,2070,1415,10,22.375,5,5,0.2,0.2,0.2,2660,0.193,0.07,0.01,1,3000,3000,4500,4000,3500,1.4955,1.494,1000,1000,2180,2180,0,0,1.5,1,0,40,60,1.1,100,0,0,0,0,0,0,0.02,0.02,0.2,1.25,0,0,0,200,50,0,0,200,200,50,0,0,0,0,0,0,0,0,0,0,0,0,0,1,0,0,0,0
28,7,cn-server-capture,1,0,1,0,0,2,2,1,0,0,1,100,3,0.725,2180,1785,2070,1415,10,22.375,5,5,0.2,0.2,0.2,2660,0.193,0.07,0.01,4300,3000,3000,4500,4000,3500,1.4955,1.494,1000,1000,2180,2180,0,0,1.5,1,0,40,60,1.1,100,0,0,0,0,0,0,0.02,0.02,0.2,1.25,0,0,0,200,50,0,0,200,200,50,0,0,0,0,0,0,0,0,0,0,0,0,0,1,0,0,0,0
29,4,cn-server-capture,1,0,1,0,0,2,2,1,0,0,1,100,3,0.715,2220,1825,2070,1415,10,23.75,5,5,0.2,0.2,0.2,2730,0.215,0.07,0.01,1,3000,3000,4500,4000,3500,1.4955,1.494,1000,1000,2220,2220,0,0,1.5,1,0,40,60,1.1,100,0,0,0,0,0,0,0.02,0.02,0.2,1.25,0,0,0,200,50,0,0,200,200,50,0,0,0,0,0,0,0,0,0,0,0,0,0,1,0,0,0,0
29,7,cn-server-capture,1,0,1,0,0,2,2,1,0,0,1,100,3,0.715,2220,1825,2070,1415,10,23.75,5,5,0.2,0.2,0.2,2730,0.215,0.07,0.01,4300,3000,3000,4500,4000,3500,1.4955,1.494,1000,1000,2220,2220,0,0,1.5,1,0,40,60,1.1,100,0,0,0,0,0,0,0.02,0.02,0.2,1.25,0,0,0,200,50,0,0,200,200,50,0,0,0,0,0,0,0,0,0,0,0,0,0,1,0,0,0,0
30,4,cn-server-capture,1,0,1,0,0,2,2,1,0,0,1,100,3,0.705,2180,1785,2070,1415,10,22.25,5,5,0.2,0.2,0.2,2600,0.20500001,0.07,0.01,1,3000,3000,4500,4000,3500,1.4955,1.494,1000,1000,2180,2180,0,0,1.5,1,0,40,60,1.1,100,0,0,0,0,0,0,0.02,0.02,0.2,1.25,0,0,0,200,50,0,0,200,200,50,0,0,0,0,0,0,0,0,0,0,0,0,0,1,0,0,0,0
30,7,cn-server-capture,1,0,1,0,0,2,2,1,0,0,1,100,3,0.705,2180,1785,2070,1415,10,22.25,5,5,0.2,0.2,0.2,2600,0.20500001,0.07,0.01,4300,3000,3000,4500,4000,3500,1.4955,1.494,1000,1000,2180,2180,0,0,1.5,1,0,40,60,1.1,100,0,0,0,0,0,0,0.02,0.02,0.2,1.25,0,0,0,200,50,0,0,200,200,50,0,0,0,0,0,0,0,0,0,0,0,0,0,1,0,0,0,0
31,4,cn-server-capture,1,0,1,0,0,2,2,1,0,0,1,100,3,0.72,2210,1800,2070,1415,10,23.75,5,5,0.2,0.2,0.2,2710,0.215,0.07,0.01,1,3000,3000,4500,4000,3500,1.4955,1.494,1000,1000,2210,2210,0,0,1.5,1,0,40,60,1.1,100,0,0,0,0,0,0,0.02,0.02,0.2,1.25,0,0,0,200,50,0,0,200,200,50,0,0,0,0,0,0,0,0,0,0,0,0,0,1,0,0,0,0
31,7,cn-server-capture,1,0,1,0,0,2,2,1,0,0,1,100,3,0.72,2210,1800,2070,1415,10,23.75,5,5,0.2,0.2,0.2,2710,0.215,0.07,0.01,4300,3000,3000,4500,4000,3500,1.4955,1.494,1000,1000,2210,2210,0,0,1.5,1,0,40,60,1.1,100,0,0,0,0,0,0,0.02,0.02,0.2,1.25,0,0,0,200,50,0,0,200,200,50,0,0,0,0,0,0,0,0,0,0,0,0,0,1,0,0,0,0
32,4,cn-server-capture,1,0,1,0,0,2,2,1,0,0,1,100,3,0.72,2240,1815,2070,1415,10,23.5,5,5,0.2,0.2,0.2,2780,0.21000001,0.07,0.01,1,3000,3000,4500,4000,3500,1.4955,1.494,1000,1000,2240,2240,0,0,1.5,1,0,40,60,1.1,100,0,0,0,0,0,0,0.02,0.02,0.2,1.25,0,0,0,200,50,0,0,200,200,50,0,0,0,0,0,0,0,0,0,0,0,0,0,1,0,0,0,0
32,7,cn-server-capture,1,0,1,0,0,2,2,1,0,0,1,100,3,0.72,2240,1815,2070,1415,10,23.5,5,5,0.2,0.2,0.2,2780,0.21000001,0.07,0.01,4300,3000,3000,4500,4000,3500,1.4955,1.494,1000,1000,2240,2240,0,0,1.5,1,0,40,60,1.1,100,0,0,0,0,0,0,0.02,0.02,0.2,1.25,0,0,0,200,50,0,0,200,200,50,0,0,0,0,0,0,0,0,0,0,0,0,0,1,0,0,0,0
33,4,cn-server-capture,1,0,1,0,0,2,2,1,0,0,1,100,3,0.712,2215,1815,2070,1415,10,23.45,5,5,0.2,0.2,0.2,2720,0.21400002,0.07,0.01,1,3000,3000,4500,4000,3500,1.4955,1.494,1000,1000,2215,2215,0,0,1.5,1,0,40,60,1.1,100,0,0,0,0,0,0,0.02,0.02,0.2,1.25,0,0,0,200,50,0,0,200,200,50,0,0,0,0,0,0,0,0,0,0,0,0,0,1,0,0,0,0
33,7,cn-server-capture,1,0,1,0,0,2,2,1,0,0,1,100,3,0.712,2215,1815,2070,1415,10,23.45,5,5,0.2,0.2,0.2,2720,0.21400002,0.07,0.01,4300,3000,3000,4500,4000,3500,1.4955,1.494,1000,1000,2215,2215,0,0,1.5,1,0,40,60,1.1,100,0,0,0,0,0,0,0.02,0.02,0.2,1.25,0,0,0,200,50,0,0,200,200,50,0,0,0,0,0,0,0,0,0,0,0,0,0,1,0,0,0,0
34,4,cn-server-capture,1,0,1,0,0,2,2,1,0,0,1,100,3,0.715,2210,1800,2070,1415,10,23.375,5,5,0.2,0.2,0.2,2710,0.213,0.07,0.01,1,3000,3000,4500,4000,3500,1.4955,1.494,1000,1000,2210,2210,0,0,1.5,1,0,40,60,1.1,100,0,0,0,0,0,0,0.02,0.02,0.2,1.25,0,0,0,200,50,0,0,200,200,50,0,0,0,0,0,0,0,0,0,0,0,0,0,1,0,0,0,0
34,7,cn-server-capture,1,0,1,0,0,2,2,1,0,0,1,100,3,0.715,2210,1800,2070,1415,10,23.375,5,5,0.2,0.2,0.2,2710,0.213,0.07,0.01,4300,3000,3000,4500,4000,3500,1.4955,1.494,1000,1000,2210,2210,0,0,1.5,1,0,40,60,1.1,100,0,0,0,0,0,0,0.02,0.02,0.2,1.25,0,0,0,200,50,0,0,200,200,50,0,0,0,0,0,0,0,0,0,0,0,0,0,1,0,0,0,0
36,4,cn-server-capture,1,0,1,0,0,2,2,1,0,0,1,100,3,0.702,2245,1815,2070,1415,10,23.8,5,5,0.2,0.2,0.2,2780,0.227,0.07,0.01,1,3000,3000,4500,4000,3500,1.4955,1.494,1000,1000,2245,2245,0,0,1.5,1,0,40,60,1.1,100,0,0,0,0,0,0,0.02,0.02,0.2,1.25,0,0,0,200,50,0,0,200,200,50,0,0,0,0,0,0,0,0,0,0,0,0,0,1,0,0,0,0
36,7,cn-server-capture,1,0,1,0,0,2,2,1,0,0,1,100,3,0.702,2245,1815,2070,1415,10,23.8,5,5,0.2,0.2,0.2,2780,0.227,0.07,0.01,4300,3000,3000,4500,4000,3500,1.4955,1.494,1000,1000,2245,2245,0,0,1.5,1,0,40,60,1.1,100,0,0,0,0,0,0,0.02,0.02,0.2,1.25,0,0,0,200,50,0,0,200,200,50,0,0,0,0,0,0,0,0,0,0,0,0,0,1,0,0,0,0
37,4,cn-server-capture,1,0,1,0,0,2,2,1,0,0,1,100,3,0.702,2245,1815,2070,1415,10,23.8,5,5,0.2,0.2,0.2,2780,0.227,0.07,0.01,1,3000,3000,4500,4000,3500,1.4955,1.494,1000,1000,2245,2245,0,0,1.5,1,0,40,60,1.1,100,0,0,0,0,0,0,0.02,0.02,0.2,1.25,0,0,0,200,50,0,0,200,200,50,0,0,0,0,0,0,0,0,0,0,0,0,0,1,0,0,0,0
37,7,cn-server-capture,1,0,1,0,0,2,2,1,0,0,1,100,3,0.702,2245,1815,2070,1415,10,23.8,5,5,0.2,0.2,0.2,2780,0.227,0.07,0.01,4300,3000,3000,4500,4000,3500,1.4955,1.494,1000,1000,2245,2245,0,0,1.5,1,0,40,60,1.1,100,0,0,0,0,0,0,0.02,0.02,0.2,1.25,0,0,0,200,50,0,0,200,200,50,0,0,0,0,0,0,0,0,0,0,0,0,0,1,0,0,0,0
38,4,cn-server-capture,1,0,1,0,0,2,2,1,0,0,1,100,3,0.702,2245,1815,2070,1415,10,23.8,5,5,0.2,0.2,0.2,2780,0.227,0.07,0.01,1,3000,3000,4500,4000,3500,1.4955,1.494,1000,1000,2245,2245,0,0,1.5,1,0,40,60,1.1,100,0,0,0,0,0,0,0.02,0.02,0.2,1.25,0,0,0,200,50,0,0,200,200,50,0,0,0,0,0,0,0,0,0,0,0,0,0,1,0,0,0,0
38,7,cn-server-capture,1,0,1,0,0,2,2,1,0,0,1,100,3,0.702,2245,1815,2070,1415,10,23.8,5,5,0.2,0.2,0.2,2780,0.227,0.07,0.01,4300,3000,3000,4500,4000,3500,1.4955,1.494,1000,1000,2245,2245,0,0,1.5,1,0,40,60,1.1,100,0,0,0,0,0,0,0.02,0.02,0.2,1.25,0,0,0,200,50,0,0,200,200,50,0,0,0,0,0,0,0,0,0,0,0,0,0,1,0,0,0,0
39,4,cn-server-capture,1,0,1,0,0,2,2,1,0,0,1,100,3,0.701,2230,1805,2070,1415,10,23.85,5,5,0.2,0.2,0.2,2780,0.227,0.07,0.01,1,3000,3000,4500,4000,3500,1.4955,1.494,1000,1000,2230,2230,0,0,1.5,1,0,40,60,1.1,100,0,0,0,0,0,0,0.02,0.02,0.2,1.25,0,0,0,200,50,0,0,200,200,50,0,0,0,0,0,0,0,0,0,0,0,0,0,1,0,0,0,0
39,7,cn-server-capture,1,0,1,0,0,2,2,1,0,0,1,100,3,0.701,2230,1805,2070,1415,10,23.85,5,5,0.2,0.2,0.2,2780,0.227,0.07,0.01,4300,3000,3000,4500,4000,3500,1.4955,1.494,1000,1000,2230,2230,0,0,1.5,1,0,40,60,1.1,100,0,0,0,0,0,0,0.02,0.02,0.2,1.25,0,0,0,200,50,0,0,200,200,50,0,0,0,0,0,0,0,0,0,0,0,0,0,1,0,0,0,0
40,4,cn-server-capture,1,0,1,0,0,2,2,1,0,0,1,100,3,0.701,2230,1805,2070,1415,10,23.85,5,5,0.2,0.2,0.2,2780,0.227,0.07,0.01,1,3000,3000,4500,4000,3500,1.4955,1.494,1000,1000,2230,2230,0,0,1.5,1,0,40,60,1.1,100,0,0,0,0,0,0,0.02,0.02,0.2,1.25,0,0,0,200,50,0,0,200,200,50,0,0,0,0,0,0,0,0,0,0,0,0,0,1,0,0,0,0
40,7,cn-server-capture,1,0,1,0,0,2,2,1,0,0,1,100,3,0.701,2230,1805,2070,1415,10,23.85,5,5,0.2,0.2,0.2,2780,0.227,0.07,0.01,4300,3000,3000,4500,4000,3500,1.4955,1.494,1000,1000,2230,2230,0,0,1.5,1,0,40,60,1.1,100,0,0,0,0,0,0,0.02,0.02,0.2,1.25,0,0,0,200,50,0,0,200,200,50,0,0,0,0,0,0,0,0,0,0,0,0,0,1,0,0,0,0
41,4,cn-server-capture,1,0,1,0,0,2,2,1,0,0,1,100,3,0.701,2230,1805,2070,1415,10,23.85,5,5,0.2,0.2,0.2,2780,0.227,0.07,0.01,1,3000,3000,4500,4000,3500,1.4955,1.494,1000,1000,2230,2230,0,0,1.5,1,0,40,60,1.1,100,0,0,0,0,0,0,0.02,0.02,0.2,1.25,0,0,0,200,50,0,0,200,200,50,0,0,0,0,0,0,0,0,0,0,0,0,0,1,0,0,0,0
41,7,cn-server-capture,1,0,1,0,0,2,2,1,0,0,1,100,3,0.701,2230,1805,2070,1415,10,23.85,5,5,0.2,0.2,0.2,2780,0.227,0.07,0.01,4300,3000,3000,4500,4000,3500,1.4955,1.494,1000,1000,2230,2230,0,0,1.5,1,0,40,60,1.1,100,0,0,0,0,0,0,0.02,0.02,0.2,1.25,0,0,0,200,50,0,0,200,200,50,0,0,0,0,0,0,0,0,0,0,0,0,0,1,0,0,0,0
44,4,cn-server-capture,1,0,1,0,0,2,2,1,0,0,1,100,3,0.705,2260,1820,2070,1415,10,24.125,5,5,0.2,0.2,0.2,2840,0.227,0.07,0.01,1,3000,3000,4500,4000,3500,1.4955,1.494,1000,1000,2260,2260,0,0,1.5,1,0,40,60,1.1,100,0,0,0,0,0,0,0.02,0.02,0.2,1.25,0,0,0,200,50,0,0,200,200,50,0,0,0,0,0,0,0,0,0,0,0,0,0,1,0,0,0,0
44,7,cn-server-capture,1,0,1,0,0,2,2,1,0,0,1,100,3,0.705,2260,1820,2070,1415,10,24.125,5,5,0.2,0.2,0.2,2840,0.227,0.07,0.01,4300,3000,3000,4500,4000,3500,1.4955,1.494,1000,1000,2260,2260,0,0,1.5,1,0,40,60,1.1,100,0,0,0,0,0,0,0.02,0.02,0.2,1.25,0,0,0,200,50,0,0,200,200,50,0,0,0,0,0,0,0,0,0,0,0,0,0,1,0,0,0,0
45,4,cn-server-capture,1,0,1,0,0,2,2,1,0,0,1,100,3,0.69200003,2240,1815,2070,1415,10,23.55,5,5,0.2,0.2,0.2,2750,0.213,0.07,0.01,1,3000,3000,4500,4000,3500,1.4955,1.494,1000,1000,2240,2240,0,0,1.5,1,0,40,60,1.1,100,0,0,0,0,0,0,0.02,0.02,0.2,1.25,0,0,0,200,50,0,0,200,200,50,0,0,0,0,0,0,0,0,0,0,0,0,0,1,0,0,0,0
45,7,cn-server-capture,1,0,1,0,0,2,2,1,0,0,1,100,3,0.69200003,2240,1815,2070,1415,10,23.55,5,5,0.2,0.2,0.2,2750,0.213,0.07,0.01,4300,3000,3000,4500,4000,3500,1.4955,1.494,1000,1000,2240,2240,0,0,1.5,1,0,40,60,1.1,100,0,0,0,0,0,0,0.02,0.02,0.2,1.25,0,0,0,200,50,0,0,200,200,50,0,0,0,0,0,0,0,0,0,0,0,0,0,1,0,0,0,0
46,4,cn-server-capture,1,0,1,0,0,2,2,1,0,0,1,100,3,0.699,2240,1815,2070,1415,10,23.9,5,5,0.2,0.2,0.2,2780,0.22500001,0.07,0.01,1,3000,3000,4500,4000,3500,1.4955,1.494,1000,1000,2240,2240,0,0,1.5,1,0,40,60,1.1,100,0,0,0,0,0,0,0.02,0.02,0.2,1.25,0,0,0,200,50,0,0,200,200,50,0,0,0,0,0,0,0,0,0,0,0,0,0,1,0,0,0,0
46,7,cn-server-capture,1,0,1,0,0,2,2,1,0,0,1,100,3,0.699,2240,1815,2070,1415,10,23.9,5,5,0.2,0.2,0.2,2780,0.22500001,0.07,0.01,4300,3000,3000,4500,4000,3500,1.4955,1.494,1000,1000,2240,2240,0,0,1.5,1,0,40,60,1.1,100,0,0,0,0,0,0,0.02,0.02,0.2,1.25,0,0,0,200,50,0,0,200,200,50,0,0,0,0,0,0,0,0,0,0,0,0,0,1,0,0,0,0
47,4,cn-server-capture,1,0,1,0,0,2,2,1,0,0,1,100,3,0.699,2240,1815,2070,1415,10,23.9,5,5,0.2,0.2,0.2,2780,0.22500001,0.07,0.01,1,3000,3000,4500,4000,3500,1.4955,1.494,1000,1000,2240,2240,0,0,1.5,1,0,40,60,1.1,100,0,0,0,0,0,0,0.02,0.02,0.2,1.25,0,0,0,200,50,0,0,200,200,50,0,0,0,0,0,0,0,0,0,0,0,0,0,1,0,0,0,0
47,7,cn-server-capture,1,0,1,0,0,2,2,1,0,0,1,100,3,0.699,2240,1815,2070,1415,10,23.9,5,5,0.2,0.2,0.2,2780,0.22500001,0.07,0.01,4300,3000,3000,4500,4000,3500,1.4955,1.494,1000,1000,2240,2240,0,0,1.5,1,0,40,60,1.1,100,0,0,0,0,0,0,0.02,0.02,0.2,1.25,0,0,0,200,50,0,0,200,200,50,0,0,0,0,0,0,0,0,0,0,0,0,0,1,0,0,0,0
48,4,cn-server-capture,1,0,1,0,0,2,2,1,0,0,1,100,3,0.699,2240,1815,2070,1415,10,23.9,5,5,0.2,0.2,0.2,2780,0.22500001,0.07,0.01,1,3000,3000,4500,4000,3500,1.4955,1.494,1000,1000,2240,2240,0,0,1.5,1,0,40,60,1.1,100,0,0,0,0,0,0,0.02,0.02,0.2,1.25,0,0,0,200,50,0,0,200,200,50,0,0,0,0,0,0,0,0,0,0,0,0,0,1,0,0,0,0
48,7,cn-server-capture,1,0,1,0,0,2,2,1,0,0,1,100,3,0.699,2240,1815,2070,1415,10,23.9,5,5,0.2,0.2,0.2,2780,0.22500001,0.07,0.01,4300,3000,3000,4500,4000,3500,1.4955,1.494,1000,1000,2240,2240,0,0,1.5,1,0,40,60,1.1,100,0,0,0,0,0,0,0.02,0.02,0.2,1.25,0,0,0,200,50,0,0,200,200,50,0,0,0,0,0,0,0,0,0,0,0,0,0,1,0,0,0,0
49,4,cn-server-capture,1,0,1,0,0,2,2,1,0,0,1,100,3,0.71,2270,1825,2070,1415,10,24,5,5,0.2,0.2,0.2,2840,0.22,0.07,0.01,1,3000,3000,4500,4000,3500,1.4955,1.494,1000,1000,2270,2270,0,0,1.5,1,0,40,60,1.1,100,0,0,0,0,0,0,0.02,0.02,0.2,1.25,0,0,0,200,50,0,0,200,200,50,0,0,0,0,0,0,0,0,0,0,0,0,0,1,0,0,0,0
49,7,cn-server-capture,1,0,1,0,0,2,2,1,0,0,1,100,3,0.71,2270,1825,2070,1415,10,24,5,5,0.2,0.2,0.2,2840,0.22,0.07,0.01,4300,3000,3000,4500,4000,3500,1.4955,1.494,1000,1000,2270,2270,0,0,1.5,1,0,40,60,1.1,100,0,0,0,0,0,0,0.02,0.02,0.2,1.25,0,0,0,200,50,0,0,200,200,50,0,0,0,0,0,0,0,0,0,0,0,0,0,1,0,0,0,0
50,4,cn-server-capture,1,0,1,0,0,2,2,1,0,0,1,100,3,0.703,2245,1825,2070,1415,10,23.85,5,5,0.2,0.2,0.2,2740,0.224,0.07,0.01,1,3000,3000,4500,4000,3500,1.4955,1.494,1000,1000,2245,2245,0,0,1.5,1,0,40,60,1.1,100,0,0,0,0,0,0,0.02,0.02,0.2,1.25,0,0,0,200,50,0,0,200,200,50,0,0,0,0,0,0,0,0,0,0,0,0,0,1,0,0,0,0
50,7,cn-server-capture,1,0,1,0,0,2,2,1,0,0,1,100,3,0.703,2245,1825,2070,1415,10,23.85,5,5,0.2,0.2,0.2,2740,0.224,0.07,0.01,4300,3000,3000,4500,4000,3500,1.4955,1.494,1000,1000,2245,2245,0,0,1.5,1,0,40,60,1.1,100,0,0,0,0,0,0,0.02,0.02,0.2,1.25,0,0,0,200,50,0,0,200,200,50,0,0,0,0,0,0,0,0,0,0,0,0,0,1,0,0,0,0
51,4,cn-server-capture,1,0,1,0,0,2,2,1,0,0,1,100,3,0.68,2230,1805,2070,1415,10,23.75,5,5,0.2,0.2,0.2,2730,0.23,0.07,0.01,1,3000,3000,4500,4000,3500,1.4955,1.494,1000,1000,2230,2230,0,0,1.5,1,0,40,60,1.1,100,0,0,0,0,0,0,0.02,0.02,0.2,1.25,0,0,0,200,50,0,0,200,200,50,0,0,0,0,0,0,0,0,0,0,0,0,0,1,0,0,0,0
51,7,cn-server-capture,1,0,1,0,0,2,2,1,0,0,1,100,3,0.68,2230,1805,2070,1415,10,23.75,5,5,0.2,0.2,0.2,2730,0.23,0.07,0.01,4300,3000,3000,4500,4000,3500,1.4955,1.494,1000,1000,2230,2230,0,0,1.5,1,0,40,60,1.1,100,0,0,0,0,0,0,0.02,0.02,0.2,1.25,0,0,0,200,50,0,0,200,200,50,0,0,0,0,0,0,0,0,0,0,0,0,0,1,0,0,0,0
52,4,cn-server-capture,1,0,1,0,0,2,2,1,0,0,1,100,3,0.69,2240,1810,2070,1415,10,23.875,5,5,0.2,0.2,0.2,2840,0.227,0.07,0.01,1,3000,3000,4500,4000,3500,1.4955,1.494,1000,1000,2240,2240,0,0,1.5,1,0,40,60,1.1,100,0,0,0,0,0,0,0.02,0.02,0.2,1.25,0,0,0,200,50,0,0,200,200,50,0,0,0,0,0,0,0,0,0,0,0,0,0,1,0,0,0,0
52,7,cn-server-capture,1,0,1,0,0,2,2,1,0,0,1,100,3,0.69,2240,1810,2070,1415,10,23.875,5,5,0.2,0.2,0.2,2840,0.227,0.07,0.01,4300,3000,3000,4500,4000,3500,1.4955,1.494,1000,1000,2240,2240,0,0,1.5,1,0,40,60,1.1,100,0,0,0,0,0,0,0.02,0.02,0.2,1.25,0,0,0,200,50,0,0,200,200,50,0,0,0,0,0,0,0,0,0,0,0,0,0,1,0,0,0,0
53,4,cn-server-capture,1,0,1,0,0,2,2,1,0,0,1,100,3,0.71,2240,1810,2070,1415,10,24.25,5,5,0.2,0.2,0.2,2730,0.22500001,0.07,0.01,1,3000,3000,4500,4000,3500,1.4955,1.494,1000,1000,2240,2240,0,0,1.5,1,0,40,60,1.1,100,0,0,0,0,0,0,0.02,0.02,0.2,1.25,0,0,0,200,50,0,0,200,200,50,0,0,0,0,0,0,0,0,0,0,0,0,0,1,0,0,0,0
53,7,cn-server-capture,1,0,1,0,0,2,2,1,0,0,1,100,3,0.71,2240,1810,2070,1415,10,24.25,5,5,0.2,0.2,0.2,2730,0.22500001,0.07,0.01,4300,3000,3000,4500,4000,3500,1.4955,1.494,1000,1000,2240,2240,0,0,1.5,1,0,40,60,1.1,100,0,0,0,0,0,0,0.02,0.02,0.2,1.25,0,0,0,200,50,0,0,200,200,50,0,0,0,0,0,0,0,0,0,0,0,0,0,1,0,0,0,0
54,4,cn-server-capture,1,0,1,0,0,2,2,1,0,0,1,100,3,0.695,2260,1820,2070,1415,10,24.125,5,5,0.2,0.2,0.2,2840,0.223,0.07,0.01,1,2600,3000,3700,4000,3500,1.4955,1.494,1000,1000,2260,2260,0,0,1.5,1,0,40,60,1.1,100,0,0,0,0,0,0,0.02,0.02,0.2,1.25,0,0,0,200,50,0,0,200,200,50,0,0,0,0,0,0,0,0,0,0,0,0,0,1,0,0,0,0
54,7,cn-server-capture,1,0,1,0,0,2,2,1,0,0,1,100,3,0.695,2260,1820,2070,1415,10,24.125,5,5,0.2,0.2,0.2,2840,0.223,0.07,0.01,3300,2600,3000,3700,4000,3500,1.4955,1.494,1000,1000,2260,2260,0,0,1.5,1,0,40,60,1.1,100,0,0,0,0,0,0,0.02,0.02,0.2,1.25,0,0,0,200,50,0,0,200,200,50,0,0,0,0,0,0,0,0,0,0,0,0,0,1,0,0,0,0
55,4,cn-server-capture,1,0,1,0,0,2,2,1,0,0,1,100,3,0.715,2230,1810,2070,1415,10,23.625,5,5,0.2,0.2,0.2,2730,0.213,0.07,0.01,1,3000,3000,4500,4000,3500,1.4955,1.494,1000,1000,2230,2230,0,0,1.5,1,0,40,60,1.1,100,0,0,0,0,0,0,0.02,0.02,0.2,1.25,0,0,0,200,50,0,0,200,200,50,0,0,0,0,0,0,0,0,0,0,0,0,0,1,0,0,0,0
55,7,cn-server-capture,1,0,1,0,0,2,2,1,0,0,1,100,3,0.715,2230,1810,2070,1415,10,23.625,5,5,0.2,0.2,0.2,2730,0.213,0.07,0.01,4300,3000,3000,4500,4000,3500,1.4955,1.494,1000,1000,2230,2230,0,0,1.5,1,0,40,60,1.1,100,0,0,0,0,0,0,0.02,0.02,0.2,1.25,0,0,0,200,50,0,0,200,200,50,0,0,0,0,0,0,0,0,0,0,0,0,0,1,0,0,0,0
56,4,cn-server-capture,1,0,1,0,0,2,2,1,0,0,1,100,3,0.68,2230,1805,2070,1415,10,23.75,5,5,0.2,0.2,0.2,2730,0.23,0.07,0.01,1,3000,3000,4500,4000,3500,1.4955,1.494,1000,1000,2230,2230,0,0,1.5,1,0,40,60,1.1,100,0,0,0,0,0,0,0.02,0.02,0.2,1.25,0,0,0,200,50,0,0,200,200,50,0,0,0,0,0,0,0,0,0,0,0,0,0,1,0,0,0,0
56,7,cn-server-capture,1,0,1,0,0,2,2,1,0,0,1,100,3,0.68,2230,1805,2070,1415,10,23.75,5,5,0.2,0.2,0.2,2730,0.23,0.07,0.01,4300,3000,3000,4500,4000,3500,1.4955,1.494,1000,1000,2230,2230,0,0,1.5,1,0,40,60,1.1,100,0,0,0,0,0,0,0.02,0.02,0.2,1.25,0,0,0,200,50,0,0,200,200,50,0,0,0,0,0,0,0,0,0,0,0,0,0,1,0,0,0,0
57,4,cn-server-capture,1,0,1,0,0,2,2,1,0,0,1,100,3,0.7,2250,1815,2070,1415,10,23.35,5,5,0.2,0.2,0.2,2750,0.22500001,0.07,0.01,1,3000,3000,4500,4000,3500,1.4955,1.494,1000,1000,2250,2250,0,0,1.5,1,0,40,60,1.1,100,0,0,0,0,0,0,0.02,0.02,0.2,1.25,0,0,0,200,50,0,0,200,200,50,0,0,0,0,0,0,0,0,0,0,0,0,0,1,0,0,0,0
57,7,cn-server-capture,1,0,1,0,0,2,2,1,0,0,1,100,3,0.7,2250,1815,2070,1415,10,23.35,5,5,0.2,0.2,0.2,2750,0.22500001,0.07,0.01,4300,3000,3000,4500,4000,3500,1.4955,1.494,1000,1000,2250,2250,0,0,1.5,1,0,40,60,1.1,100,0,0,0,0,0,0,0.02,0.02,0.2,1.25,0,0,0,200,50,0,0,200,200,50,0,0,0,0,0,0,0,0,0,0,0,0,0,1,0,0,0,0
59,4,cn-server-capture,1,0,1,0,0,2,2,1,0,0,1,100,3,0.695,2260,1820,2070,1415,10,24.125,5,5,0.2,0.2,0.2,3600,0.223,0.07,0.01,1,3750,3000,5250,4000,3500,1.4955,1.494,1000,1000,2260,2260,0,0,1.5,1,0,40,60,1.1,100,0,0,0,0,0,0,0.02,0.02,0.2,1.25,0,0,0,200,50,0,0,200,200,50,0,0,0,0,0,0,0,0,0,0,0,0,0,1,0,0,0,0
59,7,cn-server-capture,1,0,1,0,0,2,2,1,0,0,1,100,3,0.695,2260,1820,2070,1415,10,24.125,5,5,0.2,0.2,0.2,3600,0.223,0.07,0.01,5000,3750,3000,5250,4000,3500,1.4955,1.494,1000,1000,2260,2260,0,0,1.5,1,0,40,60,1.1,100,0,0,0,0,0,0,0.02,0.02,0.2,1.25,0,0,0,200,50,0,0,200,200,50,0,0,0,0,0,0,0,0,0,0,0,0,0,1,0,0,0,0
62,4,cn-server-capture,1,0,1,0,0,2,2,1,0,0,1,100,3,0.705,2270,1825,2070,1415,10,24.125,5,5,0.2,0.2,0.2,2750,0.22,0.07,0.01,1,3000,3000,4500,4000,3500,1.4955,1.494,1000,1000,2270,2270,0,0,1.5,1,0,40,60,1.1,100,0,0,0,0,0,0,0.02,0.02,0.2,1.25,0,0,0,200,50,0,0,200,200,50,0,0,0,0,0,0,0,0,0,0,0,0,0,1,0,0,0,0
62,7,cn-server-capture,1,0,1,0,0,2,2,1,0,0,1,100,3,0.705,2270,1825,2070,1415,10,24.125,5,5,0.2,0.2,0.2,2750,0.22,0.07,0.01,4300,3000,3000,4500,4000,3500,1.4955,1.494,1000,1000,2270,2270,0,0,1.5,1,0,40,60,1.1,100,0,0,0,0,0,0,0.02,0.02,0.2,1.25,0,0,0,200,50,0,0,200,200,50,0,0,0,0,0,0,0,0,0,0,0,0,0,1,0,0,0,0
63,4,cn-server-capture,1,0,1,0,0,3,2,1,0,0,1,100,3,0.695,2260,1820,2070,1415,10,24.125,5,5,0.2,0.2,0.2,3400,0.223,0.07,0.01,1,2200,3000,3540,4000,3500,1.4955,1.494,1000,1000,2260,2260,0,0,1.5,1,0,40,60,1.1,100,0,0,0,0,0,0,0.02,0.02,0.2,1.25,0,0,0,200,50,0,0,200,200,50,0,0,0,0,0,0,0,0,0,0,0,0,0,1,0,0,0,0
63,7,cn-server-capture,1,0,1,0,0,3,2,1,0,0,1,100,3,0.695,2260,1820,2070,1415,10,24.125,5,5,0.2,0.2,0.2,3400,0.223,0.07,0.01,2500,2200,3000,3540,4000,3500,1.4955,1.494,1000,1000,2260,2260,0,0,1.5,1,0,40,60,1.1,100,0,0,0,0,0,0,0.02,0.02,0.2,1.25,0,0,0,200,50,0,0,200,200,50,0,0,0,0,0,0,0,0,0,0,0,0,0,1,0,0,0,0
64,4,cn-server-capture,1,0,1,0,0,2,2,1,0,0,1,100,3,0.71,2270,1825,2070,1415,10,24.25,5,5,0.2,0.2,0.2,2710,0.224,0.07,0.01,1,3000,3000,4500,4000,3500,1.4955,1.494,1000,1000,2270,2270,0,0,1.5,1,0,40,60,1.1,100,0,0,0,0,0,0,0.02,0.02,0.2,1.25,0,0,0,200,50,0,0,200,200,50,0,0,0,0,0,0,0,0,0,0,0,0,0,1,0,0,0,0
64,7,cn-server-capture,1,0,1,0,0,2,2,1,0,0,1,100,3,0.71,2270,1825,2070,1415,10,24.25,5,5,0.2,0.2,0.2,2710,0.224,0.07,0.01,4300,3000,3000,4500,4000,3500,1.4955,1.494,1000,1000,2270,2270,0,0,1.5,1,0,40,60,1.1,100,0,0,0,0,0,0,0.02,0.02,0.2,1.25,0,0,0,200,50,0,0,200,200,50,0,0,0,0,0,0,0,0,0,0,0,0,0,1,0,0,0,0
70,4,cn-server-capture,1,0,1,0,0,2,2,1,0,0,1,100,3,0.695,2260,1820,2070,1415,10,24.125,5,5,0.2,0.2,0.2,3400,0.223,0.07,0.01,1,4800,3000,5400,4000,3500,1.4955,1.494,1000,1000,2260,2260,0,0,1.5,1,0,40,60,1.1,100,0,0,0,0,0,0,0.02,0.02,0.2,1.25,0,0,0,200,50,0,0,200,200,50,0,0,0,0,0,0,0,0,0,0,0,0,0,1,0,0,0,0
70,7,cn-server-capture,1,0,1,0,0,2,2,1,0,0,1,100,3,0.695,2260,1820,2070,1415,10,24.125,5,5,0.2,0.2,0.2,3400,0.223,0.07,0.01,5650,4800,3000,5400,4000,3500,1.4955,1.494,1000,1000,2260,2260,0,0,1.5,1,0,40,60,1.1,100,0,0,0,0,0,0,0.02,0.02,0.2,1.25,0,0,0,200,50,0,0,200,200,50,0,0,0,0,0,0,0,0,0,0,0,0,0,1,0,0,0,0
74,4,cn-server-capture,1,0,1,0,0,2,2,1,0,0,1,100,3,0.685,2280,1825,2070,1415,10,24.3,5,5,0.2,0.2,0.2,3400,0.23500001,0.07,0.01,1,3000,3000,4500,4000,3500,1.4955,1.494,1000,1000,2280,2280,0,0,1.5,1,0,40,60,1.1,100,0,0,0,0,0,0,0.02,0.02,0.2,1.25,0,0,0,200,50,0,0,200,200,50,0,0,0,0,0,0,0,0,0,0,0,0,0,1,0,0,0,0
74,7,cn-server-capture,1,0,1,0,0,2,2,1,0,0,1,100,3,0.685,2280,1825,2070,1415,10,24.3,5,5,0.2,0.2,0.2,3400,0.23500001,0.07,0.01,4300,3000,3000,4500,4000,3500,1.4955,1.494,1000,1000,2280,2280,0,0,1.5,1,0,40,60,1.1,100,0,0,0,0,0,0,0.02,0.02,0.2,1.25,0,0,0,200,50,0,0,200,200,50,0,0,0,0,0,0,0,0,0,0,0,0,0,1,0,0,0,0
75,4,cn-server-capture,1,0,1,0,0,2,2,1,0,0,1,100,3,0.695,2250,1815,2070,1415,10,24,5,5,0.2,0.2,0.2,2840,0.223,0.07,0.01,1,3000,3000,4500,4000,3500,1.4955,1.494,1000,1000,2250,2250,0,0,1.5,1,0,40,60,1.1,100,0,0,0,0,0,0,0.02,0.02,0.2,1.25,0,0,0,200,50,0,0,200,200,50,0,0,0,0,0,0,0,0,0,0,0,0,0,1,0,0,0,0
75,7,cn-server-capture,1,0,1,0,0,2,2,1,0,0,1,100,3,0.695,2250,1815,2070,1415,10,24,5,5,0.2,0.2,0.2,2840,0.223,0.07,0.01,4300,3000,3000,4500,4000,3500,1.4955,1.494,1000,1000,2250,2250,0,0,1.5,1,0,40,60,1.1,100,0,0,0,0,0,0,0.02,0.02,0.2,1.25,0,0,0,200,50,0,0,200,200,50,0,0,0,0,0,0,0,0,0,0,0,0,0,1,0,0,0,0
80,4,cn-server-capture,1,0,1,0,0,2,2,1,0,0,1,100,3,0.725,2170,1775,2070,1415,10,22.375,5,5,0.2,0.2,0.2,2620,0.19700001,0.07,0.01,1,3000,3000,4500,4000,3500,1.4955,1.494,1000,1000,2170,2170,0,0,1.5,1,0,40,60,1.1,100,0,0,0,0,0,0,0.02,0.02,0.2,1.25,0,0,0,200,50,0,0,200,200,50,0,0,0,0,0,0,0,0,0,0,0,0,0,1,0,0,0,0
80,7,cn-server-capture,1,0,1,0,0,2,2,1,0,0,1,100,3,0.725,2170,1775,2070,1415,10,22.375,5,5,0.2,0.2,0.2,2620,0.19700001,0.07,0.01,4300,3000,3000,4500,4000,3500,1.4955,1.494,1000,1000,2170,2170,0,0,1.5,1,0,40,60,1.1,100,0,0,0,0,0,0,0.02,0.02,0.2,1.25,0,0,0,200,50,0,0,200,200,50,0,0,0,0,0,0,0,0,0,0,0,0,0,1,0,0,0,0
81,4,cn-server-capture,1,0,1,0,0,2,2,1,0,0,1,100,3,0.725,2180,1785,2070,1415,10,22.375,5,5,0.2,0.2,0.2,2660,0.193,0.07,0.01,1,3000,3000,4500,4000,3500,1.4955,1.494,1000,1000,2180,2180,0,0,1.5,1,0,40,60,1.1,100,0,0,0,0,0,0,0.02,0.02,0.2,1.25,0,0,0,200,50,0,0,200,200,50,0,0,0,0,0,0,0,0,0,0,0,0,0,1,0,0,0,0
81,7,cn-server-capture,1,0,1,0,0,2,2,1,0,0,1,100,3,0.725,2180,1785,2070,1415,10,22.375,5,5,0.2,0.2,0.2,2660,0.193,0.07,0.01,4300,3000,3000,4500,4000,3500,1.4955,1.494,1000,1000,2180,2180,0,0,1.5,1,0,40,60,1.1,100,0,0,0,0,0,0,0.02,0.02,0.2,1.25,0,0,0,200,50,0,0,200,200,50,0,0,0,0,0,0,0,0,0,0,0,0,0,1,0,0,0,0
82,4,cn-server-capture,1,0,1,0,0,2,2,1,1,0,1,100,3,0.68,2280,1825,2070,1415,10,24.55,5,5,0.2,0.2,0.2,3200,0.23500001,0.07,0.01,1,3000,3000,4500,4000,3500,1.6155,1.494,1000,1000,2280,2280,0,0,1.5,1,0,40,60,1.1,100,0,0,0,0,0,0,0.02,0.02,0.2,1.25,0,0,0,200,50,0,0,200,200,50,0,0,0,0,0,0,0,0,0,0,0,0,0,1,0,0,0,0
82,7,cn-server-capture,1,0,1,0,0,2,2,1,1,0,1,100,3,0.68,2280,1825,2070,1415,10,24.55,5,5,0.2,0.2,0.2,3200,0.23500001,0.07,0.01,4300,3000,3000,4500,4000,3500,1.6155,1.494,1000,1000,2280,2280,0,0,1.5,1,0,40,60,1.1,100,0,0,0,0,0,0,0.02,0.02,0.2,1.25,0,0,0,200,50,0,0,200,200,50,0,0,0,0,0,0,0,0,0,0,0,0,0,1,0,0,0,0
84,4,cn-server-capture,1,0,1,0,0,2,2,1,1,0,1,100,3,0.678,2290,1825,2070,1415,10,24.45,5,5,0.2,0.2,0.2,3100,0.24200001,0.07,0.01,1,3000,3000,4500,4000,3500,1.6155,1.494,1000,1000,2290,2290,0,0,1.5,1,0,40,60,1.1,100,0,0,0,0,0,0,0.02,0.02,0.2,1.25,0,0,0,200,50,0,0,200,200,50,0,0,0,0,0,0,0,0,0,0,0,0,0,1,0,0,0,0
84,7,cn-server-capture,1,0,1,0,0,2,2,1,1,0,1,100,3,0.678,2290,1825,2070,1415,10,24.45,5,5,0.2,0.2,0.2,3100,0.24200001,0.07,0.01,4300,3000,3000,4500,4000,3500,1.6155,1.494,1000,1000,2290,2290,0,0,1.5,1,0,40,60,1.1,100,0,0,0,0,0,0,0.02,0.02,0.2,1.25,0,0,0,200,50,0,0,200,200,50,0,0,0,0,0,0,0,0,0,0,0,0,0,1,0,0,0,0
85,4,cn-server-capture,1,0,1,0,0,2,2,1,1,0,1,100,3,0.685,2285,1825,2070,1415,10,24.45,5,5,0.2,0.2,0.2,3100,0.23500001,0.07,0.01,1,3000,3000,4500,4000,3500,1.5955,1.494,1000,1000,2285,2285,0,0,1.5,1,0,40,60,1.1,100,0,0,0,0,0,0,0.02,0.02,0.2,1.25,0,0,0,200,50,0,0,200,200,50,0,0,0,0,0,0,0,0,0,0,0,0,0,1,0,0,0,0
85,7,cn-server-capture,1,0,1,0,0,2,2,1,1,0,1,100,3,0.685,2285,1825,2070,1415,10,24.45,5,5,0.2,0.2,0.2,3100,0.23500001,0.07,0.01,4300,3000,3000,4500,4000,3500,1.5955,1.494,1000,1000,2285,2285,0,0,1.5,1,0,40,60,1.1,100,0,0,0,0,0,0,0.02,0.02,0.2,1.25,0,0,0,200,50,0,0,200,200,50,0,0,0,0,0,0,0,0,0,0,0,0,0,1,0,0,0,0
95,4,cn-server-capture,1,0,1,0,0,2,2,1,1,0,1,100,3,0.68,2285,1825,2070,1415,10,24.55,5,5,0.2,0.2,0.2,3200,0.23500001,0.07,0.01,1,3000,3000,4500,4000,3500,1.6155,1.494,1000,1000,2285,2285,0,0,1.5,1,0,40,60,1.1,100,0,0,0,0,0,0,0.02,0.02,0.2,1.25,0,0,0,200,50,0,0,200,200,50,0,0,0,0,0,0,0,0,0,0,0,0,0,1,0,0,0,0
95,7,cn-server-capture,1,0,1,0,0,2,2,1,1,0,1,100,3,0.68,2285,1825,2070,1415,10,24.55,5,5,0.2,0.2,0.2,3200,0.23500001,0.07,0.01,4300,3000,3000,4500,4000,3500,1.6155,1.494,1000,1000,2285,2285,0,0,1.5,1,0,40,60,1.1,100,0,0,0,0,0,0,0.02,0.02,0.2,1.25,0,0,0,200,50,0,0,200,200,50,0,0,0,0,0,0,0,0,0,0,0,0,0,1,0,0,0,0
97,4,cn-server-capture,1,0,1,0,0,2,2,1,1,0,1,100,3,0.6785,2295,1825,2070,1415,10,24.35,5,5,0.2,0.2,0.2,3100,0.24000001,0.07,0.01,1,3000,3000,4500,4000,3500,1.6155,1.494,1000,1000,2295,2295,0,0,1.5,1,0,40,60,1.1,100,0,0,0,0,0,0,0.02,0.02,0.2,1.25,0,0,0,200,50,0,0,200,200,50,0,0,0,0,0,0,0,0,0,0,0,0,0,1,0,0,0,0
97,7,cn-server-capture,1,0,1,0,0,2,2,1,1,0,1,100,3,0.6785,2295,1825,2070,1415,10,24.35,5,5,0.2,0.2,0.2,3100,0.24000001,0.07,0.01,4300,3000,3000,4500,4000,3500,1.6155,1.494,1000,1000,2295,2295,0,0,1.5,1,0,40,60,1.1,100,0,0,0,0,0,0,0.02,0.02,0.2,1.25,0,0,0,200,50,0,0,200,200,50,0,0,0,0,0,0,0,0,0,0,0,0,0,1,0,0,0,0
98,4,cn-server-capture,1,0,1,0,0,2,2,1,1,0,1,100,3,0.682,2280,1835,2070,1415,10,24.5,5,5,0.2,0.2,0.2,3100,0.24000001,0.07,0.01,1,3000,3000,4500,4000,3500,1.6155,1.494,1000,1000,2280,2280,0,0,1.5,1,0,40,60,1.1,100,0,0,0,0,0,0,0.02,0.02,0.2,1.25,0,0,0,200,50,0,0,200,200,50,0,0,0,0,0,0,0,0,0,0,0,0,0,1,0,0,0,0
98,7,cn-server-capture,1,0,1,0,0,2,2,1,1,0,1,100,3,0.682,2280,1835,2070,1415,10,24.5,5,5,0.2,0.2,0.2,3100,0.24000001,0.07,0.01,4300,3000,3000,4500,4000,3500,1.6155,1.494,1000,1000,2280,2280,0,0,1.5,1,0,40,60,1.1,100,0,0,0,0,0,0,0.02,0.02,0.2,1.25,0,0,0,200,50,0,0,200,200,50,0,0,0,0,0,0,0,0,0,0,0,0,0,1,0,0,0,0
99,4,cn-server-capture,1,0,1,0,0,2,2,1,1,0,1,100,3,0.676,2290,1825,2070,1415,10,24.55,5,5,0.2,0.2,0.2,3200,0.24100001,0.07,0.01,1,3000,3000,4500,4000,3500,1.6455,1.494,1000,1000,2290,2290,0,0,1.5,1,0,40,60,1.1,100,0,0,0,0,0,0,0.02,0.02,0.2,1.25,0,0,0,200,50,0,0,200,200,50,0,0,0,0,0,0,0,0,0,0,0,0,0,1,0,0,0,0
99,7,cn-server-capture,1,0,1,0,0,2,2,1,1,0,1,100,3,0.676,2290,1825,2070,1415,10,24.55,5,5,0.2,0.2,0.2,3200,0.24100001,0.07,0.01,4300,3000,3000,4500,4000,3500,1.6455,1.494,1000,1000,2290,2290,0,0,1.5,1,0,40,60,1.1,100,0,0,0,0,0,0,0.02,0.02,0.2,1.25,0,0,0,200,50,0,0,200,200,50,0,0,0,0,0,0,0,0,0,0,0,0,0,1,0,0,0,0
100,4,cn-server-capture,1,0,1,0,0,2,2,1,0,0,1,100,3,0.725,2210,1800,2070,1415,10,23,5,5,0.2,0.2,0.2,2660,0.207,0.07,0.01,1,3000,3000,4500,4000,3500,1.4955,1.494,1000,1000,2210,2210,0,0,1.5,1,0,40,60,1.1,100,0,0,0,0,0,0,0.02,0.02,0.2,1.25,0,0,0,200,50,0,0,200,200,50,0,0,0,0,0,0,0,0,0,0,0,0,0,1,0,0,0,0
100,7,cn-server-capture,1,0,1,0,0,2,2,1,0,0,1,100,3,0.725,2210,1800,2070,1415,10,23,5,5,0.2,0.2,0.2,2660,0.207,0.07,0.01,4300,3000,3000,4500,4000,3500,1.4955,1.494,1000,1000,2210,2210,0,0,1.5,1,0,40,60,1.1,100,0,0,0,0,0,0,0.02,0.02,0.2,1.25,0,0,0,200,50,0,0,200,200,50,0,0,0,0,0,0,0,0,0,0,0,0,0,1,0,0,0,0
101,4,cn-server-capture,1,0,1,0,0,2,2,1,1,0,1,100,3,0.682,2285,1825,2070,1415,10,24.65,5,5,0.2,0.2,0.2,3250,0.252,0.07,0.01,1,3000,3000,4500,4000,3500,1.6155,1.494,1000,1000,2285,2285,0,0,1.5,1,0,40,60,1.1,100,0,0,0,0,0,0,0.02,0.02,0.2,1.25,0,0,0,200,50,0,0,200,200,50,0,0,0,0,0,0,0,0,0,0,0,0,0,1,0,0,0,0
101,7,cn-server-capture,1,0,1,0,0,2,2,1,1,0,1,100,3,0.682,2285,1825,2070,1415,10,24.65,5,5,0.2,0.2,0.2,3250,0.252,0.07,0.01,4300,3000,3000,4500,4000,3500,1.6155,1.494,1000,1000,2285,2285,0,0,1.5,1,0,40,60,1.1,100,0,0,0,0,0,0,0.02,0.02,0.2,1.25,0,0,0,200,50,0,0,200,200,50,0,0,0,0,0,0,0,0,0,0,0,0,0,1,0,0,0,0
102,4,cn-server-capture,1,0,1,0,0,2,2,1,1,0,1,100,3,0.682,2280,1825,2070,1415,10,24.6,5,5,0.2,0.2,0.2,3100,0.24800001,0.07,0.01,1,3000,3000,4500,4000,3500,1.5955,1.494,1000,1000,2280,2280,0,0,1.5,1,0,40,60,1.1,100,0,0,0,0,0,0,0.02,0.02,0.2,1.25,0,0,0,200,50,0,0,200,200,50,0,0,0,0,0,0,0,0,0,0,0,0,0,1,0,0,0,0
102,7,cn-server-capture,1,0,1,0,0,2,2,1,1,0,1,100,3,0.682,2280,1825,2070,1415,10,24.6,5,5,0.2,0.2,0.2,3100,0.24800001,0.07,0.01,4300,3000,3000,4500,4000,3500,1.5955,1.494,1000,1000,2280,2280,0,0,1.5,1,0,40,60,1.1,100,0,0,0,0,0,0,0.02,0.02,0.2,1.25,0,0,0,200,50,0,0,200,200,50,0,0,0,0,0,0,0,0,0,0,0,0,0,1,0,0,0,0
103,4,cn-server-capture,1,0,1,0,0,2,2,1,1,0,1,100,3,0.68,2285,1825,2070,1415,10,24.5,5,5,0.2,0.2,0.2,3250,0.237,0.07,0.01,1,3000,3000,4500,4000,3500,1.6155,1.494,1000,1000,2285,2285,0,0,1.5,1,0,40,60,1.1,100,0,0,0,0,0,0,0.02,0.02,0.2,1.25,0,0,0,200,50,0,0,200,200,50,0,0,0,0,0,0,0,0,0,0,0,0,0,1,0,0,0,0
103,7,cn-server-capture,1,0,1,0,0,2,2,1,1,0,1,100,3,0.68,2285,1825,2070,1415,10,24.5,5,5,0.2,0.2,0.2,3250,0.237,0.07,0.01,4300,3000,3000,4500,4000,3500,1.6155,1.494,1000,1000,2285,2285,0,0,1.5,1,0,40,60,1.1,100,0,0,0,0,0,0,0.02,0.02,0.2,1.25,0,0,0,200,50,0,0,200,200,50,0,0,0,0,0,0,0,0,0,0,0,0,0,1,0,0,0,0
104,4,cn-server-capture,1,0,1,0,0,2,2,1,1,0,1,100,3,0.679,2290,1825,2070,1415,10,24.35,5,5,0.2,0.2,0.2,3200,0.24200001,0.07,0.01,1,3000,3000,4500,4000,3500,1.6155,1.494,1000,1000,2290,2290,0,0,1.5,1,0,40,60,1.1,100,0,0,0,0,0,0,0.02,0.02,0.2,1.25,0,0,0,200,50,0,0,200,200,50,0,0,0,0,0,0,0,0,0,0,0,0,0,1,0,0,0,0
104,7,cn-server-capture,1,0,1,0,0,2,2,1,1,0,1,100,3,0.679,2290,1825,2070,1415,10,24.35,5,5,0.2,0.2,0.2,3200,0.24200001,0.07,0.01,4300,3000,3000,4500,4000,3500,1.6155,1.494,1000,1000,2290,2290,0,0,1.5,1,0,40,60,1.1,100,0,0,0,0,0,0,0.02,0.02,0.2,1.25,0,0,0,200,50,0,0,200,200,50,0,0,0,0,0,0,0,0,0,0,0,0,0,1,0,0,0,0
106,4,cn-server-capture,1,0,1,0,0,2,2,1,1,0,1,100,3,0.68,2285,1825,2070,1415,10,24.4,5,5,0.2,0.2,0.2,3100,0.24100001,0.07,0.01,1,3000,3000,4500,4000,3500,1.6155,1.494,1000,1000,2285,2285,0,0,1.5,1,0,40,60,1.1,100,0,0,0,0,0,0,0.02,0.02,0.2,1.25,0,0,0,200,50,0,0,200,200,50,0,0,0,0,0,0,0,0,0,0,0,0,0,1,0,0,0,0
106,7,cn-server-capture,1,0,1,0,0,2,2,1,1,0,1,100,3,0.68,2285,1825,2070,1415,10,24.4,5,5,0.2,0.2,0.2,3100,0.24100001,0.07,0.01,4300,3000,3000,4500,4000,3500,1.6155,1.494,1000,1000,2285,2285,0,0,1.5,1,0,40,60,1.1,100,0,0,0,0,0,0,0.02,0.02,0.2,1.25,0,0,0,200,50,0,0,200,200,50,0,0,0,0,0,0,0,0,0,0,0,0,0,1,0,0,0,0
108,4,cn-server-capture,1,0,1,0,0,2,2,1,1,0,1,100,3,0.685,2285,1835,2070,1415,10,24.5,5,5,0.2,0.2,0.2,3100,0.245,0.07,0.01,1,3000,3000,4500,4000,3500,1.5955,1.494,1000,1000,2285,2285,0,0,1.5,1,0,40,60,1.1,100,0,0,0,0,0,0,0.02,0.02,0.2,1.25,0,0,0,200,50,0,0,200,200,50,0,0,0,0,0,0,0,0,0,0,0,0,0,1,0,0,0,0
108,7,cn-server-capture,1,0,1,0,0,2,2,1,1,0,1,100,3,0.685,2285,1835,2070,1415,10,24.5,5,5,0.2,0.2,0.2,3100,0.245,0.07,0.01,4300,3000,3000,4500,4000,3500,1.5955,1.494,1000,1000,2285,2285,0,0,1.5,1,0,40,60,1.1,100,0,0,0,0,0,0,0.02,0.02,0.2,1.25,0,0,0,200,50,0,0,200,200,50,0,0,0,0,0,0,0,0,0,0,0,0,0,1,0,0,0,0
110,4,cn-server-capture,1,0,1,0,0,2,2,1,1,0,1,100,3,0.68,2285,1825,2070,1415,10,24.5,5,5,0.2,0.2,0.2,3250,0.23500001,0.07,0.01,1,3000,3000,4500,4000,3500,1.6155,1.494,1000,1000,2285,2285,0,0,1.5,1,0,40,60,1.1,100,0,0,0,0,0,0,0.02,0.02,0.2,1.25,0,0,0,200,50,0,0,200,200,50,0,0,0,0,0,0,0,0,0,0,0,0,0,1,0,0,0,0
110,7,cn-server-capture,1,0,1,0,0,2,2,1,1,0,1,100,3,0.68,2285,1825,2070,1415,10,24.5,5,5,0.2,0.2,0.2,3250,0.23500001,0.07,0.01,4300,3000,3000,4500,4000,3500,1.6155,1.494,1000,1000,2285,2285,0,0,1.5,1,0,40,60,1.1,100,0,0,0,0,0,0,0.02,0.02,0.2,1.25,0,0,0,200,50,0,0,200,200,50,0,0,0,0,0,0,0,0,0,0,0,0,0,1,0,0,0,0
111,4,cn-server-capture,1,0,1,0,0,2,2,1,1,0,1,100,3,0.68,2270,1825,2070,1415,10,24.6,5,5,0.2,0.2,0.2,3300,0.245,0.07,0.01,1,3000,3000,4500,4000,3500,1.5955,1.494,1000,1000,2270,2270,0,0,1.5,1,0,40,60,1.1,100,0,0,0,0,0,0,0.02,0.02,0.2,1.25,0,0,0,200,50,0,0,200,200,50,0,0,0,0,0,0,0,0,0,0,0,0,0,1,0,0,0,0
111,7,cn-server-capture,1,0,1,0,0,2,2,1,1,0,1,100,3,0.68,2270,1825,2070,1415,10,24.6,5,5,0.2,0.2,0.2,3300,0.245,0.07,0.01,4300,3000,3000,4500,4000,3500,1.5955,1.494,1000,1000,2270,2270,0,0,1.5,1,0,40,60,1.1,100,0,0,0,0,0,0,0.02,0.02,0.2,1.25,0,0,0,200,50,0,0,200,200,50,0,0,0,0,0,0,0,0,0,0,0,0,0,1,0,0,0,0
112,4,cn-server-capture,1,0,1,0,0,2,2,1,0,0,1,100,3,0.72,2240,1815,2070,1415,10,23.5,5,5,0.2,0.2,0.2,2780,0.21000001,0.07,0.01,1,3000,3000,4500,4000,3500,1.4955,1.494,1000,1000,2240,2240,0,0,1.5,1,0,40,60,1.1,100,0,0,0,0,0,0,0.02,0.02,0.2,1.25,0,0,0,200,50,0,0,200,200,50,0,0,0,0,0,0,0,0,0,0,0,0,0,1,0,0,0,0
112,7,cn-server-capture,1,0,1,0,0,2,2,1,0,0,1,100,3,0.72,2240,1815,2070,1415,10,23.5,5,5,0.2,0.2,0.2,2780,0.21000001,0.07,0.01,4300,3000,3000,4500,4000,3500,1.4955,1.494,1000,1000,2240,2240,0,0,1.5,1,0,40,60,1.1,100,0,0,0,0,0,0,0.02,0.02,0.2,1.25,0,0,0,200,50,0,0,200,200,50,0,0,0,0,0,0,0,0,0,0,0,0,0,1,0,0,0,0
113,4,cn-server-capture,1,0,1,0,0,2,2,1,1,0,1,100,3,0.68,2290,1825,2070,1415,10,24.55,5,5,0.2,0.2,0.2,3100,0.24000001,0.07,0.01,1,3000,3000,4500,4000,3500,1.6155,1.494,1000,1000,2290,2290,0,0,1.5,1,0,40,60,1.1,100,0,0,0,0,0,0,0.02,0.02,0.2,1.25,0,0,0,200,50,0,0,200,200,50,0,0,0,0,0,0,0,0,0,0,0,0,0,1,0,0,0,0
113,7,cn-server-capture,1,0,1,0,0,2,2,1,1,0,1,100,3,0.68,2290,1825,2070,1415,10,24.55,5,5,0.2,0.2,0.2,3100,0.24000001,0.07,0.01,4300,3000,3000,4500,4000,3500,1.6155,1.494,1000,1000,2290,2290,0,0,1.5,1,0,40,60,1.1,100,0,0,0,0,0,0,0.02,0.02,0.2,1.25,0,0,0,200,50,0,0,200,200,50,0,0,0,0,0,0,0,0,0,0,0,0,0,1,0,0,0,0
114,4,cn-server-capture,1,0,1,0,0,2,2,1,1,0,1,100,3,0.678,2290,1825,2070,1415,10,24.55,5,5,0.2,0.2,0.2,3300,0.24200001,0.07,0.01,1,3000,3000,4500,4000,3500,1.6455,1.494,1000,1000,2290,2290,0,0,1.5,1,0,40,60,1.1,100,0,0,0,0,0,0,0.02,0.02,0.2,1.25,0,0,0,200,50,0,0,200,200,50,0,0,0,0,0,0,0,0,0,0,0,0,0,1,0,0,0,0
114,7,cn-server-capture,1,0,1,0,0,2,2,1,1,0,1,100,3,0.678,2290,1825,2070,1415,10,24.55,5,5,0.2,0.2,0.2,3300,0.24200001,0.07,0.01,4300,3000,3000,4500,4000,3500,1.6455,1.494,1000,1000,2290,2290,0,0,1.5,1,0,40,60,1.1,100,0,0,0,0,0,0,0.02,0.02,0.2,1.25,0,0,0,200,50,0,0,200,200,50,0,0,0,0,0,0,0,0,0,0,0,0,0,1,0,0,0,0
115,4,cn-server-capture,1,0,1,0,0,2,2,1,1,0,1,100,3,0.679,2290,1825,2070,1415,10,24.4,5,5,0.2,0.2,0.2,3100,0.24100001,0.07,0.01,1,3000,3000,4500,4000,3500,1.6155,1.494,1000,1000,2290,2290,0,0,1.5,1,0,40,60,1.1,100,0,0,0,0,0,0,0.02,0.02,0.2,1.25,0,0,0,200,50,0,0,200,200,50,0,0,0,0,0,0,0,0,0,0,0,0,0,1,0,0,0,0
115,7,cn-server-capture,1,0,1,0,0,2,2,1,1,0,1,100,3,0.679,2290,1825,2070,1415,10,24.4,5,5,0.2,0.2,0.2,3100,0.24100001,0.07,0.01,4300,3000,3000,4500,4000,3500,1.6155,1.494,1000,1000,2290,2290,0,0,1.5,1,0,40,60,1.1,100,0,0,0,0,0,0,0.02,0.02,0.2,1.25,0,0,0,200,50,0,0,200,200,50,0,0,0,0,0,0,0,0,0,0,0,0,0,1,0,0,0,0
116,4,cn-server-capture,1,0,1,0,0,2,2,1,0,0,1,100,3,0.715,2220,1805,2070,1415,10,23.575,5,5,0.2,0.2,0.2,2710,0.213,0.07,0.01,1,3000,3000,4500,4000,3500,1.4955,1.494,1000,1000,2220,2220,0,0,1.5,1,0,40,60,1.1,100,0,0,0,0,0,0,0.02,0.02,0.2,1.25,0,0,0,200,50,0,0,200,200,50,0,0,0,0,0,0,0,0,0,0,0,0,0,1,0,0,0,0
116,7,cn-server-capture,1,0,1,0,0,2,2,1,0,0,1,100,3,0.715,2220,1805,2070,1415,10,23.575,5,5,0.2,0.2,0.2,2710,0.213,0.07,0.01,4300,3000,3000,4500,4000,3500,1.4955,1.494,1000,1000,2220,2220,0,0,1.5,1,0,40,60,1.1,100,0,0,0,0,0,0,0.02,0.02,0.2,1.25,0,0,0,200,50,0,0,200,200,50,0,0,0,0,0,0,0,0,0,0,0,0,0,1,0,0,0,0
117,4,cn-server-capture,1,0,1,0,0,2,2,1,1,0,1,100,3,0.679,2290,1835,2070,1415,10,24.45,5,5,0.2,0.2,0.2,3600,0.245,0.07,0.01,1,3000,3000,4500,4000,3500,1.6155,1.494,1000,1000,2290,2290,0,0,1.5,1,0,40,60,1.1,100,0,0,0,0,0,0,0.02,0.02,0.2,1.25,0,0,0,200,50,0,0,200,200,50,0,0,0,0,0,0,0,0,0,0,0,0,0,1,0,0,0,0
117,7,cn-server-capture,1,0,1,0,0,2,2,1,1,0,1,100,3,0.679,2290,1835,2070,1415,10,24.45,5,5,0.2,0.2,0.2,3600,0.245,0.07,0.01,4300,3000,3000,4500,4000,3500,1.6155,1.494,1000,1000,2290,2290,0,0,1.5,1,0,40,60,1.1,100,0,0,0,0,0,0,0.02,0.02,0.2,1.25,0,0,0,200,50,0,0,200,200,50,0,0,0,0,0,0,0,0,0,0,0,0,0,1,0,0,0,0
118,4,cn-server-capture,1,0,1,0,0,2,2,1,0,0,1,100,3,0.703,2210,1800,2070,1415,10,23.5,5,5,0.2,0.2,0.2,2710,0.21700001,0.07,0.01,1,3000,3000,4500,4000,3500,1.4955,1.494,1000,1000,2210,2210,0,0,1.5,1,0,40,60,1.1,100,0,0,0,0,0,0,0.02,0.02,0.2,1.25,0,0,0,200,50,0,0,200,200,50,0,0,0,0,0,0,0,0,0,0,0,0,0,1,0,0,0,0
118,7,cn-server-capture,1,0,1,0,0,2,2,1,0,0,1,100,3,0.703,2210,1800,2070,1415,10,23.5,5,5,0.2,0.2,0.2,2710,0.21700001,0.07,0.01,4300,3000,3000,4500,4000,3500,1.4955,1.494,1000,1000,2210,2210,0,0,1.5,1,0,40,60,1.1,100,0,0,0,0,0,0,0.02,0.02,0.2,1.25,0,0,0,200,50,0,0,200,200,50,0,0,0,0,0,0,0,0,0,0,0,0,0,1,0,0,0,0
119,4,cn-server-capture,1,0,1,0,0,2,2,1,0,0,1,100,3,0.705,2215,1800,2070,1415,10,23.625,5,5,0.2,0.2,0.2,2710,0.213,0.07,0.01,1,3000,3000,4500,4000,3500,1.4955,1.494,1000,1000,2215,2215,0,0,1.5,1,0,40,60,1.1,100,0,0,0,0,0,0,0.02,0.02,0.2,1.25,0,0,0,200,50,0,0,200,200,50,0,0,0,0,0,0,0,0,0,0,0,0,0,1,0,0,0,0
119,7,cn-server-capture,1,0,1,0,0,2,2,1,0,0,1,100,3,0.705,2215,1800,2070,1415,10,23.625,5,5,0.2,0.2,0.2,2710,0.213,0.07,0.01,4300,3000,3000,4500,4000,3500,1.4955,1.494,1000,1000,2215,2215,0,0,1.5,1,0,40,60,1.1,100,0,0,0,0,0,0,0.02,0.02,0.2,1.25,0,0,0,200,50,0,0,200,200,50,0,0,0,0,0,0,0,0,0,0,0,0,0,1,0,0,0,0
120,4,cn-server-capture,1,0,1,0,0,2,2,1,0,0,1,100,3,0.705,2215,1800,2070,1415,10,23.75,5,5,0.2,0.2,0.2,2710,0.213,0.07,0.01,1,3000,3000,4500,4000,3500,1.4955,1.494,1000,1000,2215,2215,0,0,1.5,1,0,40,60,1.1,100,0,0,0,0,0,0,0.02,0.02,0.2,1.25,0,0,0,200,50,0,0,200,200,50,0,0,0,0,0,0,0,0,0,0,0,0,0,1,0,0,0,0
120,7,cn-server-capture,1,0,1,0,0,2,2,1,0,0,1,100,3,0.705,2215,1800,2070,1415,10,23.75,5,5,0.2,0.2,0.2,2710,0.213,0.07,0.01,4300,3000,3000,4500,4000,3500,1.4955,1.494,1000,1000,2215,2215,0,0,1.5,1,0,40,60,1.1,100,0,0,0,0,0,0,0.02,0.02,0.2,1.25,0,0,0,200,50,0,0,200,200,50,0,0,0,0,0,0,0,0,0,0,0,0,0,1,0,0,0,0
121,4,cn-server-capture,1,0,1,0,0,2,2,1,0,0,1,100,3,0.7,2230,1810,2070,1415,10,23.25,5,5,0.2,0.2,0.2,2730,0.213,0.07,0.01,1,3000,3000,4500,4000,3500,1.4955,1.494,1000,1000,2230,2230,0,0,1.5,1,0,40,60,1.1,100,0,0,0,0,0,0,0.02,0.02,0.2,1.25,0,0,0,200,50,0,0,200,200,50,0,0,0,0,0,0,0,0,0,0,0,0,0,1,0,0,0,0
121,7,cn-server-capture,1,0,1,0,0,2,2,1,0,0,1,100,3,0.7,2230,1810,2070,1415,10,23.25,5,5,0.2,0.2,0.2,2730,0.213,0.07,0.01,4300,3000,3000,4500,4000,3500,1.4955,1.494,1000,1000,2230,2230,0,0,1.5,1,0,40,60,1.1,100,0,0,0,0,0,0,0.02,0.02,0.2,1.25,0,0,0,200,50,0,0,200,200,50,0,0,0,0,0,0,0,0,0,0,0,0,0,1,0,0,0,0
124,4,cn-server-capture,1,0,1,0,0,2,2,1,0,0,1,100,3,0.71,2220,1805,2070,1415,10,23.5,5,5,0.2,0.2,0.2,2730,0.215,0.07,0.01,1,3000,3000,4500,4000,3500,1.4955,1.494,1000,1000,2220,2220,0,0,1.5,1,0,40,60,1.1,100,0,0,0,0,0,0,0.02,0.02,0.2,1.25,0,0,0,200,50,0,0,200,200,50,0,0,0,0,0,0,0,0,0,0,0,0,0,1,0,0,0,0
124,7,cn-server-capture,1,0,1,0,0,2,2,1,0,0,1,100,3,0.71,2220,1805,2070,1415,10,23.5,5,5,0.2,0.2,0.2,2730,0.215,0.07,0.01,4300,3000,3000,4500,4000,3500,1.4955,1.494,1000,1000,2220,2220,0,0,1.5,1,0,40,60,1.1,100,0,0,0,0,0,0,0.02,0.02,0.2,1.25,0,0,0,200,50,0,0,200,200,50,0,0,0,0,0,0,0,0,0,0,0,0,0,1,0,0,0,0
130,4,cn-server-capture,1,0,1,0,0,2,2,1,0,0,1,100,3,0.712,2215,1815,2070,1415,10,23.45,5,5,0.2,0.2,0.2,2720,0.21400002,0.07,0.01,1,3000,3000,4500,4000,3500,1.4955,1.494,1000,1000,2215,2215,0,0,1.5,1,0,40,60,1.1,100,0,0,0,0,0,0,0.02,0.02,0.2,1.25,0,0,0,200,50,0,0,200,200,50,0,0,0,0,0,0,0,0,0,0,0,0,0,1,0,0,0,0
130,7,cn-server-capture,1,0,1,0,0,2,2,1,0,0,1,100,3,0.712,2215,1815,2070,1415,10,23.45,5,5,0.2,0.2,0.2,2720,0.21400002,0.07,0.01,4300,3000,3000,4500,4000,3500,1.4955,1.494,1000,1000,2215,2215,0,0,1.5,1,0,40,60,1.1,100,0,0,0,0,0,0,0.02,0.02,0.2,1.25,0,0,0,200,50,0,0,200,200,50,0,0,0,0,0,0,0,0,0,0,0,0,0,1,0,0,0,0
133,4,cn-server-capture,1,0,1,0,0,2,2,1,0,0,1,100,3,0.697,2255,1820,2070,1415,10,24.05,5,5,0.2,0.2,0.2,2780,0.22500001,0.07,0.01,1,3000,3000,4500,4000,3500,1.4955,1.494,1000,1000,2255,2255,0,0,1.5,1,0,40,60,1.1,100,0,0,0,0,0,0,0.02,0.02,0.2,1.25,0,0,0,200,50,0,0,200,200,50,0,0,0,0,0,0,0,0,0,0,0,0,0,1,0,0,0,0
133,7,cn-server-capture,1,0,1,0,0,2,2,1,0,0,1,100,3,0.697,2255,1820,2070,1415,10,24.05,5,5,0.2,0.2,0.2,2780,0.22500001,0.07,0.01,4300,3000,3000,4500,4000,3500,1.4955,1.494,1000,1000,2255,2255,0,0,1.5,1,0,40,60,1.1,100,0,0,0,0,0,0,0.02,0.02,0.2,1.25,0,0,0,200,50,0,0,200,200,50,0,0,0,0,0,0,0,0,0,0,0,0,0,1,0,0,0,0
134,4,cn-server-capture,1,0,1,0,0,2,2,1,0,0,1,100,3,0.713,2210,1800,2070,1415,10,23.75,5,5,0.2,0.2,0.2,2780,0.21700001,0.07,0.01,1,3000,3000,4500,4000,3500,1.4955,1.494,1000,1000,2210,2210,0,0,1.5,1,0,40,60,1.1,100,0,0,0,0,0,0,0.02,0.02,0.2,1.25,0,0,0,200,50,0,0,200,200,50,0,0,0,0,0,0,0,0,0,0,0,0,0,1,0,0,0,0
134,7,cn-server-capture,1,0,1,0,0,2,2,1,0,0,1,100,3,0.713,2210,1800,2070,1415,10,23.75,5,5,0.2,0.2,0.2,2780,0.21700001,0.07,0.01,4300,3000,3000,4500,4000,3500,1.4955,1.494,1000,1000,2210,2210,0,0,1.5,1,0,40,60,1.1,100,0,0,0,0,0,0,0.02,0.02,0.2,1.25,0,0,0,200,50,0,0,200,200,50,0,0,0,0,0,0,0,0,0,0,0,0,0,1,0,0,0,0
135,4,cn-server-capture,1,0,1,0,0,2,2,1,1,0,1,100,3,0.682,2295,1825,2070,1415,10,24.5,5,5,0.2,0.2,0.2,3400,0.24000001,0.07,0.01,1,3000,3000,4500,4000,3500,1.6155,1.494,1000,1000,2295,2295,0,0,1.5,1,0,40,60,1.1,100,0,0,0,0,0,0,0.02,0.02,0.2,1.25,0,0,0,200,50,0,0,200,200,50,0,0,0,0,0,0,0,0,0,0,0,0,0,1,0,0,0,0
135,7,cn-server-capture,1,0,1,0,0,2,2,1,1,0,1,100,3,0.682,2295,1825,2070,1415,10,24.5,5,5,0.2,0.2,0.2,3400,0.24000001,0.07,0.01,4300,3000,3000,4500,4000,3500,1.6155,1.494,1000,1000,2295,2295,0,0,1.5,1,0,40,60,1.1,100,0,0,0,0,0,0,0.02,0.02,0.2,1.25,0,0,0,200,50,0,0,200,200,50,0,0,0,0,0,0,0,0,0,0,0,0,0,1,0,0,0,0
136,4,cn-server-capture,1,0,1,0,0,2,2,1,1,0,1,100,3,0.678,2290,1825,2070,1415,10,24.55,5,5,0.2,0.2,0.2,3300,0.236,0.07,0.01,1,3000,3000,4500,4000,3500,1.6155,1.494,1000,1000,2290,2290,0,0,1.5,1,0,40,60,1.1,100,0,0,0,0,0,0,0.02,0.02,0.2,1.25,0,0,0,200,50,0,0,200,200,50,0,0,0,0,0,0,0,0,0,0,0,0,0,1,0,0,0,0
136,7,cn-server-capture,1,0,1,0,0,2,2,1,1,0,1,100,3,0.678,2290,1825,2070,1415,10,24.55,5,5,0.2,0.2,0.2,3300,0.236,0.07,0.01,4300,3000,3000,4500,4000,3500,1.6155,1.494,1000,1000,2290,2290,0,0,1.5,1,0,40,60,1.1,100,0,0,0,0,0,0,0.02,0.02,0.2,1.25,0,0,0,200,50,0,0,200,200,50,0,0,0,0,0,0,0,0,0,0,0,0,0,1,0,0,0,0
138,4,cn-server-capture,1,0,1,0,0,2,2,1,1,0,1,100,3,0.6775,2295,1825,2070,1415,10,24.55,5,5,0.2,0.2,0.2,3200,0.243,0.07,0.01,1,3000,3000,4500,4000,3500,1.6155,1.494,1000,1000,2295,2295,0,0,1.5,1,0,40,60,1.1,100,0,0,0,0,0,0,0.02,0.02,0.2,1.25,0,0,0,200,50,0,0,200,200,50,0,0,0,0,0,0,0,0,0,0,0,0,0,1,0,0,0,0
138,7,cn-server-capture,1,0,1,0,0,2,2,1,1,0,1,100,3,0.6775,2295,1825,2070,1415,10,24.55,5,5,0.2,0.2,0.2,3200,0.243,0.07,0.01,4300,3000,3000,4500,4000,3500,1.6155,1.494,1000,1000,2295,2295,0,0,1.5,1,0,40,60,1.1,100,0,0,0,0,0,0,0.02,0.02,0.2,1.25,0,0,0,200,50,0,0,200,200,50,0,0,0,0,0,0,0,0,0,0,0,0,0,1,0,0,0,0
139,4,cn-server-capture,1,0,1,0,0,2,2,1,1,0,1,100,3,0.682,2280,1825,2070,1415,10,24.35,5,5,0.2,0.2,0.2,3100,0.23300001,0.07,0.01,1,3000,3000,4500,4000,3500,1.6455,1.494,1000,1000,2280,2280,0,0,1.5,1,0,40,60,1.1,100,0,0,0,0,0,0,0.02,0.02,0.2,1.25,0,0,0,200,50,0,0,200,200,50,0,0,0,0,0,0,0,0,0,0,0,0,0,1,0,0,0,0
139,7,cn-server-capture,1,0,1,0,0,2,2,1,1,0,1,100,3,0.682,2280,1825,2070,1415,10,24.35,5,5,0.2,0.2,0.2,3100,0.23300001,0.07,0.01,4300,3000,3000,4500,4000,3500,1.6455,1.494,1000,1000,2280,2280,0,0,1.5,1,0,40,60,1.1,100,0,0,0,0,0,0,0.02,0.02,0.2,1.25,0,0,0,200,50,0,0,200,200,50,0,0,0,0,0,0,0,0,0,0,0,0,0,1,0,0,0,0
140,4,cn-server-capture,1,0,1,0,0,2,2,1,1,0,1,100,3,0.68,2290,1825,2070,1415,10,24.5,5,5,0.2,0.2,0.2,3300,0.24000001,0.07,0.01,1,3000,3000,4500,4000,3500,1.6155,1.494,1000,1000,2290,2290,0,0,1.5,1,0,40,60,1.1,100,0,0,0,0,0,0,0.02,0.02,0.2,1.25,0,0,0,200,50,0,0,200,200,50,0,0,0,0,0,0,0,0,0,0,0,0,0,1,0,0,0,0
140,7,cn-server-capture,1,0,1,0,0,2,2,1,1,0,1,100,3,0.68,2290,1825,2070,1415,10,24.5,5,5,0.2,0.2,0.2,3300,0.24000001,0.07,0.01,4300,3000,3000,4500,4000,3500,1.6155,1.494,1000,1000,2290,2290,0,0,1.5,1,0,40,60,1.1,100,0,0,0,0,0,0,0.02,0.02,0.2,1.25,0,0,0,200,50,0,0,200,200,50,0,0,0,0,0,0,0,0,0,0,0,0,0,1,0,0,0,0
141,4,cn-server-capture,1,0,1,0,0,2,2,1,0,0,1,100,3,0.705,2220,1805,2070,1415,10,23.375,5,5,0.2,0.2,0.2,2750,0.21700001,0.07,0.01,1,3000,3000,4500,4000,3500,1.4955,1.494,1000,1000,2220,2220,0,0,1.5,1,0,40,60,1.1,100,0,0,0,0,0,0,0.02,0.02,0.2,1.25,0,0,0,200,50,0,0,200,200,50,0,0,0,0,0,0,0,0,0,0,0,0,0,1,0,0,0,0
141,7,cn-server-capture,1,0,1,0,0,2,2,1,0,0,1,100,3,0.705,2220,1805,2070,1415,10,23.375,5,5,0.2,0.2,0.2,2750,0.21700001,0.07,0.01,4300,3000,3000,4500,4000,3500,1.4955,1.494,1000,1000,2220,2220,0,0,1.5,1,0,40,60,1.1,100,0,0,0,0,0,0,0.02,0.02,0.2,1.25,0,0,0,200,50,0,0,200,200,50,0,0,0,0,0,0,0,0,0,0,0,0,0,1,0,0,0,0
148,4,cn-server-capture,1,0,1,0,0,2,2,1,0,0,1,100,3,0.701,2245,1810,2070,1415,10,23.85,5,5,0.2,0.2,0.2,2820,0.227,0.07,0.01,1,3000,3000,4500,4000,3500,1.4955,1.494,1000,1000,2245,2245,0,0,1.5,1,0,40,60,1.1,100,0,0,0,0,0,0,0.02,0.02,0.2,1.25,0,0,0,200,50,0,0,200,200,50,0,0,0,0,0,0,0,0,0,0,0,0,0,1,0,0,0,0
148,7,cn-server-capture,1,0,1,0,0,2,2,1,0,0,1,100,3,0.701,2245,1810,2070,1415,10,23.85,5,5,0.2,0.2,0.2,2820,0.227,0.07,0.01,4300,3000,3000,4500,4000,3500,1.4955,1.494,1000,1000,2245,2245,0,0,1.5,1,0,40,60,1.1,100,0,0,0,0,0,0,0.02,0.02,0.2,1.25,0,0,0,200,50,0,0,200,200,50,0,0,0,0,0,0,0,0,0,0,0,0,0,1,0,0,0,0
149,4,cn-server-capture,1,0,1,0,0,2,2,1,1,0,1,100,3,0.675,2290,1825,2070,1415,10,24.35,5,5,0.2,0.2,0.2,3200,0.23400001,0.07,0.01,1,3000,3000,4500,4000,3500,1.6155,1.494,1000,1000,2290,2290,0,0,1.5,1,0,40,60,1.1,100,0,0,0,0,0,0,0.02,0.02,0.2,1.25,0,0,0,200,50,0,0,200,200,50,0,0,0,0,0,0,0,0,0,0,0,0,0,1,0,0,0,0
149,7,cn-server-capture,1,0,1,0,0,2,2,1,1,0,1,100,3,0.675,2290,1825,2070,1415,10,24.35,5,5,0.2,0.2,0.2,3200,0.23400001,0.07,0.01,4300,3000,3000,4500,4000,3500,1.6155,1.494,1000,1000,2290,2290,0,0,1.5,1,0,40,60,1.1,100,0,0,0,0,0,0,0.02,0.02,0.2,1.25,0,0,0,200,50,0,0,200,200,50,0,0,0,0,0,0,0,0,0,0,0,0,0,1,0,0,0,0
150,4,cn-server-capture,1,0,1,0,0,2,2,1,1,1,1,100,3,0.68,2280,1825,2070,1415,10,24.1,5,5,0.2,0.2,0.2,3600,0.24000001,0.07,0.01,1,2800,3000,4000,4000,3500,1.6155,1.494,1000,1000,2280,2280,0,0,1.5,1,0,40,60,1.1,100,0,0,0,0,0,0,0.02,0.02,0.2,1.25,0,0,0,200,50,0,0,200,200,50,0,0,0,0,0,0,0,0,0,0,0,0,0,1,0,0,0,0
150,7,cn-server-capture,1,0,1,0,0,2,2,1,1,1,1,100,3,0.68,2280,1825,2070,1415,10,24.1,5,5,0.2,0.2,0.2,3600,0.24000001,0.07,0.01,2800,2800,3000,4000,4000,3500,1.6155,1.494,1000,1000,2280,2280,0,0,1.5,1,0,40,60,1.1,100,0,0,0,0,0,0,0.02,0.02,0.2,1.25,0,0,0,200,50,0,0,200,200,50,0,0,0,0,0,0,0,0,0,0,0,0,0,1,0,0,0,0
151,4,cn-server-capture,1,0,1,0,0,2,2,1,1,0,1,100,3,0.682,2280,1825,2070,1415,10,24.6,5,5,0.2,0.2,0.2,3100,0.24800001,0.07,0.01,1,3000,3000,4500,4000,3500,1.5955,1.494,1000,1000,2280,2280,0,0,1.5,1,0,40,60,1.1,100,0,0,0,0,0,0,0.02,0.02,0.2,1.25,0,0,0,200,50,0,0,200,200,50,0,0,0,0,0,0,0,0,0,0,0,0,0,1,0,0,0,0
151,7,cn-server-capture,1,0,1,0,0,2,2,1,1,0,1,100,3,0.682,2280,1825,2070,1415,10,24.6,5,5,0.2,0.2,0.2,3100,0.24800001,0.07,0.01,4300,3000,3000,4500,4000,3500,1.5955,1.494,1000,1000,2280,2280,0,0,1.5,1,0,40,60,1.1,100,0,0,0,0,0,0,0.02,0.02,0.2,1.25,0,0,0,200,50,0,0,200,200,50,0,0,0,0,0,0,0,0,0,0,0,0,0,1,0,0,0,0
153,4,cn-server-capture,1,0,1,0,0,2,2,1,0,0,1,100,3,0.7,2245,1815,2070,1415,10,24.1,5,5,0.2,0.2,0.2,2750,0.222,0.07,0.01,1,3000,3000,4500,4000,3500,1.4955,1.494,1000,1000,2245,2245,0,0,1.5,1,0,40,60,1.1,100,0,0,0,0,0,0,0.02,0.02,0.2,1.25,0,0,0,200,50,0,0,200,200,50,0,0,0,0,0,0,0,0,0,0,0,0,0,1,0,0,0,0
153,7,cn-server-capture,1,0,1,0,0,2,2,1,0,0,1,100,3,0.7,2245,1815,2070,1415,10,24.1,5,5,0.2,0.2,0.2,2750,0.222,0.07,0.01,4300,3000,3000,4500,4000,3500,1.4955,1.494,1000,1000,2245,2245,0,0,1.5,1,0,40,60,1.1,100,0,0,0,0,0,0,0.02,0.02,0.2,1.25,0,0,0,200,50,0,0,200,200,50,0,0,0,0,0,0,0,0,0,0,0,0,0,1,0,0,0,0
154,4,cn-server-capture,1,0,1,0,0,2,2,1,0,0,1,100,3,0.7,2245,1815,2070,1415,10,24.1,5,5,0.2,0.2,0.2,2760,0.227,0.07,0.01,1,3000,3000,4500,4000,3500,1.4955,1.494,1000,1000,2245,2245,0,0,1.5,1,0,40,60,1.1,100,0,0,0,0,0,0,0.02,0.02,0.2,1.25,0,0,0,200,50,0,0,200,200,50,0,0,0,0,0,0,0,0,0,0,0,0,0,1,0,0,0,0
154,7,cn-server-capture,1,0,1,0,0,2,2,1,0,0,1,100,3,0.7,2245,1815,2070,1415,10,24.1,5,5,0.2,0.2,0.2,2760,0.227,0.07,0.01,4300,3000,3000,4500,4000,3500,1.4955,1.494,1000,1000,2245,2245,0,0,1.5,1,0,40,60,1.1,100,0,0,0,0,0,0,0.02,0.02,0.2,1.25,0,0,0,200,50,0,0,200,200,50,0,0,0,0,0,0,0,0,0,0,0,0,0,1,0,0,0,0
155,4,cn-server-capture,1,0,1,0,0,2,2,1,0,0,1,100,3,0.699,2230,1805,2070,1415,10,23.9,5,5,0.2,0.2,0.2,2750,0.227,0.07,0.01,1,3000,3000,4500,4000,3500,1.4955,1.494,1000,1000,2230,2230,0,0,1.5,1,0,40,60,1.1,100,0,0,0,0,0,0,0.02,0.02,0.2,1.25,0,0,0,200,50,0,0,200,200,50,0,0,0,0,0,0,0,0,0,0,0,0,0,1,0,0,0,0
155,7,cn-server-capture,1,0,1,0,0,2,2,1,0,0,1,100,3,0.699,2230,1805,2070,1415,10,23.9,5,5,0.2,0.2,0.2,2750,0.227,0.07,0.01,4300,3000,3000,4500,4000,3500,1.4955,1.494,1000,1000,2230,2230,0,0,1.5,1,0,40,60,1.1,100,0,0,0,0,0,0,0.02,0.02,0.2,1.25,0,0,0,200,50,0,0,200,200,50,0,0,0,0,0,0,0,0,0,0,0,0,0,1,0,0,0,0
157,4,cn-server-capture,1,0,1,0,0,2,2,1,1,1,1,100,3,0.68,2280,1825,2070,1415,10,24.25,5,5,0.2,0.2,0.2,3600,0.245,0.07,0.01,1,2800,3000,4000,4000,3500,1.6155,1.494,1000,1000,2280,2280,0,0,1.5,1,0,40,60,1.1,100,0,0,0,0,0,0,0.02,0.02,0.2,1.25,0,0,0,200,50,0,0,200,200,50,0,0,0,0,0,0,0,0,0,0,0,0,0,1,0,0,0,0
157,7,cn-server-capture,1,0,1,0,0,2,2,1,1,1,1,100,3,0.68,2280,1825,2070,1415,10,24.25,5,5,0.2,0.2,0.2,3600,0.245,0.07,0.01,2800,2800,3000,4000,4000,3500,1.6155,1.494,1000,1000,2280,2280,0,0,1.5,1,0,40,60,1.1,100,0,0,0,0,0,0,0.02,0.02,0.2,1.25,0,0,0,200,50,0,0,200,200,50,0,0,0,0,0,0,0,0,0,0,0,0,0,1,0,0,0,0
158,4,cn-server-capture,1,0,1,0,0,2,2,1,1,0,1,100,3,0.6785,2290,1825,2070,1415,10,24.55,5,5,0.2,0.2,0.2,3200,0.24400002,0.07,0.01,1,3000,3000,4500,4000,3500,1.6155,1.494,1000,1000,2290,2290,0,0,1.5,1,0,40,60,1.1,100,0,0,0,0,0,0,0.02,0.02,0.2,1.25,0,0,0,200,50,0,0,200,200,50,0,0,0,0,0,0,0,0,0,0,0,0,0,1,0,0,0,0
158,7,cn-server-capture,1,0,1,0,0,2,2,1,1,0,1,100,3,0.6785,2290,1825,2070,1415,10,24.55,5,5,0.2,0.2,0.2,3200,0.24400002,0.07,0.01,4300,3000,3000,4500,4000,3500,1.6155,1.494,1000,1000,2290,2290,0,0,1.5,1,0,40,60,1.1,100,0,0,0,0,0,0,0.02,0.02,0.2,1.25,0,0,0,200,50,0,0,200,200,50,0,0,0,0,0,0,0,0,0,0,0,0,0,1,0,0,0,0
159,4,cn-server-capture,1,0,1,0,0,2,2,1,0,0,1,100,3,0.699,2245,1815,2070,1415,10,23.75,5,5,0.2,0.2,0.2,2750,0.223,0.07,0.01,1,3000,3000,4500,4000,3500,1.4955,1.494,1000,1000,2245,2245,0,0,1.5,1,0,40,60,1.1,100,0,0,0,0,0,0,0.02,0.02,0.2,1.25,0,0,0,200,50,0,0,200,200,50,0,0,0,0,0,0,0,0,0,0,0,0,0,1,0,0,0,0
159,7,cn-server-capture,1,0,1,0,0,2,2,1,0,0,1,100,3,0.699,2245,1815,2070,1415,10,23.75,5,5,0.2,0.2,0.2,2750,0.223,0.07,0.01,4300,3000,3000,4500,4000,3500,1.4955,1.494,1000,1000,2245,2245,0,0,1.5,1,0,40,60,1.1,100,0,0,0,0,0,0,0.02,0.02,0.2,1.25,0,0,0,200,50,0,0,200,200,50,0,0,0,0,0,0,0,0,0,0,0,0,0,1,0,0,0,0
164,4,cn-server-capture,1,0,1,0,0,2,2,1,0,0,1,100,3,0.698,2240,1815,2070,1415,10,23.8,5,5,0.2,0.2,0.2,2780,0.227,0.07,0.01,1,3000,3000,4500,4000,3500,1.4955,1.494,1000,1000,2240,2240,0,0,1.5,1,0,40,60,1.1,100,0,0,0,0,0,0,0.02,0.02,0.2,1.25,0,0,0,200,50,0,0,200,200,50,0,0,0,0,0,0,0,0,0,0,0,0,0,1,0,0,0,0
164,7,cn-server-capture,1,0,1,0,0,2,2,1,0,0,1,100,3,0.698,2240,1815,2070,1415,10,23.8,5,5,0.2,0.2,0.2,2780,0.227,0.07,0.01,4300,3000,3000,4500,4000,3500,1.4955,1.494,1000,1000,2240,2240,0,0,1.5,1,0,40,60,1.1,100,0,0,0,0,0,0,0.02,0.02,0.2,1.25,0,0,0,200,50,0,0,200,200,50,0,0,0,0,0,0,0,0,0,0,0,0,0,1,0,0,0,0
165,4,cn-server-capture,1,0,1,0,0,2,2,1,0,0,1,100,3,0.698,2240,1815,2070,1415,10,23.95,5,5,0.2,0.2,0.2,2780,0.229,0.07,0.01,1,3000,3000,4500,4000,3500,1.4955,1.494,1000,1000,2240,2240,0,0,1.5,1,0,40,60,1.1,100,0,0,0,0,0,0,0.02,0.02,0.2,1.25,0,0,0,200,50,0,0,200,200,50,0,0,0,0,0,0,0,0,0,0,0,0,0,1,0,0,0,0
165,7,cn-server-capture,1,0,1,0,0,2,2,1,0,0,1,100,3,0.698,2240,1815,2070,1415,10,23.95,5,5,0.2,0.2,0.2,2780,0.229,0.07,0.01,4300,3000,3000,4500,4000,3500,1.4955,1.494,1000,1000,2240,2240,0,0,1.5,1,0,40,60,1.1,100,0,0,0,0,0,0,0.02,0.02,0.2,1.25,0,0,0,200,50,0,0,200,200,50,0,0,0,0,0,0,0,0,0,0,0,0,0,1,0,0,0,0
166,4,cn-server-capture,1,0,1,0,0,2,2,1,0,0,1,100,3,0.698,2240,1815,2070,1415,10,23.8,5,5,0.2,0.2,0.2,2820,0.229,0.07,0.01,1,3000,3000,4500,4000,3500,1.4955,1.494,1000,1000,2240,2240,0,0,1.5,1,0,40,60,1.1,100,0,0,0,0,0,0,0.02,0.02,0.2,1.25,0,0,0,200,50,0,0,200,200,50,0,0,0,0,0,0,0,0,0,0,0,0,0,1,0,0,0,0
166,7,cn-server-capture,1,0,1,0,0,2,2,1,0,0,1,100,3,0.698,2240,1815,2070,1415,10,23.8,5,5,0.2,0.2,0.2,2820,0.229,0.07,0.01,4300,3000,3000,4500,4000,3500,1.4955,1.494,1000,1000,2240,2240,0,0,1.5,1,0,40,60,1.1,100,0,0,0,0,0,0,0.02,0.02,0.2,1.25,0,0,0,200,50,0,0,200,200,50,0,0,0,0,0,0,0,0,0,0,0,0,0,1,0,0,0,0
169,4,cn-server-capture,1,0,1,0,0,2,2,1,0,0,1,100,3,0.7,2250,1815,2070,1415,10,23.35,5,5,0.2,0.2,0.2,2750,0.22500001,0.07,0.01,1,3000,3000,4500,4000,3500,1.4955,1.494,1000,1000,2250,2250,0,0,1.5,1,0,40,60,1.1,100,0,0,0,0,0,0,0.02,0.02,0.2,1.25,0,0,0,200,50,0,0,200,200,50,0,0,0,0,0,0,0,0,0,0,0,0,0,1,0,0,0,0
169,7,cn-server-capture,1,0,1,0,0,2,2,1,0,0,1,100,3,0.7,2250,1815,2070,1415,10,23.35,5,5,0.2,0.2,0.2,2750,0.22500001,0.07,0.01,4300,3000,3000,4500,4000,3500,1.4955,1.494,1000,1000,2250,2250,0,0,1.5,1,0,40,60,1.1,100,0,0,0,0,0,0,0.02,0.02,0.2,1.25,0,0,0,200,50,0,0,200,200,50,0,0,0,0,0,0,0,0,0,0,0,0,0,1,0,0,0,0
170,4,cn-server-capture,1,0,1,0,0,2,2,1,0,0,1,100,3,0.696,2235,1810,2070,1415,10,23.5,5,5,0.2,0.2,0.2,2750,0.22,0.07,0.01,1,3000,3000,4500,4000,3500,1.4955,1.494,1000,1000,2235,2235,0,0,1.5,1,0,40,60,1.1,100,0,0,0,0,0,0,0.02,0.02,0.2,1.25,0,0,0,200,50,0,0,200,200,50,0,0,0,0,0,0,0,0,0,0,0,0,0,1,0,0,0,0
170,7,cn-server-capture,1,0,1,0,0,2,2,1,0,0,1,100,3,0.696,2235,1810,2070,1415,10,23.5,5,5,0.2,0.2,0.2,2750,0.22,0.07,0.01,4300,3000,3000,4500,4000,3500,1.4955,1.494,1000,1000,2235,2235,0,0,1.5,1,0,40,60,1.1,100,0,0,0,0,0,0,0.02,0.02,0.2,1.25,0,0,0,200,50,0,0,200,200,50,0,0,0,0,0,0,0,0,0,0,0,0,0,1,0,0,0,0
171,4,cn-server-capture,1,0,1,0,0,2,2,1,0,0,1,100,3,0.699,2240,1815,2070,1415,10,24,5,5,0.2,0.2,0.2,2780,0.227,0.07,0.01,1,3000,3000,4500,4000,3500,1.4955,1.494,1000,1000,2240,2240,0,0,1.5,1,0,40,60,1.1,100,0,0,0,0,0,0,0.02,0.02,0.2,1.25,0,0,0,200,50,0,0,200,200,50,0,0,0,0,0,0,0,0,0,0,0,0,0,1,0,0,0,0
171,7,cn-server-capture,1,0,1,0,0,2,2,1,0,0,1,100,3,0.699,2240,1815,2070,1415,10,24,5,5,0.2,0.2,0.2,2780,0.227,0.07,0.01,4300,3000,3000,4500,4000,3500,1.4955,1.494,1000,1000,2240,2240,0,0,1.5,1,0,40,60,1.1,100,0,0,0,0,0,0,0.02,0.02,0.2,1.25,0,0,0,200,50,0,0,200,200,50,0,0,0,0,0,0,0,0,0,0,0,0,0,1,0,0,0,0
172,4,cn-server-capture,1,0,1,0,0,2,2,1,1,0,1,100,3,0.678,2295,1825,2070,1415,10,24.45,5,5,0.2,0.2,0.2,3300,0.24100001,0.07,0.01,1,3000,3000,4500,4000,3500,1.6155,1.494,1000,1000,2295,2295,0,0,1.5,1,0,40,60,1.1,100,0,0,0,0,0,0,0.02,0.02,0.2,1.25,0,0,0,200,50,0,0,200,200,50,0,0,0,0,0,0,0,0,0,0,0,0,0,1,0,0,0,0
172,7,cn-server-capture,1,0,1,0,0,2,2,1,1,0,1,100,3,0.678,2295,1825,2070,1415,10,24.45,5,5,0.2,0.2,0.2,3300,0.24100001,0.07,0.01,4300,3000,3000,4500,4000,3500,1.6155,1.494,1000,1000,2295,2295,0,0,1.5,1,0,40,60,1.1,100,0,0,0,0,0,0,0.02,0.02,0.2,1.25,0,0,0,200,50,0,0,200,200,50,0,0,0,0,0,0,0,0,0,0,0,0,0,1,0,0,0,0
178,4,cn-server-capture,1,0,1,0,0,2,2,1,1,0,1,100,3,0.678,2290,1825,2070,1415,10,24.5,5,5,0.2,0.2,0.2,3100,0.243,0.07,0.01,1,3000,3000,4500,4000,3500,1.6155,1.494,1000,1000,2290,2290,0,0,1.5,1,0,40,60,1.1,100,0,0,0,0,0,0,0.02,0.02,0.2,1.25,0,0,0,200,50,0,0,200,200,50,0,0,0,0,0,0,0,0,0,0,0,0,0,1,0,0,0,0
178,7,cn-server-capture,1,0,1,0,0,2,2,1,1,0,1,100,3,0.678,2290,1825,2070,1415,10,24.5,5,5,0.2,0.2,0.2,3100,0.243,0.07,0.01,4300,3000,3000,4500,4000,3500,1.6155,1.494,1000,1000,2290,2290,0,0,1.5,1,0,40,60,1.1,100,0,0,0,0,0,0,0.02,0.02,0.2,1.25,0,0,0,200,50,0,0,200,200,50,0,0,0,0,0,0,0,0,0,0,0,0,0,1,0,0,0,0
182,4,cn-server-capture,1,0,1,0,0,2,2,1,0,0,1,100,3,0.705,2245,1810,2070,1415,10,24.15,5,5,0.2,0.2,0.2,2800,0.223,0.07,0.01,1,3000,3000,4500,4000,3500,1.4955,1.494,1000,1000,2245,2245,0,0,1.5,1,0,40,60,1.1,100,0,0,0,0,0,0,0.02,0.02,0.2,1.25,0,0,0,200,50,0,0,200,200,50,0,0,0,0,0,0,0,0,0,0,0,0,0,1,0,0,0,0
182,7,cn-server-capture,1,0,1,0,0,2,2,1,0,0,1,100,3,0.705,2245,1810,2070,1415,10,24.15,5,5,0.2,0.2,0.2,2800,0.223,0.07,0.01,4300,3000,3000,4500,4000,3500,1.4955,1.494,1000,1000,2245,2245,0,0,1.5,1,0,40,60,1.1,100,0,0,0,0,0,0,0.02,0.02,0.2,1.25,0,0,0,200,50,0,0,200,200,50,0,0,0,0,0,0,0,0,0,0,0,0,0,1,0,0,0,0
183,4,cn-server-capture,1,0,1,0,0,2,2,1,1,0,1,100,3,0.682,2280,1825,2070,1415,10,24.45,5,5,0.2,0.2,0.2,3250,0.23500001,0.07,0.01,1,3000,3000,4500,4000,3500,1.6155,1.494,1000,1000,2280,2280,0,0,1.5,1,0,40,60,1.1,100,0,0,0,0,0,0,0.02,0.02,0.2,1.25,0,0,0,200,50,0,0,200,200,50,0,0,0,0,0,0,0,0,0,0,0,0,0,1,0,0,0,0
183,7,cn-server-capture,1,0,1,0,0,2,2,1,1,0,1,100,3,0.682,2280,1825,2070,1415,10,24.45,5,5,0.2,0.2,0.2,3250,0.23500001,0.07,0.01,4300,3000,3000,4500,4000,3500,1.6155,1.494,1000,1000,2280,2280,0,0,1.5,1,0,40,60,1.1,100,0,0,0,0,0,0,0.02,0.02,0.2,1.25,0,0,0,200,50,0,0,200,200,50,0,0,0,0,0,0,0,0,0,0,0,0,0,1,0,0,0,0
184,4,cn-server-capture,1,0,1,0,0,2,2,1,0,0,1,100,3,0.696,2225,1805,2070,1415,10,24,5,5,0.2,0.2,0.2,2820,0.22,0.07,0.01,1,3000,3000,4500,4000,3500,1.4955,1.494,1000,1000,2225,2225,0,0,1.5,1,0,40,60,1.1,100,0,0,0,0,0,0,0.02,0.02,0.2,1.25,0,0,0,200,50,0,0,200,200,50,0,0,0,0,0,0,0,0,0,0,0,0,0,1,0,0,0,0
184,7,cn-server-capture,1,0,1,0,0,2,2,1,0,0,1,100,3,0.696,2225,1805,2070,1415,10,24,5,5,0.2,0.2,0.2,2820,0.22,0.07,0.01,4300,3000,3000,4500,4000,3500,1.4955,1.494,1000,1000,2225,2225,0,0,1.5,1,0,40,60,1.1,100,0,0,0,0,0,0,0.02,0.02,0.2,1.25,0,0,0,200,50,0,0,200,200,50,0,0,0,0,0,0,0,0,0,0,0,0,0,1,0,0,0,0
185,4,cn-server-capture,1,0,1,0,0,2,2,1,0,0,1,100,3,0.699,2240,1815,2070,1415,10,23.9,5,5,0.2,0.2,0.2,2780,0.22500001,0.07,0.01,1,3000,3000,4500,4000,3500,1.4955,1.494,1000,1000,2240,2240,0,0,1.5,1,0,40,60,1.1,100,0,0,0,0,0,0,0.02,0.02,0.2,1.25,0,0,0,200,50,0,0,200,200,50,0,0,0,0,0,0,0,0,0,0,0,0,0,1,0,0,0,0
185,7,cn-server-capture,1,0,1,0,0,2,2,1,0,0,1,100,3,0.699,2240,1815,2070,1415,10,23.9,5,5,0.2,0.2,0.2,2780,0.22500001,0.07,0.01,4300,3000,3000,4500,4000,3500,1.4955,1.494,1000,1000,2240,2240,0,0,1.5,1,0,40,60,1.1,100,0,0,0,0,0,0,0.02,0.02,0.2,1.25,0,0,0,200,50,0,0,200,200,50,0,0,0,0,0,0,0,0,0,0,0,0,0,1,0,0,0,0
186,4,cn-server-capture,1,0,1,0,0,2,2,1,1,0,1,100,3,0.68299997,2280,1825,2070,1415,10,24.6,5,5,0.2,0.2,0.2,3100,0.245,0.07,0.01,1,3000,3000,4500,4000,3500,1.6155,1.494,1000,1000,2280,2280,0,0,1.5,1,0,40,60,1.1,100,0,0,0,0,0,0,0.02,0.02,0.2,1.25,0,0,0,200,50,0,0,200,200,50,0,0,0,0,0,0,0,0,0,0,0,0,0,1,0,0,0,0
186,7,cn-server-capture,1,0,1,0,0,2,2,1,1,0,1,100,3,0.68299997,2280,1825,2070,1415,10,24.6,5,5,0.2,0.2,0.2,3100,0.245,0.07,0.01,4300,3000,3000,4500,4000,3500,1.6155,1.494,1000,1000,2280,2280,0,0,1.5,1,0,40,60,1.1,100,0,0,0,0,0,0,0.02,0.02,0.2,1.25,0,0,0,200,50,0,0,200,200,50,0,0,0,0,0,0,0,0,0,0,0,0,0,1,0,0,0,0
187,4,cn-server-capture,1,0,1,0,0,2,2,1,0,0,1,100,3,0.685,2280,1825,2070,1415,10,24.6,5,5,0.2,0.2,0.2,3100,0.245,0.07,0.01,1,3000,3000,4500,4000,3500,1.4955,1.494,1000,1000,2280,2280,0,0,1.5,1,0,40,60,1.1,100,0,0,0,0,0,0,0.02,0.02,0.2,1.25,0,0,0,200,50,0,0,200,200,50,0,0,0,0,0,0,0,0,0,0,0,0,0,1,0,0,0,0
187,7,cn-server-capture,1,0,1,0,0,2,2,1,0,0,1,100,3,0.685,2280,1825,2070,1415,10,24.6,5,5,0.2,0.2,0.2,3100,0.245,0.07,0.01,4300,3000,3000,4500,4000,3500,1.4955,1.494,1000,1000,2280,2280,0,0,1.5,1,0,40,60,1.1,100,0,0,0,0,0,0,0.02,0.02,0.2,1.25,0,0,0,200,50,0,0,200,200,50,0,0,0,0,0,0,0,0,0,0,0,0,0,1,0,0,0,0
188,4,cn-server-capture,1,0,1,0,0,2,3,1,0,0,1,100,3,0.685,2280,1825,2070,1415,10,24.6,5,5,0.2,0.2,0.2,3100,0.245,0.07,0.01,1,3000,3000,4500,4000,3500,1.4955,1.494,1000,1000,2280,2280,0,0,1.5,1,0,40,60,1.1,100,0,0,0,0,0,0,0.02,0.02,0.2,1.25,0,0,0,200,50,0,0,200,200,50,0,0,0,0,0,0,0,0,0,0,0,0,0,1,0,0,0,0
188,7,cn-server-capture,1,0,1,0,0,2,3,1,0,0,1,100,3,0.685,2280,1825,2070,1415,10,24.6,5,5,0.2,0.2,0.2,3100,0.245,0.07,0.01,4300,3000,3000,4500,4000,3500,1.4955,1.494,1000,1000,2280,2280,0,0,1.5,1,0,40,60,1.1,100,0,0,0,0,0,0,0.02,0.02,0.2,1.25,0,0,0,200,50,0,0,200,200,50,0,0,0,0,0,0,0,0,0,0,0,0,0,1,0,0,0,0
189,4,cn-server-capture,1,0,1,0,0,2,2,1,0,0,1,100,3,0.685,2280,1825,2070,1415,10,24.6,5,5,0.2,0.2,0.2,3100,0.245,0.07,0.01,1,3000,3000,4500,4000,3500,1.4955,1.494,1000,1000,2280,2280,0,0,1.5,1,0,40,60,1.1,100,0,0,0,0,0,0,0.02,0.02,0.2,1.25,0,0,0,200,50,0,0,200,200,50,0,0,0,0,0,0,0,0,0,0,0,0,0,1,0,0,0,0
189,7,cn-server-capture,1,0,1,0,0,2,2,1,0,0,1,100,3,0.685,2280,1825,2070,1415,10,24.6,5,5,0.2,0.2,0.2,3100,0.245,0.07,0.01,4300,3000,3000,4500,4000,3500,1.4955,1.494,1000,1000,2280,2280,0,0,1.5,1,0,40,60,1.1,100,0,0,0,0,0,0,0.02,0.02,0.2,1.25,0,0,0,200,50,0,0,200,200,50,0,0,0,0,0,0,0,0,0,0,0,0,0,1,0,0,0,0
190,4,cn-server-capture,1,0,1,0,0,2,2,1,0,0,1,100,3,0.685,2280,1825,2070,1415,10,24.6,5,5,0.2,0.2,0.2,3100,0.245,0.07,0.01,1,3000,3000,4500,4000,3500,1.4955,1.494,1000,1000,2280,2280,0,0,1.5,1,0,40,60,1.1,100,0,0,0,0,0,0,0.02,0.02,0.2,1.25,0,0,0,200,50,0,0,200,200,50,0,0,0,0,0,0,0,0,0,0,0,0,0,1,0,0,0,0
190,7,cn-server-capture,1,0,1,0,0,2,2,1,0,0,1,100,3,0.685,2280,1825,2070,1415,10,24.6,5,5,0.2,0.2,0.2,3100,0.245,0.07,0.01,4300,3000,3000,4500,4000,3500,1.4955,1.494,1000,1000,2280,2280,0,0,1.5,1,0,40,60,1.1,100,0,0,0,0,0,0,0.02,0.02,0.2,1.25,0,0,0,200,50,0,0,200,200,50,0,0,0,0,0,0,0,0,0,0,0,0,0,1,0,0,0,0
191,4,cn-server-capture,1,0,1,0,0,2,2,1,0,0,1,100,3,0.685,2280,1825,2070,1415,10,24.6,5,5,0.2,0.2,0.2,3100,0.245,0.07,0.01,1,3000,3000,4500,4000,3500,1.4955,1.494,1000,1000,2280,2280,0,0,1.5,1,0,40,60,1.1,100,0,0,0,0,0,0,0.02,0.02,0.2,1.25,0,0,0,200,50,0,0,200,200,50,0,0,0,0,0,0,0,0,0,0,0,0,0,1,0,0,0,0
191,7,cn-server-capture,1,0,1,0,0,2,2,1,0,0,1,100,3,0.685,2280,1825,2070,1415,10,24.6,5,5,0.2,0.2,0.2,3100,0.245,0.07,0.01,4300,3000,3000,4500,4000,3500,1.4955,1.494,1000,1000,2280,2280,0,0,1.5,1,0,40,60,1.1,100,0,0,0,0,0,0,0.02,0.02,0.2,1.25,0,0,0,200,50,0,0,200,200,50,0,0,0,0,0,0,0,0,0,0,0,0,0,1,0,0,0,0
192,4,cn-server-capture,1,0,1,0,0,2,2,1,0,0,1,100,3,0.685,2280,1825,2070,1415,10,24.6,5,5,0.2,0.2,0.2,3100,0.245,0.07,0.01,1,3000,3000,4500,4000,3500,1.4955,1.494,1000,1000,2280,2280,0,0,1.5,1,0,40,60,1.1,100,0,0,0,0,0,0,0.02,0.02,0.2,1.25,0,0,0,200,50,0,0,200,200,50,0,0,0,0,0,0,0,0,0,0,0,0,0,1,0,0,0,0
192,7,cn-server-capture,1,0,1,0,0,2,2,1,0,0,1,100,3,0.685,2280,1825,2070,1415,10,24.6,5,5,0.2,0.2,0.2,3100,0.245,0.07,0.01,4300,3000,3000,4500,4000,3500,1.4955,1.494,1000,1000,2280,2280,0,0,1.5,1,0,40,60,1.1,100,0,0,0,0,0,0,0.02,0.02,0.2,1.25,0,0,0,200,50,0,0,200,200,50,0,0,0,0,0,0,0,0,0,0,0,0,0,1,0,0,0,0
193,4,cn-server-capture,1,0,1,0,0,2,2,1,0,0,1,100,3,0.685,2280,1825,2070,1415,10,24.6,5,5,0.2,0.2,0.2,3100,0.245,0.07,0.01,1,3000,3000,4500,4000,3500,1.4955,1.494,1000,1000,2280,2280,0,0,1.5,1,0,40,60,1.1,100,0,0,0,0,0,0,0.02,0.02,0.2,1.25,0,0,0,200,50,0,0,200,200,50,0,0,0,0,0,0,0,0,0,0,0,0,0,1,0,0,0,0
193,7,cn-server-capture,1,0,1,0,0,2,2,1,0,0,1,100,3,0.685,2280,1825,2070,1415,10,24.6,5,5,0.2,0.2,0.2,3100,0.245,0.07,0.01,4300,3000,3000,4500,4000,3500,1.4955,1.494,1000,1000,2280,2280,0,0,1.5,1,0,40,60,1.1,100,0,0,0,0,0,0,0.02,0.02,0.2,1.25,0,0,0,200,50,0,0,200,200,50,0,0,0,0,0,0,0,0,0,0,0,0,0,1,0,0,0,0
194,4,cn-server-capture,1,0,1,0,0,2,2,1,0,0,1,100,3,0.685,2280,1825,2070,1415,10,24.6,5,5,0.2,0.2,0.2,3100,0.245,0.07,0.01,1,3000,3000,4500,4000,3500,1.4955,1.494,1000,1000,2280,2280,0,0,1.5,1,0,40,60,1.1,100,0,0,0,0,0,0,0.02,0.02,0.2,1.25,0,0,0,200,50,0,0,200,200,50,0,0,0,0,0,0,0,0,0,0,0,0,0,1,0,0,0,0
194,7,cn-server-capture,1,0,1,0,0,2,2,1,0,0,1,100,3,0.685,2280,1825,2070,1415,10,24.6,5,5,0.2,0.2,0.2,3100,0.245,0.07,0.01,4300,3000,3000,4500,4000,3500,1.4955,1.494,1000,1000,2280,2280,0,0,1.5,1,0,40,60,1.1,100,0,0,0,0,0,0,0.02,0.02,0.2,1.25,0,0,0,200,50,0,0,200,200,50,0,0,0,0,0,0,0,0,0,0,0,0,0,1,0,0,0,0
195,4,cn-server-capture,1,0,1,0,0,2,2,1,0,0,1,100,3,0.687,2280,1825,2070,1415,10,24.6,5,5,0.2,0.2,0.2,3050,0.245,0.07,0.01,1,3000,3000,4500,4000,3500,1.4955,1.494,1000,1000,2280,2280,0,0,1.5,1,0,40,60,1.1,100,0,0,0,0,0,0,0.02,0.02,0.2,1.25,0,0,0,200,50,0,0,200,200,50,0,0,0,0,0,0,0,0,0,0,0,0,0,1,0,0,0,0
195,7,cn-server-capture,1,0,1,0,0,2,2,1,0,0,1,100,3,0.687,2280,1825,2070,1415,10,24.6,5,5,0.2,0.2,0.2,3050,0.245,0.07,0.01,4300,3000,3000,4500,4000,3500,1.4955,1.494,1000,1000,2280,2280,0,0,1.5,1,0,40,60,1.1,100,0,0,0,0,0,0,0.02,0.02,0.2,1.25,0,0,0,200,50,0,0,200,200,50,0,0,0,0,0,0,0,0,0,0,0,0,0,1,0,0,0,0
196,4,cn-server-capture,1,0,1,0,0,2,2,1,0,0,1,100,3,0.698,2250,1815,2070,1415,10,23.55,5,5,0.2,0.2,0.2,2780,0.22500001,0.07,0.01,1,3000,3000,4500,4000,3500,1.4955,1.494,1000,1000,2250,2250,0,0,1.5,1,0,40,60,1.1,100,0,0,0,0,0,0,0.02,0.02,0.2,1.25,0,0,0,200,50,0,0,200,200,50,0,0,0,0,0,0,0,0,0,0,0,0,0,1,0,0,0,0
196,7,cn-server-capture,1,0,1,0,0,2,2,1,0,0,1,100,3,0.698,2250,1815,2070,1415,10,23.55,5,5,0.2,0.2,0.2,2780,0.22500001,0.07,0.01,4300,3000,3000,4500,4000,3500,1.4955,1.494,1000,1000,2250,2250,0,0,1.5,1,0,40,60,1.1,100,0,0,0,0,0,0,0.02,0.02,0.2,1.25,0,0,0,200,50,0,0,200,200,50,0,0,0,0,0,0,0,0,0,0,0,0,0,1,0,0,0,0
197,4,cn-server-capture,1,0,1,0,0,2,2,1,1,0,1,100,3,0.6795,2290,1825,2070,1415,10,24.4,5,5,0.2,0.2,0.2,3200,0.24200001,0.07,0.01,1,3000,3000,4500,4000,3500,1.6155,1.494,1000,1000,2290,2290,0,0,1.5,1,0,40,60,1.1,100,0,0,0,0,0,0,0.02,0.02,0.2,1.25,0,0,0,200,50,0,0,200,200,50,0,0,0,0,0,0,0,0,0,0,0,0,0,1,0,0,0,0
197,7,cn-server-capture,1,0,1,0,0,2,2,1,1,0,1,100,3,0.6795,2290,1825,2070,1415,10,24.4,5,5,0.2,0.2,0.2,3200,0.24200001,0.07,0.01,4300,3000,3000,4500,4000,3500,1.6155,1.494,1000,1000,2290,2290,0,0,1.5,1,0,40,60,1.1,100,0,0,0,0,0,0,0.02,0.02,0.2,1.25,0,0,0,200,50,0,0,200,200,50,0,0,0,0,0,0,0,0,0,0,0,0,0,1,0,0,0,0
198,4,cn-server-capture,1,0,1,0,0,2,2,1,1,1,1,100,3,0.679,2285,1825,2070,1415,10,24.3,5,5,0.2,0.2,0.2,3600,0.24200001,0.07,0.01,1,2800,3000,4000,4000,3500,1.6155,1.494,1000,1000,2285,2285,0,0,1.5,1,0,40,60,1.1,100,0,0,0,0,0,0,0.02,0.02,0.2,1.25,0,0,0,200,50,0,0,200,200,50,0,0,0,0,0,0,0,0,0,0,0,0,0,1,0,0,0,0
198,7,cn-server-capture,1,0,1,0,0,2,2,1,1,1,1,100,3,0.679,2285,1825,2070,1415,10,24.3,5,5,0.2,0.2,0.2,3600,0.24200001,0.07,0.01,2800,2800,3000,4000,4000,3500,1.6155,1.494,1000,1000,2285,2285,0,0,1.5,1,0,40,60,1.1,100,0,0,0,0,0,0,0.02,0.02,0.2,1.25,0,0,0,200,50,0,0,200,200,50,0,0,0,0,0,0,0,0,0,0,0,0,0,1,0,0,0,0
199,4,cn-server-capture,1,0,1,0,0,2,2,1,0,0,1,100,3,0.7,2245,1815,2070,1415,10,24.15,5,5,0.2,0.2,0.2,2760,0.223,0.07,0.01,1,3000,3000,4500,4000,3500,1.4955,1.494,1000,1000,2245,2245,0,0,1.5,1,0,40,60,1.1,100,0,0,0,0,0,0,0.02,0.02,0.2,1.25,0,0,0,200,50,0,0,200,200,50,0,0,0,0,0,0,0,0,0,0,0,0,0,1,0,0,0,0
199,7,cn-server-capture,1,0,1,0,0,2,2,1,0,0,1,100,3,0.7,2245,1815,2070,1415,10,24.15,5,5,0.2,0.2,0.2,2760,0.223,0.07,0.01,4300,3000,3000,4500,4000,3500,1.4955,1.494,1000,1000,2245,2245,0,0,1.5,1,0,40,60,1.1,100,0,0,0,0,0,0,0.02,0.02,0.2,1.25,0,0,0,200,50,0,0,200,200,50,0,0,0,0,0,0,0,0,0,0,0,0,0,1,0,0,0,0
201,4,cn-server-capture,1,0,1,0,0,2,2,1,0,0,1,100,3,0.696,2255,1815,2070,1415,10,23.45,5,5,0.2,0.2,0.2,2740,0.22,0.07,0.01,1,3000,3000,4500,4000,3500,1.4955,1.494,1000,1000,2255,2255,0,0,1.5,1,0,40,60,1.1,100,0,0,0,0,0,0,0.02,0.02,0.2,1.25,0,0,0,200,50,0,0,200,200,50,0,0,0,0,0,0,0,0,0,0,0,0,0,1,0,0,0,0
201,7,cn-server-capture,1,0,1,0,0,2,2,1,0,0,1,100,3,0.696,2255,1815,2070,1415,10,23.45,5,5,0.2,0.2,0.2,2740,0.22,0.07,0.01,4300,3000,3000,4500,4000,3500,1.4955,1.494,1000,1000,2255,2255,0,0,1.5,1,0,40,60,1.1,100,0,0,0,0,0,0,0.02,0.02,0.2,1.25,0,0,0,200,50,0,0,200,200,50,0,0,0,0,0,0,0,0,0,0,0,0,0,1,0,0,0,0
203,4,cn-server-capture,1,0,1,0,0,2,2,1,0,0,1,100,3,0.696,2240,1815,2070,1415,10,23.65,5,5,0.2,0.2,0.2,2750,0.22800002,0.07,0.01,1,3000,3000,4500,4000,3500,1.4955,1.494,1000,1000,2240,2240,0,0,1.5,1,0,40,60,1.1,100,0,0,0,0,0,0,0.02,0.02,0.2,1.25,0,0,0,200,50,0,0,200,200,50,0,0,0,0,0,0,0,0,0,0,0,0,0,1,0,0,0,0
203,7,cn-server-capture,1,0,1,0,0,2,2,1,0,0,1,100,3,0.696,2240,1815,2070,1415,10,23.65,5,5,0.2,0.2,0.2,2750,0.22800002,0.07,0.01,4300,3000,3000,4500,4000,3500,1.4955,1.494,1000,1000,2240,2240,0,0,1.5,1,0,40,60,1.1,100,0,0,0,0,0,0,0.02,0.02,0.2,1.25,0,0,0,200,50,0,0,200,200,50,0,0,0,0,0,0,0,0,0,0,0,0,0,1,0,0,0,0
204,4,cn-server-capture,1,0,1,0,0,2,2,1,0,0,1,100,3,0.697,2255,1825,2070,1415,10,23.9,5,5,0.2,0.2,0.2,2770,0.223,0.07,0.01,1,3000,3000,4500,4000,3500,1.4955,1.494,1000,1000,2255,2255,0,0,1.5,1,0,40,60,1.1,100,0,0,0,0,0,0,0.02,0.02,0.2,1.25,0,0,0,200,50,0,0,200,200,50,0,0,0,0,0,0,0,0,0,0,0,0,0,1,0,0,0,0
204,7,cn-server-capture,1,0,1,0,0,2,2,1,0,0,1,100,3,0.697,2255,1825,2070,1415,10,23.9,5,5,0.2,0.2,0.2,2770,0.223,0.07,0.01,4300,3000,3000,4500,4000,3500,1.4955,1.494,1000,1000,2255,2255,0,0,1.5,1,0,40,60,1.1,100,0,0,0,0,0,0,0.02,0.02,0.2,1.25,0,0,0,200,50,0,0,200,200,50,0,0,0,0,0,0,0,0,0,0,0,0,0,1,0,0,0,0
208,4,cn-server-capture,1,0,1,0,0,2,2,1,0,0,1,100,3,0.695,2245,1815,2070,1415,10,23.75,5,5,0.2,0.2,0.2,2760,0.223,0.07,0.01,1,3000,3000,4500,4000,3500,1.4955,1.494,1000,1000,2245,2245,0,0,1.5,1,0,40,60,1.1,100,0,0,0,0,0,0,0.02,0.02,0.2,1.25,0,0,0,200,50,0,0,200,200,50,0,0,0,0,0,0,0,0,0,0,0,0,0,1,0,0,0,0
208,7,cn-server-capture,1,0,1,0,0,2,2,1,0,0,1,100,3,0.695,2245,1815,2070,1415,10,23.75,5,5,0.2,0.2,0.2,2760,0.223,0.07,0.01,4300,3000,3000,4500,4000,3500,1.4955,1.494,1000,1000,2245,2245,0,0,1.5,1,0,40,60,1.1,100,0,0,0,0,0,0,0.02,0.02,0.2,1.25,0,0,0,200,50,0,0,200,200,50,0,0,0,0,0,0,0,0,0,0,0,0,0,1,0,0,0,0
209,4,cn-server-capture,1,0,1,0,0,2,2,1,0,0,1,100,3,0.697,2250,1815,2070,1415,10,23.75,5,5,0.2,0.2,0.2,2750,0.223,0.07,0.01,1,3000,3000,4500,4000,3500,1.4955,1.494,1000,1000,2250,2250,0,0,1.5,1,0,40,60,1.1,100,0,0,0,0,0,0,0.02,0.02,0.2,1.25,0,0,0,200,50,0,0,200,200,50,0,0,0,0,0,0,0,0,0,0,0,0,0,1,0,0,0,0
209,7,cn-server-capture,1,0,1,0,0,2,2,1,0,0,1,100,3,0.697,2250,1815,2070,1415,10,23.75,5,5,0.2,0.2,0.2,2750,0.223,0.07,0.01,4300,3000,3000,4500,4000,3500,1.4955,1.494,1000,1000,2250,2250,0,0,1.5,1,0,40,60,1.1,100,0,0,0,0,0,0,0.02,0.02,0.2,1.25,0,0,0,200,50,0,0,200,200,50,0,0,0,0,0,0,0,0,0,0,0,0,0,1,0,0,0,0
211,4,cn-server-capture,1,0,1,0,0,2,2,1,0,0,1,100,3,0.696,2250,1820,2070,1415,10,23.5,5,5,0.2,0.2,0.2,2770,0.22,0.07,0.01,1,3000,3000,4500,4000,3500,1.4955,1.494,1000,1000,2250,2250,0,0,1.5,1,0,40,60,1.1,100,0,0,0,0,0,0,0.02,0.02,0.2,1.25,0,0,0,200,50,0,0,200,200,50,0,0,0,0,0,0,0,0,0,0,0,0,0,1,0,0,0,0
211,7,cn-server-capture,1,0,1,0,0,2,2,1,0,0,1,100,3,0.696,2250,1820,2070,1415,10,23.5,5,5,0.2,0.2,0.2,2770,0.22,0.07,0.01,4300,3000,3000,4500,4000,3500,1.4955,1.494,1000,1000,2250,2250,0,0,1.5,1,0,40,60,1.1,100,0,0,0,0,0,0,0.02,0.02,0.2,1.25,0,0,0,200,50,0,0,200,200,50,0,0,0,0,0,0,0,0,0,0,0,0,0,1,0,0,0,0
213,4,cn-server-capture,1,0,1,0,0,2,2,1,1,0,1,100,3,0.6795,2290,1825,2070,1415,10,24.35,5,5,0.2,0.2,0.2,3100,0.24200001,0.07,0.01,1,3000,3000,4500,4000,3500,1.6155,1.494,1000,1000,2290,2290,0,0,1.5,1,0,40,60,1.1,100,0,0,0,0,0,0,0.02,0.02,0.2,1.25,0,0,0,200,50,0,0,200,200,50,0,0,0,0,0,0,0,0,0,0,0,0,0,1,0,0,0,0
213,7,cn-server-capture,1,0,1,0,0,2,2,1,1,0,1,100,3,0.6795,2290,1825,2070,1415,10,24.35,5,5,0.2,0.2,0.2,3100,0.24200001,0.07,0.01,4300,3000,3000,4500,4000,3500,1.6155,1.494,1000,1000,2290,2290,0,0,1.5,1,0,40,60,1.1,100,0,0,0,0,0,0,0.02,0.02,0.2,1.25,0,0,0,200,50,0,0,200,200,50,0,0,0,0,0,0,0,0,0,0,0,0,0,1,0,0,0,0
214,4,cn-server-capture,1,0,1,0,0,2,2,1,1,1,1,100,3,0.679,2280,1825,2070,1415,10,24.2,5,5,0.2,0.2,0.2,3600,0.24000001,0.07,0.01,1,2800,3000,4000,4000,3500,1.6155,1.494,1000,1000,2280,2280,0,0,1.5,1,0,40,60,1.1,100,0,0,0,0,0,0,0.02,0.02,0.2,1.25,0,0,0,200,50,0,0,200,200,50,0,0,0,0,0,0,0,0,0,0,0,0,0,1,0,0,0,0
214,7,cn-server-capture,1,0,1,0,0,2,2,1,1,1,1,100,3,0.679,2280,1825,2070,1415,10,24.2,5,5,0.2,0.2,0.2,3600,0.24000001,0.07,0.01,2800,2800,3000,4000,4000,3500,1.6155,1.494,1000,1000,2280,2280,0,0,1.5,1,0,40,60,1.1,100,0,0,0,0,0,0,0.02,0.02,0.2,1.25,0,0,0,200,50,0,0,200,200,50,0,0,0,0,0,0,0,0,0,0,0,0,0,1,0,0,0,0
215,4,cn-server-capture,1,0,1,0,0,2,2,1,1,0,1,100,3,0.677,2290,1825,2070,1415,10,24.35,5,5,0.2,0.2,0.2,3300,0.24400002,0.07,0.01,1,3000,3000,4500,4000,3500,1.6155,1.494,1000,1000,2290,2290,0,0,1.5,1,0,40,60,1.1,100,0,0,0,0,0,0,0.02,0.02,0.2,1.25,0,0,0,200,50,0,0,200,200,50,0,0,0,0,0,0,0,0,0,0,0,0,0,1,0,0,0,0
215,7,cn-server-capture,1,0,1,0,0,2,2,1,1,0,1,100,3,0.677,2290,1825,2070,1415,10,24.35,5,5,0.2,0.2,0.2,3300,0.24400002,0.07,0.01,4300,3000,3000,4500,4000,3500,1.6155,1.494,1000,1000,2290,2290,0,0,1.5,1,0,40,60,1.1,100,0,0,0,0,0,0,0.02,0.02,0.2,1.25,0,0,0,200,50,0,0,200,200,50,0,0,0,0,0,0,0,0,0,0,0,0,0,1,0,0,0,0
216,4,cn-server-capture,1,0,1,0,0,2,2,1,0,0,1,100,3,0.697,2240,1815,2070,1415,10,23.5,5,5,0.2,0.2,0.2,2750,0.22,0.07,0.01,1,3000,3000,4500,4000,3500,1.4955,1.494,1000,1000,2240,2240,0,0,1.5,1,0,40,60,1.1,100,0,0,0,0,0,0,0.02,0.02,0.2,1.25,0,0,0,200,50,0,0,200,200,50,0,0,0,0,0,0,0,0,0,0,0,0,0,1,0,0,0,0
216,7,cn-server-capture,1,0,1,0,0,2,2,1,0,0,1,100,3,0.697,2240,1815,2070,1415,10,23.5,5,5,0.2,0.2,0.2,2750,0.22,0.07,0.01,4300,3000,3000,4500,4000,3500,1.4955,1.494,1000,1000,2240,2240,0,0,1.5,1,0,40,60,1.1,100,0,0,0,0,0,0,0.02,0.02,0.2,1.25,0,0,0,200,50,0,0,200,200,50,0,0,0,0,0,0,0,0,0,0,0,0,0,1,0,0,0,0
217,4,cn-server-capture,1,0,1,0,0,2,2,1,0,0,1,100,3,0.695,2255,1815,2070,1415,10,23.45,5,5,0.2,0.2,0.2,2730,0.22,0.07,0.01,1,3000,3000,4500,4000,3500,1.4955,1.494,1000,1000,2255,2255,0,0,1.5,1,0,40,60,1.1,100,0,0,0,0,0,0,0.02,0.02,0.2,1.25,0,0,0,200,50,0,0,200,200,50,0,0,0,0,0,0,0,0,0,0,0,0,0,1,0,0,0,0
217,7,cn-server-capture,1,0,1,0,0,2,2,1,0,0,1,100,3,0.695,2255,1815,2070,1415,10,23.45,5,5,0.2,0.2,0.2,2730,0.22,0.07,0.01,4300,3000,3000,4500,4000,3500,1.4955,1.494,1000,1000,2255,2255,0,0,1.5,1,0,40,60,1.1,100,0,0,0,0,0,0,0.02,0.02,0.2,1.25,0,0,0,200,50,0,0,200,200,50,0,0,0,0,0,0,0,0,0,0,0,0,0,1,0,0,0,0
218,4,cn-server-capture,1,0,1,0,0,2,2,1,1,0,1,100,3,0.685,2280,1825,2070,1415,10,24.6,5,5,0.2,0.2,0.2,3100,0.245,0.07,0.01,1,3000,3000,4500,4000,3500,1.6155,1.494,1000,1000,2280,2280,0,0,1.5,1,0,40,60,1.1,100,0,0,0,0,0,0,0.02,0.02,0.2,1.25,0,0,0,200,50,0,0,200,200,50,0,0,0,0,0,0,0,0,0,0,0,0,0,1,0,0,0,0
218,7,cn-server-capture,1,0,1,0,0,2,2,1,1,0,1,100,3,0.685,2280,1825,2070,1415,10,24.6,5,5,0.2,0.2,0.2,3100,0.245,0.07,0.01,4300,3000,3000,4500,4000,3500,1.6155,1.494,1000,1000,2280,2280,0,0,1.5,1,0,40,60,1.1,100,0,0,0,0,0,0,0.02,0.02,0.2,1.25,0,0,0,200,50,0,0,200,200,50,0,0,0,0,0,0,0,0,0,0,0,0,0,1,0,0,0,0
219,4,cn-server-capture,1,0,1,0,0,2,2,1,1,1,1,100,3,0.681,2280,1825,2070,1415,10,24.25,5,5,0.2,0.2,0.2,3600,0.245,0.07,0.01,1,2800,3000,4000,4000,3500,1.6155,1.494,1000,1000,2280,2280,0,0,1.5,1,0,40,60,1.1,100,0,0,0,0,0,0,0.02,0.02,0.2,1.25,0,0,0,200,50,0,0,200,200,50,0,0,0,0,0,0,0,0,0,0,0,0,0,1,0,0,0,0
219,7,cn-server-capture,1,0,1,0,0,2,2,1,1,1,1,100,3,0.681,2280,1825,2070,1415,10,24.25,5,5,0.2,0.2,0.2,3600,0.245,0.07,0.01,2800,2800,3000,4000,4000,3500,1.6155,1.494,1000,1000,2280,2280,0,0,1.5,1,0,40,60,1.1,100,0,0,0,0,0,0,0.02,0.02,0.2,1.25,0,0,0,200,50,0,0,200,200,50,0,0,0,0,0,0,0,0,0,0,0,0,0,1,0,0,0,0
220,4,cn-server-capture,1,0,1,0,0,2,2,1,1,0,1,100,3,0.68,2290,1825,2070,1415,10,24.25,5,5,0.2,0.2,0.2,3300,0.24100001,0.07,0.01,1,3900,3000,5550,4000,3500,1.6155,1.494,1000,1000,2290,2290,0,0,1.5,1,0,40,60,1.1,100,0,0,0,0,0,0,0.02,0.02,0.2,1.25,0,0,0,200,50,0,0,200,200,50,0,0,0,0,0,0,0,0,0,0,0,0,0,1,0,0,0,0
220,7,cn-server-capture,1,0,1,0,0,2,2,1,1,0,1,100,3,0.68,2290,1825,2070,1415,10,24.25,5,5,0.2,0.2,0.2,3300,0.24100001,0.07,0.01,5300,3900,3000,5550,4000,3500,1.6155,1.494,1000,1000,2290,2290,0,0,1.5,1,0,40,60,1.1,100,0,0,0,0,0,0,0.02,0.02,0.2,1.25,0,0,0,200,50,0,0,200,200,50,0,0,0,0,0,0,0,0,0,0,0,0,0,1,0,0,0,0
221,4,cn-server-capture,1,0,1,0,0,2,2,1,0,0,1,100,3,0.69200003,2245,1820,2070,1415,10,23.6,5,5,0.2,0.2,0.2,2820,0.21800001,0.07,0.01,1,3000,3000,4500,4000,3500,1.4955,1.494,1000,1000,2245,2245,0,0,1.5,1,0,40,60,1.1,100,0,0,0,0,0,0,0.02,0.02,0.2,1.25,0,0,0,200,50,0,0,200,200,50,0,0,0,0,0,0,0,0,0,0,0,0,0,1,0,0,0,0
221,7,cn-server-capture,1,0,1,0,0,2,2,1,0,0,1,100,3,0.69200003,2245,1820,2070,1415,10,23.6,5,5,0.2,0.2,0.2,2820,0.21800001,0.07,0.01,4300,3000,3000,4500,4000,3500,1.4955,1.494,1000,1000,2245,2245,0,0,1.5,1,0,40,60,1.1,100,0,0,0,0,0,0,0.02,0.02,0.2,1.25,0,0,0,200,50,0,0,200,200,50,0,0,0,0,0,0,0,0,0,0,0,0,0,1,0,0,0,0
222,4,cn-server-capture,1,0,1,0,0,2,2,1,0,1,1,100,3,0.689,2255,1825,2070,1415,10,23.9,5,5,0.2,0.2,0.2,2900,0.24000001,0.07,0.01,1,2800,3000,4100,4000,3500,1.4955,1.494,1000,1000,2255,2255,0,0,1.5,1,0,40,60,1.1,100,0,0,0,0,0,0,0.02,0.02,0.2,1.25,0,0,0,200,50,0,0,200,200,50,0,0,0,0,0,0,0,0,0,0,0,0,0,1,0,0,0,0
222,7,cn-server-capture,1,0,1,0,0,2,2,1,0,1,1,100,3,0.689,2255,1825,2070,1415,10,23.9,5,5,0.2,0.2,0.2,2900,0.24000001,0.07,0.01,3550,2800,3000,4100,4000,3500,1.4955,1.494,1000,1000,2255,2255,0,0,1.5,1,0,40,60,1.1,100,0,0,0,0,0,0,0.02,0.02,0.2,1.25,0,0,0,200,50,0,0,200,200,50,0,0,0,0,0,0,0,0,0,0,0,0,0,1,0,0,0,0
223,4,cn-server-capture,1,0,1,0,0,2,2,1,0,0,1,100,3,0.695,2250,1815,2070,1415,10,23.75,5,5,0.2,0.2,0.2,2750,0.223,0.07,0.01,1,3000,3000,4500,4000,3500,1.4955,1.494,1000,1000,2250,2250,0,0,1.5,1,0,40,60,1.1,100,0,0,0,0,0,0,0.02,0.02,0.2,1.25,0,0,0,200,50,0,0,200,200,50,0,0,0,0,0,0,0,0,0,0,0,0,0,1,0,0,0,0
223,7,cn-server-capture,1,0,1,0,0,2,2,1,0,0,1,100,3,0.695,2250,1815,2070,1415,10,23.75,5,5,0.2,0.2,0.2,2750,0.223,0.07,0.01,4300,3000,3000,4500,4000,3500,1.4955,1.494,1000,1000,2250,2250,0,0,1.5,1,0,40,60,1.1,100,0,0,0,0,0,0,0.02,0.02,0.2,1.25,0,0,0,200,50,0,0,200,200,50,0,0,0,0,0,0,0,0,0,0,0,0,0,1,0,0,0,0
225,4,cn-server-capture,1,0,1,0,0,2,2,1,0,0,1,100,3,0.689,2255,1820,2070,1415,10,23.45,5,5,0.2,0.2,0.2,2780,0.21800001,0.07,0.01,1,3000,3000,4500,4000,3500,1.4955,1.494,1000,1000,2255,2255,0,0,1.5,1,0,40,60,1.1,100,0,0,0,0,0,0,0.02,0.02,0.2,1.25,0,0,0,200,50,0,0,200,200,50,0,0,0,0,0,0,0,0,0,0,0,0,0,1,0,0,0,0
225,7,cn-server-capture,1,0,1,0,0,2,2,1,0,0,1,100,3,0.689,2255,1820,2070,1415,10,23.45,5,5,0.2,0.2,0.2,2780,0.21800001,0.07,0.01,4300,3000,3000,4500,4000,3500,1.4955,1.494,1000,1000,2255,2255,0,0,1.5,1,0,40,60,1.1,100,0,0,0,0,0,0,0.02,0.02,0.2,1.25,0,0,0,200,50,0,0,200,200,50,0,0,0,0,0,0,0,0,0,0,0,0,0,1,0,0,0,0
226,4,cn-server-capture,1,0,1,0,0,2,2,1,0,0,1,100,3,0.697,2255,1820,2070,1415,10,23.85,5,5,0.2,0.2,0.2,2780,0.222,0.07,0.01,1,3000,3000,4500,4000,3500,1.4955,1.494,1000,1000,2255,2255,0,0,1.5,1,0,40,60,1.1,100,0,0,0,0,0,0,0.02,0.02,0.2,1.25,0,0,0,200,50,0,0,200,200,50,0,0,0,0,0,0,0,0,0,0,0,0,0,1,0,0,0,0
226,7,cn-server-capture,1,0,1,0,0,2,2,1,0,0,1,100,3,0.697,2255,1820,2070,1415,10,23.85,5,5,0.2,0.2,0.2,2780,0.222,0.07,0.01,4300,3000,3000,4500,4000,3500,1.4955,1.494,1000,1000,2255,2255,0,0,1.5,1,0,40,60,1.1,100,0,0,0,0,0,0,0.02,0.02,0.2,1.25,0,0,0,200,50,0,0,200,200,50,0,0,0,0,0,0,0,0,0,0,0,0,0,1,0,0,0,0
227,4,cn-server-capture,1,0,1,0,0,2,2,1,0,0,1,100,3,0.696,2250,1820,2070,1415,10,23.75,5,5,0.2,0.2,0.2,2760,0.223,0.07,0.01,1,3000,3000,4500,4000,3500,1.4955,1.494,1000,1000,2250,2250,0,0,1.5,1,0,40,60,1.1,100,0,0,0,0,0,0,0.02,0.02,0.2,1.25,0,0,0,200,50,0,0,200,200,50,0,0,0,0,0,0,0,0,0,0,0,0,0,1,0,0,0,0
227,7,cn-server-capture,1,0,1,0,0,2,2,1,0,0,1,100,3,0.696,2250,1820,2070,1415,10,23.75,5,5,0.2,0.2,0.2,2760,0.223,0.07,0.01,4300,3000,3000,4500,4000,3500,1.4955,1.494,1000,1000,2250,2250,0,0,1.5,1,0,40,60,1.1,100,0,0,0,0,0,0,0.02,0.02,0.2,1.25,0,0,0,200,50,0,0,200,200,50,0,0,0,0,0,0,0,0,0,0,0,0,0,1,0,0,0,0
228,4,cn-server-capture,1,0,1,0,0,2,2,1,0,0,1,100,3,0.693,2250,1820,2070,1415,10,23.75,5,5,0.2,0.2,0.2,2780,0.22500001,0.07,0.01,1,3000,3000,4500,4000,3500,1.4955,1.494,1000,1000,2250,2250,0,0,1.5,1,0,40,60,1.1,100,0,0,0,0,0,0,0.02,0.02,0.2,1.25,0,0,0,200,50,0,0,200,200,50,0,0,0,0,0,0,0,0,0,0,0,0,0,1,0,0,0,0
228,7,cn-server-capture,1,0,1,0,0,2,2,1,0,0,1,100,3,0.693,2250,1820,2070,1415,10,23.75,5,5,0.2,0.2,0.2,2780,0.22500001,0.07,0.01,4300,3000,3000,4500,4000,3500,1.4955,1.494,1000,1000,2250,2250,0,0,1.5,1,0,40,60,1.1,100,0,0,0,0,0,0,0.02,0.02,0.2,1.25,0,0,0,200,50,0,0,200,200,50,0,0,0,0,0,0,0,0,0,0,0,0,0,1,0,0,0,0
229,4,cn-server-capture,1,0,1,0,0,2,2,1,1,0,1,100,3,0.678,2285,1825,2070,1415,10,24.45,5,5,0.2,0.2,0.2,3300,0.23500001,0.07,0.01,1,3000,3000,4500,4000,3500,1.6155,1.494,1000,1000,2285,2285,0,0,1.5,1,0,40,60,1.1,100,0,0,0,0,0,0,0.02,0.02,0.2,1.25,0,0,0,200,50,0,0,200,200,50,0,0,0,0,0,0,0,0,0,0,0,0,0,1,0,0,0,0
229,7,cn-server-capture,1,0,1,0,0,2,2,1,1,0,1,100,3,0.678,2285,1825,2070,1415,10,24.45,5,5,0.2,0.2,0.2,3300,0.23500001,0.07,0.01,4300,3000,3000,4500,4000,3500,1.6155,1.494,1000,1000,2285,2285,0,0,1.5,1,0,40,60,1.1,100,0,0,0,0,0,0,0.02,0.02,0.2,1.25,0,0,0,200,50,0,0,200,200,50,0,0,0,0,0,0,0,0,0,0,0,0,0,1,0,0,0,0
230,4,cn-server-capture,1,0,1,0,0,2,2,1,1,1,1,100,3,0.6785,2285,1825,2070,1415,10,24.2,5,5,0.2,0.2,0.2,3600,0.24400002,0.07,0.01,1,2800,3000,4000,4000,3500,1.6155,1.494,1000,1000,2285,2285,0,0,1.5,1,0,40,60,1.1,100,0,0,0,0,0,0,0.02,0.02,0.2,1.25,0,0,0,200,50,0,0,200,200,50,0,0,0,0,0,0,0,0,0,0,0,0,0,1,0,0,0,0
230,7,cn-server-capture,1,0,1,0,0,2,2,1,1,1,1,100,3,0.6785,2285,1825,2070,1415,10,24.2,5,5,0.2,0.2,0.2,3600,0.24400002,0.07,0.01,2800,2800,3000,4000,4000,3500,1.6155,1.494,1000,1000,2285,2285,0,0,1.5,1,0,40,60,1.1,100,0,0,0,0,0,0,0.02,0.02,0.2,1.25,0,0,0,200,50,0,0,200,200,50,0,0,0,0,0,0,0,0,0,0,0,0,0,1,0,0,0,0
231,4,cn-server-capture,1,0,1,0,0,2,2,1,0,0,1,100,3,0.695,2255,1820,2070,1415,10,23.95,5,5,0.2,0.2,0.2,2780,0.222,0.07,0.01,1,3000,3000,4500,4000,3500,1.4955,1.494,1000,1000,2255,2255,0,0,1.5,1,0,40,60,1.1,100,0,0,0,0,0,0,0.02,0.02,0.2,1.25,0,0,0,200,50,0,0,200,200,50,0,0,0,0,0,0,0,0,0,0,0,0,0,1,0,0,0,0
231,7,cn-server-capture,1,0,1,0,0,2,2,1,0,0,1,100,3,0.695,2255,1820,2070,1415,10,23.95,5,5,0.2,0.2,0.2,2780,0.222,0.07,0.01,4300,3000,3000,4500,4000,3500,1.4955,1.494,1000,1000,2255,2255,0,0,1.5,1,0,40,60,1.1,100,0,0,0,0,0,0,0.02,0.02,0.2,1.25,0,0,0,200,50,0,0,200,200,50,0,0,0,0,0,0,0,0,0,0,0,0,0,1,0,0,0,0
233,4,cn-server-capture,1,0,1,0,0,2,2,1,0,0,1,100,3,0.694,2250,1820,2070,1415,10,23.75,5,5,0.2,0.2,0.2,2780,0.227,0.07,0.01,1,3000,3000,4500,4000,3500,1.4955,1.494,1000,1000,2250,2250,0,0,1.5,1,0,40,60,1.1,100,0,0,0,0,0,0,0.02,0.02,0.2,1.25,0,0,0,200,50,0,0,200,200,50,0,0,0,0,0,0,0,0,0,0,0,0,0,1,0,0,0,0
233,7,cn-server-capture,1,0,1,0,0,2,2,1,0,0,1,100,3,0.694,2250,1820,2070,1415,10,23.75,5,5,0.2,0.2,0.2,2780,0.227,0.07,0.01,4300,3000,3000,4500,4000,3500,1.4955,1.494,1000,1000,2250,2250,0,0,1.5,1,0,40,60,1.1,100,0,0,0,0,0,0,0.02,0.02,0.2,1.25,0,0,0,200,50,0,0,200,200,50,0,0,0,0,0,0,0,0,0,0,0,0,0,1,0,0,0,0
235,4,cn-server-capture,1,0,1,0,0,2,2,1,1,0,1,100,3,0.68,2290,1835,2070,1415,10,24.45,5,5,0.2,0.2,0.2,3400,0.243,0.07,0.01,1,3000,3000,4500,4000,3500,1.6155,1.494,1000,1000,2290,2290,0,0,1.5,1,0,40,60,1.1,100,0,0,0,0,0,0,0.02,0.02,0.2,1.25,0,0,0,200,50,0,0,200,200,50,0,0,0,0,0,0,0,0,0,0,0,0,0,1,0,0,0,0
235,7,cn-server-capture,1,0,1,0,0,2,2,1,1,0,1,100,3,0.68,2290,1835,2070,1415,10,24.45,5,5,0.2,0.2,0.2,3400,0.243,0.07,0.01,4300,3000,3000,4500,4000,3500,1.6155,1.494,1000,1000,2290,2290,0,0,1.5,1,0,40,60,1.1,100,0,0,0,0,0,0,0.02,0.02,0.2,1.25,0,0,0,200,50,0,0,200,200,50,0,0,0,0,0,0,0,0,0,0,0,0,0,1,0,0,0,0
236,4,cn-server-capture,1,0,1,0,0,2,2,1,0,0,1,100,3,0.7,2240,1815,2070,1415,10,23.65,5,5,0.2,0.2,0.2,2740,0.223,0.07,0.01,1,3000,3000,4500,4000,3500,1.4955,1.494,1000,1000,2240,2240,0,0,1.5,1,0,40,60,1.1,100,0,0,0,0,0,0,0.02,0.02,0.2,1.25,0,0,0,200,50,0,0,200,200,50,0,0,0,0,0,0,0,0,0,0,0,0,0,1,0,0,0,0
236,7,cn-server-capture,1,0,1,0,0,2,2,1,0,0,1,100,3,0.7,2240,1815,2070,1415,10,23.65,5,5,0.2,0.2,0.2,2740,0.223,0.07,0.01,4300,3000,3000,4500,4000,3500,1.4955,1.494,1000,1000,2240,2240,0,0,1.5,1,0,40,60,1.1,100,0,0,0,0,0,0,0.02,0.02,0.2,1.25,0,0,0,200,50,0,0,200,200,50,0,0,0,0,0,0,0,0,0,0,0,0,0,1,0,0,0,0
237,4,cn-server-capture,1,0,1,0,0,2,2,1,0,0,1,100,3,0.68,2285,1825,2070,1415,10,24.55,5,5,0.2,0.2,0.2,3150,0.245,0.07,0.01,1,3000,3000,4500,4000,3500,1.4955,1.494,1000,1000,2285,2285,0,0,1.5,1,0,40,60,1.1,100,0,0,0,0,0,0,0.02,0.02,0.2,1.25,0,0,0,200,50,0,0,200,200,50,0,0,0,0,0,0,0,0,0,0,0,0,0,1,0,0,0,0
237,7,cn-server-capture,1,0,1,0,0,2,2,1,0,0,1,100,3,0.68,2285,1825,2070,1415,10,24.55,5,5,0.2,0.2,0.2,3150,0.245,0.07,0.01,4300,3000,3000,4500,4000,3500,1.4955,1.494,1000,1000,2285,2285,0,0,1.5,1,0,40,60,1.1,100,0,0,0,0,0,0,0.02,0.02,0.2,1.25,0,0,0,200,50,0,0,200,200,50,0,0,0,0,0,0,0,0,0,0,0,0,0,1,0,0,0,0
238,4,cn-server-capture,1,0,1,0,0,2,2,1,0,0,1,100,3,0.69,2250,1820,2070,1415,10,23.55,5,5,0.2,0.2,0.2,2750,0.22,0.07,0.01,1,3000,3000,4500,4000,3500,1.4955,1.494,1000,1000,2250,2250,0,0,1.5,1,0,40,60,1.1,100,0,0,0,0,0,0,0.02,0.02,0.2,1.25,0,0,0,200,50,0,0,200,200,50,0,0,0,0,0,0,0,0,0,0,0,0,0,1,0,0,0,0
238,7,cn-server-capture,1,0,1,0,0,2,2,1,0,0,1,100,3,0.69,2250,1820,2070,1415,10,23.55,5,5,0.2,0.2,0.2,2750,0.22,0.07,0.01,4300,3000,3000,4500,4000,3500,1.4955,1.494,1000,1000,2250,2250,0,0,1.5,1,0,40,60,1.1,100,0,0,0,0,0,0,0.02,0.02,0.2,1.25,0,0,0,200,50,0,0,200,200,50,0,0,0,0,0,0,0,0,0,0,0,0,0,1,0,0,0,0
239,4,cn-server-capture,1,0,1,0,0,2,2,1,0,0,1,100,3,0.687,2255,1830,2070,1415,10,23.45,5,5,0.2,0.2,0.2,2780,0.22,0.07,0.01,1,3000,3000,4500,4000,3500,1.4955,1.494,1000,1000,2255,2255,0,0,1.5,1,0,40,60,1.1,100,0,0,0,0,0,0,0.02,0.02,0.2,1.25,0,0,0,200,50,0,0,200,200,50,0,0,0,0,0,0,0,0,0,0,0,0,0,1,0,0,0,0
239,7,cn-server-capture,1,0,1,0,0,2,2,1,0,0,1,100,3,0.687,2255,1830,2070,1415,10,23.45,5,5,0.2,0.2,0.2,2780,0.22,0.07,0.01,4300,3000,3000,4500,4000,3500,1.4955,1.494,1000,1000,2255,2255,0,0,1.5,1,0,40,60,1.1,100,0,0,0,0,0,0,0.02,0.02,0.2,1.25,0,0,0,200,50,0,0,200,200,50,0,0,0,0,0,0,0,0,0,0,0,0,0,1,0,0,0,0
240,4,cn-server-capture,1,0,1,0,0,2,2,1,1,0,1,100,3,0.679,2286,1835,2070,1415,10,24.5,5,5,0.2,0.2,0.2,3300,0.24000001,0.07,0.01,1,3000,3000,4500,4000,3500,1.6155,1.494,1000,1000,2286,2286,0,0,1.5,1,0,40,60,1.1,100,0,0,0,0,0,0,0.02,0.02,0.2,1.25,0,0,0,200,50,0,0,200,200,50,0,0,0,0,0,0,0,0,0,0,0,0,0,1,0,0,0,0
240,7,cn-server-capture,1,0,1,0,0,2,2,1,1,0,1,100,3,0.679,2286,1835,2070,1415,10,24.5,5,5,0.2,0.2,0.2,3300,0.24000001,0.07,0.01,4300,3000,3000,4500,4000,3500,1.6155,1.494,1000,1000,2286,2286,0,0,1.5,1,0,40,60,1.1,100,0,0,0,0,0,0,0.02,0.02,0.2,1.25,0,0,0,200,50,0,0,200,200,50,0,0,0,0,0,0,0,0,0,0,0,0,0,1,0,0,0,0
241,4,cn-server-capture,1,0,1,0,0,2,2,1,0,0,1,100,3,0.687,2255,1830,2070,1415,10,23.9,5,5,0.2,0.2,0.2,2800,0.22500001,0.07,0.01,1,3000,3000,4500,4000,3500,1.4955,1.494,1000,1000,2255,2255,0,0,1.5,1,0,40,60,1.1,100,0,0,0,0,0,0,0.02,0.02,0.2,1.25,0,0,0,200,50,0,0,200,200,50,0,0,0,0,0,0,0,0,0,0,0,0,0,1,0,0,0,0
241,7,cn-server-capture,1,0,1,0,0,2,2,1,0,0,1,100,3,0.687,2255,1830,2070,1415,10,23.9,5,5,0.2,0.2,0.2,2800,0.22500001,0.07,0.01,4300,3000,3000,4500,4000,3500,1.4955,1.494,1000,1000,2255,2255,0,0,1.5,1,0,40,60,1.1,100,0,0,0,0,0,0,0.02,0.02,0.2,1.25,0,0,0,200,50,0,0,200,200,50,0,0,0,0,0,0,0,0,0,0,0,0,0,1,0,0,0,0
242,4,cn-server-capture,1,0,1,0,0,2,2,1,0,0,1,100,3,0.687,2255,1820,2070,1415,10,23.45,5,5,0.2,0.2,0.2,2780,0.21800001,0.07,0.01,1,3000,3000,4500,4000,3500,1.4955,1.494,1000,1000,2255,2255,0,0,1.5,1,0,40,60,1.1,100,0,0,0,0,0,0,0.02,0.02,0.2,1.25,0,0,0,200,50,0,0,200,200,50,0,0,0,0,0,0,0,0,0,0,0,0,0,1,0,0,0,0
242,7,cn-server-capture,1,0,1,0,0,2,2,1,0,0,1,100,3,0.687,2255,1820,2070,1415,10,23.45,5,5,0.2,0.2,0.2,2780,0.21800001,0.07,0.01,4300,3000,3000,4500,4000,3500,1.4955,1.494,1000,1000,2255,2255,0,0,1.5,1,0,40,60,1.1,100,0,0,0,0,0,0,0.02,0.02,0.2,1.25,0,0,0,200,50,0,0,200,200,50,0,0,0,0,0,0,0,0,0,0,0,0,0,1,0,0,0,0
243,4,cn-server-capture,1,0,1,0,0,2,2,1,1,0,1,100,3,0.684,2285,1825,2070,1415,10,24.55,5,5,0.2,0.2,0.2,3200,0.245,0.07,0.01,1,3000,3000,4500,4000,3500,1.6155,1.494,1000,1000,2285,2285,0,0,1.5,1,0,40,60,1.1,100,0,0,0,0,0,0,0.02,0.02,0.2,1.25,0,0,0,200,50,0,0,200,200,50,0,0,0,0,0,0,0,0,0,0,0,0,0,1,0,0,0,0
243,7,cn-server-capture,1,0,1,0,0,2,2,1,1,0,1,100,3,0.684,2285,1825,2070,1415,10,24.55,5,5,0.2,0.2,0.2,3200,0.245,0.07,0.01,4300,3000,3000,4500,4000,3500,1.6155,1.494,1000,1000,2285,2285,0,0,1.5,1,0,40,60,1.1,100,0,0,0,0,0,0,0.02,0.02,0.2,1.25,0,0,0,200,50,0,0,200,200,50,0,0,0,0,0,0,0,0,0,0,0,0,0,1,0,0,0,0
244,4,cn-server-capture,1,0,1,0,0,2,2,1,0,0,1,100,3,0.687,2255,1820,2070,1415,10,23.45,5,5,0.2,0.2,0.2,2780,0.21800001,0.07,0.01,1,3000,3000,4500,4000,3500,1.4955,1.494,1000,1000,2255,2255,0,0,1.5,1,0,40,60,1.1,100,0,0,0,0,0,0,0.02,0.02,0.2,1.25,0,0,0,200,50,0,0,200,200,50,0,0,0,0,0,0,0,0,0,0,0,0,0,1,0,0,0,0
244,7,cn-server-capture,1,0,1,0,0,2,2,1,0,0,1,100,3,0.687,2255,1820,2070,1415,10,23.45,5,5,0.2,0.2,0.2,2780,0.21800001,0.07,0.01,4300,3000,3000,4500,4000,3500,1.4955,1.494,1000,1000,2255,2255,0,0,1.5,1,0,40,60,1.1,100,0,0,0,0,0,0,0.02,0.02,0.2,1.25,0,0,0,200,50,0,0,200,200,50,0,0,0,0,0,0,0,0,0,0,0,0,0,1,0,0,0,0
246,4,cn-server-capture,1,0,1,0,0,2,2,1,1,0,1,100,3,0.679,2290,1835,2070,1415,10,24.5,5,5,0.2,0.2,0.2,3300,0.24200001,0.07,0.01,1,3000,3000,4500,4000,3500,1.6155,1.494,1000,1000,2290,2290,0,0,1.5,1,0,40,60,1.1,100,0,0,0,0,0,0,0.02,0.02,0.2,1.25,0,0,0,200,50,0,0,200,200,50,0,0,0,0,0,0,0,0,0,0,0,0,0,1,0,0,0,0
246,7,cn-server-capture,1,0,1,0,0,2,2,1,1,0,1,100,3,0.679,2290,1835,2070,1415,10,24.5,5,5,0.2,0.2,0.2,3300,0.24200001,0.07,0.01,4300,3000,3000,4500,4000,3500,1.6155,1.494,1000,1000,2290,2290,0,0,1.5,1,0,40,60,1.1,100,0,0,0,0,0,0,0.02,0.02,0.2,1.25,0,0,0,200,50,0,0,200,200,50,0,0,0,0,0,0,0,0,0,0,0,0,0,1,0,0,0,0
250,4,cn-server-capture,1,0,1,0,0,2,2,1,1,0,1,100,3,0.677,2295,1825,2070,1415,10,24.39,5,5,0.2,0.2,0.2,3350,0.245,0.07,0.01,1,3000,3000,4500,4000,3500,1.6155,1.494,1000,1000,2295,2295,0,0,1.5,1,0,40,60,1.1,100,0,0,0,0,0,0,0.02,0.02,0.2,1.25,0,0,0,200,50,0,0,200,200,50,0,0,0,0,0,0,0,0,0,0,0,0,0,1,0,0,0,0
250,7,cn-server-capture,1,0,1,0,0,2,2,1,1,0,1,100,3,0.677,2295,1825,2070,1415,10,24.39,5,5,0.2,0.2,0.2,3350,0.245,0.07,0.01,4300,3000,3000,4500,4000,3500,1.6155,1.494,1000,1000,2295,2295,0,0,1.5,1,0,40,60,1.1,100,0,0,0,0,0,0,0.02,0.02,0.2,1.25,0,0,0,200,50,0,0,200,200,50,0,0,0,0,0,0,0,0,0,0,0,0,0,1,0,0,0,0
252,4,cn-server-capture,1,0,1,0,0,2,2,1,0,0,1,100,3,0.687,2255,1820,2070,1415,10,23.45,5,5,0.2,0.2,0.2,2780,0.21800001,0.07,0.01,1,3000,3000,4500,4000,3500,1.4955,1.494,1000,1000,2255,2255,0,0,1.5,1,0,40,60,1.1,100,0,0,0,0,0,0,0.02,0.02,0.2,1.25,0,0,0,200,50,0,0,200,200,50,0,0,0,0,0,0,0,0,0,0,0,0,0,1,0,0,0,0
252,7,cn-server-capture,1,0,1,0,0,2,2,1,0,0,1,100,3,0.687,2255,1820,2070,1415,10,23.45,5,5,0.2,0.2,0.2,2780,0.21800001,0.07,0.01,4300,3000,3000,4500,4000,3500,1.4955,1.494,1000,1000,2255,2255,0,0,1.5,1,0,40,60,1.1,100,0,0,0,0,0,0,0.02,0.02,0.2,1.25,0,0,0,200,50,0,0,200,200,50,0,0,0,0,0,0,0,0,0,0,0,0,0,1,0,0,0,0
253,4,cn-server-capture,1,0,1,0,0,2,2,1,0,0,1,100,3,0.696,2250,1820,2070,1415,10,23.75,5,5,0.2,0.2,0.2,2760,0.223,0.07,0.01,1,3000,3000,4500,4000,3500,1.4955,1.494,1000,1000,2250,2250,0,0,1.5,1,0,40,60,1.1,100,0,0,0,0,0,0,0.02,0.02,0.2,1.25,0,0,0,200,50,0,0,200,200,50,0,0,0,0,0,0,0,0,0,0,0,0,0,1,0,0,0,0
253,7,cn-server-capture,1,0,1,0,0,2,2,1,0,0,1,100,3,0.696,2250,1820,2070,1415,10,23.75,5,5,0.2,0.2,0.2,2760,0.223,0.07,0.01,4300,3000,3000,4500,4000,3500,1.4955,1.494,1000,1000,2250,2250,0,0,1.5,1,0,40,60,1.1,100,0,0,0,0,0,0,0.02,0.02,0.2,1.25,0,0,0,200,50,0,0,200,200,50,0,0,0,0,0,0,0,0,0,0,0,0,0,1,0,0,0,0
254,4,cn-server-capture,1,0,1,0,0,2,2,1,0,0,1,100,3,0.691,2250,1825,2070,1415,10,23.9,5,5,0.2,0.2,0.2,2780,0.22500001,0.07,0.01,1,3000,3000,4500,4000,3500,1.4955,1.494,1000,1000,2250,2250,0,0,1.5,1,0,40,60,1.1,100,0,0,0,0,0,0,0.02,0.02,0.2,1.25,0,0,0,200,50,0,0,200,200,50,0,0,0,0,0,0,0,0,0,0,0,0,0,1,0,0,0,0
254,7,cn-server-capture,1,0,1,0,0,2,2,1,0,0,1,100,3,0.691,2250,1825,2070,1415,10,23.9,5,5,0.2,0.2,0.2,2780,0.22500001,0.07,0.01,4300,3000,3000,4500,4000,3500,1.4955,1.494,1000,1000,2250,2250,0,0,1.5,1,0,40,60,1.1,100,0,0,0,0,0,0,0.02,0.02,0.2,1.25,0,0,0,200,50,0,0,200,200,50,0,0,0,0,0,0,0,0,0,0,0,0,0,1,0,0,0,0
255,4,cn-server-capture,1,0,1,0,0,2,2,1,0,0,1,100,3,0.686,2255,1830,2070,1415,10,24.05,5,5,0.2,0.2,0.2,2840,0.22500001,0.07,0.01,1,3000,3000,4500,4000,3500,1.4955,1.494,1000,1000,2255,2255,0,0,1.5,1,0,40,60,1.1,100,0,0,0,0,0,0,0.02,0.02,0.2,1.25,0,0,0,200,50,0,0,200,200,50,0,0,0,0,0,0,0,0,0,0,0,0,0,1,0,0,0,0
255,7,cn-server-capture,1,0,1,0,0,2,2,1,0,0,1,100,3,0.686,2255,1830,2070,1415,10,24.05,5,5,0.2,0.2,0.2,2840,0.22500001,0.07,0.01,4300,3000,3000,4500,4000,3500,1.4955,1.494,1000,1000,2255,2255,0,0,1.5,1,0,40,60,1.1,100,0,0,0,0,0,0,0.02,0.02,0.2,1.25,0,0,0,200,50,0,0,200,200,50,0,0,0,0,0,0,0,0,0,0,0,0,0,1,0,0,0,0
256,4,cn-server-capture,1,0,1,0,0,2,2,1,1,0,1,100,3,0.678,2298,1825,2070,1415,10,24.45,5,5,0.2,0.2,0.2,3200,0.243,0.07,0.01,1,3000,3000,4500,4000,3500,1.6155,1.494,1000,1000,2298,2298,0,0,1.5,1,0,40,60,1.1,100,0,0,0,0,0,0,0.02,0.02,0.2,1.25,0,0,0,200,50,0,0,200,200,50,0,0,0,0,0,0,0,0,0,0,0,0,0,1,0,0,0,0
256,7,cn-server-capture,1,0,1,0,0,2,2,1,1,0,1,100,3,0.678,2298,1825,2070,1415,10,24.45,5,5,0.2,0.2,0.2,3200,0.243,0.07,0.01,4300,3000,3000,4500,4000,3500,1.6155,1.494,1000,1000,2298,2298,0,0,1.5,1,0,40,60,1.1,100,0,0,0,0,0,0,0.02,0.02,0.2,1.25,0,0,0,200,50,0,0,200,200,50,0,0,0,0,0,0,0,0,0,0,0,0,0,1,0,0,0,0
257,4,cn-server-capture,1,0,1,0,0,2,2,1,0,0,1,100,3,0.685,2270,1845,2070,1415,10,23.9,5,5,0.2,0.2,0.2,2850,0.22500001,0.07,0.01,1,3000,3000,4500,4000,3500,1.4955,1.494,1000,1000,2270,2270,0,0,1.5,1,0,40,60,1.1,100,0,0,0,0,0,0,0.02,0.02,0.2,1.25,0,0,0,200,50,0,0,200,200,50,0,0,0,0,0,0,0,0,0,0,0,0,0,1,0,0,0,0
257,7,cn-server-capture,1,0,1,0,0,2,2,1,0,0,1,100,3,0.685,2270,1845,2070,1415,10,23.9,5,5,0.2,0.2,0.2,2850,0.22500001,0.07,0.01,4300,3000,3000,4500,4000,3500,1.4955,1.494,1000,1000,2270,2270,0,0,1.5,1,0,40,60,1.1,100,0,0,0,0,0,0,0.02,0.02,0.2,1.25,0,0,0,200,50,0,0,200,200,50,0,0,0,0,0,0,0,0,0,0,0,0,0,1,0,0,0,0
258,4,cn-server-capture,1,0,1,0,0,2,2,1,0,1,1,100,3,0.69,2253,1825,2070,1415,10,23.9,5,5,0.2,0.2,0.2,2900,0.24000001,0.07,0.01,1,2800,3000,4100,4000,3500,1.4955,1.494,1000,1000,2253,2253,0,0,1.5,1,0,40,60,1.1,100,0,0,0,0,0,0,0.02,0.02,0.2,1.25,0,0,0,200,50,0,0,200,200,50,0,0,0,0,0,0,0,0,0,0,0,0,0,1,0,0,0,0
258,7,cn-server-capture,1,0,1,0,0,2,2,1,0,1,1,100,3,0.69,2253,1825,2070,1415,10,23.9,5,5,0.2,0.2,0.2,2900,0.24000001,0.07,0.01,3550,2800,3000,4100,4000,3500,1.4955,1.494,1000,1000,2253,2253,0,0,1.5,1,0,40,60,1.1,100,0,0,0,0,0,0,0.02,0.02,0.2,1.25,0,0,0,200,50,0,0,200,200,50,0,0,0,0,0,0,0,0,0,0,0,0,0,1,0,0,0,0
261,4,cn-server-capture,1,0,1,0,0,2,2,1,0,0,1,100,3,0.687,2260,1835,2070,1415,10,24.05,5,5,0.2,0.2,0.2,2830,0.23500001,0.07,0.01,1,3000,3000,4500,4000,3500,1.4955,1.494,1000,1000,2260,2260,0,0,1.5,1,0,40,60,1.1,100,0,0,0,0,0,0,0.02,0.02,0.2,1.25,0,0,0,200,50,0,0,200,200,50,0,0,0,0,0,0,0,0,0,0,0,0,0,1,0,0,0,0
261,7,cn-server-capture,1,0,1,0,0,2,2,1,0,0,1,100,3,0.687,2260,1835,2070,1415,10,24.05,5,5,0.2,0.2,0.2,2830,0.23500001,0.07,0.01,4300,3000,3000,4500,4000,3500,1.4955,1.494,1000,1000,2260,2260,0,0,1.5,1,0,40,60,1.1,100,0,0,0,0,0,0,0.02,0.02,0.2,1.25,0,0,0,200,50,0,0,200,200,50,0,0,0,0,0,0,0,0,0,0,0,0,0,1,0,0,0,0
262,4,cn-server-capture,1,0,1,0,0,2,2,1,1,0,1,100,3,0.684,2280,1835,2070,1415,10,24.55,5,5,0.2,0.2,0.2,3100,0.237,0.07,0.01,1,3000,3000,4500,4000,3500,1.5955,1.494,1000,1000,2280,2280,0,0,1.5,1,0,40,60,1.1,100,0,0,0,0,0,0,0.02,0.02,0.2,1.25,0,0,0,200,50,0,0,200,200,50,0,0,0,0,0,0,0,0,0,0,0,0,0,1,0,0,0,0
262,7,cn-server-capture,1,0,1,0,0,2,2,1,1,0,1,100,3,0.684,2280,1835,2070,1415,10,24.55,5,5,0.2,0.2,0.2,3100,0.237,0.07,0.01,4300,3000,3000,4500,4000,3500,1.5955,1.494,1000,1000,2280,2280,0,0,1.5,1,0,40,60,1.1,100,0,0,0,0,0,0,0.02,0.02,0.2,1.25,0,0,0,200,50,0,0,200,200,50,0,0,0,0,0,0,0,0,0,0,0,0,0,1,0,0,0,0
263,4,cn-server-capture,1,0,1,0,0,2,2,1,0,0,1,100,3,0.69,2260,1820,2070,1415,10,23.65,5,5,0.2,0.2,0.2,2780,0.22,0.07,0.01,1,3000,3000,4500,4000,3500,1.4955,1.494,1000,1000,2260,2260,0,0,1.5,1,0,40,60,1.1,100,0,0,0,0,0,0,0.02,0.02,0.2,1.25,0,0,0,200,50,0,0,200,200,50,0,0,0,0,0,0,0,0,0,0,0,0,0,1,0,0,0,0
263,7,cn-server-capture,1,0,1,0,0,2,2,1,0,0,1,100,3,0.69,2260,1820,2070,1415,10,23.65,5,5,0.2,0.2,0.2,2780,0.22,0.07,0.01,4300,3000,3000,4500,4000,3500,1.4955,1.494,1000,1000,2260,2260,0,0,1.5,1,0,40,60,1.1,100,0,0,0,0,0,0,0.02,0.02,0.2,1.25,0,0,0,200,50,0,0,200,200,50,0,0,0,0,0,0,0,0,0,0,0,0,0,1,0,0,0,0
264,4,cn-server-capture,1,0,1,0,0,2,2,1,0,0,1,100,3,0.682,2285,1825,2070,1415,10,24.55,5,5,0.2,0.2,0.2,3200,0.237,0.07,0.01,1,3000,3000,4500,4000,3500,1.6155,1.494,1000,1000,2285,2285,0,0,1.5,1,0,40,60,1.1,100,0,0,0,0,0,0,0.02,0.02,0.2,1.25,0,0,0,200,50,0,0,200,200,50,0,0,0,0,0,0,0,0,0,0,0,0,0,1,0,0,0,0
264,7,cn-server-capture,1,0,1,0,0,2,2,1,0,0,1,100,3,0.682,2285,1825,2070,1415,10,24.55,5,5,0.2,0.2,0.2,3200,0.237,0.07,0.01,4300,3000,3000,4500,4000,3500,1.6155,1.494,1000,1000,2285,2285,0,0,1.5,1,0,40,60,1.1,100,0,0,0,0,0,0,0.02,0.02,0.2,1.25,0,0,0,200,50,0,0,200,200,50,0,0,0,0,0,0,0,0,0,0,0,0,0,1,0,0,0,0
265,4,cn-server-capture,1,0,1,0,0,2,2,1,1,0,1,100,3,0.7,2270,1825,2070,1415,10,24.45,5,5,0.2,0.2,0.2,3200,0.24000001,0.07,0.01,1,3000,3000,4500,4000,3500,1.6155,1.494,1000,1000,2270,2270,0,0,1.5,1,0,40,60,1.1,100,0,0,0,0,0,0,0.02,0.02,0.2,1.25,0,0,0,200,50,0,0,200,200,50,0,0,0,0,0,0,0,0,0,0,0,0,0,1,0,0,0,0
265,7,cn-server-capture,1,0,1,0,0,2,2,1,1,0,1,100,3,0.7,2270,1825,2070,1415,10,24.45,5,5,0.2,0.2,0.2,3200,0.24000001,0.07,0.01,4300,3000,3000,4500,4000,3500,1.6155,1.494,1000,1000,2270,2270,0,0,1.5,1,0,40,60,1.1,100,0,0,0,0,0,0,0.02,0.02,0.2,1.25,0,0,0,200,50,0,0,200,200,50,0,0,0,0,0,0,0,0,0,0,0,0,0,1,0,0,0,0
266,4,cn-server-capture,1,0,1,0,0,2,2,1,1,0,1,100,3,0.678,2290,1825,2070,1415,10,24.55,5,5,0.2,0.2,0.2,3200,0.24000001,0.07,0.01,1,3000,3000,4500,4000,3500,1.6155,1.494,1000,1000,2290,2290,0,0,1.5,1,0,40,60,1.1,100,0,0,0,0,0,0,0.02,0.02,0.2,1.25,0,0,0,200,50,0,0,200,200,50,0,0,0,0,0,0,0,0,0,0,0,0,0,1,0,0,0,0
266,7,cn-server-capture,1,0,1,0,0,2,2,1,1,0,1,100,3,0.678,2290,1825,2070,1415,10,24.55,5,5,0.2,0.2,0.2,3200,0.24000001,0.07,0.01,4300,3000,3000,4500,4000,3500,1.6155,1.494,1000,1000,2290,2290,0,0,1.5,1,0,40,60,1.1,100,0,0,0,0,0,0,0.02,0.02,0.2,1.25,0,0,0,200,50,0,0,200,200,50,0,0,0,0,0,0,0,0,0,0,0,0,0,1,0,0,0,0
267,4,cn-server-capture,1,0,1,0,0,2,2,1,0,0,1,100,3,0.69,2255,1820,2070,1415,10,23.75,5,5,0.2,0.2,0.2,2780,0.22,0.07,0.01,1,3000,3000,4500,4000,3500,1.4955,1.494,1000,1000,2255,2255,0,0,1.5,1,0,40,60,1.1,100,0,0,0,0,0,0,0.02,0.02,0.2,1.25,0,0,0,200,50,0,0,200,200,50,0,0,0,0,0,0,0,0,0,0,0,0,0,1,0,0,0,0
267,7,cn-server-capture,1,0,1,0,0,2,2,1,0,0,1,100,3,0.69,2255,1820,2070,1415,10,23.75,5,5,0.2,0.2,0.2,2780,0.22,0.07,0.01,4300,3000,3000,4500,4000,3500,1.4955,1.494,1000,1000,2255,2255,0,0,1.5,1,0,40,60,1.1,100,0,0,0,0,0,0,0.02,0.02,0.2,1.25,0,0,0,200,50,0,0,200,200,50,0,0,0,0,0,0,0,0,0,0,0,0,0,1,0,0,0,0
268,4,cn-server-capture,1,0,1,0,0,2,2,1,0,0,1,100,3,0.677,2290,1825,2070,1415,10,24.95,5,5,0.2,0.2,0.2,3400,0.246,0.07,0.01,1,3000,3000,4500,4000,3500,1.6155,1.494,1000,1000,2290,2290,0,0,1.5,1,0,40,60,1.1,100,0,0,0,0,0,0,0.02,0.02,0.2,1.25,0,0,0,200,50,0,0,200,200,50,0,0,0,0,0,0,0,0,0,0,0,0,0,1,0,0,0,0
268,7,cn-server-capture,1,0,1,0,0,2,2,1,0,0,1,100,3,0.677,2290,1825,2070,1415,10,24.95,5,5,0.2,0.2,0.2,3400,0.246,0.07,0.01,4300,3000,3000,4500,4000,3500,1.6155,1.494,1000,1000,2290,2290,0,0,1.5,1,0,40,60,1.1,100,0,0,0,0,0,0,0.02,0.02,0.2,1.25,0,0,0,200,50,0,0,200,200,50,0,0,0,0,0,0,0,0,0,0,0,0,0,1,0,0,0,0
269,4,cn-server-capture,1,0,1,0,0,2,2,1,0,0,1,100,3,0.687,2260,1825,2070,1415,10,23.45,5,5,0.2,0.2,0.2,2780,0.22,0.07,0.01,1,3000,3000,4500,4000,3500,1.4955,1.494,1000,1000,2260,2260,0,0,1.5,1,0,40,60,1.1,100,0,0,0,0,0,0,0.02,0.02,0.2,1.25,0,0,0,200,50,0,0,200,200,50,0,0,0,0,0,0,0,0,0,0,0,0,0,1,0,0,0,0
269,7,cn-server-capture,1,0,1,0,0,2,2,1,0,0,1,100,3,0.687,2260,1825,2070,1415,10,23.45,5,5,0.2,0.2,0.2,2780,0.22,0.07,0.01,4300,3000,3000,4500,4000,3500,1.4955,1.494,1000,1000,2260,2260,0,0,1.5,1,0,40,60,1.1,100,0,0,0,0,0,0,0.02,0.02,0.2,1.25,0,0,0,200,50,0,0,200,200,50,0,0,0,0,0,0,0,0,0,0,0,0,0,1,0,0,0,0
270,4,cn-server-capture,1,0,1,0,0,2,2,1,0,0,1,100,3,0.689,2260,1820,2070,1415,10,23.75,5,5,0.2,0.2,0.2,2780,0.22,0.07,0.01,1,3000,3000,4500,4000,3500,1.4955,1.494,1000,1000,2260,2260,0,0,1.5,1,0,40,60,1.1,100,0,0,0,0,0,0,0.02,0.02,0.2,1.25,0,0,0,200,50,0,0,200,200,50,0,0,0,0,0,0,0,0,0,0,0,0,0,1,0,0,0,0
270,7,cn-server-capture,1,0,1,0,0,2,2,1,0,0,1,100,3,0.689,2260,1820,2070,1415,10,23.75,5,5,0.2,0.2,0.2,2780,0.22,0.07,0.01,4300,3000,3000,4500,4000,3500,1.4955,1.494,1000,1000,2260,2260,0,0,1.5,1,0,40,60,1.1,100,0,0,0,0,0,0,0.02,0.02,0.2,1.25,0,0,0,200,50,0,0,200,200,50,0,0,0,0,0,0,0,0,0,0,0,0,0,1,0,0,0,0
273,4,cn-server-capture,1,0,1,0,0,2,2,1,1,0,1,100,3,0.677,2293,1825,2070,1415,10,24.5,5,5,0.2,0.2,0.2,3100,0.243,0.07,0.01,1,3000,3000,4500,4000,3500,1.6155,1.494,1000,1000,2293,2293,0,0,1.5,1,0,40,60,1.1,100,0,0,0,0,0,0,0.02,0.02,0.2,1.25,0,0,0,200,50,0,0,200,200,50,0,0,0,0,0,0,0,0,0,0,0,0,0,1,0,0,0,0
273,7,cn-server-capture,1,0,1,0,0,2,2,1,1,0,1,100,3,0.677,2293,1825,2070,1415,10,24.5,5,5,0.2,0.2,0.2,3100,0.243,0.07,0.01,4300,3000,3000,4500,4000,3500,1.6155,1.494,1000,1000,2293,2293,0,0,1.5,1,0,40,60,1.1,100,0,0,0,0,0,0,0.02,0.02,0.2,1.25,0,0,0,200,50,0,0,200,200,50,0,0,0,0,0,0,0,0,0,0,0,0,0,1,0,0,0,0
277,4,cn-server-capture,1,0,1,0,0,2,2,1,1,0,1,100,3,0.68,2280,1825,2070,1415,10,24.6,5,5,0.2,0.2,0.2,3100,0.24800001,0.07,0.01,1,3000,3000,4500,4000,3500,1.6155,1.494,1000,1000,2280,2280,0,0,1.5,1,0,40,60,1.1,100,0,0,0,0,0,0,0.02,0.02,0.2,1.25,0,0,0,200,50,0,0,200,200,50,0,0,0,0,0,0,0,0,0,0,0,0,0,1,0,0,0,0
277,7,cn-server-capture,1,0,1,0,0,2,2,1,1,0,1,100,3,0.68,2280,1825,2070,1415,10,24.6,5,5,0.2,0.2,0.2,3100,0.24800001,0.07,0.01,4300,3000,3000,4500,4000,3500,1.6155,1.494,1000,1000,2280,2280,0,0,1.5,1,0,40,60,1.1,100,0,0,0,0,0,0,0.02,0.02,0.2,1.25,0,0,0,200,50,0,0,200,200,50,0,0,0,0,0,0,0,0,0,0,0,0,0,1,0,0,0,0
278,4,cn-server-capture,1,0,1,0,0,2,2,1,1,0,1,100,3,0.676,2295,1825,2070,1415,10,24.4,5,5,0.2,0.2,0.2,3300,0.24200001,0.07,0.01,1,3000,3000,4500,4000,3500,1.6155,1.494,1000,1000,2295,2295,0,0,1.5,1,0,40,60,1.1,100,0,0,0,0,0,0,0.02,0.02,0.2,1.25,0,0,0,200,50,0,0,200,200,50,0,0,0,0,0,0,0,0,0,0,0,0,0,1,0,0,0,0
278,7,cn-server-capture,1,0,1,0,0,2,2,1,1,0,1,100,3,0.676,2295,1825,2070,1415,10,24.4,5,5,0.2,0.2,0.2,3300,0.24200001,0.07,0.01,4300,3000,3000,4500,4000,3500,1.6155,1.494,1000,1000,2295,2295,0,0,1.5,1,0,40,60,1.1,100,0,0,0,0,0,0,0.02,0.02,0.2,1.25,0,0,0,200,50,0,0,200,200,50,0,0,0,0,0,0,0,0,0,0,0,0,0,1,0,0,0,0
279,4,cn-server-capture,1,0,1,0,0,2,2,1,1,0,1,100,3,0.684,2280,1835,2070,1415,10,24.45,5,5,0.2,0.2,0.2,3100,0.238,0.07,0.01,1,3000,3000,4500,4000,3500,1.6155,1.494,1000,1000,2280,2280,0,0,1.5,1,0,40,60,1.1,100,0,0,0,0,0,0,0.02,0.02,0.2,1.25,0,0,0,200,50,0,0,200,200,50,0,0,0,0,0,0,0,0,0,0,0,0,0,1,0,0,0,0
279,7,cn-server-capture,1,0,1,0,0,2,2,1,1,0,1,100,3,0.684,2280,1835,2070,1415,10,24.45,5,5,0.2,0.2,0.2,3100,0.238,0.07,0.01,4300,3000,3000,4500,4000,3500,1.6155,1.494,1000,1000,2280,2280,0,0,1.5,1,0,40,60,1.1,100,0,0,0,0,0,0,0.02,0.02,0.2,1.25,0,0,0,200,50,0,0,200,200,50,0,0,0,0,0,0,0,0,0,0,0,0,0,1,0,0,0,0
280,4,cn-server-capture,1,0,1,0,0,2,2,1,1,0,1,100,3,0.678,2285,1825,2070,1415,10,24.6,5,5,0.2,0.2,0.2,3300,0.243,0.07,0.01,1,3000,3000,4500,4000,3500,1.6455,1.494,1000,1000,2285,2285,0,0,1.5,1,0,40,60,1.1,100,0,0,0,0,0,0,0.02,0.02,0.2,1.25,0,0,0,200,50,0,0,200,200,50,0,0,0,0,0,0,0,0,0,0,0,0,0,1,0,0,0,0
280,7,cn-server-capture,1,0,1,0,0,2,2,1,1,0,1,100,3,0.678,2285,1825,2070,1415,10,24.6,5,5,0.2,0.2,0.2,3300,0.243,0.07,0.01,4300,3000,3000,4500,4000,3500,1.6455,1.494,1000,1000,2285,2285,0,0,1.5,1,0,40,60,1.1,100,0,0,0,0,0,0,0.02,0.02,0.2,1.25,0,0,0,200,50,0,0,200,200,50,0,0,0,0,0,0,0,0,0,0,0,0,0,1,0,0,0,0
281,4,cn-server-capture,1,0,1,0,0,2,2,1,0,0,1,100,3,0.687,2260,1835,2070,1415,10,24.05,5,5,0.2,0.2,0.2,2830,0.23500001,0.07,0.01,1,3000,3000,4500,4000,3500,1.4955,1.494,1000,1000,2260,2260,0,0,1.5,1,0,40,60,1.1,100,0,0,0,0,0,0,0.02,0.02,0.2,1.25,0,0,0,200,50,0,0,200,200,50,0,0,0,0,0,0,0,0,0,0,0,0,0,1,0,0,0,0
281,7,cn-server-capture,1,0,1,0,0,2,2,1,0,0,1,100,3,0.687,2260,1835,2070,1415,10,24.05,5,5,0.2,0.2,0.2,2830,0.23500001,0.07,0.01,4300,3000,3000,4500,4000,3500,1.4955,1.494,1000,1000,2260,2260,0,0,1.5,1,0,40,60,1.1,100,0,0,0,0,0,0,0.02,0.02,0.2,1.25,0,0,0,200,50,0,0,200,200,50,0,0,0,0,0,0,0,0,0,0,0,0,0,1,0,0,0,0
283,4,cn-server-capture,1,0,1,0,0,2,2,1,0,0,1,100,3,0.68,2290,1825,2070,1415,10,24.65,5,5,0.2,0.2,0.2,3200,0.23,0.07,0.01,1,3000,3000,4500,4000,3500,1.6155,1.494,1000,1000,2290,2290,0,0,1.5,1,0,40,60,1.1,100,0,0,0,0,0,0,0.02,0.02,0.2,1.25,0,0,0,200,50,0,0,200,200,50,0,0,0,0,0,0,0,0,0,0,0,0,0,1,0,0,0,0
283,7,cn-server-capture,1,0,1,0,0,2,2,1,0,0,1,100,3,0.68,2290,1825,2070,1415,10,24.65,5,5,0.2,0.2,0.2,3200,0.23,0.07,0.01,4300,3000,3000,4500,4000,3500,1.6155,1.494,1000,1000,2290,2290,0,0,1.5,1,0,40,60,1.1,100,0,0,0,0,0,0,0.02,0.02,0.2,1.25,0,0,0,200,50,0,0,200,200,50,0,0,0,0,0,0,0,0,0,0,0,0,0,1,0,0,0,0
285,4,cn-server-capture,1,0,1,0,0,2,2,1,1,0,1,100,3,0.68,2285,1825,2070,1415,10,24.25,5,5,0.2,0.2,0.2,3400,0.24000001,0.07,0.01,1,2800,3000,4050,4000,3500,1.6155,1.494,1000,1000,2285,2285,0,0,1.5,1,0,40,60,1.1,100,0,0,0,0,0,0,0.02,0.02,0.2,1.25,0,0,0,200,50,0,0,200,200,50,0,0,0,0,0,0,0,0,0,0,0,0,0,1,0,0,0,0
285,7,cn-server-capture,1,0,1,0,0,2,2,1,1,0,1,100,3,0.68,2285,1825,2070,1415,10,24.25,5,5,0.2,0.2,0.2,3400,0.24000001,0.07,0.01,3500,2800,3000,4050,4000,3500,1.6155,1.494,1000,1000,2285,2285,0,0,1.5,1,0,40,60,1.1,100,0,0,0,0,0,0,0.02,0.02,0.2,1.25,0,0,0,200,50,0,0,200,200,50,0,0,0,0,0,0,0,0,0,0,0,0,0,1,0,0,0,0
292,4,cn-server-capture,1,0,1,0,0,2,2,1,1,1,1,100,3,0.679,2288,1825,2070,1415,10,24.35,5,5,0.2,0.2,0.2,3700,0.24400002,0.07,0.01,1,2800,3000,4000,4000,3500,1.6155,1.494,1000,1000,2288,2288,0,0,1.5,1,0,40,60,1.1,100,0,0,0,0,0,0,0.02,0.02,0.2,1.25,0,0,0,200,50,0,0,200,200,50,0,0,0,0,0,0,0,0,0,0,0,0,0,1,0,0,0,0
292,7,cn-server-capture,1,0,1,0,0,2,2,1,1,1,1,100,3,0.679,2288,1825,2070,1415,10,24.35,5,5,0.2,0.2,0.2,3700,0.24400002,0.07,0.01,2800,2800,3000,4000,4000,3500,1.6155,1.494,1000,1000,2288,2288,0,0,1.5,1,0,40,60,1.1,100,0,0,0,0,0,0,0.02,0.02,0.2,1.25,0,0,0,200,50,0,0,200,200,50,0,0,0,0,0,0,0,0,0,0,0,0,0,1,0,0,0,0
295,4,cn-server-capture,1,0,1,0,0,2,2,1,1,0,1,100,3,0.68,2287,1825,2070,1415,10,24.55,5,5,0.2,0.2,0.2,3250,0.237,0.07,0.01,1,3000,3000,4500,4000,3500,1.6155,1.494,1000,1000,2287,2287,0,0,1.5,1,0,40,60,1.1,100,0,0,0,0,0,0,0.02,0.02,0.2,1.25,0,0,0,200,50,0,0,200,200,50,0,0,0,0,0,0,0,0,0,0,0,0,0,1,0,0,0,0
295,7,cn-server-capture,1,0,1,0,0,2,2,1,1,0,1,100,3,0.68,2287,1825,2070,1415,10,24.55,5,5,0.2,0.2,0.2,3250,0.237,0.07,0.01,4300,3000,3000,4500,4000,3500,1.6155,1.494,1000,1000,2287,2287,0,0,1.5,1,0,40,60,1.1,100,0,0,0,0,0,0,0.02,0.02,0.2,1.25,0,0,0,200,50,0,0,200,200,50,0,0,0,0,0,0,0,0,0,0,0,0,0,1,0,0,0,0
296,4,cn-server-capture,1,0,1,0,0,2,2,1,1,0,1,100,3,0.678,2285,1835,2070,1415,10,24.55,5,5,0.2,0.2,0.2,3200,0.238,0.07,0.01,1,3000,3000,4500,4000,3500,1.6255,1.494,1000,1000,2285,2285,0,0,1.5,1,0,40,60,1.1,100,0,0,0,0,0,0,0.02,0.02,0.2,1.25,0,0,0,200,50,0,0,200,200,50,0,0,0,0,0,0,0,0,0,0,0,0,0,1,0,0,0,0
296,7,cn-server-capture,1,0,1,0,0,2,2,1,1,0,1,100,3,0.678,2285,1835,2070,1415,10,24.55,5,5,0.2,0.2,0.2,3200,0.238,0.07,0.01,4300,3000,3000,4500,4000,3500,1.6255,1.494,1000,1000,2285,2285,0,0,1.5,1,0,40,60,1.1,100,0,0,0,0,0,0,0.02,0.02,0.2,1.25,0,0,0,200,50,0,0,200,200,50,0,0,0,0,0,0,0,0,0,0,0,0,0,1,0,0,0,0
297,4,cn-server-capture,1,0,1,0,0,2,2,1,1,0,1,100,3,0.678,2287,1825,2070,1415,10,24.5,5,5,0.2,0.2,0.2,3250,0.237,0.07,0.01,1,3000,3000,4500,4000,3500,1.6455,1.494,1000,1000,2287,2287,0,0,1.5,1,0,40,60,1.1,100,0,0,0,0,0,0,0.02,0.02,0.2,1.25,0,0,0,200,50,0,0,200,200,50,0,0,0,0,0,0,0,0,0,0,0,0,0,1,0,0,0,0
297,7,cn-server-capture,1,0,1,0,0,2,2,1,1,0,1,100,3,0.678,2287,1825,2070,1415,10,24.5,5,5,0.2,0.2,0.2,3250,0.237,0.07,0.01,4300,3000,3000,4500,4000,3500,1.6455,1.494,1000,1000,2287,2287,0,0,1.5,1,0,40,60,1.1,100,0,0,0,0,0,0,0.02,0.02,0.2,1.25,0,0,0,200,50,0,0,200,200,50,0,0,0,0,0,0,0,0,0,0,0,0,0,1,0,0,0,0
299,4,cn-server-capture,1,0,1,0,0,2,2,1,1,0,1,100,3,0.675,2293,1825,2070,1415,10,24.5,5,5,0.2,0.2,0.2,3300,0.24000001,0.07,0.01,1,3000,3000,4500,4000,3500,1.6455,1.494,1000,1000,2293,2293,0,0,1.5,1,0,40,60,1.1,100,0,0,0,0,0,0,0.02,0.02,0.2,1.25,0,0,0,200,50,0,0,200,200,50,0,0,0,0,0,0,0,0,0,0,0,0,0,1,0,0,0,0
299,7,cn-server-capture,1,0,1,0,0,2,2,1,1,0,1,100,3,0.675,2293,1825,2070,1415,10,24.5,5,5,0.2,0.2,0.2,3300,0.24000001,0.07,0.01,4300,3000,3000,4500,4000,3500,1.6455,1.494,1000,1000,2293,2293,0,0,1.5,1,0,40,60,1.1,100,0,0,0,0,0,0,0.02,0.02,0.2,1.25,0,0,0,200,50,0,0,200,200,50,0,0,0,0,0,0,0,0,0,0,0,0,0,1,0,0,0,0
301,4,cn-server-capture,1,0,1,0,0,2,2,1,0,0,1,100,3,0.68,2285,1825,2070,1415,10,24.4,5,5,0.2,0.2,0.2,3100,0.24100001,0.07,0.01,1,3000,3000,4500,4000,3500,1.4955,1.494,1000,1000,2285,2285,0,0,1.5,1,0,40,60,1.1,100,0,0,0,0,0,0,0.02,0.02,0.2,1.25,0,0,0,200,50,0,0,200,200,50,0,0,0,0,0,0,0,0,0,0,0,0,0,1,0,0,0,0
301,7,cn-server-capture,1,0,1,0,0,2,2,1,0,0,1,100,3,0.68,2285,1825,2070,1415,10,24.4,5,5,0.2,0.2,0.2,3100,0.24100001,0.07,0.01,4300,3000,3000,4500,4000,3500,1.4955,1.494,1000,1000,2285,2285,0,0,1.5,1,0,40,60,1.1,100,0,0,0,0,0,0,0.02,0.02,0.2,1.25,0,0,0,200,50,0,0,200,200,50,0,0,0,0,0,0,0,0,0,0,0,0,0,1,0,0,0,0
302,4,cn-server-capture,1,0,1,0,0,2,2,1,1,0,1,100,3,0.675,2295,1825,2070,1415,10,24.45,5,5,0.2,0.2,0.2,3400,0.25,0.07,0.01,1,3000,3000,4500,4000,3500,1.6754999,1.494,1000,1200,2295,2669.328,0,0,1.5,1,0,40,60,1.1,100,0,0,0,0,0,0,0.02,0.02,0.2,1.25,0,0,0,200,50,0,0,200,200,50,0,0,0,0,0,0,0,0,0,0,0,0,0,1,0,0,0,0
302,7,cn-server-capture,1,0,1,0,0,2,2,1,1,0,1,100,3,0.675,2295,1825,2070,1415,10,24.45,5,5,0.2,0.2,0.2,3400,0.25,0.07,0.01,4300,3000,3000,4500,4000,3500,1.6754999,1.494,1000,1200,2295,2669.328,0,0,1.5,1,0,40,60,1.1,100,0,0,0,0,0,0,0.02,0.02,0.2,1.25,0,0,0,200,50,0,0,200,200,50,0,0,0,0,0,0,0,0,0,0,0,0,0,1,0,0,0,0
303,4,cn-server-capture,1,0,1,0,0,2,2,1,1,0,1,100,3,0.678,2285,1835,2070,1415,10,24.55,5,5,0.2,0.2,0.2,3300,0.24200001,0.07,0.01,1,3000,3000,4500,4000,3500,1.6155,1.494,1000,1000,2285,2285,0,0,1.5,1,0,40,60,1.1,100,0,0,0,0,0,0,0.02,0.02,0.2,1.25,0,0,0,200,50,0,0,200,200,50,0,0,0,0,0,0,0,0,0,0,0,0,0,1,0,0,0,0
303,7,cn-server-capture,1,0,1,0,0,2,2,1,1,0,1,100,3,0.678,2285,1835,2070,1415,10,24.55,5,5,0.2,0.2,0.2,3300,0.24200001,0.07,0.01,4300,3000,3000,4500,4000,3500,1.6155,1.494,1000,1000,2285,2285,0,0,1.5,1,0,40,60,1.1,100,0,0,0,0,0,0,0.02,0.02,0.2,1.25,0,0,0,200,50,0,0,200,200,50,0,0,0,0,0,0,0,0,0,0,0,0,0,1,0,0,0,0
304,4,cn-server-capture,1,0,1,0,0,2,2,1,1,0,1,100,3,0.675,2295,1825,2070,1415,10,24.45,5,5,0.2,0.2,0.2,3500,0.25100002,0.07,0.01,1,3000,3000,4500,4000,3500,1.6754999,1.494,1000,1200,2295,2669.328,0,0,1.5,1,0,40,60,1.1,100,0,0,0,0,0,0,0.02,0.02,0.2,1.25,0,0,0,200,50,0,0,200,200,50,0,0,0,0,0,0,0,0,0,0,0,0,0,1,0,0,0,0
304,7,cn-server-capture,1,0,1,0,0,2,2,1,1,0,1,100,3,0.675,2295,1825,2070,1415,10,24.45,5,5,0.2,0.2,0.2,3500,0.25100002,0.07,0.01,4300,3000,3000,4500,4000,3500,1.6754999,1.494,1000,1200,2295,2669.328,0,0,1.5,1,0,40,60,1.1,100,0,0,0,0,0,0,0.02,0.02,0.2,1.25,0,0,0,200,50,0,0,200,200,50,0,0,0,0,0,0,0,0,0,0,0,0,0,1,0,0,0,0
306,4,cn-server-capture,1,0,1,0,0,2,3,1,1,0,1,100,3,0.682,2285,1835,2070,1415,10,24.55,5,5,0.2,0.2,0.2,3100,0.23900001,0.07,0.01,1,3000,3000,4500,4000,3500,1.5955,1.494,1000,1000,2285,2285,0,0,1.5,1,0,40,60,1.1,100,0,0,0,0,0,0,0.02,0.02,0.2,1.25,0,0,0,200,50,0,0,200,200,50,0,0,0,0,0,0,0,0,0,0,0,0,0,1,0,0,0,0
306,7,cn-server-capture,1,0,1,0,0,2,3,1,1,0,1,100,3,0.682,2285,1835,2070,1415,10,24.55,5,5,0.2,0.2,0.2,3100,0.23900001,0.07,0.01,4300,3000,3000,4500,4000,3500,1.5955,1.494,1000,1000,2285,2285,0,0,1.5,1,0,40,60,1.1,100,0,0,0,0,0,0,0.02,0.02,0.2,1.25,0,0,0,200,50,0,0,200,200,50,0,0,0,0,0,0,0,0,0,0,0,0,0,1,0,0,0,0
307,4,cn-server-capture,1,0,1,0,0,2,2,1,1,0,1,100,3,0.686,2280,1835,2070,1415,10,24.55,5,5,0.2,0.2,0.2,3100,0.236,0.07,0.01,1,3000,3000,4500,4000,3500,1.5955,1.494,1000,1000,2280,2280,0,0,1.5,1,0,40,60,1.1,100,0,0,0,0,0,0,0.02,0.02,0.2,1.25,0,0,0,200,50,0,0,200,200,50,0,0,0,0,0,0,0,0,0,0,0,0,0,1,0,0,0,0
307,7,cn-server-capture,1,0,1,0,0,2,2,1,1,0,1,100,3,0.686,2280,1835,2070,1415,10,24.55,5,5,0.2,0.2,0.2,3100,0.236,0.07,0.01,4300,3000,3000,4500,4000,3500,1.5955,1.494,1000,1000,2280,2280,0,0,1.5,1,0,40,60,1.1,100,0,0,0,0,0,0,0.02,0.02,0.2,1.25,0,0,0,200,50,0,0,200,200,50,0,0,0,0,0,0,0,0,0,0,0,0,0,1,0,0,0,0
308,4,cn-server-capture,1,0,1,0,0,2,2,2,1,0,1,100,3,0.6785,2288,1825,2070,1415,10,24.4,5,5,0.2,0.2,0.2,3200,0.24100001,0.07,0.01,1,3000,3000,4500,4000,3500,1.6155,1.494,1000,1000,2288,2288,0,0,1.5,1,0,40,60,1.1,100,0,0,0,0,0,0,0.02,0.02,0.2,1.25,0,0,0,200,50,0,0,200,200,50,0,0,0,0,0,0,0,0,0,0,0,0,0,1,0,0,0,0
308,7,cn-server-capture,1,0,1,0,0,2,2,2,1,0,1,100,3,0.6785,2288,1825,2070,1415,10,24.4,5,5,0.2,0.2,0.2,3200,0.24100001,0.07,0.01,4300,3000,3000,4500,4000,3500,1.6155,1.494,1000,1000,2288,2288,0,0,1.5,1,0,40,60,1.1,100,0,0,0,0,0,0,0.02,0.02,0.2,1.25,0,0,0,200,50,0,0,200,200,50,0,0,0,0,0,0,0,0,0,0,0,0,0,1,0,0,0,0
309,4,cn-server-capture,1,0,1,0,0,2,2,2,1,0,1,100,3,0.678,2291,1825,2070,1415,10,24.45,5,5,0.2,0.2,0.2,3350,0.245,0.07,0.01,1,3000,3000,4500,4000,3500,1.6754999,1.494,1200,1000,2664.528,2291,0,0,1.5,1,0,40,60,1.1,100,0,0,0,0,0,0,0.02,0.02,0.2,1.25,0,0,0,200,50,0,0,200,200,50,0,0,0,0,0,0,0,0,0,0,0,0,0,1,0,0,0,0
309,7,cn-server-capture,1,0,1,0,0,2,2,2,1,0,1,100,3,0.678,2291,1825,2070,1415,10,24.45,5,5,0.2,0.2,0.2,3350,0.245,0.07,0.01,4300,3000,3000,4500,4000,3500,1.6754999,1.494,1200,1000,2664.528,2291,0,0,1.5,1,0,40,60,1.1,100,0,0,0,0,0,0,0.02,0.02,0.2,1.25,0,0,0,200,50,0,0,200,200,50,0,0,0,0,0,0,0,0,0,0,0,0,0,1,0,0,0,0
310,4,cn-server-capture,1,0,1,0,0,2,2,1,1,0,1,100,3,0.678,2290,1835,2070,1415,10,24.45,5,5,0.2,0.2,0.2,3400,0.24400002,0.07,0.01,1,3000,3000,4500,4000,3500,1.6155,1.494,1000,1000,2290,2290,0,0,1.5,1,0,40,60,1.1,100,0,0,0,0,0,0,0.02,0.02,0.2,1.25,0,0,0,200,50,0,0,200,200,50,0,0,0,0,0,0,0,0,0,0,0,0,0,1,0,0,0,0
310,7,cn-server-capture,1,0,1,0,0,2,2,1,1,0,1,100,3,0.678,2290,1835,2070,1415,10,24.45,5,5,0.2,0.2,0.2,3400,0.24400002,0.07,0.01,4300,3000,3000,4500,4000,3500,1.6155,1.494,1000,1000,2290,2290,0,0,1.5,1,0,40,60,1.1,100,0,0,0,0,0,0,0.02,0.02,0.2,1.25,0,0,0,200,50,0,0,200,200,50,0,0,0,0,0,0,0,0,0,0,0,0,0,1,0,0,0,0
311,4,cn-server-capture,1,0,1,0,0,2,2,1,1,0,1,100,3,0.678,2300,1825,2070,1415,10,24.35,5,5,0.2,0.2,0.2,3700,0.246,0.07,0.01,1,3000,3000,4500,4000,3500,1.6855,1.494,1000,1200,2300,2783.125,0,0,1.5,1,0,40,60,1.1,100,0,0,0,0,0,0,0.02,0.02,0.2,1.25,0,0,0,200,50,0,0,200,200,50,0,0,0,0,0,0,0,0,0,0,0,0,0,1,0,0,0,0
311,7,cn-server-capture,1,0,1,0,0,2,2,1,1,0,1,100,3,0.678,2300,1825,2070,1415,10,24.35,5,5,0.2,0.2,0.2,3700,0.246,0.07,0.01,4300,3000,3000,4500,4000,3500,1.6855,1.494,1000,1200,2300,2783.125,0,0,1.5,1,0,40,60,1.1,100,0,0,0,0,0,0,0.02,0.02,0.2,1.25,0,0,0,200,50,0,0,200,200,50,0,0,0,0,0,0,0,0,0,0,0,0,0,1,0,0,0,0
312,4,cn-server-capture,1,0,1,0,0,2,2,1,1,0,1,100,3,0.682,2285,1835,2070,1415,10,24.35,5,5,0.2,0.2,0.2,3100,0.24000001,0.07,0.01,1,3000,3000,4500,4000,3500,1.6155,1.494,1000,1000,2285,2285,0,0,1.5,1,0,40,60,1.1,100,0,0,0,0,0,0,0.02,0.02,0.2,1.25,0,0,0,200,50,0,0,200,200,50,0,0,0,0,0,0,0,0,0,0,0,0,0,1,0,0,0,0
312,7,cn-server-capture,1,0,1,0,0,2,2,1,1,0,1,100,3,0.682,2285,1835,2070,1415,10,24.35,5,5,0.2,0.2,0.2,3100,0.24000001,0.07,0.01,4300,3000,3000,4500,4000,3500,1.6155,1.494,1000,1000,2285,2285,0,0,1.5,1,0,40,60,1.1,100,0,0,0,0,0,0,0.02,0.02,0.2,1.25,0,0,0,200,50,0,0,200,200,50,0,0,0,0,0,0,0,0,0,0,0,0,0,1,0,0,0,0
313,4,cn-server-capture,1,0,1,0,0,2,2,1,1,0,1,100,3,0.675,2296,1825,2070,1415,10,24.5,5,5,0.2,0.2,0.2,3500,0.25,0.07,0.01,1,2850,3000,4150,4000,3500,1.6754999,1.494,1000,1200,2296,2670.528,0,0,1.5,1,0,40,60,1.1,100,0,0,0,0,0,0,0.02,0.02,0.2,1.25,0,0,0,200,50,0,0,200,200,50,0,0,0,0,0,0,0,0,0,0,0,0,0,1,0,0,0,0
313,7,cn-server-capture,1,0,1,0,0,2,2,1,1,0,1,100,3,0.675,2296,1825,2070,1415,10,24.5,5,5,0.2,0.2,0.2,3500,0.25,0.07,0.01,3900,2850,3000,4150,4000,3500,1.6754999,1.494,1000,1200,2296,2670.528,0,0,1.5,1,0,40,60,1.1,100,0,0,0,0,0,0,0.02,0.02,0.2,1.25,0,0,0,200,50,0,0,200,200,50,0,0,0,0,0,0,0,0,0,0,0,0,0,1,0,0,0,0
315,4,cn-server-capture,1,0,1,0,0,2,2,2,1,0,1,100,3,0.675,2292,1825,2070,1415,10,24.85,5,5,0.2,0.2,0.2,3300,0.24400002,0.07,0.01,1,3000,3000,4500,4000,3500,1.6754999,1.494,1200,1000,2665.728,2292,0,0,1.5,1,0,40,60,1.1,100,0,0,0,0,0,0,0.02,0.02,0.2,1.25,0,0,0,200,50,0,0,200,200,50,0,0,0,0,0,0,0,0,0,0,0,0,0,1,0,0,0,0
315,7,cn-server-capture,1,0,1,0,0,2,2,2,1,0,1,100,3,0.675,2292,1825,2070,1415,10,24.85,5,5,0.2,0.2,0.2,3300,0.24400002,0.07,0.01,4300,3000,3000,4500,4000,3500,1.6754999,1.494,1200,1000,2665.728,2292,0,0,1.5,1,0,40,60,1.1,100,0,0,0,0,0,0,0.02,0.02,0.2,1.25,0,0,0,200,50,0,0,200,200,50,0,0,0,0,0,0,0,0,0,0,0,0,0,1,0,0,0,0
318,4,cn-server-capture,1,0,1,0,0,2,2,1,1,0,1,100,3,0.68,2290,1835,2070,1415,10,24.35,5,5,0.2,0.2,0.2,3400,0.25,0.07,0.01,1,3000,3000,4500,4000,3500,1.6155,1.494,1000,1000,2290,2290,0,0,1.5,1,0,40,60,1.1,100,0,0,0,0,0,0,0.02,0.02,0.2,1.25,0,0,0,200,50,0,0,200,200,50,0,0,0,0,0,0,0,0,0,0,0,0,0,1,0,0,0,0
318,7,cn-server-capture,1,0,1,0,0,2,2,1,1,0,1,100,3,0.68,2290,1835,2070,1415,10,24.35,5,5,0.2,0.2,0.2,3400,0.25,0.07,0.01,4300,3000,3000,4500,4000,3500,1.6155,1.494,1000,1000,2290,2290,0,0,1.5,1,0,40,60,1.1,100,0,0,0,0,0,0,0.02,0.02,0.2,1.25,0,0,0,200,50,0,0,200,200,50,0,0,0,0,0,0,0,0,0,0,0,0,0,1,0,0,0,0
319,4,cn-server-capture,1,0,1,0,0,2,2,2,1,0,1,100,3,0.677,2290,1835,2070,1415,10,24.55,5,5,0.2,0.2,0.2,3350,0.24700001,0.07,0.01,1,3000,3000,4500,4000,3500,1.6754999,1.494,1200,1000,2663.328,2290,0,0,1.5,1,0,40,60,1.1,100,0,0,0,0,0,0,0.02,0.02,0.2,1.25,0,0,0,200,50,0,0,200,200,50,0,0,0,0,0,0,0,0,0,0,0,0,0,1,0,0,0,0
319,7,cn-server-capture,1,0,1,0,0,2,2,2,1,0,1,100,3,0.677,2290,1835,2070,1415,10,24.55,5,5,0.2,0.2,0.2,3350,0.24700001,0.07,0.01,4300,3000,3000,4500,4000,3500,1.6754999,1.494,1200,1000,2663.328,2290,0,0,1.5,1,0,40,60,1.1,100,0,0,0,0,0,0,0.02,0.02,0.2,1.25,0,0,0,200,50,0,0,200,200,50,0,0,0,0,0,0,0,0,0,0,0,0,0,1,0,0,0,0
322,4,cn-server-capture,1,0,1,0,0,2,2,1,1,0,1,100,3,0.68,2290,1825,2070,1415,10,24.35,5,5,0.2,0.2,0.2,3200,0.245,0.07,0.01,1,3000,3000,4500,4000,3500,1.6554999,1.494,1200,1000,2663.328,2290,0,0,1.5,1,0,40,60,1.1,100,0,0,0,0,0,0,0.02,0.02,0.2,1.25,0,0,0,200,50,0,0,200,200,50,0,0,0,0,0,0,0,0,0,0,0,0,0,1,0,0,0,0
322,7,cn-server-capture,1,0,1,0,0,2,2,1,1,0,1,100,3,0.68,2290,1825,2070,1415,10,24.35,5,5,0.2,0.2,0.2,3200,0.245,0.07,0.01,4300,3000,3000,4500,4000,3500,1.6554999,1.494,1200,1000,2663.328,2290,0,0,1.5,1,0,40,60,1.1,100,0,0,0,0,0,0,0.02,0.02,0.2,1.25,0,0,0,200,50,0,0,200,200,50,0,0,0,0,0,0,0,0,0,0,0,0,0,1,0,0,0,0
324,4,cn-server-capture,1,0,1,0,0,2,2,1,1,0,1,100,3,0.685,2285,1835,2070,1415,10,24.5,5,5,0.2,0.2,0.2,3100,0.245,0.07,0.01,1,3000,3000,4500,4000,3500,1.5955,1.494,1000,1000,2285,2285,0,0,1.5,1,0,40,60,1.1,100,0,0,0,0,0,0,0.02,0.02,0.2,1.25,0,0,0,200,50,0,0,200,200,50,0,0,0,0,0,0,0,0,0,0,0,0,0,1,0,0,0,0
324,7,cn-server-capture,1,0,1,0,0,2,2,1,1,0,1,100,3,0.685,2285,1835,2070,1415,10,24.5,5,5,0.2,0.2,0.2,3100,0.245,0.07,0.01,4300,3000,3000,4500,4000,3500,1.5955,1.494,1000,1000,2285,2285,0,0,1.5,1,0,40,60,1.1,100,0,0,0,0,0,0,0.02,0.02,0.2,1.25,0,0,0,200,50,0,0,200,200,50,0,0,0,0,0,0,0,0,0,0,0,0,0,1,0,0,0,0
325,4,cn-server-capture,1,0,1,0,0,2,2,1,1,1,1,100,3,0.679,2285,1825,2070,1415,10,24.2,5,5,0.2,0.2,0.2,3600,0.243,0.07,0.01,1,2800,3000,4000,4000,3500,1.6155,1.494,1000,1000,2285,2285,0,0,1.5,1,0,40,60,1.1,100,0,0,0,0,0,0,0.02,0.02,0.2,1.25,0,0,0,200,50,0,0,200,200,50,0,0,0,0,0,0,0,0,0,0,0,0,0,1,0,0,0,0
325,7,cn-server-capture,1,0,1,0,0,2,2,1,1,1,1,100,3,0.679,2285,1825,2070,1415,10,24.2,5,5,0.2,0.2,0.2,3600,0.243,0.07,0.01,2800,2800,3000,4000,4000,3500,1.6155,1.494,1000,1000,2285,2285,0,0,1.5,1,0,40,60,1.1,100,0,0,0,0,0,0,0.02,0.02,0.2,1.25,0,0,0,200,50,0,0,200,200,50,0,0,0,0,0,0,0,0,0,0,0,0,0,1,0,0,0,0
326,4,cn-server-capture,1,0,1,0,0,2,2,1,1,1,1,100,3,0.677,2292,1825,2070,1415,10,24.45,5,5,0.2,0.2,0.2,3600,0.245,0.07,0.01,1,2800,3000,4000,4000,3500,1.6654999,1.494,1000,1200,2292,2665.728,0,0,1.5,1,0,40,60,1.1,100,0,0,0,0,0,0,0.02,0.02,0.2,1.25,0,0,0,200,50,0,0,200,200,50,0,0,0,0,0,0,0,0,0,0,0,0,0,1,0,0,0,0
326,7,cn-server-capture,1,0,1,0,0,2,2,1,1,1,1,100,3,0.677,2292,1825,2070,1415,10,24.45,5,5,0.2,0.2,0.2,3600,0.245,0.07,0.01,3100,2800,3000,4000,4000,3500,1.6654999,1.494,1000,1200,2292,2665.728,0,0,1.5,1,0,40,60,1.1,100,0,0,0,0,0,0,0.02,0.02,0.2,1.25,0,0,0,200,50,0,0,200,200,50,0,0,0,0,0,0,0,0,0,0,0,0,0,1,0,0,0,0
328,4,cn-server-capture,1,0,1,0,0,2,2,1,1,0,1,100,3,0.6785,2292,1835,2070,1415,10,24.45,5,5,0.2,0.2,0.2,3600,0.245,0.07,0.01,1,3000,3000,4500,4000,3500,1.6155,1.494,1000,1000,2292,2292,0,0,1.5,1,0,40,60,1.1,100,0,0,0,0,0,0,0.02,0.02,0.2,1.25,0,0,0,200,50,0,0,200,200,50,0,0,0,0,0,0,0,0,0,0,0,0,0,1,0,0,0,0
328,7,cn-server-capture,1,0,1,0,0,2,2,1,1,0,1,100,3,0.6785,2292,1835,2070,1415,10,24.45,5,5,0.2,0.2,0.2,3600,0.245,0.07,0.01,4300,3000,3000,4500,4000,3500,1.6155,1.494,1000,1000,2292,2292,0,0,1.5,1,0,40,60,1.1,100,0,0,0,0,0,0,0.02,0.02,0.2,1.25,0,0,0,200,50,0,0,200,200,50,0,0,0,0,0,0,0,0,0,0,0,0,0,1,0,0,0,0
329,4,cn-server-capture,1,0,1,0,0,2,2,1,1,0,1,100,3,0.675,2295,1835,2070,1415,10,24.4,5,5,0.2,0.2,0.2,3200,0.24200001,0.07,0.01,1,3000,3000,4500,4000,3500,1.6455,1.494,1000,1000,2295,2295,0,0,1.5,1,0,40,60,1.1,100,0,0,0,0,0,0,0.02,0.02,0.2,1.25,0,0,0,200,50,0,0,200,200,50,0,0,0,0,0,0,0,0,0,0,0,0,0,1,0,0,0,0
329,7,cn-server-capture,1,0,1,0,0,2,2,1,1,0,1,100,3,0.675,2295,1835,2070,1415,10,24.4,5,5,0.2,0.2,0.2,3200,0.24200001,0.07,0.01,4300,3000,3000,4500,4000,3500,1.6455,1.494,1000,1000,2295,2295,0,0,1.5,1,0,40,60,1.1,100,0,0,0,0,0,0,0.02,0.02,0.2,1.25,0,0,0,200,50,0,0,200,200,50,0,0,0,0,0,0,0,0,0,0,0,0,0,1,0,0,0,0
330,4,cn-server-capture,1,0,1,0,0,2,2,1,1,0,1,100,3,0.679,2285,1825,2070,1415,10,24.35,5,5,0.2,0.2,0.2,3100,0.24100001,0.07,0.01,1,3000,3000,4500,4000,3500,1.6155,1.494,1000,1000,2285,2285,0,0,1.5,1,0,40,60,1.1,100,0,0,0,0,0,0,0.02,0.02,0.2,1.25,0,0,0,200,50,0,0,200,200,50,0,0,0,0,0,0,0,0,0,0,0,0,0,1,0,0,0,0
330,7,cn-server-capture,1,0,1,0,0,2,2,1,1,0,1,100,3,0.679,2285,1825,2070,1415,10,24.35,5,5,0.2,0.2,0.2,3100,0.24100001,0.07,0.01,4300,3000,3000,4500,4000,3500,1.6155,1.494,1000,1000,2285,2285,0,0,1.5,1,0,40,60,1.1,100,0,0,0,0,0,0,0.02,0.02,0.2,1.25,0,0,0,200,50,0,0,200,200,50,0,0,0,0,0,0,0,0,0,0,0,0,0,1,0,0,0,0
332,4,cn-server-capture,1,0,1,0,0,2,2,1,1,0,1,100,3,0.6795,2285,1825,2070,1415,10,24.4,5,5,0.2,0.2,0.2,3200,0.24200001,0.07,0.01,1,3000,3000,4500,4000,3500,1.6155,1.494,1000,1000,2285,2285,0,0,1.5,1,0,40,60,1.1,100,0,0,0,0,0,0,0.02,0.02,0.2,1.25,0,0,0,200,50,0,0,200,200,50,0,0,0,0,0,0,0,0,0,0,0,0,0,1,0,0,0,0
332,7,cn-server-capture,1,0,1,0,0,2,2,1,1,0,1,100,3,0.6795,2285,1825,2070,1415,10,24.4,5,5,0.2,0.2,0.2,3200,0.24200001,0.07,0.01,4300,3000,3000,4500,4000,3500,1.6155,1.494,1000,1000,2285,2285,0,0,1.5,1,0,40,60,1.1,100,0,0,0,0,0,0,0.02,0.02,0.2,1.25,0,0,0,200,50,0,0,200,200,50,0,0,0,0,0,0,0,0,0,0,0,0,0,1,0,0,0,0
333,4,cn-server-capture,1,0,1,0,0,2,2,1,1,0,1,100,3,0.6795,2285,1825,2070,1415,10,24.35,5,5,0.2,0.2,0.2,3100,0.24100001,0.07,0.01,1,3000,3000,4500,4000,3500,1.6155,1.494,1000,1000,2285,2285,0,0,1.5,1,0,40,60,1.1,100,0,0,0,0,0,0,0.02,0.02,0.2,1.25,0,0,0,200,50,0,0,200,200,50,0,0,0,0,0,0,0,0,0,0,0,0,0,1,0,0,0,0
333,7,cn-server-capture,1,0,1,0,0,2,2,1,1,0,1,100,3,0.6795,2285,1825,2070,1415,10,24.35,5,5,0.2,0.2,0.2,3100,0.24100001,0.07,0.01,4300,3000,3000,4500,4000,3500,1.6155,1.494,1000,1000,2285,2285,0,0,1.5,1,0,40,60,1.1,100,0,0,0,0,0,0,0.02,0.02,0.2,1.25,0,0,0,200,50,0,0,200,200,50,0,0,0,0,0,0,0,0,0,0,0,0,0,1,0,0,0,0
334,4,cn-server-capture,1,0,1,0,0,2,2,1,1,0,1,100,3,0.679,2290,1825,2070,1415,10,24.35,5,5,0.2,0.2,0.2,3200,0.24200001,0.07,0.01,1,3000,3000,4500,4000,3500,1.6155,1.494,1000,1000,2290,2290,0,0,1.5,1,0,40,60,1.1,100,0,0,0,0,0,0,0.02,0.02,0.2,1.25,0,0,0,200,50,0,0,200,200,50,0,0,0,0,0,0,0,0,0,0,0,0,0,1,0,0,0,0
334,7,cn-server-capture,1,0,1,0,0,2,2,1,1,0,1,100,3,0.679,2290,1825,2070,1415,10,24.35,5,5,0.2,0.2,0.2,3200,0.24200001,0.07,0.01,4300,3000,3000,4500,4000,3500,1.6155,1.494,1000,1000,2290,2290,0,0,1.5,1,0,40,60,1.1,100,0,0,0,0,0,0,0.02,0.02,0.2,1.25,0,0,0,200,50,0,0,200,200,50,0,0,0,0,0,0,0,0,0,0,0,0,0,1,0,0,0,0
335,4,cn-server-capture,1,0,1,0,0,2,2,1,1,1,1,100,3,0.68,2282,1825,2070,1415,10,24.25,5,5,0.2,0.2,0.2,3600,0.245,0.07,0.01,1,2800,3000,4000,4000,3500,1.6155,1.494,1000,1000,2282,2282,0,0,1.5,1,0,40,60,1.1,100,0,0,0,0,0,0,0.02,0.02,0.2,1.25,0,0,0,200,50,0,0,200,200,50,0,0,0,0,0,0,0,0,0,0,0,0,0,1,0,0,0,0
335,7,cn-server-capture,1,0,1,0,0,2,2,1,1,1,1,100,3,0.68,2282,1825,2070,1415,10,24.25,5,5,0.2,0.2,0.2,3600,0.245,0.07,0.01,2800,2800,3000,4000,4000,3500,1.6155,1.494,1000,1000,2282,2282,0,0,1.5,1,0,40,60,1.1,100,0,0,0,0,0,0,0.02,0.02,0.2,1.25,0,0,0,200,50,0,0,200,200,50,0,0,0,0,0,0,0,0,0,0,0,0,0,1,0,0,0,0
336,4,cn-server-capture,1,0,1,0,0,2,2,1,1,0,1,100,3,0.679,2285,1825,2070,1415,10,24.35,5,5,0.2,0.2,0.2,3100,0.24100001,0.07,0.01,1,3000,3000,4500,4000,3500,1.6155,1.494,1000,1000,2285,2285,0,0,1.5,1,0,40,60,1.1,100,0,0,0,0,0,0,0.02,0.02,0.2,1.25,0,0,0,200,50,0,0,200,200,50,0,0,0,0,0,0,0,0,0,0,0,0,0,1,0,0,0,0
336,7,cn-server-capture,1,0,1,0,0,2,2,1,1,0,1,100,3,0.679,2285,1825,2070,1415,10,24.35,5,5,0.2,0.2,0.2,3100,0.24100001,0.07,0.01,4300,3000,3000,4500,4000,3500,1.6155,1.494,1000,1000,2285,2285,0,0,1.5,1,0,40,60,1.1,100,0,0,0,0,0,0,0.02,0.02,0.2,1.25,0,0,0,200,50,0,0,200,200,50,0,0,0,0,0,0,0,0,0,0,0,0,0,1,0,0,0,0
337,4,cn-server-capture,1,0,1,0,0,2,2,1,1,0,1,100,3,0.678,2290,1825,2070,1415,10,24.45,5,5,0.2,0.2,0.2,3100,0.24200001,0.07,0.01,1,3000,3000,4500,4000,3500,1.6155,1.494,1000,1000,2290,2290,0,0,1.5,1,0,40,60,1.1,100,0,0,0,0,0,0,0.02,0.02,0.2,1.25,0,0,0,200,50,0,0,200,200,50,0,0,0,0,0,0,0,0,0,0,0,0,0,1,0,0,0,0
337,7,cn-server-capture,1,0,1,0,0,2,2,1,1,0,1,100,3,0.678,2290,1825,2070,1415,10,24.45,5,5,0.2,0.2,0.2,3100,0.24200001,0.07,0.01,4300,3000,3000,4500,4000,3500,1.6155,1.494,1000,1000,2290,2290,0,0,1.5,1,0,40,60,1.1,100,0,0,0,0,0,0,0.02,0.02,0.2,1.25,0,0,0,200,50,0,0,200,200,50,0,0,0,0,0,0,0,0,0,0,0,0,0,1,0,0,0,0
338,4,cn-server-capture,1,0,1,0,0,2,2,1,1,0,1,100,3,0.675,2295,1835,2070,1415,10,24.47,5,5,0.2,0.2,0.2,3300,0.24100001,0.07,0.01,1,3000,3000,4500,4000,3500,1.6455,1.494,1000,1000,2295,2295,0,0,1.5,1,0,40,60,1.1,100,0,0,0,0,0,0,0.02,0.02,0.2,1.25,0,0,0,200,50,0,0,200,200,50,0,0,0,0,0,0,0,0,0,0,0,0,0,1,0,0,0,0
338,7,cn-server-capture,1,0,1,0,0,2,2,1,1,0,1,100,3,0.675,2295,1835,2070,1415,10,24.47,5,5,0.2,0.2,0.2,3300,0.24100001,0.07,0.01,4300,3000,3000,4500,4000,3500,1.6455,1.494,1000,1000,2295,2295,0,0,1.5,1,0,40,60,1.1,100,0,0,0,0,0,0,0.02,0.02,0.2,1.25,0,0,0,200,50,0,0,200,200,50,0,0,0,0,0,0,0,0,0,0,0,0,0,1,0,0,0,0
339,4,cn-server-capture,1,0,1,0,0,2,2,1,1,0,1,100,3,0.688,2255,1835,2070,1415,10,23.85,5,5,0.2,0.2,0.2,2900,0.22,0.07,0.01,1,3000,3000,4500,4000,3500,1.5955,1.494,1000,1000,2255,2255,0,0,1.5,1,0,40,60,1.1,100,0,0,0,0,0,0,0.02,0.02,0.2,1.25,0,0,0,200,50,0,0,200,200,50,0,0,0,0,0,0,0,0,0,0,0,0,0,1,0,0,0,0
339,7,cn-server-capture,1,0,1,0,0,2,2,1,1,0,1,100,3,0.688,2255,1835,2070,1415,10,23.85,5,5,0.2,0.2,0.2,2900,0.22,0.07,0.01,4300,3000,3000,4500,4000,3500,1.5955,1.494,1000,1000,2255,2255,0,0,1.5,1,0,40,60,1.1,100,0,0,0,0,0,0,0.02,0.02,0.2,1.25,0,0,0,200,50,0,0,200,200,50,0,0,0,0,0,0,0,0,0,0,0,0,0,1,0,0,0,0
340,4,cn-server-capture,1,0,1,0,0,2,2,1,1,0,1,100,3,0.6785,2295,1835,2070,1415,10,24.4,5,5,0.2,0.2,0.2,3300,0.2415,0.07,0.01,1,3000,3000,4500,4000,3500,1.6155,1.494,1000,1000,2295,2295,0,0,1.5,1,0,40,60,1.1,100,0,0,0,0,0,0,0.02,0.02,0.2,1.25,0,0,0,200,50,0,0,200,200,50,0,0,0,0,0,0,0,0,0,0,0,0,0,1,0,0,0,0
340,7,cn-server-capture,1,0,1,0,0,2,2,1,1,0,1,100,3,0.6785,2295,1835,2070,1415,10,24.4,5,5,0.2,0.2,0.2,3300,0.2415,0.07,0.01,4300,3000,3000,4500,4000,3500,1.6155,1.494,1000,1000,2295,2295,0,0,1.5,1,0,40,60,1.1,100,0,0,0,0,0,0,0.02,0.02,0.2,1.25,0,0,0,200,50,0,0,200,200,50,0,0,0,0,0,0,0,0,0,0,0,0,0,1,0,0,0,0
341,4,cn-server-capture,1,0,1,0,0,2,2,1,0,0,1,100,3,0.6985,2230,1810,2070,1415,10,23.35,5,5,0.2,0.2,0.2,2730,0.21100001,0.07,0.01,1,3000,3000,4500,4000,3500,1.4955,1.494,1000,1000,2230,2230,0,0,1.5,1,0,40,60,1.1,100,0,0,0,0,0,0,0.02,0.02,0.2,1.25,0,0,0,200,50,0,0,200,200,50,0,0,0,0,0,0,0,0,0,0,0,0,0,1,0,0,0,0
341,7,cn-server-capture,1,0,1,0,0,2,2,1,0,0,1,100,3,0.6985,2230,1810,2070,1415,10,23.35,5,5,0.2,0.2,0.2,2730,0.21100001,0.07,0.01,4300,3000,3000,4500,4000,3500,1.4955,1.494,1000,1000,2230,2230,0,0,1.5,1,0,40,60,1.1,100,0,0,0,0,0,0,0.02,0.02,0.2,1.25,0,0,0,200,50,0,0,200,200,50,0,0,0,0,0,0,0,0,0,0,0,0,0,1,0,0,0,0
342,4,cn-server-capture,1,0,1,0,0,2,2,2,1,0,1,100,3,0.679,2290,1825,2070,1415,10,24.45,5,5,0.2,0.2,0.2,3200,0.24100001,0.07,0.01,1,3000,3000,4500,4000,3500,1.6155,1.494,1000,1000,2290,2290,0,0,1.5,1,0,40,60,1.1,100,0,0,0,0,0,0,0.02,0.02,0.2,1.25,0,0,0,200,50,0,0,200,200,50,0,0,0,0,0,0,0,0,0,0,0,0,0,1,0,0,0,0
342,7,cn-server-capture,1,0,1,0,0,2,2,2,1,0,1,100,3,0.679,2290,1825,2070,1415,10,24.45,5,5,0.2,0.2,0.2,3200,0.24100001,0.07,0.01,4300,3000,3000,4500,4000,3500,1.6155,1.494,1000,1000,2290,2290,0,0,1.5,1,0,40,60,1.1,100,0,0,0,0,0,0,0.02,0.02,0.2,1.25,0,0,0,200,50,0,0,200,200,50,0,0,0,0,0,0,0,0,0,0,0,0,0,1,0,0,0,0
343,4,cn-server-capture,1,0,1,0,0,2,2,1,0,0,1,100,3,0.699,2225,1800,2070,1415,10,23.35,5,5,0.2,0.2,0.2,2730,0.21100001,0.07,0.01,1,3000,3000,4500,4000,3500,1.4955,1.494,1000,1000,2225,2225,0,0,1.5,1,0,40,60,1.1,100,0,0,0,0,0,0,0.02,0.02,0.2,1.25,0,0,0,200,50,0,0,200,200,50,0,0,0,0,0,0,0,0,0,0,0,0,0,1,0,0,0,0
343,7,cn-server-capture,1,0,1,0,0,2,2,1,0,0,1,100,3,0.699,2225,1800,2070,1415,10,23.35,5,5,0.2,0.2,0.2,2730,0.21100001,0.07,0.01,4300,3000,3000,4500,4000,3500,1.4955,1.494,1000,1000,2225,2225,0,0,1.5,1,0,40,60,1.1,100,0,0,0,0,0,0,0.02,0.02,0.2,1.25,0,0,0,200,50,0,0,200,200,50,0,0,0,0,0,0,0,0,0,0,0,0,0,1,0,0,0,0
344,4,cn-server-capture,1,0,1,0,0,2,2,1,1,0,1,100,3,0.678,2293,1825,2070,1415,10,24.5,5,5,0.2,0.2,0.2,3100,0.24100001,0.07,0.01,1,3000,3000,4500,4000,3500,1.6155,1.494,1000,1000,2293,2293,0,0,1.5,1,0,40,60,1.1,100,0,0,0,0,0,0,0.02,0.02,0.2,1.25,0,0,0,200,50,0,0,200,200,50,0,0,0,0,0,0,0,0,0,0,0,0,0,1,0,0,0,0
344,7,cn-server-capture,1,0,1,0,0,2,2,1,1,0,1,100,3,0.678,2293,1825,2070,1415,10,24.5,5,5,0.2,0.2,0.2,3100,0.24100001,0.07,0.01,4300,3000,3000,4500,4000,3500,1.6155,1.494,1000,1000,2293,2293,0,0,1.5,1,0,40,60,1.1,100,0,0,0,0,0,0,0.02,0.02,0.2,1.25,0,0,0,200,50,0,0,200,200,50,0,0,0,0,0,0,0,0,0,0,0,0,0,1,0,0,0,0
345,4,cn-server-capture,1,0,1,0,0,2,2,1,1,0,1,100,3,0.678,2295,1825,2070,1415,10,24.55,5,5,0.2,0.2,0.2,3100,0.24000001,0.07,0.01,1,3000,3000,4500,4000,3500,1.6155,1.494,1000,1000,2295,2295,0,0,1.5,1,0,40,60,1.1,100,0,0,0,0,0,0,0.02,0.02,0.2,1.25,0,0,0,200,50,0,0,200,200,50,0,0,0,0,0,0,0,0,0,0,0,0,0,1,0,0,0,0
345,7,cn-server-capture,1,0,1,0,0,2,2,1,1,0,1,100,3,0.678,2295,1825,2070,1415,10,24.55,5,5,0.2,0.2,0.2,3100,0.24000001,0.07,0.01,4300,3000,3000,4500,4000,3500,1.6155,1.494,1000,1000,2295,2295,0,0,1.5,1,0,40,60,1.1,100,0,0,0,0,0,0,0.02,0.02,0.2,1.25,0,0,0,200,50,0,0,200,200,50,0,0,0,0,0,0,0,0,0,0,0,0,0,1,0,0,0,0
346,4,cn-server-capture,1,0,1,0,0,2,2,1,1,0,1,100,3,0.678,2295,1825,2070,1415,10,24.55,5,5,0.2,0.2,0.2,3200,0.24100001,0.07,0.01,1,3000,3000,4500,4000,3500,1.6155,1.494,1000,1000,2295,2295,0,0,1.5,1,0,40,60,1.1,100,0,0,0,0,0,0,0.02,0.02,0.2,1.25,0,0,0,200,50,0,0,200,200,50,0,0,0,0,0,0,0,0,0,0,0,0,0,1,0,0,0,0
346,7,cn-server-capture,1,0,1,0,0,2,2,1,1,0,1,100,3,0.678,2295,1825,2070,1415,10,24.55,5,5,0.2,0.2,0.2,3200,0.24100001,0.07,0.01,4300,3000,3000,4500,4000,3500,1.6155,1.494,1000,1000,2295,2295,0,0,1.5,1,0,40,60,1.1,100,0,0,0,0,0,0,0.02,0.02,0.2,1.25,0,0,0,200,50,0,0,200,200,50,0,0,0,0,0,0,0,0,0,0,0,0,0,1,0,0,0,0
347,4,cn-server-capture,1,0,1,0,0,2,2,1,1,0,1,100,3,0.6775,2295,1825,2070,1415,10,24.55,5,5,0.2,0.2,0.2,3200,0.24200001,0.07,0.01,1,3000,3000,4500,4000,3500,1.6155,1.494,1000,1000,2295,2295,0,0,1.5,1,0,40,60,1.1,100,0,0,0,0,0,0,0.02,0.02,0.2,1.25,0,0,0,200,50,0,0,200,200,50,0,0,0,0,0,0,0,0,0,0,0,0,0,1,0,0,0,0
347,7,cn-server-capture,1,0,1,0,0,2,2,1,1,0,1,100,3,0.6775,2295,1825,2070,1415,10,24.55,5,5,0.2,0.2,0.2,3200,0.24200001,0.07,0.01,4300,3000,3000,4500,4000,3500,1.6155,1.494,1000,1000,2295,2295,0,0,1.5,1,0,40,60,1.1,100,0,0,0,0,0,0,0.02,0.02,0.2,1.25,0,0,0,200,50,0,0,200,200,50,0,0,0,0,0,0,0,0,0,0,0,0,0,1,0,0,0,0
348,4,cn-server-capture,1,0,1,0,0,2,2,1,1,0,1,100,3,0.678,2290,1825,2070,1415,10,24.45,5,5,0.2,0.2,0.2,3200,0.24200001,0.07,0.01,1,3000,3000,4500,4000,3500,1.6155,1.494,1000,1000,2290,2290,0,0,1.5,1,0,40,60,1.1,100,0,0,0,0,0,0,0.02,0.02,0.2,1.25,0,0,0,200,50,0,0,200,200,50,0,0,0,0,0,0,0,0,0,0,0,0,0,1,0,0,0,0
348,7,cn-server-capture,1,0,1,0,0,2,2,1,1,0,1,100,3,0.678,2290,1825,2070,1415,10,24.45,5,5,0.2,0.2,0.2,3200,0.24200001,0.07,0.01,4300,3000,3000,4500,4000,3500,1.6155,1.494,1000,1000,2290,2290,0,0,1.5,1,0,40,60,1.1,100,0,0,0,0,0,0,0.02,0.02,0.2,1.25,0,0,0,200,50,0,0,200,200,50,0,0,0,0,0,0,0,0,0,0,0,0,0,1,0,0,0,0
354,4,cn-server-capture,1,0,1,0,0,2,2,1,1,0,1,100,3,0.675,2293,1825,2070,1415,10,24.55,5,5,0.2,0.2,0.2,3500,0.246,0.07,0.01,1,3000,3000,4500,4000,3500,1.6754999,1.494,1000,1200,2293,2666.928,0,0,1.5,1,0,40,60,1.1,100,0,0,0,0,0,0,0.02,0.02,0.2,1.25,0,0,0,200,50,0,0,200,200,50,0,0,0,0,0,0,0,0,0,0,0,0,0,1,0,0,0,0
354,7,cn-server-capture,1,0,1,0,0,2,2,1,1,0,1,100,3,0.675,2293,1825,2070,1415,10,24.55,5,5,0.2,0.2,0.2,3500,0.246,0.07,0.01,4300,3000,3000,4500,4000,3500,1.6754999,1.494,1000,1200,2293,2666.928,0,0,1.5,1,0,40,60,1.1,100,0,0,0,0,0,0,0.02,0.02,0.2,1.25,0,0,0,200,50,0,0,200,200,50,0,0,0,0,0,0,0,0,0,0,0,0,0,1,0,0,0,0
355,4,cn-server-capture,1,0,1,0,0,2,2,1,1,0,1,100,3,0.675,2294,1825,2070,1415,10,24.55,5,5,0.2,0.2,0.2,3500,0.246,0.07,0.01,1,3000,3000,4500,4000,3500,1.6754999,1.494,1000,1200,2294,2668.128,0,0,1.5,1,0,40,60,1.1,100,0,0,0,0,0,0,0.02,0.02,0.2,1.25,0,0,0,200,50,0,0,200,200,50,0,0,0,0,0,0,0,0,0,0,0,0,0,1,0,0,0,0
355,7,cn-server-capture,1,0,1,0,0,2,2,1,1,0,1,100,3,0.675,2294,1825,2070,1415,10,24.55,5,5,0.2,0.2,0.2,3500,0.246,0.07,0.01,4300,3000,3000,4500,4000,3500,1.6754999,1.494,1000,1200,2294,2668.128,0,0,1.5,1,0,40,60,1.1,100,0,0,0,0,0,0,0.02,0.02,0.2,1.25,0,0,0,200,50,0,0,200,200,50,0,0,0,0,0,0,0,0,0,0,0,0,0,1,0,0,0,0
356,4,cn-server-capture,1,0,1,0,0,2,2,1,1,0,1,100,3,0.6775,2290,1825,2070,1415,10,24.45,5,5,0.2,0.2,0.2,3500,0.245,0.07,0.01,1,3000,3000,4500,4000,3500,1.6754999,1.494,1000,1200,2290,2231.2,0,0,1.5,1,0,40,60,1.1,100,0,0,0,0,0,0,0.02,0.02,0.2,1.25,0,0,0,200,50,0,0,200,200,50,0,0,0,0,0,0,0,0,0,0,0,0,0,1,0,0,0,0
356,7,cn-server-capture,1,0,1,0,0,2,2,1,1,0,1,100,3,0.6775,2290,1825,2070,1415,10,24.45,5,5,0.2,0.2,0.2,3500,0.245,0.07,0.01,4300,3000,3000,4500,4000,3500,1.6754999,1.494,1000,1200,2290,2231.2,0,0,1.5,1,0,40,60,1.1,100,0,0,0,0,0,0,0.02,0.02,0.2,1.25,0,0,0,200,50,0,0,200,200,50,0,0,0,0,0,0,0,0,0,0,0,0,0,1,0,0,0,0
357,4,cn-server-capture,1,0,1,0,0,2,2,1,1,0,1,100,3,0.674,2303,1815,2070,1415,10,24.45,5,5,0.2,0.2,0.2,3900,0.26700002,0.07,0.01,1,2850,3000,4150,4000,3500,1.7055,1.494,1000,1200,2303,2894.528,0,0,1.5,1,0,40,60,1.1,100,0,0,0,0,0,0,0.02,0.02,0.2,1.25,0,0,0,200,50,0,0,200,200,50,0,0,0,0,0,0,0,0,0,0,0,0,0,1,0,0,0,0
357,7,cn-server-capture,1,0,1,0,0,2,2,1,1,0,1,100,3,0.674,2303,1815,2070,1415,10,24.45,5,5,0.2,0.2,0.2,3900,0.26700002,0.07,0.01,3900,2850,3000,4150,4000,3500,1.7055,1.494,1000,1200,2303,2894.528,0,0,1.5,1,0,40,60,1.1,100,0,0,0,0,0,0,0.02,0.02,0.2,1.25,0,0,0,200,50,0,0,200,200,50,0,0,0,0,0,0,0,0,0,0,0,0,0,1,0,0,0,0
359,4,cn-server-capture,1,0,1,0,0,2,2,1,1,0,1,100,3,0.676,2301,1825,2070,1415,10,24.35,5,5,0.2,0.2,0.2,3500,0.243,0.07,0.01,1,2900,3000,4300,4000,3500,1.6855,1.494,1000,1200,2301,2676.528,0,0,1.5,1,0,40,60,1.1,100,0,0,0,0,0,0,0.02,0.02,0.2,1.25,0,0,0,200,50,0,0,200,200,50,0,0,0,0,0,0,0,0,0,0,0,0,0,1,0,0,0,0
359,7,cn-server-capture,1,0,1,0,0,2,2,1,1,0,1,100,3,0.676,2301,1825,2070,1415,10,24.35,5,5,0.2,0.2,0.2,3500,0.243,0.07,0.01,4300,2900,3000,4300,4000,3500,1.6855,1.494,1000,1200,2301,2676.528,0,0,1.5,1,0,40,60,1.1,100,0,0,0,0,0,0,0.02,0.02,0.2,1.25,0,0,0,200,50,0,0,200,200,50,0,0,0,0,0,0,0,0,0,0,0,0,0,1,0,0,0,0
361,4,cn-server-capture,1,0,1,0,0,2,2,1,1,0,1,100,3,0.675,2295,1845,2070,1415,10,24.5,5,5,0.2,0.2,0.2,3700,0.255,0.07,0.01,1,3000,3000,4500,4000,3500,1.6754999,1.494,1000,1200,2295,2669.328,0,0,1.5,1,0,40,60,1.1,100,0,0,0,0,0,0,0.02,0.02,0.2,1.25,0,0,0,200,50,0,0,200,200,50,0,0,0,0,0,0,0,0,0,0,0,0,0,1,0,0,0,0
361,7,cn-server-capture,1,0,1,0,0,2,2,1,1,0,1,100,3,0.675,2295,1845,2070,1415,10,24.5,5,5,0.2,0.2,0.2,3700,0.255,0.07,0.01,4300,3000,3000,4500,4000,3500,1.6754999,1.494,1000,1200,2295,2669.328,0,0,1.5,1,0,40,60,1.1,100,0,0,0,0,0,0,0.02,0.02,0.2,1.25,0,0,0,200,50,0,0,200,200,50,0,0,0,0,0,0,0,0,0,0,0,0,0,1,0,0,0,0
362,4,cn-server-capture,1,0,1,0,0,2,2,2,1,0,1,100,3,0.679,2290,1825,2070,1415,10,24.55,5,5,0.2,0.2,0.2,3200,0.245,0.07,0.01,1,3000,3000,4500,4000,3500,1.6754999,1.494,1200,1000,2663.328,2290,0,0,1.5,1,0,40,60,1.1,100,0,0,0,0,0,0,0.02,0.02,0.2,1.25,0,0,0,200,50,0,0,200,200,50,0,0,0,0,0,0,0,0,0,0,0,0,0,1,0,0,0,0
362,7,cn-server-capture,1,0,1,0,0,2,2,2,1,0,1,100,3,0.679,2290,1825,2070,1415,10,24.55,5,5,0.2,0.2,0.2,3200,0.245,0.07,0.01,4300,3000,3000,4500,4000,3500,1.6754999,1.494,1200,1000,2663.328,2290,0,0,1.5,1,0,40,60,1.1,100,0,0,0,0,0,0,0.02,0.02,0.2,1.25,0,0,0,200,50,0,0,200,200,50,0,0,0,0,0,0,0,0,0,0,0,0,0,1,0,0,0,0
363,4,cn-server-capture,1,0,1,0,0,2,2,2,1,0,1,100,3,0.678,2290,1835,2070,1415,10,24.65,5,5,0.2,0.2,0.2,3300,0.243,0.07,0.01,1,3000,3000,4500,4000,3500,1.6754999,1.494,1200,1000,2663.328,2290,0,0,1.5,1,0,40,60,1.1,100,0,0,0,0,0,0,0.02,0.02,0.2,1.25,0,0,0,200,50,0,0,200,200,50,0,0,0,0,0,0,0,0,0,0,0,0,0,1,0,0,0,0
363,7,cn-server-capture,1,0,1,0,0,2,2,2,1,0,1,100,3,0.678,2290,1835,2070,1415,10,24.65,5,5,0.2,0.2,0.2,3300,0.243,0.07,0.01,4300,3000,3000,4500,4000,3500,1.6754999,1.494,1200,1000,2663.328,2290,0,0,1.5,1,0,40,60,1.1,100,0,0,0,0,0,0,0.02,0.02,0.2,1.25,0,0,0,200,50,0,0,200,200,50,0,0,0,0,0,0,0,0,0,0,0,0,0,1,0,0,0,0
364,4,cn-server-capture,1,0,1,0,0,2,2,2,1,0,1,100,3,0.676,2294,1825,2070,1415,10,24.75,5,5,0.2,0.2,0.2,3350,0.24700001,0.07,0.01,1,3000,3000,4500,4000,3500,1.6754999,1.494,1200,1000,2668.128,2294,0,0,1.5,1,0,40,60,1.1,100,0,0,0,0,0,0,0.02,0.02,0.2,1.25,0,0,0,200,50,0,0,200,200,50,0,0,0,0,0,0,0,0,0,0,0,0,0,1,0,0,0,0
364,7,cn-server-capture,1,0,1,0,0,2,2,2,1,0,1,100,3,0.676,2294,1825,2070,1415,10,24.75,5,5,0.2,0.2,0.2,3350,0.24700001,0.07,0.01,4300,3000,3000,4500,4000,3500,1.6754999,1.494,1200,1000,2668.128,2294,0,0,1.5,1,0,40,60,1.1,100,0,0,0,0,0,0,0.02,0.02,0.2,1.25,0,0,0,200,50,0,0,200,200,50,0,0,0,0,0,0,0,0,0,0,0,0,0,1,0,0,0,0
367,4,cn-server-capture,1,0,1,0,0,2,2,2,1,0,1,100,3,0.676,2293,1825,2070,1415,10,24.55,5,5,0.2,0.2,0.2,3300,0.24700001,0.07,0.01,1,3000,3000,4500,4000,3500,1.6754999,1.494,1200,1000,2666.928,2293,0,0,1.5,1,0,40,60,1.1,100,0,0,0,0,0,0,0.02,0.02,0.2,1.25,0,0,0,200,50,0,0,200,200,50,0,0,0,0,0,0,0,0,0,0,0,0,0,1,0,0,0,0
367,7,cn-server-capture,1,0,1,0,0,2,2,2,1,0,1,100,3,0.676,2293,1825,2070,1415,10,24.55,5,5,0.2,0.2,0.2,3300,0.24700001,0.07,0.01,4300,3000,3000,4500,4000,3500,1.6754999,1.494,1200,1000,2666.928,2293,0,0,1.5,1,0,40,60,1.1,100,0,0,0,0,0,0,0.02,0.02,0.2,1.25,0,0,0,200,50,0,0,200,200,50,0,0,0,0,0,0,0,0,0,0,0,0,0,1,0,0,0,0
369,4,cn-server-capture,1,0,1,0,0,2,2,1,1,0,1,100,3,0.675,2293,1825,2070,1415,10,24.5,5,5,0.2,0.2,0.2,3600,0.25100002,0.07,0.01,1,3000,3000,4500,4000,3500,1.6754999,1.494,1000,1200,2293,2666.928,0,0,1.5,1,0,40,60,1.1,100,0,0,0,0,0,0,0.02,0.02,0.2,1.25,0,0,0,200,50,0,0,200,200,50,0,0,0,0,0,0,0,0,0,0,0,0,0,1,0,0,0,0
369,7,cn-server-capture,1,0,1,0,0,2,2,1,1,0,1,100,3,0.675,2293,1825,2070,1415,10,24.5,5,5,0.2,0.2,0.2,3600,0.25100002,0.07,0.01,4300,3000,3000,4500,4000,3500,1.6754999,1.494,1000,1200,2293,2666.928,0,0,1.5,1,0,40,60,1.1,100,0,0,0,0,0,0,0.02,0.02,0.2,1.25,0,0,0,200,50,0,0,200,200,50,0,0,0,0,0,0,0,0,0,0,0,0,0,1,0,0,0,0
371,4,cn-server-capture,1,0,1,0,0,2,2,1,1,0,1,100,3,0.674,2294,1845,2070,1415,10,24.55,5,5,0.2,0.2,0.2,3500,0.25,0.07,0.01,1,3000,3000,4500,4000,3500,1.6754999,1.494,1000,1200,2294,2668.128,0,0,1.5,1,0,40,60,1.1,100,0,0,0,0,0,0,0.02,0.02,0.2,1.25,0,0,0,200,50,0,0,200,200,50,0,0,0,0,0,0,0,0,0,0,0,0,0,1,0,0,0,0
371,7,cn-server-capture,1,0,1,0,0,2,2,1,1,0,1,100,3,0.674,2294,1845,2070,1415,10,24.55,5,5,0.2,0.2,0.2,3500,0.25,0.07,0.01,4300,3000,3000,4500,4000,3500,1.6754999,1.494,1000,1200,2294,2668.128,0,0,1.5,1,0,40,60,1.1,100,0,0,0,0,0,0,0.02,0.02,0.2,1.25,0,0,0,200,50,0,0,200,200,50,0,0,0,0,0,0,0,0,0,0,0,0,0,1,0,0,0,0
372,4,cn-server-capture,1,0,1,0,0,2,2,2,1,0,1,100,3,0.675,2295,1825,2070,1415,10,24.45,5,5,0.2,0.2,0.2,3600,0.24800001,0.07,0.01,1,3000,3000,4500,4000,3500,1.6754999,1.494,1200,1000,2669.328,2295,0,0,1.5,1,0,40,60,1.1,100,0,0,0,0,0,0,0.02,0.02,0.2,1.25,0,0,0,200,50,0,0,200,200,50,0,0,0,0,0,0,0,0,0,0,0,0,0,1,0,0,0,0
372,7,cn-server-capture,1,0,1,0,0,2,2,2,1,0,1,100,3,0.675,2295,1825,2070,1415,10,24.45,5,5,0.2,0.2,0.2,3600,0.24800001,0.07,0.01,4300,3000,3000,4500,4000,3500,1.6754999,1.494,1200,1000,2669.328,2295,0,0,1.5,1,0,40,60,1.1,100,0,0,0,0,0,0,0.02,0.02,0.2,1.25,0,0,0,200,50,0,0,200,200,50,0,0,0,0,0,0,0,0,0,0,0,0,0,1,0,0,0,0
373,4,cn-server-capture,1,0,1,0,0,2,3,2,1,0,1,100,3,0.673,2295,1825,2070,1415,10,25.75,5,5,0.2,0.2,0.2,4400,0.24000001,0.07,0.01,1,3200,3000,4800,4000,3500,1.8255,1.494,1300,1400,3730.288,3939.356,0.5,1,1.5,1,0,40,60,1.1,100,0,0,0,0,0,0,0.02,0.02,0.2,1.25,0,0,0,200,50,0,0,200,200,50,0,0,0,0,0,0,0,0,0,0,0,0,0,1,0,0,0,0
373,7,cn-server-capture,1,0,1,0,0,2,3,2,1,0,1,100,3,0.673,2295,1825,2070,1415,10,25.75,5,5,0.2,0.2,0.2,4400,0.24000001,0.07,0.01,3750,3200,3000,4800,4000,3500,1.8255,1.494,1300,1400,3730.288,3939.356,0.5,1,1.5,1,0,40,60,1.1,100,0,0,0,0,0,0,0.02,0.02,0.2,1.25,0,0,0,200,50,0,0,200,200,50,0,0,0,0,0,0,0,0,0,0,0,0,0,1,0,0,0,0
374,4,cn-server-capture,1,0,1,0,0,2,3,2,1,0,1,100,3,0.676,2293,1825,2070,1415,10,24.6,5,5,0.2,0.2,0.2,3300,0.24100001,0.07,0.01,1,3000,3000,4500,4000,3500,1.6754999,1.494,1200,1000,2666.928,2293,0,0,1.5,1,0,40,60,1.1,100,0,0,0,0,0,0,0.02,0.02,0.2,1.25,0,0,0,200,50,0,0,200,200,50,0,0,0,0,0,0,0,0,0,0,0,0,0,1,0,0,0,0
374,7,cn-server-capture,1,0,1,0,0,2,3,2,1,0,1,100,3,0.676,2293,1825,2070,1415,10,24.6,5,5,0.2,0.2,0.2,3300,0.24100001,0.07,0.01,4300,3000,3000,4500,4000,3500,1.6754999,1.494,1200,1000,2666.928,2293,0,0,1.5,1,0,40,60,1.1,100,0,0,0,0,0,0,0.02,0.02,0.2,1.25,0,0,0,200,50,0,0,200,200,50,0,0,0,0,0,0,0,0,0,0,0,0,0,1,0,0,0,0
375,4,cn-server-capture,1,0,1,0,0,2,2,1,1,0,1,100,3,0.677,2290,1825,2070,1415,10,24.35,5,5,0.2,0.2,0.2,3450,0.24400002,0.07,0.01,1,3000,3000,4500,4000,3500,1.6754999,1.494,1000,1200,2290,2663.328,0,0,1.5,1,0,40,60,1.1,100,0,0,0,0,0,0,0.02,0.02,0.2,1.25,0,0,0,200,50,0,0,200,200,50,0,0,0,0,0,0,0,0,0,0,0,0,0,1,0,0,0,0
375,7,cn-server-capture,1,0,1,0,0,2,2,1,1,0,1,100,3,0.677,2290,1825,2070,1415,10,24.35,5,5,0.2,0.2,0.2,3450,0.24400002,0.07,0.01,4300,3000,3000,4500,4000,3500,1.6754999,1.494,1000,1200,2290,2663.328,0,0,1.5,1,0,40,60,1.1,100,0,0,0,0,0,0,0.02,0.02,0.2,1.25,0,0,0,200,50,0,0,200,200,50,0,0,0,0,0,0,0,0,0,0,0,0,0,1,0,0,0,0
376,4,cn-server-capture,1,0,1,0,0,2,2,1,1,1,1,100,3,0.677,2291,1825,2070,1415,10,24.45,5,5,0.2,0.2,0.2,3600,0.245,0.07,0.01,1,2800,3000,4000,4000,3500,1.6554999,1.494,1000,1200,2291,2664.528,0,0,1.5,1,0,40,60,1.1,100,0,0,0,0,0,0,0.02,0.02,0.2,1.25,0,0,0,200,50,0,0,200,200,50,0,0,0,0,0,0,0,0,0,0,0,0,0,1,0,0,0,0
376,7,cn-server-capture,1,0,1,0,0,2,2,1,1,1,1,100,3,0.677,2291,1825,2070,1415,10,24.45,5,5,0.2,0.2,0.2,3600,0.245,0.07,0.01,3100,2800,3000,4000,4000,3500,1.6554999,1.494,1000,1200,2291,2664.528,0,0,1.5,1,0,40,60,1.1,100,0,0,0,0,0,0,0.02,0.02,0.2,1.25,0,0,0,200,50,0,0,200,200,50,0,0,0,0,0,0,0,0,0,0,0,0,0,1,0,0,0,0
378,4,cn-server-capture,1,0,1,0,0,2,2,1,1,0,1,100,3,0.677,2292,1825,2070,1415,10,24.35,5,5,0.2,0.2,0.2,3350,0.243,0.07,0.01,1,3000,3000,4500,4000,3500,1.6754999,1.494,1000,1200,2292,2665.728,0,0,1.5,1,0,40,60,1.1,100,0,0,0,0,0,0,0.02,0.02,0.2,1.25,0,0,0,200,50,0,0,200,200,50,0,0,0,0,0,0,0,0,0,0,0,0,0,1,0,0,0,0
378,7,cn-server-capture,1,0,1,0,0,2,2,1,1,0,1,100,3,0.677,2292,1825,2070,1415,10,24.35,5,5,0.2,0.2,0.2,3350,0.243,0.07,0.01,4300,3000,3000,4500,4000,3500,1.6754999,1.494,1000,1200,2292,2665.728,0,0,1.5,1,0,40,60,1.1,100,0,0,0,0,0,0,0.02,0.02,0.2,1.25,0,0,0,200,50,0,0,200,200,50,0,0,0,0,0,0,0,0,0,0,0,0,0,1,0,0,0,0
380,4,cn-server-capture,1,0,1,0,0,2,2,1,1,0,1,100,3,0.6765,2292,1825,2070,1415,10,24.25,5,5,0.2,0.2,0.2,3450,0.24400002,0.07,0.01,1,3000,3000,4500,4000,3500,1.6754999,1.494,1000,1200,2292,2665.728,0,0,1.5,1,0,40,60,1.1,100,0,0,0,0,0,0,0.02,0.02,0.2,1.25,0,0,0,200,50,0,0,200,200,50,0,0,0,0,0,0,0,0,0,0,0,0,0,1,0,0,0,0
380,7,cn-server-capture,1,0,1,0,0,2,2,1,1,0,1,100,3,0.6765,2292,1825,2070,1415,10,24.25,5,5,0.2,0.2,0.2,3450,0.24400002,0.07,0.01,4300,3000,3000,4500,4000,3500,1.6754999,1.494,1000,1200,2292,2665.728,0,0,1.5,1,0,40,60,1.1,100,0,0,0,0,0,0,0.02,0.02,0.2,1.25,0,0,0,200,50,0,0,200,200,50,0,0,0,0,0,0,0,0,0,0,0,0,0,1,0,0,0,0
384,4,cn-server-capture,1,0,1,0,0,2,2,1,1,0,1,100,3,0.68,2285,1825,2070,1415,10,24.4,5,5,0.2,0.2,0.2,3100,0.24100001,0.07,0.01,1,3000,3000,4500,4000,3500,1.6155,1.494,1000,1000,2285,2285,0,0,1.5,1,0,40,60,1.1,100,0,0,0,0,0,0,0.02,0.02,0.2,1.25,0,0,0,200,50,0,0,200,200,50,0,0,0,0,0,0,0,0,0,0,0,0,0,1,0,0,0,0
384,7,cn-server-capture,1,0,1,0,0,2,2,1,1,0,1,100,3,0.68,2285,1825,2070,1415,10,24.4,5,5,0.2,0.2,0.2,3100,0.24100001,0.07,0.01,4300,3000,3000,4500,4000,3500,1.6155,1.494,1000,1000,2285,2285,0,0,1.5,1,0,40,60,1.1,100,0,0,0,0,0,0,0.02,0.02,0.2,1.25,0,0,0,200,50,0,0,200,200,50,0,0,0,0,0,0,0,0,0,0,0,0,0,1,0,0,0,0
387,4,cn-server-capture,1,0,1,0,0,2,2,1,1,0,1,100,3,0.678,2295,1825,2070,1415,10,24.4,5,5,0.2,0.2,0.2,3600,0.24400002,0.07,0.01,1,3000,3000,4500,4000,3500,1.6155,1.494,1000,1000,2295,2295,0,0,1.5,1,0,40,60,1.1,100,0,0,0,0,0,0,0.02,0.02,0.2,1.25,0,0,0,200,50,0,0,200,200,50,0,0,0,0,0,0,0,0,0,0,0,0,0,1,0,0,0,0
387,7,cn-server-capture,1,0,1,0,0,2,2,1,1,0,1,100,3,0.678,2295,1825,2070,1415,10,24.4,5,5,0.2,0.2,0.2,3600,0.24400002,0.07,0.01,4300,3000,3000,4500,4000,3500,1.6155,1.494,1000,1000,2295,2295,0,0,1.5,1,0,40,60,1.1,100,0,0,0,0,0,0,0.02,0.02,0.2,1.25,0,0,0,200,50,0,0,200,200,50,0,0,0,0,0,0,0,0,0,0,0,0,0,1,0,0,0,0
388,4,cn-server-capture,1,0,1,0,0,2,2,1,1,0,1,100,3,0.678,2293,1825,2070,1415,10,24.35,5,5,0.2,0.2,0.2,3100,0.24000001,0.07,0.01,1,3000,3000,4500,4000,3500,1.6155,1.494,1000,1000,2293,2293,0,0,1.5,1,0,40,60,1.1,100,0,0,0,0,0,0,0.02,0.02,0.2,1.25,0,0,0,200,50,0,0,200,200,50,0,0,0,0,0,0,0,0,0,0,0,0,0,1,0,0,0,0
388,7,cn-server-capture,1,0,1,0,0,2,2,1,1,0,1,100,3,0.678,2293,1825,2070,1415,10,24.35,5,5,0.2,0.2,0.2,3100,0.24000001,0.07,0.01,4300,3000,3000,4500,4000,3500,1.6155,1.494,1000,1000,2293,2293,0,0,1.5,1,0,40,60,1.1,100,0,0,0,0,0,0,0.02,0.02,0.2,1.25,0,0,0,200,50,0,0,200,200,50,0,0,0,0,0,0,0,0,0,0,0,0,0,1,0,0,0,0
390,4,cn-server-capture,1,0,1,0,0,2,2,1,1,0,1,100,3,0.675,2297,1825,2070,1415,10,24.25,5,5,0.2,0.2,0.2,3300,0.24100001,0.07,0.01,1,3000,3000,4500,4000,3500,1.6455,1.494,1000,1000,2297,2297,0,0,1.5,1,0,40,60,1.1,100,0,0,0,0,0,0,0.02,0.02,0.2,1.25,0,0,0,200,50,0,0,200,200,50,0,0,0,0,0,0,0,0,0,0,0,0,0,1,0,0,0,0
390,7,cn-server-capture,1,0,1,0,0,2,2,1,1,0,1,100,3,0.675,2297,1825,2070,1415,10,24.25,5,5,0.2,0.2,0.2,3300,0.24100001,0.07,0.01,4300,3000,3000,4500,4000,3500,1.6455,1.494,1000,1000,2297,2297,0,0,1.5,1,0,40,60,1.1,100,0,0,0,0,0,0,0.02,0.02,0.2,1.25,0,0,0,200,50,0,0,200,200,50,0,0,0,0,0,0,0,0,0,0,0,0,0,1,0,0,0,0
392,4,cn-server-capture,1,0,1,0,0,2,2,1,1,0,1,100,3,0.673,2296,1825,2070,1415,10,24.35,5,5,0.2,0.2,0.2,3400,0.243,0.07,0.01,1,3000,3000,4500,4000,3500,1.6754999,1.494,1000,1200,2296,2670.528,0,0,1.5,1,0,40,60,1.1,100,0,0,0,0,0,0,0.02,0.02,0.2,1.25,0,0,0,200,50,0,0,200,200,50,0,0,0,0,0,0,0,0,0,0,0,0,0,1,0,0,0,0
392,7,cn-server-capture,1,0,1,0,0,2,2,1,1,0,1,100,3,0.673,2296,1825,2070,1415,10,24.35,5,5,0.2,0.2,0.2,3400,0.243,0.07,0.01,4300,3000,3000,4500,4000,3500,1.6754999,1.494,1000,1200,2296,2670.528,0,0,1.5,1,0,40,60,1.1,100,0,0,0,0,0,0,0.02,0.02,0.2,1.25,0,0,0,200,50,0,0,200,200,50,0,0,0,0,0,0,0,0,0,0,0,0,0,1,0,0,0,0
393,4,cn-server-capture,1,0,1,0,0,2,2,2,1,0,1,100,3,0.6775,2290,1825,2070,1415,10,24.35,5,5,0.2,0.2,0.2,3200,0.246,0.07,0.01,1,3000,3000,4500,4000,3500,1.6754999,1.494,1200,1000,2663.328,2290,0,0,1.5,1,0,40,60,1.1,100,0,0,0,0,0,0,0.02,0.02,0.2,1.25,0,0,0,200,50,0,0,200,200,50,0,0,0,0,0,0,0,0,0,0,0,0,0,1,0,0,0,0
393,7,cn-server-capture,1,0,1,0,0,2,2,2,1,0,1,100,3,0.6775,2290,1825,2070,1415,10,24.35,5,5,0.2,0.2,0.2,3200,0.246,0.07,0.01,4300,3000,3000,4500,4000,3500,1.6754999,1.494,1200,1000,2663.328,2290,0,0,1.5,1,0,40,60,1.1,100,0,0,0,0,0,0,0.02,0.02,0.2,1.25,0,0,0,200,50,0,0,200,200,50,0,0,0,0,0,0,0,0,0,0,0,0,0,1,0,0,0,0
395,4,cn-server-capture,1,0,1,0,0,2,2,1,1,0,1,100,3,0.678,2293,1825,2070,1415,10,24.35,5,5,0.2,0.2,0.2,3100,0.24100001,0.07,0.01,1,3000,3000,4500,4000,3500,1.6155,1.494,1000,1000,2293,2293,0,0,1.5,1,0,40,60,1.1,100,0,0,0,0,0,0,0.02,0.02,0.2,1.25,0,0,0,200,50,0,0,200,200,50,0,0,0,0,0,0,0,0,0,0,0,0,0,1,0,0,0,0
395,7,cn-server-capture,1,0,1,0,0,2,2,1,1,0,1,100,3,0.678,2293,1825,2070,1415,10,24.35,5,5,0.2,0.2,0.2,3100,0.24100001,0.07,0.01,4300,3000,3000,4500,4000,3500,1.6155,1.494,1000,1000,2293,2293,0,0,1.5,1,0,40,60,1.1,100,0,0,0,0,0,0,0.02,0.02,0.2,1.25,0,0,0,200,50,0,0,200,200,50,0,0,0,0,0,0,0,0,0,0,0,0,0,1,0,0,0,0
396,4,cn-server-capture,1,0,1,0,0,2,2,1,1,0,1,100,3,0.678,2295,1825,2070,1415,10,24.45,5,5,0.2,0.2,0.2,3200,0.24200001,0.07,0.01,1,3000,3000,4500,4000,3500,1.6155,1.494,1000,1000,2295,2295,0,0,1.5,1,0,40,60,1.1,100,0,0,0,0,0,0,0.02,0.02,0.2,1.25,0,0,0,200,50,0,0,200,200,50,0,0,0,0,0,0,0,0,0,0,0,0,0,1,0,0,0,0
396,7,cn-server-capture,1,0,1,0,0,2,2,1,1,0,1,100,3,0.678,2295,1825,2070,1415,10,24.45,5,5,0.2,0.2,0.2,3200,0.24200001,0.07,0.01,4300,3000,3000,4500,4000,3500,1.6155,1.494,1000,1000,2295,2295,0,0,1.5,1,0,40,60,1.1,100,0,0,0,0,0,0,0.02,0.02,0.2,1.25,0,0,0,200,50,0,0,200,200,50,0,0,0,0,0,0,0,0,0,0,0,0,0,1,0,0,0,0
402,4,cn-server-capture,1,0,1,0,0,2,2,1,1,0,1,100,3,0.679,2290,1825,2070,1415,10,24.4,5,5,0.2,0.2,0.2,3200,0.243,0.07,0.01,1,3000,3000,4500,4000,3500,1.6155,1.494,1000,1000,2290,2290,0,0,1.5,1,0,40,60,1.1,100,0,0,0,0,0,0,0.02,0.02,0.2,1.25,0,0,0,200,50,0,0,200,200,50,0,0,0,0,0,0,0,0,0,0,0,0,0,1,0,0,0,0
402,7,cn-server-capture,1,0,1,0,0,2,2,1,1,0,1,100,3,0.679,2290,1825,2070,1415,10,24.4,5,5,0.2,0.2,0.2,3200,0.243,0.07,0.01,4300,3000,3000,4500,4000,3500,1.6155,1.494,1000,1000,2290,2290,0,0,1.5,1,0,40,60,1.1,100,0,0,0,0,0,0,0.02,0.02,0.2,1.25,0,0,0,200,50,0,0,200,200,50,0,0,0,0,0,0,0,0,0,0,0,0,0,1,0,0,0,0
403,4,cn-server-capture,1,0,1,0,0,2,2,1,1,0,1,100,3,0.678,2293,1825,2070,1415,10,24.35,5,5,0.2,0.2,0.2,3100,0.24100001,0.07,0.01,1,3000,3000,4500,4000,3500,1.6155,1.494,1000,1000,2293,2293,0,0,1.5,1,0,40,60,1.1,100,0,0,0,0,0,0,0.02,0.02,0.2,1.25,0,0,0,200,50,0,0,200,200,50,0,0,0,0,0,0,0,0,0,0,0,0,0,1,0,0,0,0
403,7,cn-server-capture,1,0,1,0,0,2,2,1,1,0,1,100,3,0.678,2293,1825,2070,1415,10,24.35,5,5,0.2,0.2,0.2,3100,0.24100001,0.07,0.01,4300,3000,3000,4500,4000,3500,1.6155,1.494,1000,1000,2293,2293,0,0,1.5,1,0,40,60,1.1,100,0,0,0,0,0,0,0.02,0.02,0.2,1.25,0,0,0,200,50,0,0,200,200,50,0,0,0,0,0,0,0,0,0,0,0,0,0,1,0,0,0,0
404,4,cn-server-capture,1,0,1,0,0,2,2,1,1,0,1,100,3,0.678,2290,1825,2070,1415,10,24.5,5,5,0.2,0.2,0.2,3200,0.24200001,0.07,0.01,1,3000,3000,4500,4000,3500,1.6155,1.494,1000,1000,2290,2290,0,0,1.5,1,0,40,60,1.1,100,0,0,0,0,0,0,0.02,0.02,0.2,1.25,0,0,0,200,50,0,0,200,200,50,0,0,0,0,0,0,0,0,0,0,0,0,0,1,0,0,0,0
404,7,cn-server-capture,1,0,1,0,0,2,2,1,1,0,1,100,3,0.678,2290,1825,2070,1415,10,24.5,5,5,0.2,0.2,0.2,3200,0.24200001,0.07,0.01,4300,3000,3000,4500,4000,3500,1.6155,1.494,1000,1000,2290,2290,0,0,1.5,1,0,40,60,1.1,100,0,0,0,0,0,0,0.02,0.02,0.2,1.25,0,0,0,200,50,0,0,200,200,50,0,0,0,0,0,0,0,0,0,0,0,0,0,1,0,0,0,0
409,4,cn-server-capture,1,0,1,0,0,2,2,1,1,0,1,100,3,0.68,2285,1825,2070,1415,10,24.25,5,5,0.2,0.2,0.2,3400,0.24000001,0.07,0.01,1,2800,3000,4050,4000,3500,1.6155,1.494,1000,1000,2285,2285,0,0,1.5,1,0,40,60,1.1,100,0,0,0,0,0,0,0.02,0.02,0.2,1.25,0,0,0,200,50,0,0,200,200,50,0,0,0,0,0,0,0,0,0,0,0,0,0,1,0,0,0,0
409,7,cn-server-capture,1,0,1,0,0,2,2,1,1,0,1,100,3,0.68,2285,1825,2070,1415,10,24.25,5,5,0.2,0.2,0.2,3400,0.24000001,0.07,0.01,3500,2800,3000,4050,4000,3500,1.6155,1.494,1000,1000,2285,2285,0,0,1.5,1,0,40,60,1.1,100,0,0,0,0,0,0,0.02,0.02,0.2,1.25,0,0,0,200,50,0,0,200,200,50,0,0,0,0,0,0,0,0,0,0,0,0,0,1,0,0,0,0
410,4,cn-server-capture,1,0,1,0,0,2,2,1,1,0,1,100,3,0.679,2287,1825,2070,1415,10,24.15,5,5,0.2,0.2,0.2,3200,0.237,0.07,0.01,1,3000,3000,4500,4000,3500,1.6155,1.494,1000,1000,2287,2287,0,0,1.5,1,0,40,60,1.1,100,0,0,0,0,0,0,0.02,0.02,0.2,1.25,0,0,0,200,50,0,0,200,200,50,0,0,0,0,0,0,0,0,0,0,0,0,0,1,0,0,0,0
410,7,cn-server-capture,1,0,1,0,0,2,2,1,1,0,1,100,3,0.679,2287,1825,2070,1415,10,24.15,5,5,0.2,0.2,0.2,3200,0.237,0.07,0.01,4300,3000,3000,4500,4000,3500,1.6155,1.494,1000,1000,2287,2287,0,0,1.5,1,0,40,60,1.1,100,0,0,0,0,0,0,0.02,0.02,0.2,1.25,0,0,0,200,50,0,0,200,200,50,0,0,0,0,0,0,0,0,0,0,0,0,0,1,0,0,0,0
411,4,cn-server-capture,1,0,1,0,0,2,2,1,1,0,1,100,3,0.6745,2293,1825,2070,1415,10,24.35,5,5,0.2,0.2,0.2,3550,0.24900001,0.07,0.01,1,3000,3000,4500,4000,3500,1.6754999,1.494,1000,1200,2293,2666.928,0,0,1.5,1,0,40,60,1.1,100,0,0,0,0,0,0,0.02,0.02,0.2,1.25,0,0,0,200,50,0,0,200,200,50,0,0,0,0,0,0,0,0,0,0,0,0,0,1,0,0,0,0
411,7,cn-server-capture,1,0,1,0,0,2,2,1,1,0,1,100,3,0.6745,2293,1825,2070,1415,10,24.35,5,5,0.2,0.2,0.2,3550,0.24900001,0.07,0.01,4300,3000,3000,4500,4000,3500,1.6754999,1.494,1000,1200,2293,2666.928,0,0,1.5,1,0,40,60,1.1,100,0,0,0,0,0,0,0.02,0.02,0.2,1.25,0,0,0,200,50,0,0,200,200,50,0,0,0,0,0,0,0,0,0,0,0,0,0,1,0,0,0,0
412,4,cn-server-capture,1,0,1,0,0,2,2,2,1,0,1,100,3,0.676,2292,1825,2070,1415,10,24.25,5,5,0.2,0.2,0.2,3400,0.25,0.07,0.01,1,3000,3000,4500,4000,3500,1.6754999,1.494,1200,1000,2665.728,2292,0,0,1.5,1,0,40,60,1.1,100,0,0,0,0,0,0,0.02,0.02,0.2,1.25,0,0,0,200,50,0,0,200,200,50,0,0,0,0,0,0,0,0,0,0,0,0,0,1,0,0,0,0
412,7,cn-server-capture,1,0,1,0,0,2,2,2,1,0,1,100,3,0.676,2292,1825,2070,1415,10,24.25,5,5,0.2,0.2,0.2,3400,0.25,0.07,0.01,4300,3000,3000,4500,4000,3500,1.6754999,1.494,1200,1000,2665.728,2292,0,0,1.5,1,0,40,60,1.1,100,0,0,0,0,0,0,0.02,0.02,0.2,1.25,0,0,0,200,50,0,0,200,200,50,0,0,0,0,0,0,0,0,0,0,0,0,0,1,0,0,0,0
416,4,cn-server-capture,1,0,1,0,0,2,2,1,1,0,1,100,3,0.6785,2290,1825,2070,1415,10,24.25,5,5,0.2,0.2,0.2,3200,0.24200001,0.07,0.01,1,3000,3000,4500,4000,3500,1.6155,1.494,1000,1000,2290,2290,0,0,1.5,1,0,40,60,1.1,100,0,0,0,0,0,0,0.02,0.02,0.2,1.25,0,0,0,200,50,0,0,200,200,50,0,0,0,0,0,0,0,0,0,0,0,0,0,1,0,0,0,0
416,7,cn-server-capture,1,0,1,0,0,2,2,1,1,0,1,100,3,0.6785,2290,1825,2070,1415,10,24.25,5,5,0.2,0.2,0.2,3200,0.24200001,0.07,0.01,4300,3000,3000,4500,4000,3500,1.6155,1.494,1000,1000,2290,2290,0,0,1.5,1,0,40,60,1.1,100,0,0,0,0,0,0,0.02,0.02,0.2,1.25,0,0,0,200,50,0,0,200,200,50,0,0,0,0,0,0,0,0,0,0,0,0,0,1,0,0,0,0
417,4,cn-server-capture,1,0,1,0,0,2,2,1,1,0,1,100,3,0.679,2290,1825,2070,1415,10,24.45,5,5,0.2,0.2,0.2,3100,0.24100001,0.07,0.01,1,3000,3000,4500,4000,3500,1.6155,1.494,1000,1000,2290,2290,0,0,1.5,1,0,40,60,1.1,100,0,0,0,0,0,0,0.02,0.02,0.2,1.25,0,0,0,200,50,0,0,200,200,50,0,0,0,0,0,0,0,0,0,0,0,0,0,1,0,0,0,0
417,7,cn-server-capture,1,0,1,0,0,2,2,1,1,0,1,100,3,0.679,2290,1825,2070,1415,10,24.45,5,5,0.2,0.2,0.2,3100,0.24100001,0.07,0.01,4300,3000,3000,4500,4000,3500,1.6155,1.494,1000,1000,2290,2290,0,0,1.5,1,0,40,60,1.1,100,0,0,0,0,0,0,0.02,0.02,0.2,1.25,0,0,0,200,50,0,0,200,200,50,0,0,0,0,0,0,0,0,0,0,0,0,0,1,0,0,0,0
418,4,cn-server-capture,1,0,1,0,0,2,2,1,1,0,1,100,3,0.677,2290,1825,2070,1415,10,24.5,5,5,0.2,0.2,0.2,3300,0.24400002,0.07,0.01,1,3000,3000,4500,4000,3500,1.6155,1.494,1000,1000,2290,2290,0,0,1.5,1,0,40,60,1.1,100,0,0,0,0,0,0,0.02,0.02,0.2,1.25,0,0,0,200,50,0,0,200,200,50,0,0,0,0,0,0,0,0,0,0,0,0,0,1,0,0,0,0
418,7,cn-server-capture,1,0,1,0,0,2,2,1,1,0,1,100,3,0.677,2290,1825,2070,1415,10,24.5,5,5,0.2,0.2,0.2,3300,0.24400002,0.07,0.01,4300,3000,3000,4500,4000,3500,1.6155,1.494,1000,1000,2290,2290,0,0,1.5,1,0,40,60,1.1,100,0,0,0,0,0,0,0.02,0.02,0.2,1.25,0,0,0,200,50,0,0,200,200,50,0,0,0,0,0,0,0,0,0,0,0,0,0,1,0,0,0,0
419,4,cn-server-capture,1,0,1,0,0,2,2,2,1,0,1,100,3,0.679,2290,1825,2070,1415,10,24.55,5,5,0.2,0.2,0.2,3300,0.24400002,0.07,0.01,1,3000,3000,4500,4000,3500,1.6155,1.494,1000,1000,2290,2290,0,0,1.5,1,0,40,60,1.1,100,0,0,0,0,0,0,0.02,0.02,0.2,1.25,0,0,0,200,50,0,0,200,200,50,0,0,0,0,0,0,0,0,0,0,0,0,0,1,0,0,0,0
419,7,cn-server-capture,1,0,1,0,0,2,2,2,1,0,1,100,3,0.679,2290,1825,2070,1415,10,24.55,5,5,0.2,0.2,0.2,3300,0.24400002,0.07,0.01,4300,3000,3000,4500,4000,3500,1.6155,1.494,1000,1000,2290,2290,0,0,1.5,1,0,40,60,1.1,100,0,0,0,0,0,0,0.02,0.02,0.2,1.25,0,0,0,200,50,0,0,200,200,50,0,0,0,0,0,0,0,0,0,0,0,0,0,1,0,0,0,0
420,4,cn-server-capture,1,0,1,0,0,2,2,1,1,0,1,100,3,0.677,2285,1825,2070,1415,10,24.41,5,5,0.2,0.2,0.2,3500,0.24000001,0.07,0.01,1,2800,3000,4050,4000,3500,1.6255,1.494,1000,1000,2285,2285,0,0,1.5,1,0,40,60,1.1,100,0,0,0,0,0,0,0.02,0.02,0.2,1.25,0,0,0,200,50,0,0,200,200,50,0,0,0,0,0,0,0,0,0,0,0,0,0,1,0,0,0,0
420,7,cn-server-capture,1,0,1,0,0,2,2,1,1,0,1,100,3,0.677,2285,1825,2070,1415,10,24.41,5,5,0.2,0.2,0.2,3500,0.24000001,0.07,0.01,3500,2800,3000,4050,4000,3500,1.6255,1.494,1000,1000,2285,2285,0,0,1.5,1,0,40,60,1.1,100,0,0,0,0,0,0,0.02,0.02,0.2,1.25,0,0,0,200,50,0,0,200,200,50,0,0,0,0,0,0,0,0,0,0,0,0,0,1,0,0,0,0
421,4,cn-server-capture,1,0,1,0,0,2,2,1,1,0,1,100,3,0.677,2291,1825,2070,1415,10,24.42,5,5,0.2,0.2,0.2,3500,0.245,0.07,0.01,1,3000,3000,4500,4000,3500,1.6754999,1.494,1000,1200,2291,2664.528,0,0,1.5,1,0,40,60,1.1,100,0,0,0,0,0,0,0.02,0.02,0.2,1.25,0,0,0,200,50,0,0,200,200,50,0,0,0,0,0,0,0,0,0,0,0,0,0,1,0,0,0,0
421,7,cn-server-capture,1,0,1,0,0,2,2,1,1,0,1,100,3,0.677,2291,1825,2070,1415,10,24.42,5,5,0.2,0.2,0.2,3500,0.245,0.07,0.01,4300,3000,3000,4500,4000,3500,1.6754999,1.494,1000,1200,2291,2664.528,0,0,1.5,1,0,40,60,1.1,100,0,0,0,0,0,0,0.02,0.02,0.2,1.25,0,0,0,200,50,0,0,200,200,50,0,0,0,0,0,0,0,0,0,0,0,0,0,1,0,0,0,0
423,4,cn-server-capture,1,0,1,0,0,2,2,1,1,0,1,100,3,0.6755,2290,1825,2070,1415,10,24.31,5,5,0.2,0.2,0.2,3450,0.245,0.07,0.01,1,3000,3000,4500,4000,3500,1.7055,1.494,1000,1200,2290,2663.328,0,0,1.5,1,0,40,60,1.1,100,0,0,0,0,0,0,0.02,0.02,0.2,1.25,0,0,0,200,50,0,0,200,200,50,0,0,0,0,0,0,0,0,0,0,0,0,0,1,0,0,0,0
423,7,cn-server-capture,1,0,1,0,0,2,2,1,1,0,1,100,3,0.6755,2290,1825,2070,1415,10,24.31,5,5,0.2,0.2,0.2,3450,0.245,0.07,0.01,4300,3000,3000,4500,4000,3500,1.7055,1.494,1000,1200,2290,2663.328,0,0,1.5,1,0,40,60,1.1,100,0,0,0,0,0,0,0.02,0.02,0.2,1.25,0,0,0,200,50,0,0,200,200,50,0,0,0,0,0,0,0,0,0,0,0,0,0,1,0,0,0,0
426,4,cn-server-capture,1,0,1,0,0,2,2,2,1,0,1,100,3,0.6785,2292,1825,2070,1415,10,24.55,5,5,0.2,0.2,0.2,3300,0.24700001,0.07,0.01,1,3000,3000,4500,4000,3500,1.6754999,1.494,1200,1000,2665.728,2292,0,0,1.5,1,0,40,60,1.1,100,0,0,0,0,0,0,0.02,0.02,0.2,1.25,0,0,0,200,50,0,0,200,200,50,0,0,0,0,0,0,0,0,0,0,0,0,0,1,0,0,0,0
426,7,cn-server-capture,1,0,1,0,0,2,2,2,1,0,1,100,3,0.6785,2292,1825,2070,1415,10,24.55,5,5,0.2,0.2,0.2,3300,0.24700001,0.07,0.01,4300,3000,3000,4500,4000,3500,1.6754999,1.494,1200,1000,2665.728,2292,0,0,1.5,1,0,40,60,1.1,100,0,0,0,0,0,0,0.02,0.02,0.2,1.25,0,0,0,200,50,0,0,200,200,50,0,0,0,0,0,0,0,0,0,0,0,0,0,1,0,0,0,0
427,4,cn-server-capture,1,0,1,0,0,2,2,2,1,0,1,100,3,0.678,2290,1825,2070,1415,10,24.55,5,5,0.2,0.2,0.2,3300,0.245,0.07,0.01,1,3000,3000,4500,4000,3500,1.6754999,1.494,1200,1000,2663.328,2290,0,0,1.5,1,0,40,60,1.1,100,0,0,0,0,0,0,0.02,0.02,0.2,1.25,0,0,0,200,50,0,0,200,200,50,0,0,0,0,0,0,0,0,0,0,0,0,0,1,0,0,0,0
427,7,cn-server-capture,1,0,1,0,0,2,2,2,1,0,1,100,3,0.678,2290,1825,2070,1415,10,24.55,5,5,0.2,0.2,0.2,3300,0.245,0.07,0.01,4300,3000,3000,4500,4000,3500,1.6754999,1.494,1200,1000,2663.328,2290,0,0,1.5,1,0,40,60,1.1,100,0,0,0,0,0,0,0.02,0.02,0.2,1.25,0,0,0,200,50,0,0,200,200,50,0,0,0,0,0,0,0,0,0,0,0,0,0,1,0,0,0,0
428,4,cn-server-capture,1,0,1,0,0,2,2,1,1,0,1,100,3,0.6775,2290,1825,2070,1415,10,24.45,5,5,0.2,0.2,0.2,3400,0.24700001,0.07,0.01,1,3000,3000,4500,4000,3500,1.6754999,1.494,1000,1200,2290,2663.328,0,0,1.5,1,0,40,60,1.1,100,0,0,0,0,0,0,0.02,0.02,0.2,1.25,0,0,0,200,50,0,0,200,200,50,0,0,0,0,0,0,0,0,0,0,0,0,0,1,0,0,0,0
428,7,cn-server-capture,1,0,1,0,0,2,2,1,1,0,1,100,3,0.6775,2290,1825,2070,1415,10,24.45,5,5,0.2,0.2,0.2,3400,0.24700001,0.07,0.01,4300,3000,3000,4500,4000,3500,1.6754999,1.494,1000,1200,2290,2663.328,0,0,1.5,1,0,40,60,1.1,100,0,0,0,0,0,0,0.02,0.02,0.2,1.25,0,0,0,200,50,0,0,200,200,50,0,0,0,0,0,0,0,0,0,0,0,0,0,1,0,0,0,0
429,4,cn-server-capture,1,0,1,0,0,2,2,1,1,1,1,100,3,0.678,2288,1825,2070,1415,10,24.43,5,5,0.2,0.2,0.2,3700,0.246,0.07,0.01,1,2800,3000,4000,4000,3500,1.6554999,1.494,1000,1200,2288,2660.928,0,0,1.5,1,0,40,60,1.1,100,0,0,0,0,0,0,0.02,0.02,0.2,1.25,0,0,0,200,50,0,0,200,200,50,0,0,0,0,0,0,0,0,0,0,0,0,0,1,0,0,0,0
429,7,cn-server-capture,1,0,1,0,0,2,2,1,1,1,1,100,3,0.678,2288,1825,2070,1415,10,24.43,5,5,0.2,0.2,0.2,3700,0.246,0.07,0.01,3100,2800,3000,4000,4000,3500,1.6554999,1.494,1000,1200,2288,2660.928,0,0,1.5,1,0,40,60,1.1,100,0,0,0,0,0,0,0.02,0.02,0.2,1.25,0,0,0,200,50,0,0,200,200,50,0,0,0,0,0,0,0,0,0,0,0,0,0,1,0,0,0,0
430,4,cn-server-capture,1,0,1,0,0,2,2,2,1,1,1,100,3,0.677,2290,1825,2070,1415,10,24.25,5,5,0.2,0.2,0.2,3600,0.24700001,0.07,0.01,1,2800,3000,4000,4000,3500,1.6554999,1.494,1200,1000,2663.328,2290,0,0,1.5,1,0,40,60,1.1,100,0,0,0,0,0,0,0.02,0.02,0.2,1.25,0,0,0,200,50,0,0,200,200,50,0,0,0,0,0,0,0,0,0,0,0,0,0,1,0,0,0,0
430,7,cn-server-capture,1,0,1,0,0,2,2,2,1,1,1,100,3,0.677,2290,1825,2070,1415,10,24.25,5,5,0.2,0.2,0.2,3600,0.24700001,0.07,0.01,3100,2800,3000,4000,4000,3500,1.6554999,1.494,1200,1000,2663.328,2290,0,0,1.5,1,0,40,60,1.1,100,0,0,0,0,0,0,0.02,0.02,0.2,1.25,0,0,0,200,50,0,0,200,200,50,0,0,0,0,0,0,0,0,0,0,0,0,0,1,0,0,0,0
431,4,cn-server-capture,1,0,1,0,0,2,2,1,1,0,1,100,3,0.677,2292,1825,2070,1415,10,24.3,5,5,0.2,0.2,0.2,3300,0.246,0.07,0.01,1,3000,3000,4500,4000,3500,1.6754999,1.494,1000,1200,2292,2665.728,0,0,1.5,1,0,40,60,1.1,100,0,0,0,0,0,0,0.02,0.02,0.2,1.25,0,0,0,200,50,0,0,200,200,50,0,0,0,0,0,0,0,0,0,0,0,0,0,1,0,0,0,0
431,7,cn-server-capture,1,0,1,0,0,2,2,1,1,0,1,100,3,0.677,2292,1825,2070,1415,10,24.3,5,5,0.2,0.2,0.2,3300,0.246,0.07,0.01,4300,3000,3000,4500,4000,3500,1.6754999,1.494,1000,1200,2292,2665.728,0,0,1.5,1,0,40,60,1.1,100,0,0,0,0,0,0,0.02,0.02,0.2,1.25,0,0,0,200,50,0,0,200,200,50,0,0,0,0,0,0,0,0,0,0,0,0,0,1,0,0,0,0
432,4,cn-server-capture,1,0,1,0,0,2,2,2,1,0,1,100,3,0.676,2292,1825,2070,1415,10,24.75,5,5,0.2,0.2,0.2,3300,0.243,0.07,0.01,1,3000,3000,4500,4000,3500,1.6754999,1.494,1200,1000,2665.728,2292,0,0,1.5,1,0,40,60,1.1,100,0,0,0,0,0,0,0.02,0.02,0.2,1.25,0,0,0,200,50,0,0,200,200,50,0,0,0,0,0,0,0,0,0,0,0,0,0,1,0,0,0,0
432,7,cn-server-capture,1,0,1,0,0,2,2,2,1,0,1,100,3,0.676,2292,1825,2070,1415,10,24.75,5,5,0.2,0.2,0.2,3300,0.243,0.07,0.01,4300,3000,3000,4500,4000,3500,1.6754999,1.494,1200,1000,2665.728,2292,0,0,1.5,1,0,40,60,1.1,100,0,0,0,0,0,0,0.02,0.02,0.2,1.25,0,0,0,200,50,0,0,200,200,50,0,0,0,0,0,0,0,0,0,0,0,0,0,1,0,0,0,0
433,4,cn-server-capture,1,0,1,0,0,3,2,1,1,0,1,100,3,0.67,2300,1825,2070,1415,10,24.55,5,5,0.2,0.2,0.2,4800,0.245,0.07,0.01,1,2950,3000,4350,4000,3500,1.8355,1.494,1000,1600,2300,3948.356,0.65,0,1.5,0.88,0,40,60,1.1,100,0,0,0,0,0,0,0.02,0.02,0.2,1.25,0,0,0,200,50,0,0,200,200,50,0,0,0,0,0,0,0,0,0,0,0,0,0,1,0,0,0,0
433,7,cn-server-capture,1,0,1,0,0,3,2,1,1,0,1,100,3,0.67,2300,1825,2070,1415,10,24.55,5,5,0.2,0.2,0.2,4800,0.245,0.07,0.01,3600,2950,3000,4350,4000,3500,1.8355,1.494,1000,1600,2300,3948.356,0.65,0,1.5,0.88,0,40,60,1.1,100,0,0,0,0,0,0,0.02,0.02,0.2,1.25,0,0,0,200,50,0,0,200,200,50,0,0,0,0,0,0,0,0,0,0,0,0,0,1,0,0,0,0
434,4,cn-server-capture,1,0,1,0,0,2,2,1,1,0,1,100,3,0.675,2295,1825,2070,1415,10,24.5,5,5,0.2,0.2,0.2,3300,0.25100002,0.07,0.01,1,3000,3000,4500,4000,3500,1.6754999,1.494,1000,1200,2295,2669.328,0,0,1.5,1,0,40,60,1.1,100,0,0,0,0,0,0,0.02,0.02,0.2,1.25,0,0,0,200,50,0,0,200,200,50,0,0,0,0,0,0,0,0,0,0,0,0,0,1,0,0,0,0
434,7,cn-server-capture,1,0,1,0,0,2,2,1,1,0,1,100,3,0.675,2295,1825,2070,1415,10,24.5,5,5,0.2,0.2,0.2,3300,0.25100002,0.07,0.01,4300,3000,3000,4500,4000,3500,1.6754999,1.494,1000,1200,2295,2669.328,0,0,1.5,1,0,40,60,1.1,100,0,0,0,0,0,0,0.02,0.02,0.2,1.25,0,0,0,200,50,0,0,200,200,50,0,0,0,0,0,0,0,0,0,0,0,0,0,1,0,0,0,0
435,4,cn-server-capture,1,0,1,0,0,2,2,1,1,1,1,100,3,0.68,2288,1835,2070,1415,10,24.25,5,5,0.2,0.2,0.2,3600,0.243,0.07,0.01,1,2800,3000,4000,4000,3500,1.6155,1.494,1000,1000,2288,2288,0,0,1.5,1,0,40,60,1.1,100,0,0,0,0,0,0,0.02,0.02,0.2,1.25,0,0,0,200,50,0,0,200,200,50,0,0,0,0,0,0,0,0,0,0,0,0,0,1,0,0,0,0
435,7,cn-server-capture,1,0,1,0,0,2,2,1,1,1,1,100,3,0.68,2288,1835,2070,1415,10,24.25,5,5,0.2,0.2,0.2,3600,0.243,0.07,0.01,2800,2800,3000,4000,4000,3500,1.6155,1.494,1000,1000,2288,2288,0,0,1.5,1,0,40,60,1.1,100,0,0,0,0,0,0,0.02,0.02,0.2,1.25,0,0,0,200,50,0,0,200,200,50,0,0,0,0,0,0,0,0,0,0,0,0,0,1,0,0,0,0
436,4,cn-server-capture,1,0,1,0,0,2,2,1,1,0,1,100,3,0.675,2293,1825,2070,1415,10,24.35,5,5,0.2,0.2,0.2,3700,0.25,0.07,0.01,1,3000,3000,4500,4000,3500,1.6855,1.494,1000,1200,2293,2666.928,0,0,1.5,1,0,40,60,1.1,100,0,0,0,0,0,0,0.02,0.02,0.2,1.25,0,0,0,200,50,0,0,200,200,50,0,0,0,0,0,0,0,0,0,0,0,0,0,1,0,0,0,0
436,7,cn-server-capture,1,0,1,0,0,2,2,1,1,0,1,100,3,0.675,2293,1825,2070,1415,10,24.35,5,5,0.2,0.2,0.2,3700,0.25,0.07,0.01,4200,3000,3000,4500,4000,3500,1.6855,1.494,1000,1200,2293,2666.928,0,0,1.5,1,0,40,60,1.1,100,0,0,0,0,0,0,0.02,0.02,0.2,1.25,0,0,0,200,50,0,0,200,200,50,0,0,0,0,0,0,0,0,0,0,0,0,0,1,0,0,0,0
438,4,cn-server-capture,1,0,1,0,0,2,2,1,1,0,1,100,3,0.6765,2291,1825,2070,1415,10,24.65,5,5,0.2,0.2,0.2,3400,0.245,0.07,0.01,1,3000,3000,4500,4000,3500,1.6754999,1.494,1000,1200,2291,2664.528,0,0,1.5,1,0,40,60,1.1,100,0,0,0,0,0,0,0.02,0.02,0.2,1.25,0,0,0,200,50,0,0,200,200,50,0,0,0,0,0,0,0,0,0,0,0,0,0,1,0,0,0,0
438,7,cn-server-capture,1,0,1,0,0,2,2,1,1,0,1,100,3,0.6765,2291,1825,2070,1415,10,24.65,5,5,0.2,0.2,0.2,3400,0.245,0.07,0.01,4300,3000,3000,4500,4000,3500,1.6754999,1.494,1000,1200,2291,2664.528,0,0,1.5,1,0,40,60,1.1,100,0,0,0,0,0,0,0.02,0.02,0.2,1.25,0,0,0,200,50,0,0,200,200,50,0,0,0,0,0,0,0,0,0,0,0,0,0,1,0,0,0,0
440,4,cn-server-capture,1,0,1,0,0,2,2,1,1,0,1,100,3,0.677,2293,1825,2070,1415,10,24.5,5,5,0.2,0.2,0.2,3450,0.25,0.07,0.01,1,3000,3000,4500,4000,3500,1.7055,1.494,1000,1200,2293,2666.928,0,0,1.5,1,0,40,60,1.1,100,0,0,0,0,0,0,0.02,0.02,0.2,1.25,0,0,0,200,50,0,0,200,200,50,0,0,0,0,0,0,0,0,0,0,0,0,0,1,0,0,0,0
440,7,cn-server-capture,1,0,1,0,0,2,2,1,1,0,1,100,3,0.677,2293,1825,2070,1415,10,24.5,5,5,0.2,0.2,0.2,3450,0.25,0.07,0.01,4300,3000,3000,4500,4000,3500,1.7055,1.494,1000,1200,2293,2666.928,0,0,1.5,1,0,40,60,1.1,100,0,0,0,0,0,0,0.02,0.02,0.2,1.25,0,0,0,200,50,0,0,200,200,50,0,0,0,0,0,0,0,0,0,0,0,0,0,1,0,0,0,0
441,4,cn-server-capture,1,0,1,0,0,2,2,2,1,0,1,100,3,0.679,2295,1825,2070,1415,10,24.55,5,5,0.2,0.2,0.2,3400,0.24800001,0.07,0.01,1,3000,3000,4500,4000,3500,1.6754999,1.494,1200,1000,2669.328,2295,0,0,1.5,1,0,40,60,1.1,100,0,0,0,0,0,0,0.02,0.02,0.2,1.25,0,0,0,200,50,0,0,200,200,50,0,0,0,0,0,0,0,0,0,0,0,0,0,1,0,0,0,0
441,7,cn-server-capture,1,0,1,0,0,2,2,2,1,0,1,100,3,0.679,2295,1825,2070,1415,10,24.55,5,5,0.2,0.2,0.2,3400,0.24800001,0.07,0.01,4300,3000,3000,4500,4000,3500,1.6754999,1.494,1200,1000,2669.328,2295,0,0,1.5,1,0,40,60,1.1,100,0,0,0,0,0,0,0.02,0.02,0.2,1.25,0,0,0,200,50,0,0,200,200,50,0,0,0,0,0,0,0,0,0,0,0,0,0,1,0,0,0,0
442,4,cn-server-capture,1,0,1,0,0,2,2,1,1,0,1,100,3,0.676,2293,1825,2070,1415,10,24.65,5,5,0.2,0.2,0.2,3400,0.24700001,0.07,0.01,1,3000,3000,4500,4000,3500,1.6754999,1.494,1000,1200,2293,2666.928,0,0,1.5,1,0,40,60,1.1,100,0,0,0,0,0,0,0.02,0.02,0.2,1.25,0,0,0,200,50,0,0,200,200,50,0,0,0,0,0,0,0,0,0,0,0,0,0,1,0,0,0,0
442,7,cn-server-capture,1,0,1,0,0,2,2,1,1,0,1,100,3,0.676,2293,1825,2070,1415,10,24.65,5,5,0.2,0.2,0.2,3400,0.24700001,0.07,0.01,4300,3000,3000,4500,4000,3500,1.6754999,1.494,1000,1200,2293,2666.928,0,0,1.5,1,0,40,60,1.1,100,0,0,0,0,0,0,0.02,0.02,0.2,1.25,0,0,0,200,50,0,0,200,200,50,0,0,0,0,0,0,0,0,0,0,0,0,0,1,0,0,0,0
443,4,cn-server-capture,1,0,1,0,0,2,2,1,1,0,1,100,3,0.675,2290,1825,2070,1415,10,24.35,5,5,0.2,0.2,0.2,3300,0.245,0.07,0.01,1,3000,3000,4500,4000,3500,1.6754999,1.494,1000,1200,2290,2663.328,0,0,1.5,1,0,40,60,1.1,100,0,0,0,0,0,0,0.02,0.02,0.2,1.25,0,0,0,200,50,0,0,200,200,50,0,0,0,0,0,0,0,0,0,0,0,0,0,1,0,0,0,0
443,7,cn-server-capture,1,0,1,0,0,2,2,1,1,0,1,100,3,0.675,2290,1825,2070,1415,10,24.35,5,5,0.2,0.2,0.2,3300,0.245,0.07,0.01,4300,3000,3000,4500,4000,3500,1.6754999,1.494,1000,1200,2290,2663.328,0,0,1.5,1,0,40,60,1.1,100,0,0,0,0,0,0,0.02,0.02,0.2,1.25,0,0,0,200,50,0,0,200,200,50,0,0,0,0,0,0,0,0,0,0,0,0,0,1,0,0,0,0
444,4,cn-server-capture,1,0,1,0,0,2,2,2,1,0,1,100,3,0.675,2296,1825,2070,1415,10,24.75,5,5,0.2,0.2,0.2,3300,0.246,0.07,0.01,1,3000,3000,4500,4000,3500,1.6754999,1.494,1200,1000,2670.528,2296,0,0,1.5,1,0,40,60,1.1,100,0,0,0,0,0,0,0.02,0.02,0.2,1.25,0,0,0,200,50,0,0,200,200,50,0,0,0,0,0,0,0,0,0,0,0,0,0,1,0,0,0,0
444,7,cn-server-capture,1,0,1,0,0,2,2,2,1,0,1,100,3,0.675,2296,1825,2070,1415,10,24.75,5,5,0.2,0.2,0.2,3300,0.246,0.07,0.01,4300,3000,3000,4500,4000,3500,1.6754999,1.494,1200,1000,2670.528,2296,0,0,1.5,1,0,40,60,1.1,100,0,0,0,0,0,0,0.02,0.02,0.2,1.25,0,0,0,200,50,0,0,200,200,50,0,0,0,0,0,0,0,0,0,0,0,0,0,1,0,0,0,0
445,4,cn-server-capture,1,0,1,0,0,2,2,1,1,0,1,100,3,0.676,2292,1825,2070,1415,10,24.45,5,5,0.2,0.2,0.2,3470,0.24900001,0.07,0.01,1,3000,3000,4500,4000,3500,1.6754999,1.494,1000,1200,2292,2665.728,0,0,1.5,1,0,40,60,1.1,100,0,0,0,0,0,0,0.02,0.02,0.2,1.25,0,0,0,200,50,0,0,200,200,50,0,0,0,0,0,0,0,0,0,0,0,0,0,1,0,0,0,0
445,7,cn-server-capture,1,0,1,0,0,2,2,1,1,0,1,100,3,0.676,2292,1825,2070,1415,10,24.45,5,5,0.2,0.2,0.2,3470,0.24900001,0.07,0.01,4300,3000,3000,4500,4000,3500,1.6754999,1.494,1000,1200,2292,2665.728,0,0,1.5,1,0,40,60,1.1,100,0,0,0,0,0,0,0.02,0.02,0.2,1.25,0,0,0,200,50,0,0,200,200,50,0,0,0,0,0,0,0,0,0,0,0,0,0,1,0,0,0,0
446,4,cn-server-capture,1,0,1,0,0,2,3,2,1,0,1,100,3,0.678,2293,1825,2070,1415,10,24.75,5,5,0.2,0.2,0.2,3250,0.24000001,0.07,0.01,1,3000,3000,4500,4000,3500,1.6754999,1.494,1200,1000,2666.928,2293,0,0,1.5,1,0,40,60,1.1,100,0,0,0,0,0,0,0.02,0.02,0.2,1.25,0,0,0,200,50,0,0,200,200,50,0,0,0,0,0,0,0,0,0,0,0,0,0,1,0,0,0,0
446,7,cn-server-capture,1,0,1,0,0,2,3,2,1,0,1,100,3,0.678,2293,1825,2070,1415,10,24.75,5,5,0.2,0.2,0.2,3250,0.24000001,0.07,0.01,4300,3000,3000,4500,4000,3500,1.6754999,1.494,1200,1000,2666.928,2293,0,0,1.5,1,0,40,60,1.1,100,0,0,0,0,0,0,0.02,0.02,0.2,1.25,0,0,0,200,50,0,0,200,200,50,0,0,0,0,0,0,0,0,0,0,0,0,0,1,0,0,0,0
447,4,cn-server-capture,1,0,1,0,0,2,3,2,1,0,1,100,3,0.67,2295,1825,2070,1415,10,25.25,5,5,0.2,0.2,0.2,4100,0.238,0.07,0.01,1,3000,3000,4500,4000,3500,1.7954999,1.494,1400,1000,3730.288,2295,0,1,1.5,1,0,40,60,1.1,100,0,0,0,0,0,0,0.02,0.02,0.2,1.25,0,0,0,200,50,0,0,200,200,50,0,0,0,0,0,0,0,0,0,0,0,0,0,1,0,0,0,0
447,7,cn-server-capture,1,0,1,0,0,2,3,2,1,0,1,100,3,0.67,2295,1825,2070,1415,10,25.25,5,5,0.2,0.2,0.2,4100,0.238,0.07,0.01,4300,3000,3000,4500,4000,3500,1.7954999,1.494,1400,1000,3730.288,2295,0,1,1.5,1,0,40,60,1.1,100,0,0,0,0,0,0,0.02,0.02,0.2,1.25,0,0,0,200,50,0,0,200,200,50,0,0,0,0,0,0,0,0,0,0,0,0,0,1,0,0,0,0
448,4,cn-server-capture,1,0,1,0,0,2,2,1,1,0,1,100,3,0.676,2293,1825,2070,1415,10,24.55,5,5,0.2,0.2,0.2,3400,0.245,0.07,0.01,1,3000,3000,4500,4000,3500,1.6754999,1.494,1000,1200,2293,2666.928,0,0,1.5,1,0,40,60,1.1,100,0,0,0,0,0,0,0.02,0.02,0.2,1.25,0,0,0,200,50,0,0,200,200,50,0,0,0,0,0,0,0,0,0,0,0,0,0,1,0,0,0,0
448,7,cn-server-capture,1,0,1,0,0,2,2,1,1,0,1,100,3,0.676,2293,1825,2070,1415,10,24.55,5,5,0.2,0.2,0.2,3400,0.245,0.07,0.01,4300,3000,3000,4500,4000,3500,1.6754999,1.494,1000,1200,2293,2666.928,0,0,1.5,1,0,40,60,1.1,100,0,0,0,0,0,0,0.02,0.02,0.2,1.25,0,0,0,200,50,0,0,200,200,50,0,0,0,0,0,0,0,0,0,0,0,0,0,1,0,0,0,0
453,4,cn-server-capture,1,0,1,0,0,2,2,1,1,0,1,100,3,0.678,2290,1825,2070,1415,10,24.55,5,5,0.2,0.2,0.2,3300,0.245,0.07,0.01,1,3000,3000,4500,4000,3500,1.6754999,1.494,1000,1200,2290,2663.328,0,0,1.5,1,0,40,60,1.1,100,0,0,0,0,0,0,0.02,0.02,0.2,1.25,0,0,0,200,50,0,0,200,200,50,0,0,0,0,0,0,0,0,0,0,0,0,0,1,0,0,0,0
453,7,cn-server-capture,1,0,1,0,0,2,2,1,1,0,1,100,3,0.678,2290,1825,2070,1415,10,24.55,5,5,0.2,0.2,0.2,3300,0.245,0.07,0.01,4300,3000,3000,4500,4000,3500,1.6754999,1.494,1000,1200,2290,2663.328,0,0,1.5,1,0,40,60,1.1,100,0,0,0,0,0,0,0.02,0.02,0.2,1.25,0,0,0,200,50,0,0,200,200,50,0,0,0,0,0,0,0,0,0,0,0,0,0,1,0,0,0,0
455,4,cn-server-capture,1,0,1,0,0,2,2,1,1,0,1,100,3,0.676,2295,1825,2070,1415,10,24.4,5,5,0.2,0.2,0.2,3700,0.24700001,0.07,0.01,1,3000,3000,4500,4000,3500,1.6855,1.494,1000,1200,2295,2669.328,0,0,1.5,1,0,40,60,1.1,100,0,0,0,0,0,0,0.02,0.02,0.2,1.25,0,0,0,200,50,0,0,200,200,50,0,0,0,0,0,0,0,0,0,0,0,0,0,1,0,0,0,0
455,7,cn-server-capture,1,0,1,0,0,2,2,1,1,0,1,100,3,0.676,2295,1825,2070,1415,10,24.4,5,5,0.2,0.2,0.2,3700,0.24700001,0.07,0.01,4300,3000,3000,4500,4000,3500,1.6855,1.494,1000,1200,2295,2669.328,0,0,1.5,1,0,40,60,1.1,100,0,0,0,0,0,0,0.02,0.02,0.2,1.25,0,0,0,200,50,0,0,200,200,50,0,0,0,0,0,0,0,0,0,0,0,0,0,1,0,0,0,0
457,4,cn-server-capture,1,0,1,0,0,2,2,1,1,0,1,100,3,0.676,2293,1825,2070,1415,10,24.75,5,5,0.2,0.2,0.2,3500,0.246,0.07,0.01,1,3000,3000,4500,4000,3500,1.6754999,1.494,1000,1200,2293,2666.928,0,0,1.5,1,0,40,60,1.1,100,0,0,0,0,0,0,0.02,0.02,0.2,1.25,0,0,0,200,50,0,0,200,200,50,0,0,0,0,0,0,0,0,0,0,0,0,0,1,0,0,0,0
457,7,cn-server-capture,1,0,1,0,0,2,2,1,1,0,1,100,3,0.676,2293,1825,2070,1415,10,24.75,5,5,0.2,0.2,0.2,3500,0.246,0.07,0.01,4300,3000,3000,4500,4000,3500,1.6754999,1.494,1000,1200,2293,2666.928,0,0,1.5,1,0,40,60,1.1,100,0,0,0,0,0,0,0.02,0.02,0.2,1.25,0,0,0,200,50,0,0,200,200,50,0,0,0,0,0,0,0,0,0,0,0,0,0,1,0,0,0,0
458,4,cn-server-capture,1,0,1,0,0,2,2,1,1,0,1,100,3,0.676,2293,1825,2070,1415,10,24.25,5,5,0.2,0.2,0.2,3400,0.24700001,0.07,0.01,1,3000,3000,4500,4000,3500,1.6754999,1.494,1000,1200,2293,2666.928,0,0,1.5,1,0,40,60,1.1,100,0,0,0,0,0,0,0.02,0.02,0.2,1.25,0,0,0,200,50,0,0,200,200,50,0,0,0,0,0,0,0,0,0,0,0,0,0,1,0,0,0,0
458,7,cn-server-capture,1,0,1,0,0,2,2,1,1,0,1,100,3,0.676,2293,1825,2070,1415,10,24.25,5,5,0.2,0.2,0.2,3400,0.24700001,0.07,0.01,4300,3000,3000,4500,4000,3500,1.6754999,1.494,1000,1200,2293,2666.928,0,0,1.5,1,0,40,60,1.1,100,0,0,0,0,0,0,0.02,0.02,0.2,1.25,0,0,0,200,50,0,0,200,200,50,0,0,0,0,0,0,0,0,0,0,0,0,0,1,0,0,0,0
459,4,cn-server-capture,1,0,1,0,0,2,2,1,1,1,1,100,3,0.677,2290,1825,2070,1415,10,24.2,5,5,0.2,0.2,0.2,3800,0.246,0.07,0.01,1,2800,3000,4000,4000,3500,1.6554999,1.494,1000,1200,2290,2663.328,0,0,1.5,1,0,40,60,1.1,100,0,0,0,0,0,0,0.02,0.02,0.2,1.25,0,0,0,200,50,0,0,200,200,50,0,0,0,0,0,0,0,0,0,0,0,0,0,1,0,0,0,0
459,7,cn-server-capture,1,0,1,0,0,2,2,1,1,1,1,100,3,0.677,2290,1825,2070,1415,10,24.2,5,5,0.2,0.2,0.2,3800,0.246,0.07,0.01,3000,2800,3000,4000,4000,3500,1.6554999,1.494,1000,1200,2290,2663.328,0,0,1.5,1,0,40,60,1.1,100,0,0,0,0,0,0,0.02,0.02,0.2,1.25,0,0,0,200,50,0,0,200,200,50,0,0,0,0,0,0,0,0,0,0,0,0,0,1,0,0,0,0
461,4,cn-server-capture,1,0,1,0,0,2,2,1,1,0,1,100,3,0.675,2293,1825,2070,1415,10,24.57,5,5,0.2,0.2,0.2,3520,0.25,0.07,0.01,1,3000,3000,4500,4000,3500,1.7055,1.494,1000,1200,2293,2666.928,0,0,1.5,1,0,40,60,1.1,100,0,0,0,0,0,0,0.02,0.02,0.2,1.25,0,0,0,200,50,0,0,200,200,50,0,0,0,0,0,0,0,0,0,0,0,0,0,1,0,0,0,0
461,7,cn-server-capture,1,0,1,0,0,2,2,1,1,0,1,100,3,0.675,2293,1825,2070,1415,10,24.57,5,5,0.2,0.2,0.2,3520,0.25,0.07,0.01,4300,3000,3000,4500,4000,3500,1.7055,1.494,1000,1200,2293,2666.928,0,0,1.5,1,0,40,60,1.1,100,0,0,0,0,0,0,0.02,0.02,0.2,1.25,0,0,0,200,50,0,0,200,200,50,0,0,0,0,0,0,0,0,0,0,0,0,0,1,0,0,0,0
462,4,cn-server-capture,1,0,1,0,0,2,2,2,1,0,1,100,3,0.675,2294,1825,2070,1415,10,24.75,5,5,0.2,0.2,0.2,3300,0.243,0.07,0.01,1,3000,3000,4500,4000,3500,1.6754999,1.494,1200,1000,2668.128,2294,0,0,1.5,1,0,40,60,1.1,100,0,0,0,0,0,0,0.02,0.02,0.2,1.25,0,0,0,200,50,0,0,200,200,50,0,0,0,0,0,0,0,0,0,0,0,0,0,1,0,0,0,0
462,7,cn-server-capture,1,0,1,0,0,2,2,2,1,0,1,100,3,0.675,2294,1825,2070,1415,10,24.75,5,5,0.2,0.2,0.2,3300,0.243,0.07,0.01,4300,3000,3000,4500,4000,3500,1.6754999,1.494,1200,1000,2668.128,2294,0,0,1.5,1,0,40,60,1.1,100,0,0,0,0,0,0,0.02,0.02,0.2,1.25,0,0,0,200,50,0,0,200,200,50,0,0,0,0,0,0,0,0,0,0,0,0,0,1,0,0,0,0
463,4,cn-server-capture,1,0,1,0,0,2,2,1,1,0,1,100,3,0.676,2294,1825,2070,1415,10,24.25,5,5,0.2,0.2,0.2,3500,0.25,0.07,0.01,1,3000,3000,4500,4000,3500,1.6754999,1.494,1000,1200,2294,2668.128,0,0,1.5,1,0,40,60,1.1,100,0,0,0,0,0,0,0.02,0.02,0.2,1.25,0,0,0,200,50,0,0,200,200,50,0,0,0,0,0,0,0,0,0,0,0,0,0,1,0,0,0,0
463,7,cn-server-capture,1,0,1,0,0,2,2,1,1,0,1,100,3,0.676,2294,1825,2070,1415,10,24.25,5,5,0.2,0.2,0.2,3500,0.25,0.07,0.01,4300,3000,3000,4500,4000,3500,1.6754999,1.494,1000,1200,2294,2668.128,0,0,1.5,1,0,40,60,1.1,100,0,0,0,0,0,0,0.02,0.02,0.2,1.25,0,0,0,200,50,0,0,200,200,50,0,0,0,0,0,0,0,0,0,0,0,0,0,1,0,0,0,0
466,4,cn-server-capture,1,0,1,0,0,3,2,1,1,0,1,100,3,0.676,2293,1825,2070,1415,10,24.45,5,5,0.2,0.2,0.2,3700,0.255,0.07,0.01,1,3000,3000,4500,4000,3500,1.6754999,1.494,1000,1200,2293,2666.928,0,0,1.5,1,0,40,60,1.1,100,0,0,0,0,0,0,0.02,0.02,0.2,1.25,0,0,0,200,50,0,0,200,200,50,0,0,0,0,0,0,0,0,0,0,0,0,0,1,0,0,0,0
466,7,cn-server-capture,1,0,1,0,0,3,2,1,1,0,1,100,3,0.676,2293,1825,2070,1415,10,24.45,5,5,0.2,0.2,0.2,3700,0.255,0.07,0.01,4150,3000,3000,4500,4000,3500,1.6754999,1.494,1000,1200,2293,2666.928,0,0,1.5,1,0,40,60,1.1,100,0,0,0,0,0,0,0.02,0.02,0.2,1.25,0,0,0,200,50,0,0,200,200,50,0,0,0,0,0,0,0,0,0,0,0,0,0,1,0,0,0,0
467,4,cn-server-capture,1,0,1,0,0,2,2,2,1,0,1,100,3,0.675,2293,1825,2070,1415,10,24.75,5,5,0.2,0.2,0.2,3300,0.245,0.07,0.01,1,3000,3000,4500,4000,3500,1.6754999,1.494,1200,1000,2666.928,2293,0,0,1.5,1,0,40,60,1.1,100,0,0,0,0,0,0,0.02,0.02,0.2,1.25,0,0,0,200,50,0,0,200,200,50,0,0,0,0,0,0,0,0,0,0,0,0,0,1,0,0,0,0
467,7,cn-server-capture,1,0,1,0,0,2,2,2,1,0,1,100,3,0.675,2293,1825,2070,1415,10,24.75,5,5,0.2,0.2,0.2,3300,0.245,0.07,0.01,4300,3000,3000,4500,4000,3500,1.6754999,1.494,1200,1000,2666.928,2293,0,0,1.5,1,0,40,60,1.1,100,0,0,0,0,0,0,0.02,0.02,0.2,1.25,0,0,0,200,50,0,0,200,200,50,0,0,0,0,0,0,0,0,0,0,0,0,0,1,0,0,0,0
468,4,cn-server-capture,1,0,1,0,0,2,3,2,1,0,1,100,3,0.674,2295,1825,2070,1415,10,25.05,5,5,0.2,0.2,0.2,3400,0.24700001,0.07,0.01,1,2850,3000,4150,4000,3500,1.6955,1.494,1200,1000,2776.875,2295,0,0,1.5,1,0,40,60,1.1,100,0,0,0,0,0,0,0.02,0.02,0.2,1.25,0,0,0,200,50,0,0,200,200,50,0,0,0,0,0,0,0,0,0,0,0,0,0,1,0,0,0,0
468,7,cn-server-capture,1,0,1,0,0,2,3,2,1,0,1,100,3,0.674,2295,1825,2070,1415,10,25.05,5,5,0.2,0.2,0.2,3400,0.24700001,0.07,0.01,3900,2850,3000,4150,4000,3500,1.6955,1.494,1200,1000,2776.875,2295,0,0,1.5,1,0,40,60,1.1,100,0,0,0,0,0,0,0.02,0.02,0.2,1.25,0,0,0,200,50,0,0,200,200,50,0,0,0,0,0,0,0,0,0,0,0,0,0,1,0,0,0,0
469,4,cn-server-capture,1,0,1,0,0,2,3,2,1,0,1,100,3,0.674,2293,1825,2070,1415,10,24.75,5,5,0.2,0.2,0.2,3400,0.243,0.07,0.01,1,3000,3000,4500,4000,3500,1.6754999,1.494,1200,1000,2666.928,2293,0,0,1.5,1,0,40,60,1.1,100,0,0,0,0,0,0,0.02,0.02,0.2,1.25,0,0,0,200,50,0,0,200,200,50,0,0,0,0,0,0,0,0,0,0,0,0,0,1,0,0,0,0
469,7,cn-server-capture,1,0,1,0,0,2,3,2,1,0,1,100,3,0.674,2293,1825,2070,1415,10,24.75,5,5,0.2,0.2,0.2,3400,0.243,0.07,0.01,4300,3000,3000,4500,4000,3500,1.6754999,1.494,1200,1000,2666.928,2293,0,0,1.5,1,0,40,60,1.1,100,0,0,0,0,0,0,0.02,0.02,0.2,1.25,0,0,0,200,50,0,0,200,200,50,0,0,0,0,0,0,0,0,0,0,0,0,0,1,0,0,0,0
470,4,cn-server-capture,1,0,1,0,0,2,2,1,1,0,1,100,3,0.673,2294,1825,2070,1415,10,24.35,5,5,0.2,0.2,0.2,3650,0.24700001,0.07,0.01,1,2700,3000,4000,4000,3500,1.6754999,1.494,1000,1200,2294,2668.128,0,0,1.5,1,0,40,60,1.1,100,0,0,0,0,0,0,0.02,0.02,0.2,1.25,0,0,0,200,50,0,0,200,200,50,0,0,0,0,0,0,0,0,0,0,0,0,0,1,0,0,0,0
470,7,cn-server-capture,1,0,1,0,0,2,2,1,1,0,1,100,3,0.673,2294,1825,2070,1415,10,24.35,5,5,0.2,0.2,0.2,3650,0.24700001,0.07,0.01,3400,2700,3000,4000,4000,3500,1.6754999,1.494,1000,1200,2294,2668.128,0,0,1.5,1,0,40,60,1.1,100,0,0,0,0,0,0,0.02,0.02,0.2,1.25,0,0,0,200,50,0,0,200,200,50,0,0,0,0,0,0,0,0,0,0,0,0,0,1,0,0,0,0
471,4,cn-server-capture,1,0,1,0,0,2,2,2,1,0,1,100,3,0.675,2300,1825,2070,1415,10,24.75,5,5,0.2,0.2,0.2,3700,0.25,0.07,0.01,1,2900,3000,4300,4000,3500,1.6834999,1.494,1000,1200,3317.7,2300,0,1,1.5,1,0,40,60,1.1,100,0,0,0,0,0,0,0.02,0.02,0.2,1.25,0,0,0,200,50,0,0,200,200,50,0,0,0,0,0,0,0,0,0,0,0,0,0,1,0,0,0,0
471,7,cn-server-capture,1,0,1,0,0,2,2,2,1,0,1,100,3,0.675,2300,1825,2070,1415,10,24.75,5,5,0.2,0.2,0.2,3700,0.25,0.07,0.01,3850,2900,3000,4300,4000,3500,1.6834999,1.494,1000,1200,3317.7,2300,0,1,1.5,1,0,40,60,1.1,100,0,0,0,0,0,0,0.02,0.02,0.2,1.25,0,0,0,200,50,0,0,200,200,50,0,0,0,0,0,0,0,0,0,0,0,0,0,1,0,0,0,0
472,4,cn-server-capture,1,0,1,0,0,2,2,1,1,0,1,100,3,0.675,2295,1825,2070,1415,10,24.45,5,5,0.2,0.2,0.2,3400,0.24900001,0.07,0.01,1,3000,3000,4500,4000,3500,1.6754999,1.494,1000,1200,2295,2669.328,0,0,1.5,1,0,40,60,1.1,100,0,0,0,0,0,0,0.02,0.02,0.2,1.25,0,0,0,200,50,0,0,200,200,50,0,0,0,0,0,0,0,0,0,0,0,0,0,1,0,0,0,0
472,7,cn-server-capture,1,0,1,0,0,2,2,1,1,0,1,100,3,0.675,2295,1825,2070,1415,10,24.45,5,5,0.2,0.2,0.2,3400,0.24900001,0.07,0.01,4300,3000,3000,4500,4000,3500,1.6754999,1.494,1000,1200,2295,2669.328,0,0,1.5,1,0,40,60,1.1,100,0,0,0,0,0,0,0.02,0.02,0.2,1.25,0,0,0,200,50,0,0,200,200,50,0,0,0,0,0,0,0,0,0,0,0,0,0,1,0,0,0,0
473,4,cn-server-capture,1,0,1,0,0,2,2,1,1,0,1,100,3,0.671,2295,1825,2070,1415,10,24.65,5,5,0.2,0.2,0.2,3800,0.25300002,0.07,0.01,1,2930,3000,4300,4000,3500,1.6955,1.494,1000,1200,2295,3521.472,0.5,0,1.5,1,0,40,60,1.1,100,0,0,0,0,0,0,0.02,0.02,0.2,1.25,0,0,0,200,50,0,0,200,200,50,0,0,0,0,0,0,0,0,0,0,0,0,0,1,0,0,0,0
473,7,cn-server-capture,1,0,1,0,0,2,2,1,1,0,1,100,3,0.671,2295,1825,2070,1415,10,24.65,5,5,0.2,0.2,0.2,3800,0.25300002,0.07,0.01,3870,2930,3000,4300,4000,3500,1.6955,1.494,1000,1200,2295,3521.472,0.5,0,1.5,1,0,40,60,1.1,100,0,0,0,0,0,0,0.02,0.02,0.2,1.25,0,0,0,200,50,0,0,200,200,50,0,0,0,0,0,0,0,0,0,0,0,0,0,1,0,0,0,0
474,4,cn-server-capture,1,0,1,0,0,2,2,1,1,0,1,100,3,0.675,2294,1825,2070,1415,10,24.55,5,5,0.2,0.2,0.2,3500,0.24900001,0.07,0.01,1,3000,3000,4500,4000,3500,1.6754999,1.494,1000,1200,2294,2668.128,0,0,1.5,1,0,40,60,1.1,100,0,0,0,0,0,0,0.02,0.02,0.2,1.25,0,0,0,200,50,0,0,200,200,50,0,0,0,0,0,0,0,0,0,0,0,0,0,1,0,0,0,0
474,7,cn-server-capture,1,0,1,0,0,2,2,1,1,0,1,100,3,0.675,2294,1825,2070,1415,10,24.55,5,5,0.2,0.2,0.2,3500,0.24900001,0.07,0.01,4300,3000,3000,4500,4000,3500,1.6754999,1.494,1000,1200,2294,2668.128,0,0,1.5,1,0,40,60,1.1,100,0,0,0,0,0,0,0.02,0.02,0.2,1.25,0,0,0,200,50,0,0,200,200,50,0,0,0,0,0,0,0,0,0,0,0,0,0,1,0,0,0,0
475,4,cn-server-capture,1,0,1,0,0,2,2,1,1,0,1,100,3,0.6745,2295,1825,2070,1415,10,24.55,5,5,0.2,0.2,0.2,3500,0.24900001,0.07,0.01,1,3000,3000,4500,4000,3500,1.6754999,1.494,1000,1200,2295,2669.328,0,0,1.5,1,0,40,60,1.1,100,0,0,0,0,0,0,0.02,0.02,0.2,1.25,0,0,0,200,50,0,0,200,200,50,0,0,0,0,0,0,0,0,0,0,0,0,0,1,0,0,0,0
475,7,cn-server-capture,1,0,1,0,0,2,2,1,1,0,1,100,3,0.6745,2295,1825,2070,1415,10,24.55,5,5,0.2,0.2,0.2,3500,0.24900001,0.07,0.01,4300,3000,3000,4500,4000,3500,1.6754999,1.494,1000,1200,2295,2669.328,0,0,1.5,1,0,40,60,1.1,100,0,0,0,0,0,0,0.02,0.02,0.2,1.25,0,0,0,200,50,0,0,200,200,50,0,0,0,0,0,0,0,0,0,0,0,0,0,1,0,0,0,0
477,4,cn-server-capture,1,0,1,0,0,2,2,1,1,0,1,100,3,0.67,2297,1825,2070,1415,10,24.75,5,5,0.2,0.2,0.2,3900,0.25300002,0.07,0.01,1,2930,3000,4300,4000,3500,1.7355,1.494,1000,1300,2297,3733.688,0.5,0,1.5,1,0,40,60,1.1,100,0,0,0,0,0,0,0.02,0.02,0.2,1.25,0,0,0,200,50,0,0,200,200,50,0,0,0,0,0,0,0,0,0,0,0,0,0,1,0,0,0,0
477,7,cn-server-capture,1,0,1,0,0,2,2,1,1,0,1,100,3,0.67,2297,1825,2070,1415,10,24.75,5,5,0.2,0.2,0.2,3900,0.25300002,0.07,0.01,3870,2930,3000,4300,4000,3500,1.7355,1.494,1000,1300,2297,3733.688,0.5,0,1.5,1,0,40,60,1.1,100,0,0,0,0,0,0,0.02,0.02,0.2,1.25,0,0,0,200,50,0,0,200,200,50,0,0,0,0,0,0,0,0,0,0,0,0,0,1,0,0,0,0
478,4,cn-server-capture,1,0,1,0,0,2,2,2,1,0,1,100,3,0.675,2300,1825,2070,1415,10,24.75,5,5,0.2,0.2,0.2,3300,0.246,0.07,0.01,1,3000,3000,4500,4000,3500,1.7255,1.494,1200,1000,3738.788,2300,0,1,1.5,1,0,40,60,1.1,100,0,0,0,0,0,0,0.02,0.02,0.2,1.25,0,0,0,200,50,0,0,200,200,50,0,0,0,0,0,0,0,0,0,0,0,0,0,1,0,0,0,0
478,7,cn-server-capture,1,0,1,0,0,2,2,2,1,0,1,100,3,0.675,2300,1825,2070,1415,10,24.75,5,5,0.2,0.2,0.2,3300,0.246,0.07,0.01,4300,3000,3000,4500,4000,3500,1.7255,1.494,1200,1000,3738.788,2300,0,1,1.5,1,0,40,60,1.1,100,0,0,0,0,0,0,0.02,0.02,0.2,1.25,0,0,0,200,50,0,0,200,200,50,0,0,0,0,0,0,0,0,0,0,0,0,0,1,0,0,0,0
479,4,cn-server-capture,1,0,1,0,0,2,2,1,1,0,1,100,3,0.675,2294,1825,2070,1415,10,24.55,5,5,0.2,0.2,0.2,3500,0.25,0.07,0.01,1,3000,3000,4500,4000,3500,1.6754999,1.494,1000,1200,2294,2668.128,0,0,1.5,1,0,40,60,1.1,100,0,0,0,0,0,0,0.02,0.02,0.2,1.25,0,0,0,200,50,0,0,200,200,50,0,0,0,0,0,0,0,0,0,0,0,0,0,1,0,0,0,0
479,7,cn-server-capture,1,0,1,0,0,2,2,1,1,0,1,100,3,0.675,2294,1825,2070,1415,10,24.55,5,5,0.2,0.2,0.2,3500,0.25,0.07,0.01,4300,3000,3000,4500,4000,3500,1.6754999,1.494,1000,1200,2294,2668.128,0,0,1.5,1,0,40,60,1.1,100,0,0,0,0,0,0,0.02,0.02,0.2,1.25,0,0,0,200,50,0,0,200,200,50,0,0,0,0,0,0,0,0,0,0,0,0,0,1,0,0,0,0
481,4,cn-server-capture,1,0,1,0,0,2,2,1,1,0,1,100,3,0.672,2300,1825,2070,1415,10,24.9,5,5,0.2,0.2,0.2,3800,0.252,0.07,0.01,1,2930,3000,4300,4000,3500,1.7365,1.494,1000,1150,2300,4050.724,0.5,0,1.5,1,0,40,60,1.1,100,0,0,0,0,0,0,0.02,0.02,0.2,1.25,0,0,0,200,50,0,0,200,200,50,0,0,0,0,0,0,0,0,0,0,0,0,0,1,0,0,0,0
481,7,cn-server-capture,1,0,1,0,0,2,2,1,1,0,1,100,3,0.672,2300,1825,2070,1415,10,24.9,5,5,0.2,0.2,0.2,3800,0.252,0.07,0.01,3870,2930,3000,4300,4000,3500,1.7365,1.494,1000,1150,2300,4050.724,0.5,0,1.5,1,0,40,60,1.1,100,0,0,0,0,0,0,0.02,0.02,0.2,1.25,0,0,0,200,50,0,0,200,200,50,0,0,0,0,0,0,0,0,0,0,0,0,0,1,0,0,0,0
482,4,cn-server-capture,1,0,1,0,0,2,2,1,1,0,1,100,3,0.675,2295,1825,2070,1415,10,24.5,5,5,0.2,0.2,0.2,3450,0.24400002,0.07,0.01,1,3000,3000,4500,4000,3500,1.6754999,1.494,1000,1200,2295,2669.328,0,0,1.5,1,0,40,60,1.1,100,0,0,0,0,0,0,0.02,0.02,0.2,1.25,0,0,0,200,50,0,0,200,200,50,0,0,0,0,0,0,0,0,0,0,0,0,0,1,0,0,0,0
482,7,cn-server-capture,1,0,1,0,0,2,2,1,1,0,1,100,3,0.675,2295,1825,2070,1415,10,24.5,5,5,0.2,0.2,0.2,3450,0.24400002,0.07,0.01,4300,3000,3000,4500,4000,3500,1.6754999,1.494,1000,1200,2295,2669.328,0,0,1.5,1,0,40,60,1.1,100,0,0,0,0,0,0,0.02,0.02,0.2,1.25,0,0,0,200,50,0,0,200,200,50,0,0,0,0,0,0,0,0,0,0,0,0,0,1,0,0,0,0
483,4,cn-server-capture,1,0,1,0,0,2,2,1,1,0,1,100,3,0.674,2295,1825,2070,1415,10,24.369999,5,5,0.2,0.2,0.2,3500,0.25,0.07,0.01,1,3000,3000,4500,4000,3500,1.7055,1.494,1000,1200,2295,2669.328,0,0,1.5,1,0,40,60,1.1,100,0,0,0,0,0,0,0.02,0.02,0.2,1.25,0,0,0,200,50,0,0,200,200,50,0,0,0,0,0,0,0,0,0,0,0,0,0,1,0,0,0,0
483,7,cn-server-capture,1,0,1,0,0,2,2,1,1,0,1,100,3,0.674,2295,1825,2070,1415,10,24.369999,5,5,0.2,0.2,0.2,3500,0.25,0.07,0.01,4300,3000,3000,4500,4000,3500,1.7055,1.494,1000,1200,2295,2669.328,0,0,1.5,1,0,40,60,1.1,100,0,0,0,0,0,0,0.02,0.02,0.2,1.25,0,0,0,200,50,0,0,200,200,50,0,0,0,0,0,0,0,0,0,0,0,0,0,1,0,0,0,0
484,4,cn-server-capture,1,0,1,0,0,2,2,1,1,0,1,100,3,0.671,2298,1825,2070,1415,10,24.45,5,5,0.2,0.2,0.2,3900,0.25,0.07,0.01,1,2930,3000,4300,4000,3500,1.7355,1.494,1000,1300,2298,3735.388,0.6,0,1.5,1,0,40,60,1.1,100,0,0,0,0,0,0,0.02,0.02,0.2,1.25,0,0,0,200,50,0,0,200,200,50,0,0,0,0,0,0,0,0,0,0,0,0,0,1,0,0,0,0
484,7,cn-server-capture,1,0,1,0,0,2,2,1,1,0,1,100,3,0.671,2298,1825,2070,1415,10,24.45,5,5,0.2,0.2,0.2,3900,0.25,0.07,0.01,3870,2930,3000,4300,4000,3500,1.7355,1.494,1000,1300,2298,3735.388,0.6,0,1.5,1,0,40,60,1.1,100,0,0,0,0,0,0,0.02,0.02,0.2,1.25,0,0,0,200,50,0,0,200,200,50,0,0,0,0,0,0,0,0,0,0,0,0,0,1,0,0,0,0
486,4,cn-server-capture,1,0,1,0,0,2,2,1,1,0,1,100,3,0.672,2297,1825,2070,1415,10,24.75,5,5,0.2,0.2,0.2,3700,0.24900001,0.07,0.01,1,2930,3000,4300,4000,3500,1.7255,1.494,1000,1300,2297,3524.672,0.6,0,1.5,1,0,40,60,1.1,100,0,0,0,0,0,0,0.02,0.02,0.2,1.25,0,0,0,200,50,0,0,200,200,50,0,0,0,0,0,0,0,0,0,0,0,0,0,1,0,0,0,0
486,7,cn-server-capture,1,0,1,0,0,2,2,1,1,0,1,100,3,0.672,2297,1825,2070,1415,10,24.75,5,5,0.2,0.2,0.2,3700,0.24900001,0.07,0.01,3920,2930,3000,4300,4000,3500,1.7255,1.494,1000,1300,2297,3524.672,0.6,0,1.5,1,0,40,60,1.1,100,0,0,0,0,0,0,0.02,0.02,0.2,1.25,0,0,0,200,50,0,0,200,200,50,0,0,0,0,0,0,0,0,0,0,0,0,0,1,0,0,0,0
487,4,cn-server-capture,1,0,1,0,0,2,2,2,1,0,1,100,3,0.675,2293,1825,2070,1415,10,25.05,5,5,0.2,0.2,0.2,3300,0.245,0.07,0.01,1,3000,3000,4500,4000,3500,1.6754999,1.494,1200,1000,2666.928,2293,0,0,1.5,1,0,40,60,1.1,100,0,0,0,0,0,0,0.02,0.02,0.2,1.25,0,0,0,200,50,0,0,200,200,50,0,0,0,0,0,0,0,0,0,0,0,0,0,1,0,0,0,0
487,7,cn-server-capture,1,0,1,0,0,2,2,2,1,0,1,100,3,0.675,2293,1825,2070,1415,10,25.05,5,5,0.2,0.2,0.2,3300,0.245,0.07,0.01,4300,3000,3000,4500,4000,3500,1.6754999,1.494,1200,1000,2666.928,2293,0,0,1.5,1,0,40,60,1.1,100,0,0,0,0,0,0,0.02,0.02,0.2,1.25,0,0,0,200,50,0,0,200,200,50,0,0,0,0,0,0,0,0,0,0,0,0,0,1,0,0,0,0
488,4,cn-server-capture,1,0,1,0,0,2,2,1,1,0,1,100,3,0.673,2296,1825,2070,1415,10,24.4,5,5,0.2,0.2,0.2,3500,0.25,0.07,0.01,1,3000,3000,4500,4000,3500,1.6754999,1.494,1000,1200,2296,2670.528,0,0,1.5,1,0,40,60,1.1,100,0,0,0,0,0,0,0.02,0.02,0.2,1.25,0,0,0,200,50,0,0,200,200,50,0,0,0,0,0,0,0,0,0,0,0,0,0,1,0,0,0,0
488,7,cn-server-capture,1,0,1,0,0,2,2,1,1,0,1,100,3,0.673,2296,1825,2070,1415,10,24.4,5,5,0.2,0.2,0.2,3500,0.25,0.07,0.01,4300,3000,3000,4500,4000,3500,1.6754999,1.494,1000,1200,2296,2670.528,0,0,1.5,1,0,40,60,1.1,100,0,0,0,0,0,0,0.02,0.02,0.2,1.25,0,0,0,200,50,0,0,200,200,50,0,0,0,0,0,0,0,0,0,0,0,0,0,1,0,0,0,0
489,4,cn-server-capture,1,0,1,0,0,2,2,1,1,0,1,100,3,0.675,2295,1825,2070,1415,10,24.35,5,5,0.2,0.2,0.2,3600,0.24800001,0.07,0.01,1,3000,3000,4500,4000,3500,1.6754999,1.494,1000,1200,2295,2669.328,0,0,1.5,1,0,40,60,1.1,100,0,0,0,0,0,0,0.02,0.02,0.2,1.25,0,0,0,200,50,0,0,200,200,50,0,0,0,0,0,0,0,0,0,0,0,0,0,1,0,0,0,0
489,7,cn-server-capture,1,0,1,0,0,2,2,1,1,0,1,100,3,0.675,2295,1825,2070,1415,10,24.35,5,5,0.2,0.2,0.2,3600,0.24800001,0.07,0.01,4300,3000,3000,4500,4000,3500,1.6754999,1.494,1000,1200,2295,2669.328,0,0,1.5,1,0,40,60,1.1,100,0,0,0,0,0,0,0.02,0.02,0.2,1.25,0,0,0,200,50,0,0,200,200,50,0,0,0,0,0,0,0,0,0,0,0,0,0,1,0,0,0,0
494,4,cn-server-capture,1,0,1,0,0,3,2,1,1,1,1,100,3,0.671,2298,1825,2070,1415,10,24.95,5,5,0.2,0.2,0.2,4250,0.25,0.07,0.01,1,2750,3000,3950,4000,3500,1.7845,1.494,1000,1200,2298,4585.476,0.5,0,1.5,1,0,40,60,1.1,100,0,0,0,0,0,0,0.02,0.02,0.2,1.25,0,0,0,200,50,0,0,200,200,50,0,0,0,0,0,0,0,0,0,0,0,0,0,1,0,0,0,0
494,7,cn-server-capture,1,0,1,0,0,3,2,1,1,1,1,100,3,0.671,2298,1825,2070,1415,10,24.95,5,5,0.2,0.2,0.2,4250,0.25,0.07,0.01,2800,2750,3000,3950,4000,3500,1.7845,1.494,1000,1200,2298,4585.476,0.5,0,1.5,1,0,40,60,1.1,100,0,0,0,0,0,0,0.02,0.02,0.2,1.25,0,0,0,200,50,0,0,200,200,50,0,0,0,0,0,0,0,0,0,0,0,0,0,1,0,0,0,0
495,4,cn-server-capture,1,0,1,0,0,2,2,1,1,0,1,100,3,0.674,2293,1825,2070,1415,10,24.45,5,5,0.2,0.2,0.2,3500,0.24800001,0.07,0.01,1,3000,3000,4500,4000,3500,1.6754999,1.494,1000,1200,2293,2666.928,0,0,1.5,1,0,40,60,1.1,100,0,0,0,0,0,0,0.02,0.02,0.2,1.25,0,0,0,200,50,0,0,200,200,50,0,0,0,0,0,0,0,0,0,0,0,0,0,1,0,0,0,0
495,7,cn-server-capture,1,0,1,0,0,2,2,1,1,0,1,100,3,0.674,2293,1825,2070,1415,10,24.45,5,5,0.2,0.2,0.2,3500,0.24800001,0.07,0.01,4300,3000,3000,4500,4000,3500,1.6754999,1.494,1000,1200,2293,2666.928,0,0,1.5,1,0,40,60,1.1,100,0,0,0,0,0,0,0.02,0.02,0.2,1.25,0,0,0,200,50,0,0,200,200,50,0,0,0,0,0,0,0,0,0,0,0,0,0,1,0,0,0,0
498,4,cn-server-capture,1,0,1,0,0,2,2,2,1,0,1,100,3,0.673,2300,1825,2070,1415,10,25.05,5,5,0.2,0.2,0.2,3600,0.25,0.07,0.01,1,2930,3000,4300,4000,3500,1.7055,1.494,1300,1000,3738.788,2300,0,1,1.5,1,0,40,60,1.1,100,0,0,0,0,0,0,0.02,0.02,0.2,1.25,0,0,0,200,50,0,0,200,200,50,0,0,0,0,0,0,0,0,0,0,0,0,0,1,0,0,0,0
498,7,cn-server-capture,1,0,1,0,0,2,2,2,1,0,1,100,3,0.673,2300,1825,2070,1415,10,25.05,5,5,0.2,0.2,0.2,3600,0.25,0.07,0.01,3850,2930,3000,4300,4000,3500,1.7055,1.494,1300,1000,3738.788,2300,0,1,1.5,1,0,40,60,1.1,100,0,0,0,0,0,0,0.02,0.02,0.2,1.25,0,0,0,200,50,0,0,200,200,50,0,0,0,0,0,0,0,0,0,0,0,0,0,1,0,0,0,0
499,4,cn-server-capture,1,0,1,0,0,2,2,1,1,0,1,100,3,0.669,2300,1825,2070,1415,10,24.55,5,5,0.2,0.2,0.2,4000,0.25,0.07,0.01,1,2930,3000,4300,4000,3500,1.7455,1.494,1000,1300,2300,3738.788,0.6,0,1.5,1,0,40,60,1.1,100,0,0,0,0,0,0,0.02,0.02,0.2,1.25,0,0,0,200,50,0,0,200,200,50,0,0,0,0,0,0,0,0,0,0,0,0,0,1,0,0,0,0
499,7,cn-server-capture,1,0,1,0,0,2,2,1,1,0,1,100,3,0.669,2300,1825,2070,1415,10,24.55,5,5,0.2,0.2,0.2,4000,0.25,0.07,0.01,3840,2930,3000,4300,4000,3500,1.7455,1.494,1000,1300,2300,3738.788,0.6,0,1.5,1,0,40,60,1.1,100,0,0,0,0,0,0,0.02,0.02,0.2,1.25,0,0,0,200,50,0,0,200,200,50,0,0,0,0,0,0,0,0,0,0,0,0,0,1,0,0,0,0
500,4,cn-server-capture,1,0,1,0,0,2,2,1,1,0,1,100,3,0.672,2296,1825,2070,1415,10,24.45,5,5,0.2,0.2,0.2,3600,0.25,0.07,0.01,1,3000,3000,4500,4000,3500,1.7055,1.494,1000,1200,2296,2670.528,0,0,1.5,1,0,40,60,1.1,100,0,0,0,0,0,0,0.02,0.02,0.2,1.25,0,0,0,200,50,0,0,200,200,50,0,0,0,0,0,0,0,0,0,0,0,0,0,1,0,0,0,0
500,7,cn-server-capture,1,0,1,0,0,2,2,1,1,0,1,100,3,0.672,2296,1825,2070,1415,10,24.45,5,5,0.2,0.2,0.2,3600,0.25,0.07,0.01,4200,3000,3000,4500,4000,3500,1.7055,1.494,1000,1200,2296,2670.528,0,0,1.5,1,0,40,60,1.1,100,0,0,0,0,0,0,0.02,0.02,0.2,1.25,0,0,0,200,50,0,0,200,200,50,0,0,0,0,0,0,0,0,0,0,0,0,0,1,0,0,0,0
501,4,cn-server-capture,1,0,1,0,0,2,2,1,1,0,1,100,3,0.678,2290,1825,2070,1415,10,24.4,5,5,0.2,0.2,0.2,3600,0.246,0.07,0.01,1,2850,3000,4100,4000,3500,1.6554999,1.494,1000,1200,2290,2663.328,0,0,1.5,1,0,40,60,1.1,100,0,0,0,0,0,0,0.02,0.02,0.2,1.25,0,0,0,200,50,0,0,200,200,50,0,0,0,0,0,0,0,0,0,0,0,0,0,1,0,0,0,0
501,7,cn-server-capture,1,0,1,0,0,2,2,1,1,0,1,100,3,0.678,2290,1825,2070,1415,10,24.4,5,5,0.2,0.2,0.2,3600,0.246,0.07,0.01,3300,2850,3000,4100,4000,3500,1.6554999,1.494,1000,1200,2290,2663.328,0,0,1.5,1,0,40,60,1.1,100,0,0,0,0,0,0,0.02,0.02,0.2,1.25,0,0,0,200,50,0,0,200,200,50,0,0,0,0,0,0,0,0,0,0,0,0,0,1,0,0,0,0
504,4,cn-server-capture,1,0,1,0,0,2,2,1,1,0,1,100,3,0.671,2295,1825,2070,1415,10,24.45,5,5,0.2,0.2,0.2,3900,0.252,0.07,0.01,1,2930,3000,4300,4000,3500,1.7355,1.494,1000,1200,2295,3730.288,0.6,0,1.5,1,0,40,60,1.1,100,0,0,0,0,0,0,0.02,0.02,0.2,1.25,0,0,0,200,50,0,0,200,200,50,0,0,0,0,0,0,0,0,0,0,0,0,0,1,0,0,0,0
504,7,cn-server-capture,1,0,1,0,0,2,2,1,1,0,1,100,3,0.671,2295,1825,2070,1415,10,24.45,5,5,0.2,0.2,0.2,3900,0.252,0.07,0.01,3870,2930,3000,4300,4000,3500,1.7355,1.494,1000,1200,2295,3730.288,0.6,0,1.5,1,0,40,60,1.1,100,0,0,0,0,0,0,0.02,0.02,0.2,1.25,0,0,0,200,50,0,0,200,200,50,0,0,0,0,0,0,0,0,0,0,0,0,0,1,0,0,0,0
506,4,cn-server-capture,1,0,1,0,0,2,2,2,1,0,1,100,3,0.675,2293,1825,2070,1415,10,25.45,5,5,0.2,0.2,0.2,3300,0.24400002,0.07,0.01,1,3000,3000,4500,4000,3500,1.6754999,1.494,1200,1000,2666.928,2293,0,0,1.5,1,0,40,60,1.1,100,0,0,0,0,0,0,0.02,0.02,0.2,1.25,0,0,0,200,50,0,0,200,200,50,0,0,0,0,0,0,0,0,0,0,0,0,0,1,0,0,0,0
506,7,cn-server-capture,1,0,1,0,0,2,2,2,1,0,1,100,3,0.675,2293,1825,2070,1415,10,25.45,5,5,0.2,0.2,0.2,3300,0.24400002,0.07,0.01,4300,3000,3000,4500,4000,3500,1.6754999,1.494,1200,1000,2666.928,2293,0,0,1.5,1,0,40,60,1.1,100,0,0,0,0,0,0,0.02,0.02,0.2,1.25,0,0,0,200,50,0,0,200,200,50,0,0,0,0,0,0,0,0,0,0,0,0,0,1,0,0,0,0
507,4,cn-server-capture,1,0,1,0,0,2,2,1,1,0,1,100,3,0.678,2290,1825,2070,1415,10,24.4,5,5,0.2,0.2,0.2,3600,0.246,0.07,0.01,1,3000,3000,4500,4000,3500,1.6554999,1.494,1000,1200,2290,2663.328,0,0,1.5,1,0,40,60,1.1,100,0,0,0,0,0,0,0.02,0.02,0.2,1.25,0,0,0,200,50,0,0,200,200,50,0,0,0,0,0,0,0,0,0,0,0,0,0,1,0,0,0,0
507,7,cn-server-capture,1,0,1,0,0,2,2,1,1,0,1,100,3,0.678,2290,1825,2070,1415,10,24.4,5,5,0.2,0.2,0.2,3600,0.246,0.07,0.01,4300,3000,3000,4500,4000,3500,1.6554999,1.494,1000,1200,2290,2663.328,0,0,1.5,1,0,40,60,1.1,100,0,0,0,0,0,0,0.02,0.02,0.2,1.25,0,0,0,200,50,0,0,200,200,50,0,0,0,0,0,0,0,0,0,0,0,0,0,1,0,0,0,0
508,4,cn-server-capture,1,0,1,0,0,2,2,2,1,0,1,100,3,0.677,2292,1825,2070,1415,10,25.05,5,5,0.2,0.2,0.2,3300,0.243,0.07,0.01,1,3000,3000,4500,4000,3500,1.6754999,1.494,1200,1000,2665.728,2292,0,0,1.5,1,0,40,60,1.1,100,0,0,0,0,0,0,0.02,0.02,0.2,1.25,0,0,0,200,50,0,0,200,200,50,0,0,0,0,0,0,0,0,0,0,0,0,0,1,0,0,0,0
508,7,cn-server-capture,1,0,1,0,0,2,2,2,1,0,1,100,3,0.677,2292,1825,2070,1415,10,25.05,5,5,0.2,0.2,0.2,3300,0.243,0.07,0.01,4300,3000,3000,4500,4000,3500,1.6754999,1.494,1200,1000,2665.728,2292,0,0,1.5,1,0,40,60,1.1,100,0,0,0,0,0,0,0.02,0.02,0.2,1.25,0,0,0,200,50,0,0,200,200,50,0,0,0,0,0,0,0,0,0,0,0,0,0,1,0,0,0,0
509,4,cn-server-capture,1,0,1,0,0,2,3,2,0,0,1,100,3,0.672,2298,1825,2070,1415,10,25.25,5,5,0.2,0.2,0.2,3600,0.245,0.07,0.01,1,2930,3000,4300,4000,3500,1.7255,1.494,1300,1000,3735.388,2298,0,1,1.5,1,0,40,60,1.1,100,0,0,0,0,0,0,0.02,0.02,0.2,1.25,0,0,0,200,50,0,0,200,200,50,0,0,0,0,0,0,0,0,0,0,0,0,0,1,0,0,0,0
509,7,cn-server-capture,1,0,1,0,0,2,3,2,0,0,1,100,3,0.672,2298,1825,2070,1415,10,25.25,5,5,0.2,0.2,0.2,3600,0.245,0.07,0.01,3850,2930,3000,4300,4000,3500,1.7255,1.494,1300,1000,3735.388,2298,0,1,1.5,1,0,40,60,1.1,100,0,0,0,0,0,0,0.02,0.02,0.2,1.25,0,0,0,200,50,0,0,200,200,50,0,0,0,0,0,0,0,0,0,0,0,0,0,1,0,0,0,0
512,4,cn-server-capture,1,0,1,0,0,2,2,1,1,0,1,100,3,0.674,2297,1825,2070,1415,10,24.55,5,5,0.2,0.2,0.2,3500,0.25,0.07,0.01,1,2850,3000,4150,4000,3500,1.6754999,1.494,1000,1200,2297,2779.375,0,0,1.5,1,0,40,60,1.1,100,0,0,0,0,0,0,0.02,0.02,0.2,1.25,0,0,0,200,50,0,0,200,200,50,0,0,0,0,0,0,0,0,0,0,0,0,0,1,0,0,0,0
512,7,cn-server-capture,1,0,1,0,0,2,2,1,1,0,1,100,3,0.674,2297,1825,2070,1415,10,24.55,5,5,0.2,0.2,0.2,3500,0.25,0.07,0.01,3900,2850,3000,4150,4000,3500,1.6754999,1.494,1000,1200,2297,2779.375,0,0,1.5,1,0,40,60,1.1,100,0,0,0,0,0,0,0.02,0.02,0.2,1.25,0,0,0,200,50,0,0,200,200,50,0,0,0,0,0,0,0,0,0,0,0,0,0,1,0,0,0,0
513,4,cn-server-capture,1,0,1,0,0,2,2,1,1,0,1,100,3,0.673,2295,1825,2070,1415,10,24.85,5,5,0.2,0.2,0.2,3700,0.254,0.07,0.01,1,2850,3000,4150,4000,3500,1.7155,1.494,1000,1200,2295,2776.875,0,0,1.5,1,0,40,60,1.1,100,0,0,0,0,0,0,0.02,0.02,0.2,1.25,0,0,0,200,50,0,0,200,200,50,0,0,0,0,0,0,0,0,0,0,0,0,0,1,0,0,0,0
513,7,cn-server-capture,1,0,1,0,0,2,2,1,1,0,1,100,3,0.673,2295,1825,2070,1415,10,24.85,5,5,0.2,0.2,0.2,3700,0.254,0.07,0.01,3900,2850,3000,4150,4000,3500,1.7155,1.494,1000,1200,2295,2776.875,0,0,1.5,1,0,40,60,1.1,100,0,0,0,0,0,0,0.02,0.02,0.2,1.25,0,0,0,200,50,0,0,200,200,50,0,0,0,0,0,0,0,0,0,0,0,0,0,1,0,0,0,0
514,4,cn-server-capture,1,0,1,0,0,2,2,2,1,0,1,100,3,0.675,2293,1825,2070,1415,10,25.15,5,5,0.2,0.2,0.2,3500,0.246,0.07,0.01,1,3000,3000,4500,4000,3500,1.6754999,1.494,1200,1000,2666.928,2293,0,0,1.5,1,0,40,60,1.1,100,0,0,0,0,0,0,0.02,0.02,0.2,1.25,0,0,0,200,50,0,0,200,200,50,0,0,0,0,0,0,0,0,0,0,0,0,0,1,0,0,0,0
514,7,cn-server-capture,1,0,1,0,0,2,2,2,1,0,1,100,3,0.675,2293,1825,2070,1415,10,25.15,5,5,0.2,0.2,0.2,3500,0.246,0.07,0.01,4300,3000,3000,4500,4000,3500,1.6754999,1.494,1200,1000,2666.928,2293,0,0,1.5,1,0,40,60,1.1,100,0,0,0,0,0,0,0.02,0.02,0.2,1.25,0,0,0,200,50,0,0,200,200,50,0,0,0,0,0,0,0,0,0,0,0,0,0,1,0,0,0,0
515,4,cn-server-capture,1,0,1,0,0,2,2,1,1,0,1,100,3,0.674,2295,1825,2070,1415,10,24.35,5,5,0.2,0.2,0.2,3500,0.25,0.07,0.01,1,2850,3000,4150,4000,3500,1.6754999,1.494,1000,1200,2295,2669.328,0,0,1.5,1,0,40,60,1.1,100,0,0,0,0,0,0,0.02,0.02,0.2,1.25,0,0,0,200,50,0,0,200,200,50,0,0,0,0,0,0,0,0,0,0,0,0,0,1,0,0,0,0
515,7,cn-server-capture,1,0,1,0,0,2,2,1,1,0,1,100,3,0.674,2295,1825,2070,1415,10,24.35,5,5,0.2,0.2,0.2,3500,0.25,0.07,0.01,3900,2850,3000,4150,4000,3500,1.6754999,1.494,1000,1200,2295,2669.328,0,0,1.5,1,0,40,60,1.1,100,0,0,0,0,0,0,0.02,0.02,0.2,1.25,0,0,0,200,50,0,0,200,200,50,0,0,0,0,0,0,0,0,0,0,0,0,0,1,0,0,0,0
517,4,cn-server-capture,1,0,1,0,0,2,2,1,1,0,1,100,3,0.67,2300,1825,2070,1415,10,24.65,5,5,0.2,0.2,0.2,4000,0.252,0.07,0.01,1,2940,3000,4380,4000,3500,1.7255,1.494,1000,1300,2300,3738.788,0.65,0,1.5,1,0,40,60,1.1,100,0,0,0,0,0,0,0.02,0.02,0.2,1.25,0,0,0,200,50,0,0,200,200,50,0,0,0,0,0,0,0,0,0,0,0,0,0,1,0,0,0,0
517,7,cn-server-capture,1,0,1,0,0,2,2,1,1,0,1,100,3,0.67,2300,1825,2070,1415,10,24.65,5,5,0.2,0.2,0.2,4000,0.252,0.07,0.01,3900,2940,3000,4380,4000,3500,1.7255,1.494,1000,1300,2300,3738.788,0.65,0,1.5,1,0,40,60,1.1,100,0,0,0,0,0,0,0.02,0.02,0.2,1.25,0,0,0,200,50,0,0,200,200,50,0,0,0,0,0,0,0,0,0,0,0,0,0,1,0,0,0,0
518,4,cn-server-capture,1,0,1,0,0,2,2,1,1,1,1,100,3,0.676,2293,1825,2070,1415,10,24.45,5,5,0.2,0.2,0.2,3800,0.24700001,0.07,0.01,1,3200,3000,5000,4000,3500,-0.0145,1.494,1000,1200,2293,2666.928,0,0,1.5,1,0,40,60,1.1,100,0,0,0,0,0,0,0.02,0.02,0.2,1.25,0,0,0,200,50,0,0,200,200,50,0,0,0,0,0,0,0,0,0,0,0,0,0,1,0,0,0,0
518,7,cn-server-capture,1,0,1,0,0,2,2,1,1,1,1,100,3,0.676,2293,1825,2070,1415,10,24.45,5,5,0.2,0.2,0.2,3800,0.24700001,0.07,0.01,2300,3200,3000,5000,4000,3500,-0.0145,1.494,1000,1200,2293,2666.928,0,0,1.5,1,0,40,60,1.1,100,0,0,0,0,0,0,0.02,0.02,0.2,1.25,0,0,0,200,50,0,0,200,200,50,0,0,0,0,0,0,0,0,0,0,0,0,0,1,0,0,0,0
519,4,cn-server-capture,1,0,1,0,0,2,2,1,1,0,1,100,3,0.673,2295,1825,2070,1415,10,24.65,5,5,0.2,0.2,0.2,3800,0.25,0.07,0.01,1,2930,3000,4300,4000,3500,1.7155,1.494,1000,1200,2295,3521.472,0.4,0,1.5,1,0,40,60,1.1,100,0,0,0,0,0,0,0.02,0.02,0.2,1.25,0,0,0,200,50,0,0,200,200,50,0,0,0,0,0,0,0,0,0,0,0,0,0,1,0,0,0,0
519,7,cn-server-capture,1,0,1,0,0,2,2,1,1,0,1,100,3,0.673,2295,1825,2070,1415,10,24.65,5,5,0.2,0.2,0.2,3800,0.25,0.07,0.01,3900,2930,3000,4300,4000,3500,1.7155,1.494,1000,1200,2295,3521.472,0.4,0,1.5,1,0,40,60,1.1,100,0,0,0,0,0,0,0.02,0.02,0.2,1.25,0,0,0,200,50,0,0,200,200,50,0,0,0,0,0,0,0,0,0,0,0,0,0,1,0,0,0,0
520,4,cn-server-capture,1,0,1,0,0,2,3,2,1,0,1,100,3,0.676,2294,1825,2070,1415,10,24.25,5,5,0.2,0.2,0.2,3600,0.25,0.07,0.01,1,3000,3000,4500,4000,3500,1.6754999,1.494,1200,1000,2668.128,2294,0,0,1.5,1,0,40,60,1.1,100,0,0,0,0,0,0,0.02,0.02,0.2,1.25,0,0,0,200,50,0,0,200,200,50,0,0,0,0,0,0,0,0,0,0,0,0,0,1,0,0,0,0
520,7,cn-server-capture,1,0,1,0,0,2,3,2,1,0,1,100,3,0.676,2294,1825,2070,1415,10,24.25,5,5,0.2,0.2,0.2,3600,0.25,0.07,0.01,4300,3000,3000,4500,4000,3500,1.6754999,1.494,1200,1000,2668.128,2294,0,0,1.5,1,0,40,60,1.1,100,0,0,0,0,0,0,0.02,0.02,0.2,1.25,0,0,0,200,50,0,0,200,200,50,0,0,0,0,0,0,0,0,0,0,0,0,0,1,0,0,0,0
521,4,cn-server-capture,1,0,1,0,0,2,2,2,1,0,1,100,3,0.676,2295,1825,2070,1415,10,24.25,5,5,0.2,0.2,0.2,3600,0.25,0.07,0.01,1,3000,3000,4500,4000,3500,1.6754999,1.494,1200,1000,2669.328,2295,0,0,1.5,1,0,40,60,1.1,100,0,0,0,0,0,0,0.02,0.02,0.2,1.25,0,0,0,200,50,0,0,200,200,50,0,0,0,0,0,0,0,0,0,0,0,0,0,1,0,0,0,0
521,7,cn-server-capture,1,0,1,0,0,2,2,2,1,0,1,100,3,0.676,2295,1825,2070,1415,10,24.25,5,5,0.2,0.2,0.2,3600,0.25,0.07,0.01,4300,3000,3000,4500,4000,3500,1.6754999,1.494,1200,1000,2669.328,2295,0,0,1.5,1,0,40,60,1.1,100,0,0,0,0,0,0,0.02,0.02,0.2,1.25,0,0,0,200,50,0,0,200,200,50,0,0,0,0,0,0,0,0,0,0,0,0,0,1,0,0,0,0
522,4,cn-server-capture,1,0,1,0,0,2,2,1,1,0,1,100,3,0.676,2298,1825,2070,1415,10,24.25,5,5,0.2,0.2,0.2,3650,0.246,0.07,0.01,1,2900,3000,4300,4000,3500,1.6754999,1.494,1000,1200,2298,2672.928,0,0,1.5,1,0,40,60,1.1,100,0,0,0,0,0,0,0.02,0.02,0.2,1.25,0,0,0,200,50,0,0,200,200,50,0,0,0,0,0,0,0,0,0,0,0,0,0,1,0,0,0,0
522,7,cn-server-capture,1,0,1,0,0,2,2,1,1,0,1,100,3,0.676,2298,1825,2070,1415,10,24.25,5,5,0.2,0.2,0.2,3650,0.246,0.07,0.01,4300,2900,3000,4300,4000,3500,1.6754999,1.494,1000,1200,2298,2672.928,0,0,1.5,1,0,40,60,1.1,100,0,0,0,0,0,0,0.02,0.02,0.2,1.25,0,0,0,200,50,0,0,200,200,50,0,0,0,0,0,0,0,0,0,0,0,0,0,1,0,0,0,0
523,4,cn-server-capture,1,0,1,0,0,2,2,2,1,1,1,100,3,0.676,2293,1825,2070,1415,10,25.05,5,5,0.2,0.2,0.2,3800,0.24000001,0.07,0.01,1,2800,3000,4000,4000,3500,1.6754999,1.494,1200,1000,2774.375,2293,0,0,1.5,1,0,40,60,1.1,100,0,0,0,0,0,0,0.02,0.02,0.2,1.25,0,0,0,200,50,0,0,200,200,50,0,0,0,0,0,0,0,0,0,0,0,0,0,1,0,0,0,0
523,7,cn-server-capture,1,0,1,0,0,2,2,2,1,1,1,100,3,0.676,2293,1825,2070,1415,10,25.05,5,5,0.2,0.2,0.2,3800,0.24000001,0.07,0.01,3300,2800,3000,4000,4000,3500,1.6754999,1.494,1200,1000,2774.375,2293,0,0,1.5,1,0,40,60,1.1,100,0,0,0,0,0,0,0.02,0.02,0.2,1.25,0,0,0,200,50,0,0,200,200,50,0,0,0,0,0,0,0,0,0,0,0,0,0,1,0,0,0,0
524,4,cn-server-capture,1,0,1,0,0,2,2,1,1,1,1,100,3,0.677,2292,1825,2070,1415,10,24.35,5,5,0.2,0.2,0.2,3600,0.243,0.07,0.01,1,2800,3000,4000,4000,3500,1.6554999,1.494,1000,1200,2292,2665.728,0,0,1.5,1,0,40,60,1.1,100,0,0,0,0,0,0,0.02,0.02,0.2,1.25,0,0,0,200,50,0,0,200,200,50,0,0,0,0,0,0,0,0,0,0,0,0,0,1,0,0,0,0
524,7,cn-server-capture,1,0,1,0,0,2,2,1,1,1,1,100,3,0.677,2292,1825,2070,1415,10,24.35,5,5,0.2,0.2,0.2,3600,0.243,0.07,0.01,3100,2800,3000,4000,4000,3500,1.6554999,1.494,1000,1200,2292,2665.728,0,0,1.5,1,0,40,60,1.1,100,0,0,0,0,0,0,0.02,0.02,0.2,1.25,0,0,0,200,50,0,0,200,200,50,0,0,0,0,0,0,0,0,0,0,0,0,0,1,0,0,0,0
525,4,cn-server-capture,1,0,1,0,0,2,2,2,1,0,1,100,3,0.676,2305,1825,2070,1415,10,25.25,5,5,0.2,0.2,0.2,3600,0.24700001,0.07,0.01,1,2800,3000,4100,4000,3500,1.6754999,1.494,1200,1000,2681.328,2305,0,0,1.5,1,0,40,60,1.1,100,0,0,0,0,0,0,0.02,0.02,0.2,1.25,0,0,0,200,50,0,0,200,200,50,0,0,0,0,0,0,0,0,0,0,0,0,0,1,0,0,0,0
525,7,cn-server-capture,1,0,1,0,0,2,2,2,1,0,1,100,3,0.676,2305,1825,2070,1415,10,25.25,5,5,0.2,0.2,0.2,3600,0.24700001,0.07,0.01,3900,2800,3000,4100,4000,3500,1.6754999,1.494,1200,1000,2681.328,2305,0,0,1.5,1,0,40,60,1.1,100,0,0,0,0,0,0,0.02,0.02,0.2,1.25,0,0,0,200,50,0,0,200,200,50,0,0,0,0,0,0,0,0,0,0,0,0,0,1,0,0,0,0
526,4,cn-server-capture,1,0,1,0,0,2,2,1,1,0,1,100,3,0.676,2293,1825,2070,1415,10,24.5,5,5,0.2,0.2,0.2,3550,0.25,0.07,0.01,1,3000,3000,4500,4000,3500,1.7055,1.494,1000,1200,2293,2666.928,0,0,1.5,1,0,40,60,1.1,100,0,0,0,0,0,0,0.02,0.02,0.2,1.25,0,0,0,200,50,0,0,200,200,50,0,0,0,0,0,0,0,0,0,0,0,0,0,1,0,0,0,0
526,7,cn-server-capture,1,0,1,0,0,2,2,1,1,0,1,100,3,0.676,2293,1825,2070,1415,10,24.5,5,5,0.2,0.2,0.2,3550,0.25,0.07,0.01,4300,3000,3000,4500,4000,3500,1.7055,1.494,1000,1200,2293,2666.928,0,0,1.5,1,0,40,60,1.1,100,0,0,0,0,0,0,0.02,0.02,0.2,1.25,0,0,0,200,50,0,0,200,200,50,0,0,0,0,0,0,0,0,0,0,0,0,0,1,0,0,0,0
528,4,cn-server-capture,1,0,1,0,0,2,2,1,1,0,1,100,3,0.671,2299,1825,2070,1415,10,24.75,5,5,0.2,0.2,0.2,3900,0.25100002,0.07,0.01,1,2900,3000,4300,4000,3500,1.7155,1.494,1000,1300,2299,3527.872,0.5,0,1.5,1,0,40,60,1.1,100,0,0,0,0,0,0,0.02,0.02,0.2,1.25,0,0,0,200,50,0,0,200,200,50,0,0,0,0,0,0,0,0,0,0,0,0,0,1,0,0,0,0
528,7,cn-server-capture,1,0,1,0,0,2,2,1,1,0,1,100,3,0.671,2299,1825,2070,1415,10,24.75,5,5,0.2,0.2,0.2,3900,0.25100002,0.07,0.01,3870,2900,3000,4300,4000,3500,1.7155,1.494,1000,1300,2299,3527.872,0.5,0,1.5,1,0,40,60,1.1,100,0,0,0,0,0,0,0.02,0.02,0.2,1.25,0,0,0,200,50,0,0,200,200,50,0,0,0,0,0,0,0,0,0,0,0,0,0,1,0,0,0,0
530,4,cn-server-capture,1,0,1,0,0,2,2,2,1,0,1,100,3,0.675,2295,1825,2070,1415,10,25.45,5,5,0.2,0.2,0.2,3500,0.246,0.07,0.01,1,3000,3000,4500,4000,3500,1.6754999,1.494,1200,1000,2669.328,2295,0,0,1.5,1,0,40,60,1.1,100,0,0,0,0,0,0,0.02,0.02,0.2,1.25,0,0,0,200,50,0,0,200,200,50,0,0,0,0,0,0,0,0,0,0,0,0,0,1,0,0,0,0
530,7,cn-server-capture,1,0,1,0,0,2,2,2,1,0,1,100,3,0.675,2295,1825,2070,1415,10,25.45,5,5,0.2,0.2,0.2,3500,0.246,0.07,0.01,4300,3000,3000,4500,4000,3500,1.6754999,1.494,1200,1000,2669.328,2295,0,0,1.5,1,0,40,60,1.1,100,0,0,0,0,0,0,0.02,0.02,0.2,1.25,0,0,0,200,50,0,0,200,200,50,0,0,0,0,0,0,0,0,0,0,0,0,0,1,0,0,0,0
531,4,cn-server-capture,1,0,1,0,0,2,2,1,1,0,1,100,3,0.671,2296,1825,2070,1415,10,24.35,5,5,0.2,0.2,0.2,4400,0.2515,0.07,0.01,1,2950,3000,4400,4000,3500,1.7674999,1.494,1000,1300,2296,3731.988,0.7,0,1.5,1,0,40,60,1.1,100,0,0,0,0,0,0,0.02,0.02,0.2,1.25,0,0,0,200,50,0,0,200,200,50,0,0,0,0,0,0,0,0,0,0,0,0,0,1,0,0,0,0
531,7,cn-server-capture,1,0,1,0,0,2,2,1,1,0,1,100,3,0.671,2296,1825,2070,1415,10,24.35,5,5,0.2,0.2,0.2,4400,0.2515,0.07,0.01,3870,2950,3000,4400,4000,3500,1.7674999,1.494,1000,1300,2296,3731.988,0.7,0,1.5,1,0,40,60,1.1,100,0,0,0,0,0,0,0.02,0.02,0.2,1.25,0,0,0,200,50,0,0,200,200,50,0,0,0,0,0,0,0,0,0,0,0,0,0,1,0,0,0,0
533,4,cn-server-capture,1,0,1,0,0,2,3,2,1,0,1,100,3,0.675,2295,1825,2070,1415,10,25.25,5,5,0.2,0.2,0.2,3600,0.243,0.07,0.01,1,2850,3000,4150,4000,3500,1.6654999,1.494,1200,1000,2669.328,2295,0,0,1.5,1,0,40,60,1.1,100,0,0,0,0,0,0,0.02,0.02,0.2,1.25,0,0,0,200,50,0,0,200,200,50,0,0,0,0,0,0,0,0,0,0,0,0,0,1,0,0,0,0
533,7,cn-server-capture,1,0,1,0,0,2,3,2,1,0,1,100,3,0.675,2295,1825,2070,1415,10,25.25,5,5,0.2,0.2,0.2,3600,0.243,0.07,0.01,3900,2850,3000,4150,4000,3500,1.6654999,1.494,1200,1000,2669.328,2295,0,0,1.5,1,0,40,60,1.1,100,0,0,0,0,0,0,0.02,0.02,0.2,1.25,0,0,0,200,50,0,0,200,200,50,0,0,0,0,0,0,0,0,0,0,0,0,0,1,0,0,0,0
535,4,cn-server-capture,1,0,1,0,0,2,2,1,1,0,1,100,3,0.675,2296,1825,2070,1415,10,24.5,5,5,0.2,0.2,0.2,3500,0.25,0.07,0.01,1,2850,3000,4150,4000,3500,1.6955,1.494,1000,1200,2296,2670.528,0,0,1.5,1,0,40,60,1.1,100,0,0,0,0,0,0,0.02,0.02,0.2,1.25,0,0,0,200,50,0,0,200,200,50,0,0,0,0,0,0,0,0,0,0,0,0,0,1,0,0,0,0
535,7,cn-server-capture,1,0,1,0,0,2,2,1,1,0,1,100,3,0.675,2296,1825,2070,1415,10,24.5,5,5,0.2,0.2,0.2,3500,0.25,0.07,0.01,3900,2850,3000,4150,4000,3500,1.6955,1.494,1000,1200,2296,2670.528,0,0,1.5,1,0,40,60,1.1,100,0,0,0,0,0,0,0.02,0.02,0.2,1.25,0,0,0,200,50,0,0,200,200,50,0,0,0,0,0,0,0,0,0,0,0,0,0,1,0,0,0,0
537,4,cn-server-capture,1,0,1,0,0,2,2,1,1,0,1,100,3,0.677,2295,1825,2070,1415,10,24.95,5,5,0.2,0.2,0.2,3400,0.243,0.07,0.01,1,3000,3000,4500,4000,3500,1.6855,1.494,1000,1200,2295,2669.328,0,0,1.5,1,0,40,60,1.1,100,0,0,0,0,0,0,0.02,0.02,0.2,1.25,0,0,0,200,50,0,0,200,200,50,0,0,0,0,0,0,0,0,0,0,0,0,0,1,0,0,0,0
537,7,cn-server-capture,1,0,1,0,0,2,2,1,1,0,1,100,3,0.677,2295,1825,2070,1415,10,24.95,5,5,0.2,0.2,0.2,3400,0.243,0.07,0.01,4300,3000,3000,4500,4000,3500,1.6855,1.494,1000,1200,2295,2669.328,0,0,1.5,1,0,40,60,1.1,100,0,0,0,0,0,0,0.02,0.02,0.2,1.25,0,0,0,200,50,0,0,200,200,50,0,0,0,0,0,0,0,0,0,0,0,0,0,1,0,0,0,0
538,4,cn-server-capture,1,0,1,0,0,2,2,2,1,0,1,100,3,0.677,2295,1825,2070,1415,10,24.95,5,5,0.2,0.2,0.2,3400,0.243,0.07,0.01,1,3000,3000,4500,4000,3500,1.6754999,1.494,1200,1000,2669.328,2295,0,0,1.5,1,0,40,60,1.1,100,0,0,0,0,0,0,0.02,0.02,0.2,1.25,0,0,0,200,50,0,0,200,200,50,0,0,0,0,0,0,0,0,0,0,0,0,0,1,0,0,0,0
538,7,cn-server-capture,1,0,1,0,0,2,2,2,1,0,1,100,3,0.677,2295,1825,2070,1415,10,24.95,5,5,0.2,0.2,0.2,3400,0.243,0.07,0.01,4300,3000,3000,4500,4000,3500,1.6754999,1.494,1200,1000,2669.328,2295,0,0,1.5,1,0,40,60,1.1,100,0,0,0,0,0,0,0.02,0.02,0.2,1.25,0,0,0,200,50,0,0,200,200,50,0,0,0,0,0,0,0,0,0,0,0,0,0,1,0,0,0,0
539,4,cn-server-capture,1,0,1,0,0,2,2,1,1,0,1,100,3,0.677,2295,1825,2070,1415,10,24.55,5,5,0.2,0.2,0.2,3500,0.245,0.07,0.01,1,2800,3000,4050,4000,3500,1.6754999,1.494,1000,1200,2295,2669.328,0,0,1.5,1,0,40,60,1.1,100,0,0,0,0,0,0,0.02,0.02,0.2,1.25,0,0,0,200,50,0,0,200,200,50,0,0,0,0,0,0,0,0,0,0,0,0,0,1,0,0,0,0
539,7,cn-server-capture,1,0,1,0,0,2,2,1,1,0,1,100,3,0.677,2295,1825,2070,1415,10,24.55,5,5,0.2,0.2,0.2,3500,0.245,0.07,0.01,3950,2800,3000,4050,4000,3500,1.6754999,1.494,1000,1200,2295,2669.328,0,0,1.5,1,0,40,60,1.1,100,0,0,0,0,0,0,0.02,0.02,0.2,1.25,0,0,0,200,50,0,0,200,200,50,0,0,0,0,0,0,0,0,0,0,0,0,0,1,0,0,0,0
540,4,cn-server-capture,1,0,1,0,0,2,2,1,1,0,1,100,3,0.675,2293,1825,2070,1415,10,24.45,5,5,0.2,0.2,0.2,3500,0.245,0.07,0.01,1,2850,3000,4150,4000,3500,1.6855,1.494,1000,1200,2293,2666.928,0,0,1.5,1,0,40,60,1.1,100,0,0,0,0,0,0,0.02,0.02,0.2,1.25,0,0,0,200,50,0,0,200,200,50,0,0,0,0,0,0,0,0,0,0,0,0,0,1,0,0,0,0
540,7,cn-server-capture,1,0,1,0,0,2,2,1,1,0,1,100,3,0.675,2293,1825,2070,1415,10,24.45,5,5,0.2,0.2,0.2,3500,0.245,0.07,0.01,3950,2850,3000,4150,4000,3500,1.6855,1.494,1000,1200,2293,2666.928,0,0,1.5,1,0,40,60,1.1,100,0,0,0,0,0,0,0.02,0.02,0.2,1.25,0,0,0,200,50,0,0,200,200,50,0,0,0,0,0,0,0,0,0,0,0,0,0,1,0,0,0,0
541,4,cn-server-capture,1,0,1,0,0,2,2,1,1,1,1,100,3,0.677,2292,1825,2070,1415,10,24.65,5,5,0.2,0.2,0.2,3800,0.24400002,0.07,0.01,1,2800,3000,4000,4000,3500,1.6554999,1.494,1000,1200,2292,2665.728,0,0,1.5,1,0,40,60,1.1,100,0,0,0,0,0,0,0.02,0.02,0.2,1.25,0,0,0,200,50,0,0,200,200,50,0,0,0,0,0,0,0,0,0,0,0,0,0,1,0,0,0,0
541,7,cn-server-capture,1,0,1,0,0,2,2,1,1,1,1,100,3,0.677,2292,1825,2070,1415,10,24.65,5,5,0.2,0.2,0.2,3800,0.24400002,0.07,0.01,3000,2800,3000,4000,4000,3500,1.6554999,1.494,1000,1200,2292,2665.728,0,0,1.5,1,0,40,60,1.1,100,0,0,0,0,0,0,0.02,0.02,0.2,1.25,0,0,0,200,50,0,0,200,200,50,0,0,0,0,0,0,0,0,0,0,0,0,0,1,0,0,0,0
543,4,cn-server-capture,1,0,1,0,0,2,2,1,1,0,1,100,3,0.672,2297,1825,2070,1415,10,24.45,5,5,0.2,0.2,0.2,4400,0.25,0.07,0.01,1,2950,3000,4400,4000,3500,1.7655,1.494,1000,1300,2297,3733.688,0.5,0,1.5,1,0,40,60,1.1,100,0,0,0,0,0,0,0.02,0.02,0.2,1.25,0,0,0,200,50,0,0,200,200,50,0,0,0,0,0,0,0,0,0,0,0,0,0,1,0,0,0,0
543,7,cn-server-capture,1,0,1,0,0,2,2,1,1,0,1,100,3,0.672,2297,1825,2070,1415,10,24.45,5,5,0.2,0.2,0.2,4400,0.25,0.07,0.01,3870,2950,3000,4400,4000,3500,1.7655,1.494,1000,1300,2297,3733.688,0.5,0,1.5,1,0,40,60,1.1,100,0,0,0,0,0,0,0.02,0.02,0.2,1.25,0,0,0,200,50,0,0,200,200,50,0,0,0,0,0,0,0,0,0,0,0,0,0,1,0,0,0,0
544,4,cn-server-capture,1,0,1,0,0,2,2,1,1,0,1,100,3,0.674,2293,1825,2070,1415,10,24.3,5,5,0.2,0.2,0.2,3800,0.25100002,0.07,0.01,1,2830,3000,4150,4000,3500,1.7055,1.494,1000,1200,2293,2666.928,0,0,1.5,1,0,40,60,1.1,100,0,0,0,0,0,0,0.02,0.02,0.2,1.25,0,0,0,200,50,0,0,200,200,50,0,0,0,0,0,0,0,0,0,0,0,0,0,1,0,0,0,0
544,7,cn-server-capture,1,0,1,0,0,2,2,1,1,0,1,100,3,0.674,2293,1825,2070,1415,10,24.3,5,5,0.2,0.2,0.2,3800,0.25100002,0.07,0.01,3920,2830,3000,4150,4000,3500,1.7055,1.494,1000,1200,2293,2666.928,0,0,1.5,1,0,40,60,1.1,100,0,0,0,0,0,0,0.02,0.02,0.2,1.25,0,0,0,200,50,0,0,200,200,50,0,0,0,0,0,0,0,0,0,0,0,0,0,1,0,0,0,0
546,4,cn-server-capture,1,0,1,0,0,2,2,1,1,0,1,100,3,0.673,2295,1825,2070,1415,10,24.85,5,5,0.2,0.2,0.2,3700,0.254,0.07,0.01,1,2850,3000,4150,4000,3500,1.6955,1.494,1000,1200,2295,2776.875,0,0,1.5,1,0,40,60,1.1,100,0,0,0,0,0,0,0.02,0.02,0.2,1.25,0,0,0,200,50,0,0,200,200,50,0,0,0,0,0,0,0,0,0,0,0,0,0,1,0,0,0,0
546,7,cn-server-capture,1,0,1,0,0,2,2,1,1,0,1,100,3,0.673,2295,1825,2070,1415,10,24.85,5,5,0.2,0.2,0.2,3700,0.254,0.07,0.01,3900,2850,3000,4150,4000,3500,1.6955,1.494,1000,1200,2295,2776.875,0,0,1.5,1,0,40,60,1.1,100,0,0,0,0,0,0,0.02,0.02,0.2,1.25,0,0,0,200,50,0,0,200,200,50,0,0,0,0,0,0,0,0,0,0,0,0,0,1,0,0,0,0
547,4,cn-server-capture,1,0,1,0,0,2,2,1,1,0,1,100,3,0.673,2296,1825,2070,1415,10,24.55,5,5,0.2,0.2,0.2,3700,0.25,0.07,0.01,1,3000,3000,4500,4000,3500,1.7055,1.494,1000,1200,2296,2670.528,0,0,1.5,1,0,40,60,1.1,100,0,0,0,0,0,0,0.02,0.02,0.2,1.25,0,0,0,200,50,0,0,200,200,50,0,0,0,0,0,0,0,0,0,0,0,0,0,1,0,0,0,0
547,7,cn-server-capture,1,0,1,0,0,2,2,1,1,0,1,100,3,0.673,2296,1825,2070,1415,10,24.55,5,5,0.2,0.2,0.2,3700,0.25,0.07,0.01,4200,3000,3000,4500,4000,3500,1.7055,1.494,1000,1200,2296,2670.528,0,0,1.5,1,0,40,60,1.1,100,0,0,0,0,0,0,0.02,0.02,0.2,1.25,0,0,0,200,50,0,0,200,200,50,0,0,0,0,0,0,0,0,0,0,0,0,0,1,0,0,0,0
548,4,cn-server-capture,1,0,1,0,0,2,2,2,1,0,1,100,3,0.672,2295,1825,2070,1415,10,24.95,5,5,0.2,0.2,0.2,3400,0.243,0.07,0.01,1,3000,3000,4500,4000,3500,1.6754999,1.494,1200,1000,2669.328,2295,0,0,1.5,1,0,40,60,1.1,100,0,0,0,0,0,0,0.02,0.02,0.2,1.25,0,0,0,200,50,0,0,200,200,50,0,0,0,0,0,0,0,0,0,0,0,0,0,1,0,0,0,0
548,7,cn-server-capture,1,0,1,0,0,2,2,2,1,0,1,100,3,0.672,2295,1825,2070,1415,10,24.95,5,5,0.2,0.2,0.2,3400,0.243,0.07,0.01,4300,3000,3000,4500,4000,3500,1.6754999,1.494,1200,1000,2669.328,2295,0,0,1.5,1,0,40,60,1.1,100,0,0,0,0,0,0,0.02,0.02,0.2,1.25,0,0,0,200,50,0,0,200,200,50,0,0,0,0,0,0,0,0,0,0,0,0,0,1,0,0,0,0
550,4,cn-server-capture,1,0,1,0,0,3,2,1,1,1,1,100,3,0.672,2297,1825,2070,1415,10,24.7,5,5,0.2,0.2,0.2,3900,0.24900001,0.07,0.01,1,2800,3000,4000,4000,3500,1.7655,1.494,1000,1200,2297,3733.688,0.4,0,1.5,1,0,40,60,1.1,100,0,0,0,0,0,0,0.02,0.02,0.2,1.25,0,0,0,200,50,0,0,200,200,50,0,0,0,0,0,0,0,0,0,0,0,0,0,1,0,0,0,0
550,7,cn-server-capture,1,0,1,0,0,3,2,1,1,1,1,100,3,0.672,2297,1825,2070,1415,10,24.7,5,5,0.2,0.2,0.2,3900,0.24900001,0.07,0.01,3000,2800,3000,4000,4000,3500,1.7655,1.494,1000,1200,2297,3733.688,0.4,0,1.5,1,0,40,60,1.1,100,0,0,0,0,0,0,0.02,0.02,0.2,1.25,0,0,0,200,50,0,0,200,200,50,0,0,0,0,0,0,0,0,0,0,0,0,0,1,0,0,0,0
554,4,cn-server-capture,1,0,1,0,0,2,2,2,1,0,1,100,3,0.675,2295,1825,2070,1415,10,25.45,5,5,0.2,0.2,0.2,3600,0.24800001,0.07,0.01,1,2900,3000,4350,4000,3500,1.6754999,1.494,1200,1000,2669.328,2295,0,0,1.5,1,0,40,60,1.1,100,0,0,0,0,0,0,0.02,0.02,0.2,1.25,0,0,0,200,50,0,0,200,200,50,0,0,0,0,0,0,0,0,0,0,0,0,0,1,0,0,0,0
554,7,cn-server-capture,1,0,1,0,0,2,2,2,1,0,1,100,3,0.675,2295,1825,2070,1415,10,25.45,5,5,0.2,0.2,0.2,3600,0.24800001,0.07,0.01,4100,2900,3000,4350,4000,3500,1.6754999,1.494,1200,1000,2669.328,2295,0,0,1.5,1,0,40,60,1.1,100,0,0,0,0,0,0,0.02,0.02,0.2,1.25,0,0,0,200,50,0,0,200,200,50,0,0,0,0,0,0,0,0,0,0,0,0,0,1,0,0,0,0
555,4,cn-server-capture,1,0,1,0,0,2,2,1,1,0,1,100,3,0.673,2297,1825,2070,1415,10,24.55,5,5,0.2,0.2,0.2,3700,0.25,0.07,0.01,1,2850,3000,4150,4000,3500,1.6955,1.494,1000,1200,2297,2671.728,0,0,1.5,1,0,40,60,1.1,100,0,0,0,0,0,0,0.02,0.02,0.2,1.25,0,0,0,200,50,0,0,200,200,50,0,0,0,0,0,0,0,0,0,0,0,0,0,1,0,0,0,0
555,7,cn-server-capture,1,0,1,0,0,2,2,1,1,0,1,100,3,0.673,2297,1825,2070,1415,10,24.55,5,5,0.2,0.2,0.2,3700,0.25,0.07,0.01,3900,2850,3000,4150,4000,3500,1.6955,1.494,1000,1200,2297,2671.728,0,0,1.5,1,0,40,60,1.1,100,0,0,0,0,0,0,0.02,0.02,0.2,1.25,0,0,0,200,50,0,0,200,200,50,0,0,0,0,0,0,0,0,0,0,0,0,0,1,0,0,0,0
556,4,cn-server-capture,1,0,1,0,0,2,2,1,1,0,1,100,3,0.67,2296,1825,2070,1415,10,24.5,5,5,0.2,0.2,0.2,3800,0.25,0.07,0.01,1,2900,3000,4400,4000,3500,1.7255,1.494,1000,1300,2296,3731.988,0.5,0,1.5,1,0,40,60,1.1,100,0,0,0,0,0,0,0.02,0.02,0.2,1.25,0,0,0,200,50,0,0,200,200,50,0,0,0,0,0,0,0,0,0,0,0,0,0,1,0,0,0,0
556,7,cn-server-capture,1,0,1,0,0,2,2,1,1,0,1,100,3,0.67,2296,1825,2070,1415,10,24.5,5,5,0.2,0.2,0.2,3800,0.25,0.07,0.01,3850,2900,3000,4400,4000,3500,1.7255,1.494,1000,1300,2296,3731.988,0.5,0,1.5,1,0,40,60,1.1,100,0,0,0,0,0,0,0.02,0.02,0.2,1.25,0,0,0,200,50,0,0,200,200,50,0,0,0,0,0,0,0,0,0,0,0,0,0,1,0,0,0,0
559,4,cn-server-capture,1,0,1,0,0,3,2,1,1,1,1,100,3,0.672,2297,1825,2070,1415,10,24.9,5,5,0.2,0.2,0.2,4400,0.25,0.07,0.01,1,2800,3000,4000,4000,3500,1.7954999,1.494,1000,1200,2297,3733.688,0.6,0,1.5,1,0,40,60,1.1,100,0,0,0,0,0,0,0.02,0.02,0.2,1.25,0,0,0,200,50,0,0,200,200,50,0,0,0,0,0,0,0,0,0,0,0,0,0,1,0,0,0,0
559,7,cn-server-capture,1,0,1,0,0,3,2,1,1,1,1,100,3,0.672,2297,1825,2070,1415,10,24.9,5,5,0.2,0.2,0.2,4400,0.25,0.07,0.01,3000,2800,3000,4000,4000,3500,1.7954999,1.494,1000,1200,2297,3733.688,0.6,0,1.5,1,0,40,60,1.1,100,0,0,0,0,0,0,0.02,0.02,0.2,1.25,0,0,0,200,50,0,0,200,200,50,0,0,0,0,0,0,0,0,0,0,0,0,0,1,0,0,0,0
561,4,cn-server-capture,1,0,1,0,0,2,2,2,1,0,1,100,3,0.675,2295,1825,2070,1415,10,25.45,5,5,0.2,0.2,0.2,3400,0.243,0.07,0.01,1,3000,3000,4500,4000,3500,1.6754999,1.494,1200,1000,2669.328,2295,0,0,1.5,1,0,40,60,1.1,100,0,0,0,0,0,0,0.02,0.02,0.2,1.25,0,0,0,200,50,0,0,200,200,50,0,0,0,0,0,0,0,0,0,0,0,0,0,1,0,0,0,0
561,7,cn-server-capture,1,0,1,0,0,2,2,2,1,0,1,100,3,0.675,2295,1825,2070,1415,10,25.45,5,5,0.2,0.2,0.2,3400,0.243,0.07,0.01,4300,3000,3000,4500,4000,3500,1.6754999,1.494,1200,1000,2669.328,2295,0,0,1.5,1,0,40,60,1.1,100,0,0,0,0,0,0,0.02,0.02,0.2,1.25,0,0,0,200,50,0,0,200,200,50,0,0,0,0,0,0,0,0,0,0,0,0,0,1,0,0,0,0
562,4,cn-server-capture,1,0,1,0,0,2,2,1,1,1,1,100,3,0.675,2293,1825,2070,1415,10,24.45,5,5,0.2,0.2,0.2,3800,0.25,0.07,0.01,1,2800,3000,4000,4000,3500,1.6754999,1.494,1000,1200,2293,2774.375,0,0,1.5,1,0,40,60,1.1,100,0,0,0,0,0,0,0.02,0.02,0.2,1.25,0,0,0,200,50,0,0,200,200,50,0,0,0,0,0,0,0,0,0,0,0,0,0,1,0,0,0,0
562,7,cn-server-capture,1,0,1,0,0,2,2,1,1,1,1,100,3,0.675,2293,1825,2070,1415,10,24.45,5,5,0.2,0.2,0.2,3800,0.25,0.07,0.01,3100,2800,3000,4000,4000,3500,1.6754999,1.494,1000,1200,2293,2774.375,0,0,1.5,1,0,40,60,1.1,100,0,0,0,0,0,0,0.02,0.02,0.2,1.25,0,0,0,200,50,0,0,200,200,50,0,0,0,0,0,0,0,0,0,0,0,0,0,1,0,0,0,0
563,4,cn-server-capture,1,0,1,0,0,3,2,1,1,1,1,100,3,0.671,2296,1825,2070,1415,10,25.15,5,5,0.2,0.2,0.2,4300,0.24900001,0.07,0.01,1,2800,3000,4000,4000,3500,1.7835,1.494,1000,1250,2296,3941.156,0.5,0,1.5,1,0,40,60,1.1,100,0,0,0,0,0,0,0.02,0.02,0.2,1.25,0,0,0,200,50,0,0,200,200,50,0,0,0,0,0,0,0,0,0,0,0,0,0,1,0,0,0,0
563,7,cn-server-capture,1,0,1,0,0,3,2,1,1,1,1,100,3,0.671,2296,1825,2070,1415,10,25.15,5,5,0.2,0.2,0.2,4300,0.24900001,0.07,0.01,2900,2800,3000,4000,4000,3500,1.7835,1.494,1000,1250,2296,3941.156,0.5,0,1.5,1,0,40,60,1.1,100,0,0,0,0,0,0,0.02,0.02,0.2,1.25,0,0,0,200,50,0,0,200,200,50,0,0,0,0,0,0,0,0,0,0,0,0,0,1,0,0,0,0
564,4,cn-server-capture,1,0,1,0,0,2,2,1,1,0,1,100,3,0.672,2297,1825,2070,1415,10,24.35,5,5,0.2,0.2,0.2,3850,0.257,0.07,0.01,1,2930,3000,4350,4000,3500,1.7335,1.494,1000,1300,2297,3693.003,0.5,0,1.5,1,0,40,60,1.1,100,0,0,0,0,0,0,0.02,0.02,0.2,1.25,0,0,0,200,50,0,0,200,200,50,0,0,0,0,0,0,0,0,0,0,0,0,0,1,0,0,0,0
564,7,cn-server-capture,1,0,1,0,0,2,2,1,1,0,1,100,3,0.672,2297,1825,2070,1415,10,24.35,5,5,0.2,0.2,0.2,3850,0.257,0.07,0.01,3840,2930,3000,4350,4000,3500,1.7335,1.494,1000,1300,2297,3693.003,0.5,0,1.5,1,0,40,60,1.1,100,0,0,0,0,0,0,0.02,0.02,0.2,1.25,0,0,0,200,50,0,0,200,200,50,0,0,0,0,0,0,0,0,0,0,0,0,0,1,0,0,0,0
565,4,cn-server-capture,1,0,1,0,0,2,2,1,1,0,1,100,3,0.673,2300,1825,2070,1415,10,24.55,5,5,0.2,0.2,0.2,3700,0.25100002,0.07,0.01,1,2850,3000,4150,4000,3500,1.6855,1.494,1000,1200,2300,2675.328,0,0,1.5,1,0,40,60,1.1,100,0,0,0,0,0,0,0.02,0.02,0.2,1.25,0,0,0,200,50,0,0,200,200,50,0,0,0,0,0,0,0,0,0,0,0,0,0,1,0,0,0,0
565,7,cn-server-capture,1,0,1,0,0,2,2,1,1,0,1,100,3,0.673,2300,1825,2070,1415,10,24.55,5,5,0.2,0.2,0.2,3700,0.25100002,0.07,0.01,3900,2850,3000,4150,4000,3500,1.6855,1.494,1000,1200,2300,2675.328,0,0,1.5,1,0,40,60,1.1,100,0,0,0,0,0,0,0.02,0.02,0.2,1.25,0,0,0,200,50,0,0,200,200,50,0,0,0,0,0,0,0,0,0,0,0,0,0,1,0,0,0,0
567,4,cn-server-capture,1,0,1,0,0,2,2,1,1,0,1,100,3,0.674,2298,1825,2070,1415,10,24.25,5,5,0.2,0.2,0.2,3900,0.26200002,0.07,0.01,1,2850,3000,4150,4000,3500,1.7085,1.494,1000,1200,2298,2888.028,0,0,1.5,1,0,40,60,1.1,100,0,0,0,0,0,0,0.02,0.02,0.2,1.25,0,0,0,200,50,0,0,200,200,50,0,0,0,0,0,0,0,0,0,0,0,0,0,1,0,0,0,0
567,7,cn-server-capture,1,0,1,0,0,2,2,1,1,0,1,100,3,0.674,2298,1825,2070,1415,10,24.25,5,5,0.2,0.2,0.2,3900,0.26200002,0.07,0.01,3900,2850,3000,4150,4000,3500,1.7085,1.494,1000,1200,2298,2888.028,0,0,1.5,1,0,40,60,1.1,100,0,0,0,0,0,0,0.02,0.02,0.2,1.25,0,0,0,200,50,0,0,200,200,50,0,0,0,0,0,0,0,0,0,0,0,0,0,1,0,0,0,0
568,4,cn-server-capture,1,0,1,0,0,2,2,1,1,0,1,100,3,0.673,2295,1825,2070,1415,10,24.35,5,5,0.2,0.2,0.2,3750,0.255,0.07,0.01,1,2800,3000,4100,4000,3500,1.6855,1.494,1000,1200,2295,2669.328,0,0,1.5,1,0,40,60,1.1,100,0,0,0,0,0,0,0.02,0.02,0.2,1.25,0,0,0,200,50,0,0,200,200,50,0,0,0,0,0,0,0,0,0,0,0,0,0,1,0,0,0,0
568,7,cn-server-capture,1,0,1,0,0,2,2,1,1,0,1,100,3,0.673,2295,1825,2070,1415,10,24.35,5,5,0.2,0.2,0.2,3750,0.255,0.07,0.01,3850,2800,3000,4100,4000,3500,1.6855,1.494,1000,1200,2295,2669.328,0,0,1.5,1,0,40,60,1.1,100,0,0,0,0,0,0,0.02,0.02,0.2,1.25,0,0,0,200,50,0,0,200,200,50,0,0,0,0,0,0,0,0,0,0,0,0,0,1,0,0,0,0
569,4,cn-server-capture,1,0,1,0,0,2,2,2,1,0,1,100,3,0.675,2295,1825,2070,1415,10,24.65,5,5,0.2,0.2,0.2,3500,0.25,0.07,0.01,1,2850,3000,4150,4000,3500,1.6804999,1.494,1200,1000,2884.128,2295,0,0,1.5,1,0,40,60,1.1,100,0,0,0,0,0,0,0.02,0.02,0.2,1.25,0,0,0,200,50,0,0,200,200,50,0,0,0,0,0,0,0,0,0,0,0,0,0,1,0,0,0,0
569,7,cn-server-capture,1,0,1,0,0,2,2,2,1,0,1,100,3,0.675,2295,1825,2070,1415,10,24.65,5,5,0.2,0.2,0.2,3500,0.25,0.07,0.01,3900,2850,3000,4150,4000,3500,1.6804999,1.494,1200,1000,2884.128,2295,0,0,1.5,1,0,40,60,1.1,100,0,0,0,0,0,0,0.02,0.02,0.2,1.25,0,0,0,200,50,0,0,200,200,50,0,0,0,0,0,0,0,0,0,0,0,0,0,1,0,0,0,0
570,4,cn-server-capture,1,0,1,0,0,2,2,1,1,0,1,100,3,0.674,2293,1825,2070,1415,10,24.5,5,5,0.2,0.2,0.2,3600,0.25,0.07,0.01,1,2850,3000,4150,4000,3500,1.7085,1.494,1000,1200,2293,2881.528,0,0,1.5,1,0,40,60,1.1,100,0,0,0,0,0,0,0.02,0.02,0.2,1.25,0,0,0,200,50,0,0,200,200,50,0,0,0,0,0,0,0,0,0,0,0,0,0,1,0,0,0,0
570,7,cn-server-capture,1,0,1,0,0,2,2,1,1,0,1,100,3,0.674,2293,1825,2070,1415,10,24.5,5,5,0.2,0.2,0.2,3600,0.25,0.07,0.01,3900,2850,3000,4150,4000,3500,1.7085,1.494,1000,1200,2293,2881.528,0,0,1.5,1,0,40,60,1.1,100,0,0,0,0,0,0,0.02,0.02,0.2,1.25,0,0,0,200,50,0,0,200,200,50,0,0,0,0,0,0,0,0,0,0,0,0,0,1,0,0,0,0
571,4,cn-server-capture,1,0,1,0,0,2,2,2,1,0,1,100,3,0.674,2300,1825,2070,1415,10,25.45,5,5,0.2,0.2,0.2,3300,0.245,0.07,0.01,1,2800,3000,4100,4000,3500,1.6754999,1.494,1200,1000,2675.328,2300,0,0,1.5,1,0,40,60,1.1,100,0,0,0,0,0,0,0.02,0.02,0.2,1.25,0,0,0,200,50,0,0,200,200,50,0,0,0,0,0,0,0,0,0,0,0,0,0,1,0,0,0,0
571,7,cn-server-capture,1,0,1,0,0,2,2,2,1,0,1,100,3,0.674,2300,1825,2070,1415,10,25.45,5,5,0.2,0.2,0.2,3300,0.245,0.07,0.01,3950,2800,3000,4100,4000,3500,1.6754999,1.494,1200,1000,2675.328,2300,0,0,1.5,1,0,40,60,1.1,100,0,0,0,0,0,0,0.02,0.02,0.2,1.25,0,0,0,200,50,0,0,200,200,50,0,0,0,0,0,0,0,0,0,0,0,0,0,1,0,0,0,0
572,4,cn-server-capture,1,0,1,0,0,2,2,2,1,0,1,100,3,0.674,2300,1825,2070,1415,10,25.45,5,5,0.2,0.2,0.2,3300,0.245,0.07,0.01,1,2800,3000,4100,4000,3500,1.6855,1.494,1200,1000,2675.328,2300,0,0,1.5,1,0,40,60,1.1,100,0,0,0,0,0,0,0.02,0.02,0.2,1.25,0,0,0,200,50,0,0,200,200,50,0,0,0,0,0,0,0,0,0,0,0,0,0,1,0,0,0,0
572,7,cn-server-capture,1,0,1,0,0,2,2,2,1,0,1,100,3,0.674,2300,1825,2070,1415,10,25.45,5,5,0.2,0.2,0.2,3300,0.245,0.07,0.01,3950,2800,3000,4100,4000,3500,1.6855,1.494,1200,1000,2675.328,2300,0,0,1.5,1,0,40,60,1.1,100,0,0,0,0,0,0,0.02,0.02,0.2,1.25,0,0,0,200,50,0,0,200,200,50,0,0,0,0,0,0,0,0,0,0,0,0,0,1,0,0,0,0
574,4,cn-server-capture,1,0,1,0,0,2,2,1,1,0,1,100,3,0.676,2293,1825,2070,1415,10,24.5,5,5,0.2,0.2,0.2,3500,0.25,0.07,0.01,1,2850,3000,4150,4000,3500,1.6754999,1.494,1000,1200,2293,2666.928,0,0,1.5,1,0,40,60,1.1,100,0,0,0,0,0,0,0.02,0.02,0.2,1.25,0,0,0,200,50,0,0,200,200,50,0,0,0,0,0,0,0,0,0,0,0,0,0,1,0,0,0,0
574,7,cn-server-capture,1,0,1,0,0,2,2,1,1,0,1,100,3,0.676,2293,1825,2070,1415,10,24.5,5,5,0.2,0.2,0.2,3500,0.25,0.07,0.01,3950,2850,3000,4150,4000,3500,1.6754999,1.494,1000,1200,2293,2666.928,0,0,1.5,1,0,40,60,1.1,100,0,0,0,0,0,0,0.02,0.02,0.2,1.25,0,0,0,200,50,0,0,200,200,50,0,0,0,0,0,0,0,0,0,0,0,0,0,1,0,0,0,0
575,4,cn-server-capture,1,0,1,0,0,2,2,2,1,0,1,100,3,0.675,2295,1825,2070,1415,10,25.45,5,5,0.2,0.2,0.2,3500,0.24700001,0.07,0.01,1,3000,3000,4500,4000,3500,1.6754999,1.494,1200,1000,2776.875,2295,0,0,1.5,1,0,40,60,1.1,100,0,0,0,0,0,0,0.02,0.02,0.2,1.25,0,0,0,200,50,0,0,200,200,50,0,0,0,0,0,0,0,0,0,0,0,0,0,1,0,0,0,0
575,7,cn-server-capture,1,0,1,0,0,2,2,2,1,0,1,100,3,0.675,2295,1825,2070,1415,10,25.45,5,5,0.2,0.2,0.2,3500,0.24700001,0.07,0.01,4300,3000,3000,4500,4000,3500,1.6754999,1.494,1200,1000,2776.875,2295,0,0,1.5,1,0,40,60,1.1,100,0,0,0,0,0,0,0.02,0.02,0.2,1.25,0,0,0,200,50,0,0,200,200,50,0,0,0,0,0,0,0,0,0,0,0,0,0,1,0,0,0,0
576,4,cn-server-capture,1,0,1,0,0,2,2,1,1,0,1,100,3,0.674,2295,1825,2070,1415,10,24.55,5,5,0.2,0.2,0.2,3600,0.25100002,0.07,0.01,1,2850,3000,4150,4000,3500,1.6955,1.494,1000,1200,2295,2776.875,0,0,1.5,1,0,40,60,1.1,100,0,0,0,0,0,0,0.02,0.02,0.2,1.25,0,0,0,200,50,0,0,200,200,50,0,0,0,0,0,0,0,0,0,0,0,0,0,1,0,0,0,0
576,7,cn-server-capture,1,0,1,0,0,2,2,1,1,0,1,100,3,0.674,2295,1825,2070,1415,10,24.55,5,5,0.2,0.2,0.2,3600,0.25100002,0.07,0.01,3800,2850,3000,4150,4000,3500,1.6955,1.494,1000,1200,2295,2776.875,0,0,1.5,1,0,40,60,1.1,100,0,0,0,0,0,0,0.02,0.02,0.2,1.25,0,0,0,200,50,0,0,200,200,50,0,0,0,0,0,0,0,0,0,0,0,0,0,1,0,0,0,0
579,4,cn-server-capture,1,0,1,0,0,2,2,1,1,0,1,100,3,0.672,2302,1825,2070,1415,10,24.55,5,5,0.2,0.2,0.2,3700,0.25300002,0.07,0.01,1,2850,3000,4150,4000,3500,1.7155,1.494,1000,1200,2302,2785.625,0,0,1.5,1,0,40,60,1.1,100,0,0,0,0,0,0,0.02,0.02,0.2,1.25,0,0,0,200,50,0,0,200,200,50,0,0,0,0,0,0,0,0,0,0,0,0,0,1,0,0,0,0
579,7,cn-server-capture,1,0,1,0,0,2,2,1,1,0,1,100,3,0.672,2302,1825,2070,1415,10,24.55,5,5,0.2,0.2,0.2,3700,0.25300002,0.07,0.01,3900,2850,3000,4150,4000,3500,1.7155,1.494,1000,1200,2302,2785.625,0,0,1.5,1,0,40,60,1.1,100,0,0,0,0,0,0,0.02,0.02,0.2,1.25,0,0,0,200,50,0,0,200,200,50,0,0,0,0,0,0,0,0,0,0,0,0,0,1,0,0,0,0
580,4,cn-server-capture,1,0,1,0,0,2,2,1,1,0,1,100,3,0.671,2302,1825,2070,1415,10,24.55,5,5,0.2,0.2,0.2,3800,0.25300002,0.07,0.01,1,2850,3000,4150,4000,3500,1.7155,1.494,1000,1200,2302,2785.625,0,0,1.5,1,0,40,60,1.1,100,0,0,0,0,0,0,0.02,0.02,0.2,1.25,0,0,0,200,50,0,0,200,200,50,0,0,0,0,0,0,0,0,0,0,0,0,0,1,0,0,0,0
580,7,cn-server-capture,1,0,1,0,0,2,2,1,1,0,1,100,3,0.671,2302,1825,2070,1415,10,24.55,5,5,0.2,0.2,0.2,3800,0.25300002,0.07,0.01,3900,2850,3000,4150,4000,3500,1.7155,1.494,1000,1200,2302,2785.625,0,0,1.5,1,0,40,60,1.1,100,0,0,0,0,0,0,0.02,0.02,0.2,1.25,0,0,0,200,50,0,0,200,200,50,0,0,0,0,0,0,0,0,0,0,0,0,0,1,0,0,0,0
581,4,cn-server-capture,1,0,1,0,0,2,2,1,1,0,1,100,3,0.676,2293,1825,2070,1415,10,25.25,5,5,0.2,0.2,0.2,3600,0.25,0.07,0.01,1,2950,3000,4400,4000,3500,1.6735,1.494,1000,1200,2293,4574.976,0.3,0,1.5,1,0,40,60,1.1,100,0,0,0,0,0,0,0.02,0.02,0.2,1.25,0,0,0,200,50,0,0,200,200,50,0,0,0,0,0,0,0,0,0,0,0,0,0,1,0,0,0,0
581,7,cn-server-capture,1,0,1,0,0,2,2,1,1,0,1,100,3,0.676,2293,1825,2070,1415,10,25.25,5,5,0.2,0.2,0.2,3600,0.25,0.07,0.01,3900,2950,3000,4400,4000,3500,1.6735,1.494,1000,1200,2293,4574.976,0.3,0,1.5,1,0,40,60,1.1,100,0,0,0,0,0,0,0.02,0.02,0.2,1.25,0,0,0,200,50,0,0,200,200,50,0,0,0,0,0,0,0,0,0,0,0,0,0,1,0,0,0,0
582,4,cn-server-capture,1,0,1,0,0,2,2,1,1,0,1,100,3,0.673,2303,1825,2070,1415,10,24.45,5,5,0.2,0.2,0.2,3900,0.26700002,0.07,0.01,1,2850,3000,4150,4000,3500,1.7055,1.494,1000,1200,2303,2894.528,0,0,1.5,1,0,40,60,1.1,100,0,0,0,0,0,0,0.02,0.02,0.2,1.25,0,0,0,200,50,0,0,200,200,50,0,0,0,0,0,0,0,0,0,0,0,0,0,1,0,0,0,0
582,7,cn-server-capture,1,0,1,0,0,2,2,1,1,0,1,100,3,0.673,2303,1825,2070,1415,10,24.45,5,5,0.2,0.2,0.2,3900,0.26700002,0.07,0.01,3900,2850,3000,4150,4000,3500,1.7055,1.494,1000,1200,2303,2894.528,0,0,1.5,1,0,40,60,1.1,100,0,0,0,0,0,0,0.02,0.02,0.2,1.25,0,0,0,200,50,0,0,200,200,50,0,0,0,0,0,0,0,0,0,0,0,0,0,1,0,0,0,0
583,4,cn-server-capture,1,0,1,0,0,2,2,2,1,0,1,100,3,0.673,2295,1825,2070,1415,10,25.05,5,5,0.2,0.2,0.2,3500,0.24700001,0.07,0.01,1,2850,3000,4150,4000,3500,1.6855,1.494,1200,1000,2776.875,2295,0,0,1.5,1,0,40,60,1.1,100,0,0,0,0,0,0,0.02,0.02,0.2,1.25,0,0,0,200,50,0,0,200,200,50,0,0,0,0,0,0,0,0,0,0,0,0,0,1,0,0,0,0
583,7,cn-server-capture,1,0,1,0,0,2,2,2,1,0,1,100,3,0.673,2295,1825,2070,1415,10,25.05,5,5,0.2,0.2,0.2,3500,0.24700001,0.07,0.01,3900,2850,3000,4150,4000,3500,1.6855,1.494,1200,1000,2776.875,2295,0,0,1.5,1,0,40,60,1.1,100,0,0,0,0,0,0,0.02,0.02,0.2,1.25,0,0,0,200,50,0,0,200,200,50,0,0,0,0,0,0,0,0,0,0,0,0,0,1,0,0,0,0
584,4,cn-server-capture,1,0,1,0,0,2,2,2,1,0,1,100,3,0.675,2295,1825,2070,1415,10,24.75,5,5,0.2,0.2,0.2,3400,0.246,0.07,0.01,1,3000,3000,4500,4000,3500,1.7055,1.494,1200,1000,3521.472,2295,0,1,1.5,1,0,40,60,1.1,100,0,0,0,0,0,0,0.02,0.02,0.2,1.25,0,0,0,200,50,0,0,200,200,50,0,0,0,0,0,0,0,0,0,0,0,0,0,1,0,0,0,0
584,7,cn-server-capture,1,0,1,0,0,2,2,2,1,0,1,100,3,0.675,2295,1825,2070,1415,10,24.75,5,5,0.2,0.2,0.2,3400,0.246,0.07,0.01,4300,3000,3000,4500,4000,3500,1.7055,1.494,1200,1000,3521.472,2295,0,1,1.5,1,0,40,60,1.1,100,0,0,0,0,0,0,0.02,0.02,0.2,1.25,0,0,0,200,50,0,0,200,200,50,0,0,0,0,0,0,0,0,0,0,0,0,0,1,0,0,0,0
585,4,cn-server-capture,1,0,1,0,0,2,2,2,1,0,1,100,3,0.6765,2295,1825,2070,1415,10,25.05,5,5,0.2,0.2,0.2,3400,0.24000001,0.07,0.01,1,3000,3000,4500,4000,3500,1.7255,1.494,1200,1000,3730.288,2295,0,1,1.5,1,0,40,60,1.1,100,0,0,0,0,0,0,0.02,0.02,0.2,1.25,0,0,0,200,50,0,0,200,200,50,0,0,0,0,0,0,0,0,0,0,0,0,0,1,0,0,0,0
585,7,cn-server-capture,1,0,1,0,0,2,2,2,1,0,1,100,3,0.6765,2295,1825,2070,1415,10,25.05,5,5,0.2,0.2,0.2,3400,0.24000001,0.07,0.01,4300,3000,3000,4500,4000,3500,1.7255,1.494,1200,1000,3730.288,2295,0,1,1.5,1,0,40,60,1.1,100,0,0,0,0,0,0,0.02,0.02,0.2,1.25,0,0,0,200,50,0,0,200,200,50,0,0,0,0,0,0,0,0,0,0,0,0,0,1,0,0,0,0
587,4,cn-server-capture,1,0,1,0,0,2,2,1,1,0,1,100,3,0.668,2300,1825,2070,1415,10,24.8,5,5,0.2,0.2,0.2,3950,0.254,0.07,0.01,1,2930,3000,4300,4000,3500,1.7455,1.494,1000,1300,2300,3738.788,0.65,0,1.5,1,0,40,60,1.1,100,0,0,0,0,0,0,0.02,0.02,0.2,1.25,0,0,0,200,50,0,0,200,200,50,0,0,0,0,0,0,0,0,0,0,0,0,0,1,0,0,0,0
587,7,cn-server-capture,1,0,1,0,0,2,2,1,1,0,1,100,3,0.668,2300,1825,2070,1415,10,24.8,5,5,0.2,0.2,0.2,3950,0.254,0.07,0.01,3870,2930,3000,4300,4000,3500,1.7455,1.494,1000,1300,2300,3738.788,0.65,0,1.5,1,0,40,60,1.1,100,0,0,0,0,0,0,0.02,0.02,0.2,1.25,0,0,0,200,50,0,0,200,200,50,0,0,0,0,0,0,0,0,0,0,0,0,0,1,0,0,0,0
588,4,cn-server-capture,1,0,1,0,0,2,2,1,1,0,1,100,3,0.673,2298,1825,2070,1415,10,24.65,5,5,0.2,0.2,0.2,3600,0.245,0.07,0.01,1,2930,3000,4300,4000,3500,1.7255,1.494,1000,1100,2298,3944.756,0.6,0,1.5,1,0,40,60,1.1,100,0,0,0,0,0,0,0.02,0.02,0.2,1.25,0,0,0,200,50,0,0,200,200,50,0,0,0,0,0,0,0,0,0,0,0,0,0,1,0,0,0,0
588,7,cn-server-capture,1,0,1,0,0,2,2,1,1,0,1,100,3,0.673,2298,1825,2070,1415,10,24.65,5,5,0.2,0.2,0.2,3600,0.245,0.07,0.01,3900,2930,3000,4300,4000,3500,1.7255,1.494,1000,1100,2298,3944.756,0.6,0,1.5,1,0,40,60,1.1,100,0,0,0,0,0,0,0.02,0.02,0.2,1.25,0,0,0,200,50,0,0,200,200,50,0,0,0,0,0,0,0,0,0,0,0,0,0,1,0,0,0,0
589,4,cn-server-capture,1,0,1,0,0,2,2,2,1,0,1,100,3,0.673,2298,1825,2070,1415,10,24.65,5,5,0.2,0.2,0.2,3600,0.245,0.07,0.01,1,2930,3000,4300,4000,3500,1.7055,1.494,1300,1000,3735.388,2298,0,1,1.5,1,0,40,60,1.1,100,0,0,0,0,0,0,0.02,0.02,0.2,1.25,0,0,0,200,50,0,0,200,200,50,0,0,0,0,0,0,0,0,0,0,0,0,0,1,0,0,0,0
589,7,cn-server-capture,1,0,1,0,0,2,2,2,1,0,1,100,3,0.673,2298,1825,2070,1415,10,24.65,5,5,0.2,0.2,0.2,3600,0.245,0.07,0.01,3950,2930,3000,4300,4000,3500,1.7055,1.494,1300,1000,3735.388,2298,0,1,1.5,1,0,40,60,1.1,100,0,0,0,0,0,0,0.02,0.02,0.2,1.25,0,0,0,200,50,0,0,200,200,50,0,0,0,0,0,0,0,0,0,0,0,0,0,1,0,0,0,0
592,4,cn-server-capture,1,0,1,0,0,2,2,1,1,0,1,100,3,0.67,2305,1825,2070,1415,10,24.55,5,5,0.2,0.2,0.2,4500,0.256,0.07,0.01,1,3000,3000,4800,4000,3500,1.8175,1.494,1000,1400,2305,3747.288,0.6,0,1.5,0.79,0,40,60,1.1,100,0,0,0,0,0,0,0.02,0.02,0.2,1.25,0,0,0,200,50,0,0,200,200,50,0,0,0,0,0,0,0,0,0,0,0,0,0,1,0,0,0,0
592,7,cn-server-capture,1,0,1,0,0,2,2,1,1,0,1,100,3,0.67,2305,1825,2070,1415,10,24.55,5,5,0.2,0.2,0.2,4500,0.256,0.07,0.01,3750,3000,3000,4800,4000,3500,1.8175,1.494,1000,1400,2305,3747.288,0.6,0,1.5,0.79,0,40,60,1.1,100,0,0,0,0,0,0,0.02,0.02,0.2,1.25,0,0,0,200,50,0,0,200,200,50,0,0,0,0,0,0,0,0,0,0,0,0,0,1,0,0,0,0
593,4,cn-server-capture,1,0,1,0,0,2,2,1,1,0,1,100,3,0.671,2297,1825,2070,1415,10,24.8,5,5,0.2,0.2,0.2,4300,0.24800001,0.07,0.01,1,2950,3000,4400,4000,3500,1.7804999,1.494,1000,1300,2297,3733.688,0.6,0,1.5,1,0,40,60,1.1,100,0,0,0,0,0,0,0.02,0.02,0.2,1.25,0,0,0,200,50,0,0,200,200,50,0,0,0,0,0,0,0,0,0,0,0,0,0,1,0,0,0,0
593,7,cn-server-capture,1,0,1,0,0,2,2,1,1,0,1,100,3,0.671,2297,1825,2070,1415,10,24.8,5,5,0.2,0.2,0.2,4300,0.24800001,0.07,0.01,3850,2950,3000,4400,4000,3500,1.7804999,1.494,1000,1300,2297,3733.688,0.6,0,1.5,1,0,40,60,1.1,100,0,0,0,0,0,0,0.02,0.02,0.2,1.25,0,0,0,200,50,0,0,200,200,50,0,0,0,0,0,0,0,0,0,0,0,0,0,1,0,0,0,0
594,4,cn-server-capture,1,0,1,0,0,2,2,1,1,0,1,100,3,0.67,2297,1825,2070,1415,10,25.25,5,5,0.2,0.2,0.2,4400,0.25300002,0.07,0.01,1,2950,3000,4400,4000,3500,1.8155,1.494,1000,1400,2297,3776.886,0.6,0,1.5,0.89,0,40,60,1.1,100,0,0,0,0,0,0,0.02,0.02,0.2,1.25,0,0,0,200,50,0,0,200,200,50,0,0,0,0,0,0,0,0,0,0,0,0,0,1,0,0,0,0
594,7,cn-server-capture,1,0,1,0,0,2,2,1,1,0,1,100,3,0.67,2297,1825,2070,1415,10,25.25,5,5,0.2,0.2,0.2,4400,0.25300002,0.07,0.01,3720,2950,3000,4400,4000,3500,1.8155,1.494,1000,1400,2297,3776.886,0.6,0,1.5,0.89,0,40,60,1.1,100,0,0,0,0,0,0,0.02,0.02,0.2,1.25,0,0,0,200,50,0,0,200,200,50,0,0,0,0,0,0,0,0,0,0,0,0,0,1,0,0,0,0
601,4,cn-server-capture,1,0,1,0,0,2,2,2,1,0,1,100,3,0.672,2300,1825,2070,1415,10,25.25,5,5,0.2,0.2,0.2,3800,0.24800001,0.07,0.01,1,2930,3000,4300,4000,3500,1.7255,1.494,1300,1000,3738.788,2300,0.3,1,1.5,1,0,40,60,1.1,100,0,0,0,0,0,0,0.02,0.02,0.2,1.25,0,0,0,200,50,0,0,200,200,50,0,0,0,0,0,0,0,0,0,0,0,0,0,1,0,0,0,0
601,7,cn-server-capture,1,0,1,0,0,2,2,2,1,0,1,100,3,0.672,2300,1825,2070,1415,10,25.25,5,5,0.2,0.2,0.2,3800,0.24800001,0.07,0.01,3850,2930,3000,4300,4000,3500,1.7255,1.494,1300,1000,3738.788,2300,0.3,1,1.5,1,0,40,60,1.1,100,0,0,0,0,0,0,0.02,0.02,0.2,1.25,0,0,0,200,50,0,0,200,200,50,0,0,0,0,0,0,0,0,0,0,0,0,0,1,0,0,0,0
602,4,cn-server-capture,1,0,1,0,0,2,2,1,1,0,1,100,3,0.6701,2289,1825,2070,1415,10,25.25,5,5,0.2,0.2,0.2,3820,0.24800001,0.07,0.01,1,3460,3000,5060,4000,3500,1.7665,1.494,1000,1300,2289,3720.088,0.5,0,1.5,1,0,40,60,1.1,100,0,0,0,0,0,0,0.02,0.02,0.2,1.25,0,0,0,200,50,0,0,200,200,50,0,0,0,0,0,0,0,0,0,0,0,0,0,1,0,0,0,0
602,7,cn-server-capture,1,0,1,0,0,2,2,1,1,0,1,100,3,0.6701,2289,1825,2070,1415,10,25.25,5,5,0.2,0.2,0.2,3820,0.24800001,0.07,0.01,4410,3460,3000,5060,4000,3500,1.7665,1.494,1000,1300,2289,3720.088,0.5,0,1.5,1,0,40,60,1.1,100,0,0,0,0,0,0,0.02,0.02,0.2,1.25,0,0,0,200,50,0,0,200,200,50,0,0,0,0,0,0,0,0,0,0,0,0,0,1,0,0,0,0
604,4,cn-server-capture,1,0,1,0,0,2,2,1,1,0,1,100,3,0.67,2296,1825,2070,1415,10,24.8,5,5,0.2,0.2,0.2,3750,0.25300002,0.07,0.01,1,3200,3000,4800,4000,3500,1.7335,1.494,1000,2000,2296,3205.573,0.5,0,1.5,1,0,40,60,1.1,100,0,0,0,0,0,0,0.02,0.02,0.2,1.25,0,0,0,200,50,0,0,200,200,50,0,0,0,0,0,0,0,0,0,0,0,0,0,1,0,0,0,0
604,7,cn-server-capture,1,0,1,0,0,2,2,1,1,0,1,100,3,0.67,2296,1825,2070,1415,10,24.8,5,5,0.2,0.2,0.2,3750,0.25300002,0.07,0.01,3900,3200,3000,4800,4000,3500,1.7335,1.494,1000,2000,2296,3205.573,0.5,0,1.5,1,0,40,60,1.1,100,0,0,0,0,0,0,0.02,0.02,0.2,1.25,0,0,0,200,50,0,0,200,200,50,0,0,0,0,0,0,0,0,0,0,0,0,0,1,0,0,0,0
606,4,cn-server-capture,1,0,1,0,0,2,2,1,1,0,1,100,3,0.674,2295,1825,2070,1415,10,24.65,5,5,0.2,0.2,0.2,3800,0.25,0.07,0.01,1,2930,3000,4300,4000,3500,1.7155,1.494,1000,1200,2295,3521.472,0.5,0,1.5,1,0,40,60,1.1,100,0,0,0,0,0,0,0.02,0.02,0.2,1.25,0,0,0,200,50,0,0,200,200,50,0,0,0,0,0,0,0,0,0,0,0,0,0,1,0,0,0,0
606,7,cn-server-capture,1,0,1,0,0,2,2,1,1,0,1,100,3,0.674,2295,1825,2070,1415,10,24.65,5,5,0.2,0.2,0.2,3800,0.25,0.07,0.01,3900,2930,3000,4300,4000,3500,1.7155,1.494,1000,1200,2295,3521.472,0.5,0,1.5,1,0,40,60,1.1,100,0,0,0,0,0,0,0.02,0.02,0.2,1.25,0,0,0,200,50,0,0,200,200,50,0,0,0,0,0,0,0,0,0,0,0,0,0,1,0,0,0,0
608,4,cn-server-capture,1,0,1,0,0,2,2,2,1,0,1,100,3,0.674,2297,1825,2070,1415,10,25.25,5,5,0.2,0.2,0.2,3800,0.24800001,0.07,0.01,1,2930,3000,4300,4000,3500,1.7055,1.494,1300,1000,3733.688,2297,0,1,1.5,1,0,40,60,1.1,100,0,0,0,0,0,0,0.02,0.02,0.2,1.25,0,0,0,200,50,0,0,200,200,50,0,0,0,0,0,0,0,0,0,0,0,0,0,1,0,0,0,0
608,7,cn-server-capture,1,0,1,0,0,2,2,2,1,0,1,100,3,0.674,2297,1825,2070,1415,10,25.25,5,5,0.2,0.2,0.2,3800,0.24800001,0.07,0.01,3850,2930,3000,4300,4000,3500,1.7055,1.494,1300,1000,3733.688,2297,0,1,1.5,1,0,40,60,1.1,100,0,0,0,0,0,0,0.02,0.02,0.2,1.25,0,0,0,200,50,0,0,200,200,50,0,0,0,0,0,0,0,0,0,0,0,0,0,1,0,0,0,0
609,4,cn-server-capture,1,0,1,0,0,3,2,1,1,1,1,100,3,0.669,2300,1825,2070,1415,10,25.05,5,5,0.2,0.2,0.2,4100,0.252,0.07,0.01,1,2750,3000,3950,4000,3500,1.7804999,1.494,1000,1200,2300,3738.788,0.5,0,1.5,1,0,40,60,1.1,100,0,0,0,0,0,0,0.02,0.02,0.2,1.25,0,0,0,200,50,0,0,200,200,50,0,0,0,0,0,0,0,0,0,0,0,0,0,1,0,0,0,0
609,7,cn-server-capture,1,0,1,0,0,3,2,1,1,1,1,100,3,0.669,2300,1825,2070,1415,10,25.05,5,5,0.2,0.2,0.2,4100,0.252,0.07,0.01,2800,2750,3000,3950,4000,3500,1.7804999,1.494,1000,1200,2300,3738.788,0.5,0,1.5,1,0,40,60,1.1,100,0,0,0,0,0,0,0.02,0.02,0.2,1.25,0,0,0,200,50,0,0,200,200,50,0,0,0,0,0,0,0,0,0,0,0,0,0,1,0,0,0,0
610,4,cn-server-capture,1,0,1,0,0,2,2,2,1,0,1,100,3,0.671,2298,1825,2070,1415,10,25.25,5,5,0.2,0.2,0.2,3600,0.25,0.07,0.01,1,2930,3000,4300,4000,3500,1.7255,1.494,1300,1000,3735.388,2298,0,1,1.5,1,0,40,60,1.1,100,0,0,0,0,0,0,0.02,0.02,0.2,1.25,0,0,0,200,50,0,0,200,200,50,0,0,0,0,0,0,0,0,0,0,0,0,0,1,0,0,0,0
610,7,cn-server-capture,1,0,1,0,0,2,2,2,1,0,1,100,3,0.671,2298,1825,2070,1415,10,25.25,5,5,0.2,0.2,0.2,3600,0.25,0.07,0.01,3850,2930,3000,4300,4000,3500,1.7255,1.494,1300,1000,3735.388,2298,0,1,1.5,1,0,40,60,1.1,100,0,0,0,0,0,0,0.02,0.02,0.2,1.25,0,0,0,200,50,0,0,200,200,50,0,0,0,0,0,0,0,0,0,0,0,0,0,1,0,0,0,0
611,4,cn-server-capture,1,0,1,0,0,2,2,1,1,0,1,100,3,0.672,2299,1825,2070,1415,10,24.55,5,5,0.2,0.2,0.2,4500,0.25300002,0.07,0.01,1,2950,3000,4400,4000,3500,1.7854999,1.494,1000,1300,2299,3737.088,0.6,0,1.5,1,0,40,60,1.1,100,0,0,0,0,0,0,0.02,0.02,0.2,1.25,0,0,0,200,50,0,0,200,200,50,0,0,0,0,0,0,0,0,0,0,0,0,0,1,0,0,0,0
611,7,cn-server-capture,1,0,1,0,0,2,2,1,1,0,1,100,3,0.672,2299,1825,2070,1415,10,24.55,5,5,0.2,0.2,0.2,4500,0.25300002,0.07,0.01,3860,2950,3000,4400,4000,3500,1.7854999,1.494,1000,1300,2299,3737.088,0.6,0,1.5,1,0,40,60,1.1,100,0,0,0,0,0,0,0.02,0.02,0.2,1.25,0,0,0,200,50,0,0,200,200,50,0,0,0,0,0,0,0,0,0,0,0,0,0,1,0,0,0,0
614,4,cn-server-capture,1,0,1,0,0,3,2,1,1,1,1,100,3,0.672,2295,1825,2070,1415,10,24.8,5,5,0.2,0.2,0.2,4250,0.25,0.07,0.01,1,2750,3000,3950,4000,3500,1.7655,1.494,1000,1300,2295,3730.288,0.4,0,1.5,1,0,40,60,1.1,100,0,0,0,0,0,0,0.02,0.02,0.2,1.25,0,0,0,200,50,0,0,200,200,50,0,0,0,0,0,0,0,0,0,0,0,0,0,1,0,0,0,0
614,7,cn-server-capture,1,0,1,0,0,3,2,1,1,1,1,100,3,0.672,2295,1825,2070,1415,10,24.8,5,5,0.2,0.2,0.2,4250,0.25,0.07,0.01,3000,2750,3000,3950,4000,3500,1.7655,1.494,1000,1300,2295,3730.288,0.4,0,1.5,1,0,40,60,1.1,100,0,0,0,0,0,0,0.02,0.02,0.2,1.25,0,0,0,200,50,0,0,200,200,50,0,0,0,0,0,0,0,0,0,0,0,0,0,1,0,0,0,0
615,4,cn-server-capture,1,0,1,0,0,3,2,1,1,1,1,100,3,0.672,2295,1825,2070,1415,10,24.95,5,5,0.2,0.2,0.2,4250,0.257,0.07,0.01,1,2750,3000,3950,4000,3500,1.7804999,1.494,1000,1300,2295,3730.288,0.6,0,1.5,1,0,40,60,1.1,100,0,0,0,0,0,0,0.02,0.02,0.2,1.25,0,0,0,200,50,0,0,200,200,50,0,0,0,0,0,0,0,0,0,0,0,0,0,1,0,0,0,0
615,7,cn-server-capture,1,0,1,0,0,3,2,1,1,1,1,100,3,0.672,2295,1825,2070,1415,10,24.95,5,5,0.2,0.2,0.2,4250,0.257,0.07,0.01,2950,2750,3000,3950,4000,3500,1.7804999,1.494,1000,1300,2295,3730.288,0.6,0,1.5,1,0,40,60,1.1,100,0,0,0,0,0,0,0.02,0.02,0.2,1.25,0,0,0,200,50,0,0,200,200,50,0,0,0,0,0,0,0,0,0,0,0,0,0,1,0,0,0,0
619,4,cn-server-capture,1,0,1,0,0,2,2,1,1,0,1,100,3,0.671,2295,1825,2070,1415,10,24.65,5,5,0.2,0.2,0.2,3800,0.25300002,0.07,0.01,1,2930,3000,4300,4000,3500,1.6955,1.494,1000,1200,2295,3521.472,0.5,0,1.5,1,0,40,60,1.1,100,0,0,0,0,0,0,0.02,0.02,0.2,1.25,0,0,0,200,50,0,0,200,200,50,0,0,0,0,0,0,0,0,0,0,0,0,0,1,0,0,0,0
619,7,cn-server-capture,1,0,1,0,0,2,2,1,1,0,1,100,3,0.671,2295,1825,2070,1415,10,24.65,5,5,0.2,0.2,0.2,3800,0.25300002,0.07,0.01,3870,2930,3000,4300,4000,3500,1.6955,1.494,1000,1200,2295,3521.472,0.5,0,1.5,1,0,40,60,1.1,100,0,0,0,0,0,0,0.02,0.02,0.2,1.25,0,0,0,200,50,0,0,200,200,50,0,0,0,0,0,0,0,0,0,0,0,0,0,1,0,0,0,0
620,4,cn-server-capture,1,0,1,0,0,2,2,1,1,0,1,100,3,0.67,2300,1825,2070,1415,10,24.75,5,5,0.2,0.2,0.2,3980,0.25100002,0.07,0.01,1,2930,3000,4300,4000,3500,1.7335,1.494,1000,1300,2300,3738.788,0.6,0,1.5,1,0,40,60,1.1,100,0,0,0,0,0,0,0.02,0.02,0.2,1.25,0,0,0,200,50,0,0,200,200,50,0,0,0,0,0,0,0,0,0,0,0,0,0,1,0,0,0,0
620,7,cn-server-capture,1,0,1,0,0,2,2,1,1,0,1,100,3,0.67,2300,1825,2070,1415,10,24.75,5,5,0.2,0.2,0.2,3980,0.25100002,0.07,0.01,3870,2930,3000,4300,4000,3500,1.7335,1.494,1000,1300,2300,3738.788,0.6,0,1.5,1,0,40,60,1.1,100,0,0,0,0,0,0,0.02,0.02,0.2,1.25,0,0,0,200,50,0,0,200,200,50,0,0,0,0,0,0,0,0,0,0,0,0,0,1,0,0,0,0
622,4,cn-server-capture,1,0,1,0,0,2,2,2,1,0,1,100,3,0.673,2300,1825,2070,1415,10,25.05,5,5,0.2,0.2,0.2,3800,0.24700001,0.07,0.01,1,2930,3000,4300,4000,3500,1.7105,1.494,1300,1000,3738.788,2300,0,1,1.5,1,0,40,60,1.1,100,0,0,0,0,0,0,0.02,0.02,0.2,1.25,0,0,0,200,50,0,0,200,200,50,0,0,0,0,0,0,0,0,0,0,0,0,0,1,0,0,0,0
622,7,cn-server-capture,1,0,1,0,0,2,2,2,1,0,1,100,3,0.673,2300,1825,2070,1415,10,25.05,5,5,0.2,0.2,0.2,3800,0.24700001,0.07,0.01,3850,2930,3000,4300,4000,3500,1.7105,1.494,1300,1000,3738.788,2300,0,1,1.5,1,0,40,60,1.1,100,0,0,0,0,0,0,0.02,0.02,0.2,1.25,0,0,0,200,50,0,0,200,200,50,0,0,0,0,0,0,0,0,0,0,0,0,0,1,0,0,0,0
623,4,cn-server-capture,1,0,1,0,0,2,3,2,1,0,1,100,3,0.672,2295,1825,2070,1415,10,25.55,5,5,0.2,0.2,0.2,3800,0.24900001,0.07,0.01,1,2930,3000,4300,4000,3500,1.7055,1.494,1300,1000,3730.288,2295,0,1,1.5,1,0,40,60,1.1,100,0,0,0,0,0,0,0.02,0.02,0.2,1.25,0,0,0,200,50,0,0,200,200,50,0,0,0,0,0,0,0,0,0,0,0,0,0,1,0,0,0,0
623,7,cn-server-capture,1,0,1,0,0,2,3,2,1,0,1,100,3,0.672,2295,1825,2070,1415,10,25.55,5,5,0.2,0.2,0.2,3800,0.24900001,0.07,0.01,3850,2930,3000,4300,4000,3500,1.7055,1.494,1300,1000,3730.288,2295,0,1,1.5,1,0,40,60,1.1,100,0,0,0,0,0,0,0.02,0.02,0.2,1.25,0,0,0,200,50,0,0,200,200,50,0,0,0,0,0,0,0,0,0,0,0,0,0,1,0,0,0,0
624,4,cn-server-capture,1,0,1,0,0,2,2,1,1,0,1,100,3,0.673,2295,1825,3070,1215,10,25.75,5,5,0.2,0.2,0.2,4700,0.24400002,0.07,0.01,1,2900,3000,4300,4000,3500,1.7854999,1.494,1000,1250,2295,3939.356,0.5,0,1.5,0.88,0,40,60,1.1,100,0,0,0,0,0,0,0.02,0.02,0.2,1.25,0,0,0,200,50,0,0,200,200,50,0,0,0,0,0,0,0,0,0,0,0,0,0,1,0,0,0,0
624,7,cn-server-capture,1,0,1,0,0,2,2,1,1,0,1,100,3,0.673,2295,1825,3070,1215,10,25.75,5,5,0.2,0.2,0.2,4700,0.24400002,0.07,0.01,3700,2900,3000,4300,4000,3500,1.7854999,1.494,1000,1250,2295,3939.356,0.5,0,1.5,0.88,0,40,60,1.1,100,0,0,0,0,0,0,0.02,0.02,0.2,1.25,0,0,0,200,50,0,0,200,200,50,0,0,0,0,0,0,0,0,0,0,0,0,0,1,0,0,0,0
625,4,cn-server-capture,1,0,1,0,0,2,2,2,1,0,1,100,3,0.673,2298,1825,2070,1415,10,25.05,5,5,0.2,0.2,0.2,3800,0.246,0.07,0.01,1,2930,3000,4300,4000,3500,1.7055,1.494,1300,1000,3735.388,2298,0,1,1.5,1,0,40,60,1.1,100,0,0,0,0,0,0,0.02,0.02,0.2,1.25,0,0,0,200,50,0,0,200,200,50,0,0,0,0,0,0,0,0,0,0,0,0,0,1,0,0,0,0
625,7,cn-server-capture,1,0,1,0,0,2,2,2,1,0,1,100,3,0.673,2298,1825,2070,1415,10,25.05,5,5,0.2,0.2,0.2,3800,0.246,0.07,0.01,3850,2930,3000,4300,4000,3500,1.7055,1.494,1300,1000,3735.388,2298,0,1,1.5,1,0,40,60,1.1,100,0,0,0,0,0,0,0.02,0.02,0.2,1.25,0,0,0,200,50,0,0,200,200,50,0,0,0,0,0,0,0,0,0,0,0,0,0,1,0,0,0,0
626,4,cn-server-capture,1,0,1,0,0,2,2,1,1,0,1,100,3,0.67,2300,1825,2070,1415,10,24.65,5,5,0.2,0.2,0.2,3850,0.25,0.07,0.01,1,2900,3000,4300,4000,3500,1.7355,1.494,1000,1300,2300,3738.788,0.5,0,1.5,1,0,40,60,1.1,100,0,0,0,0,0,0,0.02,0.02,0.2,1.25,0,0,0,200,50,0,0,200,200,50,0,0,0,0,0,0,0,0,0,0,0,0,0,1,0,0,0,0
626,7,cn-server-capture,1,0,1,0,0,2,2,1,1,0,1,100,3,0.67,2300,1825,2070,1415,10,24.65,5,5,0.2,0.2,0.2,3850,0.25,0.07,0.01,3850,2900,3000,4300,4000,3500,1.7355,1.494,1000,1300,2300,3738.788,0.5,0,1.5,1,0,40,60,1.1,100,0,0,0,0,0,0,0.02,0.02,0.2,1.25,0,0,0,200,50,0,0,200,200,50,0,0,0,0,0,0,0,0,0,0,0,0,0,1,0,0,0,0
630,4,cn-server-capture,1,0,1,0,0,2,2,1,1,0,1,100,3,0.672,2296,1825,3070,1215,10,25.75,5,5,0.2,0.2,0.2,4700,0.24400002,0.07,0.01,1,2970,3000,4300,4000,3500,1.8155,1.494,1000,1400,2296,3941.156,0.5,0,1.5,0.88,0,40,60,1.1,100,0,0,0,0,0,0,0.02,0.02,0.2,1.25,0,0,0,200,50,0,0,200,200,50,0,0,0,0,0,0,0,0,0,0,0,0,0,1,0,0,0,0
630,7,cn-server-capture,1,0,1,0,0,2,2,1,1,0,1,100,3,0.672,2296,1825,3070,1215,10,25.75,5,5,0.2,0.2,0.2,4700,0.24400002,0.07,0.01,3630,2970,3000,4300,4000,3500,1.8155,1.494,1000,1400,2296,3941.156,0.5,0,1.5,0.88,0,40,60,1.1,100,0,0,0,0,0,0,0.02,0.02,0.2,1.25,0,0,0,200,50,0,0,200,200,50,0,0,0,0,0,0,0,0,0,0,0,0,0,1,0,0,0,0
631,4,cn-server-capture,1,0,1,0,0,2,2,1,1,0,1,100,3,0.672,2296,1825,3070,1215,10,25.75,5,5,0.2,0.2,0.2,4700,0.24400002,0.07,0.01,1,2970,3000,4300,4000,3500,1.8155,1.494,1000,1400,2296,3941.156,0.5,0,1.5,0.88,0,40,60,1.1,100,0,0,0,0,0,0,0.02,0.02,0.2,1.25,0,0,0,200,50,0,0,200,200,50,0,0,0,0,0,0,0,0,0,0,0,0,0,1,0,0,0,0
631,7,cn-server-capture,1,0,1,0,0,2,2,1,1,0,1,100,3,0.672,2296,1825,3070,1215,10,25.75,5,5,0.2,0.2,0.2,4700,0.24400002,0.07,0.01,3630,2970,3000,4300,4000,3500,1.8155,1.494,1000,1400,2296,3941.156,0.5,0,1.5,0.88,0,40,60,1.1,100,0,0,0,0,0,0,0.02,0.02,0.2,1.25,0,0,0,200,50,0,0,200,200,50,0,0,0,0,0,0,0,0,0,0,0,0,0,1,0,0,0,0
632,4,cn-server-capture,1,0,1,0,0,2,2,1,1,0,1,100,3,0.672,2296,1825,3070,1215,10,25.75,5,5,0.2,0.2,0.2,4700,0.24400002,0.07,0.01,1,2970,3000,4300,4000,3500,1.8155,1.494,1000,1400,2296,3941.156,0.5,0,1.5,0.88,0,40,60,1.1,100,0,0,0,0,0,0,0.02,0.02,0.2,1.25,0,0,0,200,50,0,0,200,200,50,0,0,0,0,0,0,0,0,0,0,0,0,0,1,0,0,0,0
632,7,cn-server-capture,1,0,1,0,0,2,2,1,1,0,1,100,3,0.672,2296,1825,3070,1215,10,25.75,5,5,0.2,0.2,0.2,4700,0.24400002,0.07,0.01,3630,2970,3000,4300,4000,3500,1.8155,1.494,1000,1400,2296,3941.156,0.5,0,1.5,0.88,0,40,60,1.1,100,0,0,0,0,0,0,0.02,0.02,0.2,1.25,0,0,0,200,50,0,0,200,200,50,0,0,0,0,0,0,0,0,0,0,0,0,0,1,0,0,0,0
634,4,cn-server-capture,1,0,1,0,0,2,2,1,1,0,1,100,3,0.673,2295,1825,3070,1215,10,25.75,5,5,0.2,0.2,0.2,4700,0.24400002,0.07,0.01,1,2900,3000,4300,4000,3500,1.7854999,1.494,1000,1250,2295,3939.356,0.5,0,1.5,0.88,0,40,60,1.1,100,0,0,0,0,0,0,0.02,0.02,0.2,1.25,0,0,0,200,50,0,0,200,200,50,0,0,0,0,0,0,0,0,0,0,0,0,0,1,0,0,0,0
634,7,cn-server-capture,1,0,1,0,0,2,2,1,1,0,1,100,3,0.673,2295,1825,3070,1215,10,25.75,5,5,0.2,0.2,0.2,4700,0.24400002,0.07,0.01,3700,2900,3000,4300,4000,3500,1.7854999,1.494,1000,1250,2295,3939.356,0.5,0,1.5,0.88,0,40,60,1.1,100,0,0,0,0,0,0,0.02,0.02,0.2,1.25,0,0,0,200,50,0,0,200,200,50,0,0,0,0,0,0,0,0,0,0,0,0,0,1,0,0,0,0
635,4,cn-server-capture,1,0,1,0,0,2,2,1,1,0,1,100,3,0.673,2295,1825,3070,1215,10,25.75,5,5,0.2,0.2,0.2,4700,0.24400002,0.07,0.01,1,2900,3000,4300,4000,3500,1.7854999,1.494,1000,1250,2295,3939.356,0.5,0,1.5,0.88,0,40,60,1.1,100,0,0,0,0,0,0,0.02,0.02,0.2,1.25,0,0,0,200,50,0,0,200,200,50,0,0,0,0,0,0,0,0,0,0,0,0,0,1,0,0,0,0
635,7,cn-server-capture,1,0,1,0,0,2,2,1,1,0,1,100,3,0.673,2295,1825,3070,1215,10,25.75,5,5,0.2,0.2,0.2,4700,0.24400002,0.07,0.01,3700,2900,3000,4300,4000,3500,1.7854999,1.494,1000,1250,2295,3939.356,0.5,0,1.5,0.88,0,40,60,1.1,100,0,0,0,0,0,0,0.02,0.02,0.2,1.25,0,0,0,200,50,0,0,200,200,50,0,0,0,0,0,0,0,0,0,0,0,0,0,1,0,0,0,0
636,4,cn-server-capture,1,0,1,0,0,2,2,1,1,0,1,100,3,0.67,2295,1825,2070,1415,10,24.55,5,5,0.2,0.2,0.2,4300,0.25300002,0.07,0.01,1,2950,3000,4400,4000,3500,1.7854999,1.494,1000,1300,2295,3730.288,0.6,0,1.5,0.86,0,40,60,1.1,100,0,0,0,0,0,0,0.02,0.02,0.2,1.25,0,0,0,200,50,0,0,200,200,50,0,0,0,0,0,0,0,0,0,0,0,0,0,1,0,0,0,0
636,7,cn-server-capture,1,0,1,0,0,2,2,1,1,0,1,100,3,0.67,2295,1825,2070,1415,10,24.55,5,5,0.2,0.2,0.2,4300,0.25300002,0.07,0.01,3750,2950,3000,4400,4000,3500,1.7854999,1.494,1000,1300,2295,3730.288,0.6,0,1.5,0.86,0,40,60,1.1,100,0,0,0,0,0,0,0.02,0.02,0.2,1.25,0,0,0,200,50,0,0,200,200,50,0,0,0,0,0,0,0,0,0,0,0,0,0,1,0,0,0,0
637,4,cn-server-capture,1,0,1,0,0,2,2,1,1,0,1,100,3,0.673,2295,1825,3070,1215,10,25.75,5,5,0.2,0.2,0.2,4700,0.24400002,0.07,0.01,1,2900,3000,4300,4000,3500,1.7854999,1.494,1000,1250,2295,3939.356,0.5,0,1.5,0.88,0,40,60,1.1,100,0,0,0,0,0,0,0.02,0.02,0.2,1.25,0,0,0,200,50,0,0,200,200,50,0,0,0,0,0,0,0,0,0,0,0,0,0,1,0,0,0,0
637,7,cn-server-capture,1,0,1,0,0,2,2,1,1,0,1,100,3,0.673,2295,1825,3070,1215,10,25.75,5,5,0.2,0.2,0.2,4700,0.24400002,0.07,0.01,3700,2900,3000,4300,4000,3500,1.7854999,1.494,1000,1250,2295,3939.356,0.5,0,1.5,0.88,0,40,60,1.1,100,0,0,0,0,0,0,0.02,0.02,0.2,1.25,0,0,0,200,50,0,0,200,200,50,0,0,0,0,0,0,0,0,0,0,0,0,0,1,0,0,0,0
638,4,cn-server-capture,1,0,1,0,0,2,2,1,1,0,1,100,3,0.673,2295,1825,3070,1215,10,25.75,5,5,0.2,0.2,0.2,4700,0.24400002,0.07,0.01,1,2900,3000,4300,4000,3500,1.7854999,1.494,1000,1250,2295,3939.356,0.5,0,1.5,0.88,0,40,60,1.1,100,0,0,0,0,0,0,0.02,0.02,0.2,1.25,0,0,0,200,50,0,0,200,200,50,0,0,0,0,0,0,0,0,0,0,0,0,0,1,0,0,0,0
638,7,cn-server-capture,1,0,1,0,0,2,2,1,1,0,1,100,3,0.673,2295,1825,3070,1215,10,25.75,5,5,0.2,0.2,0.2,4700,0.24400002,0.07,0.01,3700,2900,3000,4300,4000,3500,1.7854999,1.494,1000,1250,2295,3939.356,0.5,0,1.5,0.88,0,40,60,1.1,100,0,0,0,0,0,0,0.02,0.02,0.2,1.25,0,0,0,200,50,0,0,200,200,50,0,0,0,0,0,0,0,0,0,0,0,0,0,1,0,0,0,0
639,4,cn-server-capture,1,0,1,0,0,2,2,1,1,0,1,100,3,0.672,2297,1825,2070,1415,10,24.55,5,5,0.2,0.2,0.2,3850,0.25300002,0.07,0.01,1,2930,3000,4300,4000,3500,1.6955,1.494,1000,1200,2297,3733.688,0.5,0,1.5,1,0,40,60,1.1,100,0,0,0,0,0,0,0.02,0.02,0.2,1.25,0,0,0,200,50,0,0,200,200,50,0,0,0,0,0,0,0,0,0,0,0,0,0,1,0,0,0,0
639,7,cn-server-capture,1,0,1,0,0,2,2,1,1,0,1,100,3,0.672,2297,1825,2070,1415,10,24.55,5,5,0.2,0.2,0.2,3850,0.25300002,0.07,0.01,3870,2930,3000,4300,4000,3500,1.6955,1.494,1000,1200,2297,3733.688,0.5,0,1.5,1,0,40,60,1.1,100,0,0,0,0,0,0,0.02,0.02,0.2,1.25,0,0,0,200,50,0,0,200,200,50,0,0,0,0,0,0,0,0,0,0,0,0,0,1,0,0,0,0
640,4,cn-server-capture,1,0,1,0,0,2,2,2,1,0,1,100,3,0.674,2302,1825,2070,1415,10,24.85,5,5,0.2,0.2,0.2,3700,0.24700001,0.07,0.01,1,2930,3000,4300,4000,3500,1.7255,1.494,1080,1000,3936.0186,2302,0,1,1.5,1,0,40,60,1.1,100,0,0,0,0,0,0,0.02,0.02,0.2,1.25,0,0,0,200,50,0,0,200,200,50,0,0,0,0,0,0,0,0,0,0,0,0,0,1,0,0,0,0
640,7,cn-server-capture,1,0,1,0,0,2,2,2,1,0,1,100,3,0.674,2302,1825,2070,1415,10,24.85,5,5,0.2,0.2,0.2,3700,0.24700001,0.07,0.01,3850,2930,3000,4300,4000,3500,1.7255,1.494,1080,1000,3936.0186,2302,0,1,1.5,1,0,40,60,1.1,100,0,0,0,0,0,0,0.02,0.02,0.2,1.25,0,0,0,200,50,0,0,200,200,50,0,0,0,0,0,0,0,0,0,0,0,0,0,1,0,0,0,0
643,4,cn-server-capture,1,0,1,0,0,2,2,1,1,0,1,100,3,0.672,2292,1825,2570,1415,10,25.75,5,5,0.2,0.2,0.2,4550,0.24900001,0.07,0.01,1,2700,3000,4000,4000,3500,1.7665,1.494,1000,1300,2292,3725.188,0.5,0,1.5,1.05,0,40,60,1.1,100,0,0,0,0,0,0,0.02,0.02,0.2,1.25,0,0,0,200,50,0,0,200,200,50,0,0,0,0,0,0,0,0,0,0,0,0,0,1,0,0,0,0
643,7,cn-server-capture,1,0,1,0,0,2,2,1,1,0,1,100,3,0.672,2292,1825,2570,1415,10,25.75,5,5,0.2,0.2,0.2,4550,0.24900001,0.07,0.01,2800,2700,3000,4000,4000,3500,1.7665,1.494,1000,1300,2292,3725.188,0.5,0,1.5,1.05,0,40,60,1.1,100,0,0,0,0,0,0,0.02,0.02,0.2,1.25,0,0,0,200,50,0,0,200,200,50,0,0,0,0,0,0,0,0,0,0,0,0,0,1,0,0,0,0
644,4,cn-server-capture,1,0,1,0,0,2,2,1,1,0,1,100,3,0.67,2295,1825,2770,1415,10,25.75,5,5,0.2,0.2,0.2,4500,0.24200001,0.07,0.01,1,2750,3000,4050,4000,3500,1.7674999,1.494,1000,1300,2295,3730.288,0.5,0,1.5,1,0,40,60,1.1,100,0,0,0,0,0,0,0.02,0.02,0.2,1.25,0,0,0,200,50,0,0,200,200,50,0,0,0,0,0,0,0,0,0,0,0,0,0,1,0,0,0,0
644,7,cn-server-capture,1,0,1,0,0,2,2,1,1,0,1,100,3,0.67,2295,1825,2770,1415,10,25.75,5,5,0.2,0.2,0.2,4500,0.24200001,0.07,0.01,3000,2750,3000,4050,4000,3500,1.7674999,1.494,1000,1300,2295,3730.288,0.5,0,1.5,1,0,40,60,1.1,100,0,0,0,0,0,0,0.02,0.02,0.2,1.25,0,0,0,200,50,0,0,200,200,50,0,0,0,0,0,0,0,0,0,0,0,0,0,1,0,0,0,0
651,4,cn-server-capture,1,0,1,0,0,2,2,1,1,0,1,100,3,0.67,2297,1825,2070,1415,10,24.75,5,5,0.2,0.2,0.2,3900,0.25300002,0.07,0.01,1,2930,3000,4300,4000,3500,1.7355,1.494,1000,1300,2297,3733.688,0.5,0,1.5,1,0,40,60,1.1,100,0,0,0,0,0,0,0.02,0.02,0.2,1.25,0,0,0,200,50,0,0,200,200,50,0,0,0,0,0,0,0,0,0,0,0,0,0,1,0,0,0,0
651,7,cn-server-capture,1,0,1,0,0,2,2,1,1,0,1,100,3,0.67,2297,1825,2070,1415,10,24.75,5,5,0.2,0.2,0.2,3900,0.25300002,0.07,0.01,3870,2930,3000,4300,4000,3500,1.7355,1.494,1000,1300,2297,3733.688,0.5,0,1.5,1,0,40,60,1.1,100,0,0,0,0,0,0,0.02,0.02,0.2,1.25,0,0,0,200,50,0,0,200,200,50,0,0,0,0,0,0,0,0,0,0,0,0,0,1,0,0,0,0
652,4,cn-server-capture,1,0,1,0,0,2,2,1,1,0,1,100,3,0.67,2297,1825,2070,1415,10,24.75,5,5,0.2,0.2,0.2,3900,0.25300002,0.07,0.01,1,2930,3000,4300,4000,3500,1.7355,1.494,1000,1300,2297,3733.688,0.5,0,1.5,1,0,40,60,1.1,100,0,0,0,0,0,0,0.02,0.02,0.2,1.25,0,0,0,200,50,0,0,200,200,50,0,0,0,0,0,0,0,0,0,0,0,0,0,1,0,0,0,0
652,7,cn-server-capture,1,0,1,0,0,2,2,1,1,0,1,100,3,0.67,2297,1825,2070,1415,10,24.75,5,5,0.2,0.2,0.2,3900,0.25300002,0.07,0.01,3870,2930,3000,4300,4000,3500,1.7355,1.494,1000,1300,2297,3733.688,0.5,0,1.5,1,0,40,60,1.1,100,0,0,0,0,0,0,0.02,0.02,0.2,1.25,0,0,0,200,50,0,0,200,200,50,0,0,0,0,0,0,0,0,0,0,0,0,0,1,0,0,0,0
653,4,cn-server-capture,1,0,1,0,0,2,2,1,1,0,1,100,3,0.67,2297,1825,2070,1415,10,24.75,5,5,0.2,0.2,0.2,3900,0.25300002,0.07,0.01,1,2930,3000,4300,4000,3500,1.7355,1.494,1000,1300,2297,3733.688,0.5,0,1.5,1,0,40,60,1.1,100,0,0,0,0,0,0,0.02,0.02,0.2,1.25,0,0,0,200,50,0,0,200,200,50,0,0,0,0,0,0,0,0,0,0,0,0,0,1,0,0,0,0
653,7,cn-server-capture,1,0,1,0,0,2,2,1,1,0,1,100,3,0.67,2297,1825,2070,1415,10,24.75,5,5,0.2,0.2,0.2,3900,0.25300002,0.07,0.01,3870,2930,3000,4300,4000,3500,1.7355,1.494,1000,1300,2297,3733.688,0.5,0,1.5,1,0,40,60,1.1,100,0,0,0,0,0,0,0.02,0.02,0.2,1.25,0,0,0,200,50,0,0,200,200,50,0,0,0,0,0,0,0,0,0,0,0,0,0,1,0,0,0,0
660,4,cn-server-capture,1,0,1,0,0,2,2,1,1,0,1,100,3,0.675,2297,1825,2070,1415,10,24.55,5,5,0.2,0.2,0.2,3800,0.25,0.07,0.01,1,2930,3000,4300,4000,3500,1.7255,1.494,1000,1300,2297,3733.688,0.5,0,1.5,1,0,40,60,1.1,100,0,0,0,0,0,0,0.02,0.02,0.2,1.25,0,0,0,200,50,0,0,200,200,50,0,0,0,0,0,0,0,0,0,0,0,0,0,1,0,0,0,0
660,7,cn-server-capture,1,0,1,0,0,2,2,1,1,0,1,100,3,0.675,2297,1825,2070,1415,10,24.55,5,5,0.2,0.2,0.2,3800,0.25,0.07,0.01,3870,2930,3000,4300,4000,3500,1.7255,1.494,1000,1300,2297,3733.688,0.5,0,1.5,1,0,40,60,1.1,100,0,0,0,0,0,0,0.02,0.02,0.2,1.25,0,0,0,200,50,0,0,200,200,50,0,0,0,0,0,0,0,0,0,0,0,0,0,1,0,0,0,0
661,4,cn-server-capture,1,0,1,0,0,2,2,1,1,0,1,100,3,0.675,2297,1825,2070,1415,10,24.55,5,5,0.2,0.2,0.2,3800,0.25,0.07,0.01,1,2930,3000,4300,4000,3500,1.7255,1.494,1000,1500,2297,3733.688,0.5,0,1.5,1,0,40,60,1.1,100,0,0,0,0,0,0,0.02,0.02,0.2,1.25,0,0,0,200,50,0,0,200,200,50,0,0,0,0,0,0,0,0,0,0,0,0,0,1,0,0,0,0
661,7,cn-server-capture,1,0,1,0,0,2,2,1,1,0,1,100,3,0.675,2297,1825,2070,1415,10,24.55,5,5,0.2,0.2,0.2,3800,0.25,0.07,0.01,3870,2930,3000,4300,4000,3500,1.7255,1.494,1000,1500,2297,3733.688,0.5,0,1.5,1,0,40,60,1.1,100,0,0,0,0,0,0,0.02,0.02,0.2,1.25,0,0,0,200,50,0,0,200,200,50,0,0,0,0,0,0,0,0,0,0,0,0,0,1,0,0,0,0
662,4,cn-server-capture,1,0,1,0,0,2,2,1,1,0,1,100,3,0.675,2297,1825,2070,1415,10,24.55,5,5,0.2,0.2,0.2,3800,0.25,0.07,0.01,1,2970,3000,4300,4000,3500,1.7255,1.494,1000,1300,2297,3733.688,0.5,0,1.5,1,0,40,60,1.1,100,0,0,0,0,0,0,0.02,0.02,0.2,1.25,0,0,0,200,50,0,0,200,200,50,0,0,0,0,0,0,0,0,0,0,0,0,0,1,0,0,0,0
662,7,cn-server-capture,1,0,1,0,0,2,2,1,1,0,1,100,3,0.675,2297,1825,2070,1415,10,24.55,5,5,0.2,0.2,0.2,3800,0.25,0.07,0.01,3870,2970,3000,4300,4000,3500,1.7255,1.494,1000,1300,2297,3733.688,0.5,0,1.5,1,0,40,60,1.1,100,0,0,0,0,0,0,0.02,0.02,0.2,1.25,0,0,0,200,50,0,0,200,200,50,0,0,0,0,0,0,0,0,0,0,0,0,0,1,0,0,0,0
663,4,cn-server-capture,1,0,1,0,0,2,2,1,1,0,1,100,3,0.675,2297,1825,2070,1415,10,24.55,5,5,0.2,0.2,0.2,3800,0.25,0.07,0.01,1,2930,3000,4300,4000,3500,1.7255,1.494,1000,1300,2297,3733.688,0.5,0,1.5,1,0,40,60,1.1,100,0,0,0,0,0,0,0.02,0.02,0.2,1.25,0,0,0,200,50,0,0,200,200,50,0,0,0,0,0,0,0,0,0,0,0,0,0,1,0,0,0,0
663,7,cn-server-capture,1,0,1,0,0,2,2,1,1,0,1,100,3,0.675,2297,1825,2070,1415,10,24.55,5,5,0.2,0.2,0.2,3800,0.25,0.07,0.01,3820,2930,3000,4300,4000,3500,1.7255,1.494,1000,1300,2297,3733.688,0.5,0,1.5,1,0,40,60,1.1,100,0,0,0,0,0,0,0.02,0.02,0.2,1.25,0,0,0,200,50,0,0,200,200,50,0,0,0,0,0,0,0,0,0,0,0,0,0,1,0,0,0,0
664,4,cn-server-capture,1,0,1,0,0,2,2,2,1,0,1,100,3,0.675,2297,1825,2070,1415,10,24.75,5,5,0.2,0.2,0.2,3800,0.25,0.07,0.01,1,2930,3000,4300,4000,3500,1.6955,1.494,1300,1000,3733.688,2297,0.5,1,1.5,1,0,40,60,1.1,100,0,0,0,0,0,0,0.02,0.02,0.2,1.25,0,0,0,200,50,0,0,200,200,50,0,0,0,0,0,0,0,0,0,0,0,0,0,1,0,0,0,0
664,7,cn-server-capture,1,0,1,0,0,2,2,2,1,0,1,100,3,0.675,2297,1825,2070,1415,10,24.75,5,5,0.2,0.2,0.2,3800,0.25,0.07,0.01,3870,2930,3000,4300,4000,3500,1.6955,1.494,1300,1000,3733.688,2297,0.5,1,1.5,1,0,40,60,1.1,100,0,0,0,0,0,0,0.02,0.02,0.2,1.25,0,0,0,200,50,0,0,200,200,50,0,0,0,0,0,0,0,0,0,0,0,0,0,1,0,0,0,0
665,4,cn-server-capture,1,0,1,0,0,2,2,2,1,0,1,100,3,0.675,2297,1825,2070,1415,10,24.75,5,5,0.2,0.2,0.2,3800,0.25,0.07,0.01,1,2930,3000,4300,4000,3500,1.6955,1.494,1300,1000,3733.688,2297,0.5,1,1.5,1,0,40,60,1.1,100,0,0,0,0,0,0,0.02,0.02,0.2,1.25,0,0,0,200,50,0,0,200,200,50,0,0,0,0,0,0,0,0,0,0,0,0,0,1,0,0,0,0
665,7,cn-server-capture,1,0,1,0,0,2,2,2,1,0,1,100,3,0.675,2297,1825,2070,1415,10,24.75,5,5,0.2,0.2,0.2,3800,0.25,0.07,0.01,3870,2930,3000,4300,4000,3500,1.6955,1.494,1300,1000,3733.688,2297,0.5,1,1.5,1,0,40,60,1.1,100,0,0,0,0,0,0,0.02,0.02,0.2,1.25,0,0,0,200,50,0,0,200,200,50,0,0,0,0,0,0,0,0,0,0,0,0,0,1,0,0,0,0
666,4,cn-server-capture,1,0,1,0,0,2,2,1,1,0,1,100,3,0.666,2305,1825,3070,1615,10,25.05,5,5,0.2,0.2,0.2,4400,0.255,0.07,0.01,1,3000,3000,4800,4000,3500,1.7854999,1.494,1000,1250,2305,3957.356,0.5,0,1.5,0.8,0,40,60,1.1,100,0,0,0,0,0,0,0.02,0.02,0.2,1.25,0,0,0,200,50,0,0,200,200,50,0,0,0,0,0,0,0,0,0,0,0,0,0,1,0,0,0,0
666,7,cn-server-capture,1,0,1,0,0,2,2,1,1,0,1,100,3,0.666,2305,1825,3070,1615,10,25.05,5,5,0.2,0.2,0.2,4400,0.255,0.07,0.01,3750,3000,3000,4800,4000,3500,1.7854999,1.494,1000,1250,2305,3957.356,0.5,0,1.5,0.8,0,40,60,1.1,100,0,0,0,0,0,0,0.02,0.02,0.2,1.25,0,0,0,200,50,0,0,200,200,50,0,0,0,0,0,0,0,0,0,0,0,0,0,1,0,0,0,0
667,4,cn-server-capture,1,0,1,0,0,2,2,1,1,0,1,100,3,0.666,2305,1825,3070,1615,10,25.05,5,5,0.2,0.2,0.2,4400,0.255,0.07,0.01,1,3000,3000,4800,4000,3500,1.7854999,1.494,1000,1250,2305,3957.356,0.5,0,1.5,0.8,0,40,60,1.1,100,0,0,0,0,0,0,0.02,0.02,0.2,1.25,0,0,0,200,50,0,0,200,200,50,0,0,0,0,0,0,0,0,0,0,0,0,0,1,0,0,0,0
667,7,cn-server-capture,1,0,1,0,0,2,2,1,1,0,1,100,3,0.666,2305,1825,3070,1615,10,25.05,5,5,0.2,0.2,0.2,4400,0.255,0.07,0.01,3750,3000,3000,4800,4000,3500,1.7854999,1.494,1000,1250,2305,3957.356,0.5,0,1.5,0.8,0,40,60,1.1,100,0,0,0,0,0,0,0.02,0.02,0.2,1.25,0,0,0,200,50,0,0,200,200,50,0,0,0,0,0,0,0,0,0,0,0,0,0,1,0,0,0,0
668,4,cn-server-capture,1,0,1,0,0,2,2,1,1,0,1,100,3,0.666,2305,1825,3070,1615,10,25.05,5,5,0.2,0.2,0.2,4400,0.255,0.07,0.01,1,3000,3000,4800,4000,3500,1.7854999,1.494,1000,1250,2305,3957.356,0.5,0,1.5,0.8,0,40,60,1.1,100,0,0,0,0,0,0,0.02,0.02,0.2,1.25,0,0,0,200,50,0,0,200,200,50,0,0,0,0,0,0,0,0,0,0,0,0,0,1,0,0,0,0
668,7,cn-server-capture,1,0,1,0,0,2,2,1,1,0,1,100,3,0.666,2305,1825,3070,1615,10,25.05,5,5,0.2,0.2,0.2,4400,0.255,0.07,0.01,3750,3000,3000,4800,4000,3500,1.7854999,1.494,1000,1250,2305,3957.356,0.5,0,1.5,0.8,0,40,60,1.1,100,0,0,0,0,0,0,0.02,0.02,0.2,1.25,0,0,0,200,50,0,0,200,200,50,0,0,0,0,0,0,0,0,0,0,0,0,0,1,0,0,0,0
669,4,cn-server-capture,1,0,1,0,0,2,2,1,1,0,1,100,3,0.666,2305,1825,3070,1615,10,25.05,5,5,0.2,0.2,0.2,4400,0.255,0.07,0.01,1,3070,3000,4800,4000,3500,1.7854999,1.494,1000,1450,2305,3957.356,0.5,0,1.5,0.8,0,40,60,1.1,100,0,0,0,0,0,0,0.02,0.02,0.2,1.25,0,0,0,200,50,0,0,200,200,50,0,0,0,0,0,0,0,0,0,0,0,0,0,1,0,0,0,0
669,7,cn-server-capture,1,0,1,0,0,2,2,1,1,0,1,100,3,0.666,2305,1825,3070,1615,10,25.05,5,5,0.2,0.2,0.2,4400,0.255,0.07,0.01,3690,3070,3000,4800,4000,3500,1.7854999,1.494,1000,1450,2305,3957.356,0.5,0,1.5,0.8,0,40,60,1.1,100,0,0,0,0,0,0,0.02,0.02,0.2,1.25,0,0,0,200,50,0,0,200,200,50,0,0,0,0,0,0,0,0,0,0,0,0,0,1,0,0,0,0
670,4,cn-server-capture,1,0,1,0,0,2,2,1,1,0,1,100,3,0.666,2305,1825,3070,1615,10,25.05,5,5,0.2,0.2,0.2,4400,0.255,0.07,0.01,1,3070,3000,4800,4000,3500,1.7854999,1.494,1000,1450,2305,3957.356,0.5,0,1.5,0.8,0,40,60,1.1,100,0,0,0,0,0,0,0.02,0.02,0.2,1.25,0,0,0,200,50,0,0,200,200,50,0,0,0,0,0,0,0,0,0,0,0,0,0,1,0,0,0,0
670,7,cn-server-capture,1,0,1,0,0,2,2,1,1,0,1,100,3,0.666,2305,1825,3070,1615,10,25.05,5,5,0.2,0.2,0.2,4400,0.255,0.07,0.01,3690,3070,3000,4800,4000,3500,1.7854999,1.494,1000,1450,2305,3957.356,0.5,0,1.5,0.8,0,40,60,1.1,100,0,0,0,0,0,0,0.02,0.02,0.2,1.25,0,0,0,200,50,0,0,200,200,50,0,0,0,0,0,0,0,0,0,0,0,0,0,1,0,0,0,0
671,4,cn-server-capture,1,0,1,0,0,2,2,1,1,0,1,100,3,0.666,2305,1825,3070,1615,10,25.05,5,5,0.2,0.2,0.2,4400,0.255,0.07,0.01,1,3070,3000,4800,4000,3500,1.7854999,1.494,1000,1450,2305,3957.356,0.5,0,1.5,0.8,0,40,60,1.1,100,0,0,0,0,0,0,0.02,0.02,0.2,1.25,0,0,0,200,50,0,0,200,200,50,0,0,0,0,0,0,0,0,0,0,0,0,0,1,0,0,0,0
671,7,cn-server-capture,1,0,1,0,0,2,2,1,1,0,1,100,3,0.666,2305,1825,3070,1615,10,25.05,5,5,0.2,0.2,0.2,4400,0.255,0.07,0.01,3690,3070,3000,4800,4000,3500,1.7854999,1.494,1000,1450,2305,3957.356,0.5,0,1.5,0.8,0,40,60,1.1,100,0,0,0,0,0,0,0.02,0.02,0.2,1.25,0,0,0,200,50,0,0,200,200,50,0,0,0,0,0,0,0,0,0,0,0,0,0,1,0,0,0,0
674,4,cn-server-capture,1,0,1,0,0,2,2,1,1,0,1,100,3,0.671,2299,1825,2070,1415,10,25.05,5,5,0.2,0.2,0.2,3900,0.255,0.07,0.01,1,2930,3000,4300,4000,3500,1.7365,1.494,1000,1200,2299,3737.088,0.5,0,1.5,1,0,40,60,1.1,100,0,0,0,0,0,0,0.02,0.02,0.2,1.25,0,0,0,200,50,0,0,200,200,50,0,0,0,0,0,0,0,0,0,0,0,0,0,1,0,0,0,0
674,7,cn-server-capture,1,0,1,0,0,2,2,1,1,0,1,100,3,0.671,2299,1825,2070,1415,10,25.05,5,5,0.2,0.2,0.2,3900,0.255,0.07,0.01,3870,2930,3000,4300,4000,3500,1.7365,1.494,1000,1200,2299,3737.088,0.5,0,1.5,1,0,40,60,1.1,100,0,0,0,0,0,0,0.02,0.02,0.2,1.25,0,0,0,200,50,0,0,200,200,50,0,0,0,0,0,0,0,0,0,0,0,0,0,1,0,0,0,0
675,4,cn-server-capture,1,0,1,0,0,2,2,2,1,0,1,100,3,0.673,2300,1825,2070,1415,10,25.05,5,5,0.2,0.2,0.2,3600,0.25,0.07,0.01,1,2930,3000,4300,4000,3500,1.7155,1.494,1300,1000,3738.788,2300,0,1,1.5,1,0,40,60,1.1,100,0,0,0,0,0,0,0.02,0.02,0.2,1.25,0,0,0,200,50,0,0,200,200,50,0,0,0,0,0,0,0,0,0,0,0,0,0,1,0,0,0,0
675,7,cn-server-capture,1,0,1,0,0,2,2,2,1,0,1,100,3,0.673,2300,1825,2070,1415,10,25.05,5,5,0.2,0.2,0.2,3600,0.25,0.07,0.01,3850,2930,3000,4300,4000,3500,1.7155,1.494,1300,1000,3738.788,2300,0,1,1.5,1,0,40,60,1.1,100,0,0,0,0,0,0,0.02,0.02,0.2,1.25,0,0,0,200,50,0,0,200,200,50,0,0,0,0,0,0,0,0,0,0,0,0,0,1,0,0,0,0
676,4,cn-server-capture,1,0,1,0,0,3,2,1,1,0,1,100,3,0.671,2303,1825,2070,1415,10,24.75,5,5,0.2,0.2,0.2,3900,0.252,0.07,0.01,1,3000,3000,4440,4000,3500,1.7405,1.494,1000,1300,2303,3743.9504,0.6,0,1.5,1,0,40,60,1.1,100,0,0,0,0,0,0,0.02,0.02,0.2,1.25,0,0,0,200,50,0,0,200,200,50,0,0,0,0,0,0,0,0,0,0,0,0,0,1,0,0,0,0
676,7,cn-server-capture,1,0,1,0,0,3,2,1,1,0,1,100,3,0.671,2303,1825,2070,1415,10,24.75,5,5,0.2,0.2,0.2,3900,0.252,0.07,0.01,3900,3000,3000,4440,4000,3500,1.7405,1.494,1000,1300,2303,3743.9504,0.6,0,1.5,1,0,40,60,1.1,100,0,0,0,0,0,0,0.02,0.02,0.2,1.25,0,0,0,200,50,0,0,200,200,50,0,0,0,0,0,0,0,0,0,0,0,0,0,1,0,0,0,0
682,4,cn-server-capture,1,0,1,0,0,2,2,1,1,0,1,100,3,0.674,2300,1825,3070,1215,10,24.95,5,5,0.2,0.2,0.2,4600,0.23400001,0.07,0.01,1,2930,3000,4300,4000,3500,1.7405,1.494,1000,1300,2300,3738.788,0.5,0,1.5,1,0,40,60,1.1,100,0,0,0,0,0,0,0.02,0.02,0.2,1.25,0,0,0,200,50,0,0,200,200,50,0,0,0,0,0,0,0,0,0,0,0,0,0,1,0,0,0,0
682,7,cn-server-capture,1,0,1,0,0,2,2,1,1,0,1,100,3,0.674,2300,1825,3070,1215,10,24.95,5,5,0.2,0.2,0.2,4600,0.23400001,0.07,0.01,3700,2930,3000,4300,4000,3500,1.7405,1.494,1000,1300,2300,3738.788,0.5,0,1.5,1,0,40,60,1.1,100,0,0,0,0,0,0,0.02,0.02,0.2,1.25,0,0,0,200,50,0,0,200,200,50,0,0,0,0,0,0,0,0,0,0,0,0,0,1,0,0,0,0
683,4,cn-server-capture,1,0,1,0,0,2,2,1,1,0,1,100,3,0.675,2300,1825,3070,1215,10,24.95,5,5,0.2,0.2,0.2,4600,0.23400001,0.07,0.01,1,2930,3000,4300,4000,3500,1.7335,1.494,1000,1300,2300,3738.788,0.5,0,1.5,1,0,40,60,1.1,100,0,0,0,0,0,0,0.02,0.02,0.2,1.25,0,0,0,200,50,0,0,200,200,50,0,0,0,0,0,0,0,0,0,0,0,0,0,1,0,0,0,0
683,7,cn-server-capture,1,0,1,0,0,2,2,1,1,0,1,100,3,0.675,2300,1825,3070,1215,10,24.95,5,5,0.2,0.2,0.2,4600,0.23400001,0.07,0.01,3700,2930,3000,4300,4000,3500,1.7335,1.494,1000,1300,2300,3738.788,0.5,0,1.5,1,0,40,60,1.1,100,0,0,0,0,0,0,0.02,0.02,0.2,1.25,0,0,0,200,50,0,0,200,200,50,0,0,0,0,0,0,0,0,0,0,0,0,0,1,0,0,0,0
684,4,cn-server-capture,1,0,1,0,0,2,2,1,1,0,1,100,3,0.671,2297,1825,3070,1215,10,25.75,5,5,0.2,0.2,0.2,4700,0.24400002,0.07,0.01,1,2970,3000,4300,4000,3500,1.8155,1.494,1000,1400,2297,3942.956,0.5,0,1.5,0.88,0,40,60,1.1,100,0,0,0,0,0,0,0.02,0.02,0.2,1.25,0,0,0,200,50,0,0,200,200,50,0,0,0,0,0,0,0,0,0,0,0,0,0,1,0,0,0,0
684,7,cn-server-capture,1,0,1,0,0,2,2,1,1,0,1,100,3,0.671,2297,1825,3070,1215,10,25.75,5,5,0.2,0.2,0.2,4700,0.24400002,0.07,0.01,3630,2970,3000,4300,4000,3500,1.8155,1.494,1000,1400,2297,3942.956,0.5,0,1.5,0.88,0,40,60,1.1,100,0,0,0,0,0,0,0.02,0.02,0.2,1.25,0,0,0,200,50,0,0,200,200,50,0,0,0,0,0,0,0,0,0,0,0,0,0,1,0,0,0,0
685,4,cn-server-capture,1,0,1,0,0,2,2,1,1,0,1,100,3,0.672,2296,1825,2070,1415,10,25.05,5,5,0.2,0.2,0.2,3960,0.25300002,0.07,0.01,1,2930,3000,4300,4000,3500,1.7455,1.494,1000,1300,2296,3731.988,0.65,0,1.5,1,0,40,60,1.1,100,0,0,0,0,0,0,0.02,0.02,0.2,1.25,0,0,0,200,50,0,0,200,200,50,0,0,0,0,0,0,0,0,0,0,0,0,0,1,0,0,0,0
685,7,cn-server-capture,1,0,1,0,0,2,2,1,1,0,1,100,3,0.672,2296,1825,2070,1415,10,25.05,5,5,0.2,0.2,0.2,3960,0.25300002,0.07,0.01,3870,2930,3000,4300,4000,3500,1.7455,1.494,1000,1300,2296,3731.988,0.65,0,1.5,1,0,40,60,1.1,100,0,0,0,0,0,0,0.02,0.02,0.2,1.25,0,0,0,200,50,0,0,200,200,50,0,0,0,0,0,0,0,0,0,0,0,0,0,1,0,0,0,0
686,4,cn-server-capture,1,0,1,0,0,2,2,1,1,0,1,100,3,0.674,2300,1825,3070,1215,10,24.95,5,5,0.2,0.2,0.2,4600,0.23400001,0.07,0.01,1,2930,3000,4300,4000,3500,1.7405,1.494,1000,1300,2300,3738.788,0.5,0,1.5,1,0,40,60,1.1,100,0,0,0,0,0,0,0.02,0.02,0.2,1.25,0,0,0,200,50,0,0,200,200,50,0,0,0,0,0,0,0,0,0,0,0,0,0,1,0,0,0,0
686,7,cn-server-capture,1,0,1,0,0,2,2,1,1,0,1,100,3,0.674,2300,1825,3070,1215,10,24.95,5,5,0.2,0.2,0.2,4600,0.23400001,0.07,0.01,3700,2930,3000,4300,4000,3500,1.7405,1.494,1000,1300,2300,3738.788,0.5,0,1.5,1,0,40,60,1.1,100,0,0,0,0,0,0,0.02,0.02,0.2,1.25,0,0,0,200,50,0,0,200,200,50,0,0,0,0,0,0,0,0,0,0,0,0,0,1,0,0,0,0
687,4,cn-server-capture,1,0,1,0,0,3,2,1,1,1,1,100,3,0.672,2295,1825,1870,215,10,25.15,5,5,0.2,0.2,0.2,4300,0.25800002,0.07,0.01,1,2800,3000,4000,4000,3500,1.7655,1.494,1000,1300,2295,3730.288,0.4,0,1.5,1,0,40,60,1.1,100,0,0,0,0,0,0,0.02,0.02,0.2,1.25,0,0,0,200,50,0,0,200,200,50,0,0,0,0,0,0,0,0,0,0,0,0,0,1,0,0,0,0
687,7,cn-server-capture,1,0,1,0,0,3,2,1,1,1,1,100,3,0.672,2295,1825,1870,215,10,25.15,5,5,0.2,0.2,0.2,4300,0.25800002,0.07,0.01,3000,2800,3000,4000,4000,3500,1.7655,1.494,1000,1300,2295,3730.288,0.4,0,1.5,1,0,40,60,1.1,100,0,0,0,0,0,0,0.02,0.02,0.2,1.25,0,0,0,200,50,0,0,200,200,50,0,0,0,0,0,0,0,0,0,0,0,0,0,1,0,0,0,0
688,4,cn-server-capture,1,0,1,0,0,2,2,1,1,0,1,100,3,0.674,2300,1825,3070,1215,10,24.95,5,5,0.2,0.2,0.2,4600,0.23400001,0.07,0.01,1,2930,3000,4300,4000,3500,1.7405,1.494,1000,1300,2300,3738.788,0.5,0,1.5,1,0,40,60,1.1,100,0,0,0,0,0,0,0.02,0.02,0.2,1.25,0,0,0,200,50,0,0,200,200,50,0,0,0,0,0,0,0,0,0,0,0,0,0,1,0,0,0,0
688,7,cn-server-capture,1,0,1,0,0,2,2,1,1,0,1,100,3,0.674,2300,1825,3070,1215,10,24.95,5,5,0.2,0.2,0.2,4600,0.23400001,0.07,0.01,3700,2930,3000,4300,4000,3500,1.7405,1.494,1000,1300,2300,3738.788,0.5,0,1.5,1,0,40,60,1.1,100,0,0,0,0,0,0,0.02,0.02,0.2,1.25,0,0,0,200,50,0,0,200,200,50,0,0,0,0,0,0,0,0,0,0,0,0,0,1,0,0,0,0
689,4,cn-server-capture,1,0,1,0,0,2,2,1,1,0,1,100,3,0.674,2300,1825,3070,1215,10,24.95,5,5,0.2,0.2,0.2,4600,0.23400001,0.07,0.01,1,2930,3000,4300,4000,3500,1.7405,1.494,1000,1300,2300,3738.788,0.5,0,1.5,1,0,40,60,1.1,100,0,0,0,0,0,0,0.02,0.02,0.2,1.25,0,0,0,200,50,0,0,200,200,50,0,0,0,0,0,0,0,0,0,0,0,0,0,1,0,0,0,0
689,7,cn-server-capture,1,0,1,0,0,2,2,1,1,0,1,100,3,0.674,2300,1825,3070,1215,10,24.95,5,5,0.2,0.2,0.2,4600,0.23400001,0.07,0.01,3700,2930,3000,4300,4000,3500,1.7405,1.494,1000,1300,2300,3738.788,0.5,0,1.5,1,0,40,60,1.1,100,0,0,0,0,0,0,0.02,0.02,0.2,1.25,0,0,0,200,50,0,0,200,200,50,0,0,0,0,0,0,0,0,0,0,0,0,0,1,0,0,0,0
690,4,cn-server-capture,1,0,1,0,0,2,2,2,0,0,1,100,3,0.675,2295,1825,2070,1415,10,25.55,5,5,0.2,0.2,0.2,3800,0.243,0.07,0.01,1,2900,3000,4300,4000,3500,1.7255,1.494,1300,1000,3730.288,2295,0,1,1.5,1,0,40,60,1.1,100,0,0,0,0,0,0,0.02,0.02,0.2,1.25,0,0,0,200,50,0,0,200,200,50,0,0,0,0,0,0,0,0,0,0,0,0,0,1,0,0,0,0
690,7,cn-server-capture,1,0,1,0,0,2,2,2,0,0,1,100,3,0.675,2295,1825,2070,1415,10,25.55,5,5,0.2,0.2,0.2,3800,0.243,0.07,0.01,3850,2900,3000,4300,4000,3500,1.7255,1.494,1300,1000,3730.288,2295,0,1,1.5,1,0,40,60,1.1,100,0,0,0,0,0,0,0.02,0.02,0.2,1.25,0,0,0,200,50,0,0,200,200,50,0,0,0,0,0,0,0,0,0,0,0,0,0,1,0,0,0,0
701,4,cn-server-capture,1,0,1,0,0,2,2,1,1,0,1,100,3,0.666,2305,1825,3070,1615,10,25.05,5,5,0.2,0.2,0.2,4400,0.255,0.07,0.01,1,3070,3000,4800,4000,3500,1.8155,1.494,1000,1400,2305,3957.356,0.6,0,1.5,0.8,0,40,60,1.1,100,0,0,0,0,0,0,0.02,0.02,0.2,1.25,0,0,0,200,50,0,0,200,200,50,0,0,0,0,0,0,0,0,0,0,0,0,0,1,0,0,0,0
701,7,cn-server-capture,1,0,1,0,0,2,2,1,1,0,1,100,3,0.666,2305,1825,3070,1615,10,25.05,5,5,0.2,0.2,0.2,4400,0.255,0.07,0.01,3680,3070,3000,4800,4000,3500,1.8155,1.494,1000,1400,2305,3957.356,0.6,0,1.5,0.8,0,40,60,1.1,100,0,0,0,0,0,0,0.02,0.02,0.2,1.25,0,0,0,200,50,0,0,200,200,50,0,0,0,0,0,0,0,0,0,0,0,0,0,1,0,0,0,0
702,4,cn-server-capture,1,0,1,0,0,2,2,1,1,0,1,100,3,0.672,2296,1825,2070,1415,10,25.05,5,5,0.2,0.2,0.2,4200,0.25300002,0.07,0.01,1,2930,3000,4300,4000,3500,1.7655,1.494,1000,1300,2296,3731.988,0.5,0,1.5,1,0,40,60,1.1,100,0,0,0,0,0,0,0.02,0.02,0.2,1.25,0,0,0,200,50,0,0,200,200,50,0,0,0,0,0,0,0,0,0,0,0,0,0,1,0,0,0,0
702,7,cn-server-capture,1,0,1,0,0,2,2,1,1,0,1,100,3,0.672,2296,1825,2070,1415,10,25.05,5,5,0.2,0.2,0.2,4200,0.25300002,0.07,0.01,3870,2930,3000,4300,4000,3500,1.7655,1.494,1000,1300,2296,3731.988,0.5,0,1.5,1,0,40,60,1.1,100,0,0,0,0,0,0,0.02,0.02,0.2,1.25,0,0,0,200,50,0,0,200,200,50,0,0,0,0,0,0,0,0,0,0,0,0,0,1,0,0,0,0
706,4,cn-server-capture,1,0,1,0,0,2,2,1,1,0,1,100,3,0.673,2310,1825,3070,1215,10,24.95,5,5,0.2,0.2,0.2,4600,0.252,0.07,0.01,1,2750,3000,4100,4000,3500,1.7854999,1.494,1000,1250,2310,3966.356,0.5,0,1.5,1.1,0,40,60,1.1,100,0,0,0,0,0,0,0.02,0.02,0.2,1.25,0,0,0,200,50,0,0,200,200,50,0,0,0,0,0,0,0,0,0,0,0,0,0,1,0,0,0,0
706,7,cn-server-capture,1,0,1,0,0,2,2,1,1,0,1,100,3,0.673,2310,1825,3070,1215,10,24.95,5,5,0.2,0.2,0.2,4600,0.252,0.07,0.01,3550,2750,3000,4100,4000,3500,1.7854999,1.494,1000,1250,2310,3966.356,0.5,0,1.5,1.1,0,40,60,1.1,100,0,0,0,0,0,0,0.02,0.02,0.2,1.25,0,0,0,200,50,0,0,200,200,50,0,0,0,0,0,0,0,0,0,0,0,0,0,1,0,0,0,0
712,4,cn-server-capture,1,0,1,0,0,2,2,1,1,0,1,100,3,0.673,2310,1825,3070,1215,10,24.95,5,5,0.2,0.2,0.2,4600,0.252,0.07,0.01,1,2820,3000,4100,4000,3500,1.8155,1.494,1000,1450,2310,3966.356,0.6,0,1.5,1.1,0,40,60,1.1,100,0,0,0,0,0,0,0.02,0.02,0.2,1.25,0,0,0,200,50,0,0,200,200,50,0,0,0,0,0,0,0,0,0,0,0,0,0,1,0,0,0,0
712,7,cn-server-capture,1,0,1,0,0,2,2,1,1,0,1,100,3,0.673,2310,1825,3070,1215,10,24.95,5,5,0.2,0.2,0.2,4600,0.252,0.07,0.01,3480,2820,3000,4100,4000,3500,1.8155,1.494,1000,1450,2310,3966.356,0.6,0,1.5,1.1,0,40,60,1.1,100,0,0,0,0,0,0,0.02,0.02,0.2,1.25,0,0,0,200,50,0,0,200,200,50,0,0,0,0,0,0,0,0,0,0,0,0,0,1,0,0,0,0
714,4,cn-server-capture,1,0,1,0,0,2,3,2,1,0,1,100,3,0.672,2295,1825,2070,1415,10,25.55,5,5,0.2,0.2,0.2,3800,0.24900001,0.07,0.01,1,2930,3000,4300,4000,3500,1.7055,1.494,1300,1000,3730.288,2295,0,1,1.5,1,0,40,60,1.1,100,0,0,0,0,0,0,0.02,0.02,0.2,1.25,0,0,0,200,50,0,0,200,200,50,0,0,0,0,0,0,0,0,0,0,0,0,0,1,0,0,0,0
714,7,cn-server-capture,1,0,1,0,0,2,3,2,1,0,1,100,3,0.672,2295,1825,2070,1415,10,25.55,5,5,0.2,0.2,0.2,3800,0.24900001,0.07,0.01,3850,2930,3000,4300,4000,3500,1.7055,1.494,1300,1000,3730.288,2295,0,1,1.5,1,0,40,60,1.1,100,0,0,0,0,0,0,0.02,0.02,0.2,1.25,0,0,0,200,50,0,0,200,200,50,0,0,0,0,0,0,0,0,0,0,0,0,0,1,0,0,0,0
715,4,cn-server-capture,1,0,1,0,0,2,2,1,1,0,1,100,3,0.67,2296,1825,2070,1415,10,24.8,5,5,0.2,0.2,0.2,3750,0.25300002,0.07,0.01,1,3200,3000,4800,4000,3500,1.7335,1.494,1000,2000,2296,3205.573,0.5,0,1.5,1,0,40,60,1.1,100,0,0,0,0,0,0,0.02,0.02,0.2,1.25,0,0,0,200,50,0,0,200,200,50,0,0,0,0,0,0,0,0,0,0,0,0,0,1,0,0,0,0
715,7,cn-server-capture,1,0,1,0,0,2,2,1,1,0,1,100,3,0.67,2296,1825,2070,1415,10,24.8,5,5,0.2,0.2,0.2,3750,0.25300002,0.07,0.01,3900,3200,3000,4800,4000,3500,1.7335,1.494,1000,2000,2296,3205.573,0.5,0,1.5,1,0,40,60,1.1,100,0,0,0,0,0,0,0.02,0.02,0.2,1.25,0,0,0,200,50,0,0,200,200,50,0,0,0,0,0,0,0,0,0,0,0,0,0,1,0,0,0,0
716,4,cn-server-capture,1,0,1,0,0,2,2,1,1,0,1,100,3,0.672,2297,1825,2070,1415,10,24.35,5,5,0.2,0.2,0.2,3850,0.257,0.07,0.01,1,2930,3000,4350,4000,3500,1.7335,1.494,1000,1300,2297,3693.003,0.5,0,1.5,1,0,40,60,1.1,100,0,0,0,0,0,0,0.02,0.02,0.2,1.25,0,0,0,200,50,0,0,200,200,50,0,0,0,0,0,0,0,0,0,0,0,0,0,1,0,0,0,0
716,7,cn-server-capture,1,0,1,0,0,2,2,1,1,0,1,100,3,0.672,2297,1825,2070,1415,10,24.35,5,5,0.2,0.2,0.2,3850,0.257,0.07,0.01,3840,2930,3000,4350,4000,3500,1.7335,1.494,1000,1300,2297,3693.003,0.5,0,1.5,1,0,40,60,1.1,100,0,0,0,0,0,0,0.02,0.02,0.2,1.25,0,0,0,200,50,0,0,200,200,50,0,0,0,0,0,0,0,0,0,0,0,0,0,1,0,0,0,0
717,4,cn-server-capture,1,0,1,0,0,2,2,1,1,0,1,100,3,0.672,2300,1825,2070,1415,10,24.9,5,5,0.2,0.2,0.2,3800,0.252,0.07,0.01,1,2930,3000,4300,4000,3500,1.7365,1.494,1000,1150,2300,4050.724,0.5,0,1.5,1,0,40,60,1.1,100,0,0,0,0,0,0,0.02,0.02,0.2,1.25,0,0,0,200,50,0,0,200,200,50,0,0,0,0,0,0,0,0,0,0,0,0,0,1,0,0,0,0
717,7,cn-server-capture,1,0,1,0,0,2,2,1,1,0,1,100,3,0.672,2300,1825,2070,1415,10,24.9,5,5,0.2,0.2,0.2,3800,0.252,0.07,0.01,3870,2930,3000,4300,4000,3500,1.7365,1.494,1000,1150,2300,4050.724,0.5,0,1.5,1,0,40,60,1.1,100,0,0,0,0,0,0,0.02,0.02,0.2,1.25,0,0,0,200,50,0,0,200,200,50,0,0,0,0,0,0,0,0,0,0,0,0,0,1,0,0,0,0
718,4,cn-server-capture,1,0,1,0,0,2,2,1,1,0,1,100,3,0.673,2310,1825,3070,1215,10,24.95,5,5,0.2,0.2,0.2,4600,0.252,0.07,0.01,1,2820,3000,4100,4000,3500,1.8155,1.494,1000,1450,2310,3966.356,0.6,0,1.5,1.1,0,40,60,1.1,100,0,0,0,0,0,0,0.02,0.02,0.2,1.25,0,0,0,200,50,0,0,200,200,50,0,0,0,0,0,0,0,0,0,0,0,0,0,1,0,0,0,0
718,7,cn-server-capture,1,0,1,0,0,2,2,1,1,0,1,100,3,0.673,2310,1825,3070,1215,10,24.95,5,5,0.2,0.2,0.2,4600,0.252,0.07,0.01,3480,2820,3000,4100,4000,3500,1.8155,1.494,1000,1450,2310,3966.356,0.6,0,1.5,1.1,0,40,60,1.1,100,0,0,0,0,0,0,0.02,0.02,0.2,1.25,0,0,0,200,50,0,0,200,200,50,0,0,0,0,0,0,0,0,0,0,0,0,0,1,0,0,0,0
721,4,cn-server-capture,1,0,1,0,0,2,2,1,1,0,1,100,3,0.669,2298,1825,2070,1415,10,24.95,5,5,0.2,0.2,0.2,4500,0.24800001,0.07,0.01,1,2950,3000,4400,4000,3500,1.8054999,1.494,1000,1300,2298,3735.388,0.6,0,1.5,1,0,40,60,1.1,100,0,0,0,0,0,0,0.02,0.02,0.2,1.25,0,0,0,200,50,0,0,200,200,50,0,0,0,0,0,0,0,0,0,0,0,0,0,1,0,0,0,0
721,7,cn-server-capture,1,0,1,0,0,2,2,1,1,0,1,100,3,0.669,2298,1825,2070,1415,10,24.95,5,5,0.2,0.2,0.2,4500,0.24800001,0.07,0.01,3860,2950,3000,4400,4000,3500,1.8054999,1.494,1000,1300,2298,3735.388,0.6,0,1.5,1,0,40,60,1.1,100,0,0,0,0,0,0,0.02,0.02,0.2,1.25,0,0,0,200,50,0,0,200,200,50,0,0,0,0,0,0,0,0,0,0,0,0,0,1,0,0,0,0
722,4,cn-server-capture,1,0,1,0,0,2,2,2,1,0,1,100,3,0.671,2295,1825,2070,1415,10,25.45,5,5,0.2,0.2,0.2,4100,0.24700001,0.07,0.01,1,2900,3000,4300,4000,3500,1.7105,1.494,1300,1000,3730.288,2295,0,1,1.5,1,0,40,60,1.1,100,0,0,0,0,0,0,0.02,0.02,0.2,1.25,0,0,0,200,50,0,0,200,200,50,0,0,0,0,0,0,0,0,0,0,0,0,0,1,0,0,0,0
722,7,cn-server-capture,1,0,1,0,0,2,2,2,1,0,1,100,3,0.671,2295,1825,2070,1415,10,25.45,5,5,0.2,0.2,0.2,4100,0.24700001,0.07,0.01,3850,2900,3000,4300,4000,3500,1.7105,1.494,1300,1000,3730.288,2295,0,1,1.5,1,0,40,60,1.1,100,0,0,0,0,0,0,0.02,0.02,0.2,1.25,0,0,0,200,50,0,0,200,200,50,0,0,0,0,0,0,0,0,0,0,0,0,0,1,0,0,0,0
723,4,cn-server-capture,1,0,1,0,0,2,2,1,1,0,1,100,3,0.671,2299,1825,2070,1415,10,24.55,5,5,0.2,0.2,0.2,4550,0.254,0.07,0.01,1,2950,3000,4400,4000,3500,1.8105,1.494,1000,1300,2299,3737.088,0.6,0,1.5,1,0,40,60,1.1,100,0,0,0,0,0,0,0.02,0.02,0.2,1.25,0,0,0,200,50,0,0,200,200,50,0,0,0,0,0,0,0,0,0,0,0,0,0,1,0,0,0,0
723,7,cn-server-capture,1,0,1,0,0,2,2,1,1,0,1,100,3,0.671,2299,1825,2070,1415,10,24.55,5,5,0.2,0.2,0.2,4550,0.254,0.07,0.01,3860,2950,3000,4400,4000,3500,1.8105,1.494,1000,1300,2299,3737.088,0.6,0,1.5,1,0,40,60,1.1,100,0,0,0,0,0,0,0.02,0.02,0.2,1.25,0,0,0,200,50,0,0,200,200,50,0,0,0,0,0,0,0,0,0,0,0,0,0,1,0,0,0,0
739,4,cn-server-capture,1,0,1,0,0,2,2,1,1,0,1,100,3,0.672,2310,1825,2070,1315,10,25,5,5,0.2,0.2,0.2,4400,0.25,0.07,0.01,1,2850,3000,4100,4000,3500,1.7875,1.494,1000,1300,2310,3966.356,0.5,0,1.5,1.2,0,40,60,1.1,100,0,0,0,0,0,0,0.02,0.02,0.2,1.25,0,0,0,200,50,0,0,200,200,50,0,0,0,0,0,0,0,0,0,0,0,0,0,1,0,0,0,0
739,7,cn-server-capture,1,0,1,0,0,2,2,1,1,0,1,100,3,0.672,2310,1825,2070,1315,10,25,5,5,0.2,0.2,0.2,4400,0.25,0.07,0.01,3600,2850,3000,4100,4000,3500,1.7875,1.494,1000,1300,2310,3966.356,0.5,0,1.5,1.2,0,40,60,1.1,100,0,0,0,0,0,0,0.02,0.02,0.2,1.25,0,0,0,200,50,0,0,200,200,50,0,0,0,0,0,0,0,0,0,0,0,0,0,1,0,0,0,0
743,4,cn-server-capture,1,0,1,0,0,2,2,1,1,0,1,100,3,0.671,2296,1825,2070,1415,10,24.95,5,5,0.2,0.2,0.2,4350,0.24900001,0.07,0.01,1,2950,3000,4400,4000,3500,1.7655,1.494,1000,1300,2296,3731.988,0.5,0,1.5,0.96,0,40,60,1.1,100,0,0,0,0,0,0,0.02,0.02,0.2,1.25,0,0,0,200,50,0,0,200,200,50,0,0,0,0,0,0,0,0,0,0,0,0,0,1,0,0,0,0
743,7,cn-server-capture,1,0,1,0,0,2,2,1,1,0,1,100,3,0.671,2296,1825,2070,1415,10,24.95,5,5,0.2,0.2,0.2,4350,0.24900001,0.07,0.01,3875,2950,3000,4400,4000,3500,1.7655,1.494,1000,1300,2296,3731.988,0.5,0,1.5,0.96,0,40,60,1.1,100,0,0,0,0,0,0,0.02,0.02,0.2,1.25,0,0,0,200,50,0,0,200,200,50,0,0,0,0,0,0,0,0,0,0,0,0,0,1,0,0,0,0
744,4,cn-server-capture,1,0,1,0,0,2,2,1,1,0,1,100,3,0.671,2296,1825,2070,1415,10,24.95,5,5,0.2,0.2,0.2,4350,0.24900001,0.07,0.01,1,2950,3000,4400,4000,3500,1.7655,1.494,1000,1300,2296,3731.988,0.5,0,1.5,0.96,0,40,60,1.1,100,0,0,0,0,0,0,0.02,0.02,0.2,1.25,0,0,0,200,50,0,0,200,200,50,0,0,0,0,0,0,0,0,0,0,0,0,0,1,0,0,0,0
744,7,cn-server-capture,1,0,1,0,0,2,2,1,1,0,1,100,3,0.671,2296,1825,2070,1415,10,24.95,5,5,0.2,0.2,0.2,4350,0.24900001,0.07,0.01,3875,2950,3000,4400,4000,3500,1.7655,1.494,1000,1300,2296,3731.988,0.5,0,1.5,0.96,0,40,60,1.1,100,0,0,0,0,0,0,0.02,0.02,0.2,1.25,0,0,0,200,50,0,0,200,200,50,0,0,0,0,0,0,0,0,0,0,0,0,0,1,0,0,0,0
745,4,cn-server-capture,1,0,1,0,0,2,2,1,1,0,1,100,3,0.671,2296,1825,2070,1415,10,24.95,5,5,0.2,0.2,0.2,4350,0.24900001,0.07,0.01,1,2950,3000,4400,4000,3500,1.7655,1.494,1000,1300,2296,3731.988,0.5,0,1.5,0.96,0,40,60,1.1,100,0,0,0,0,0,0,0.02,0.02,0.2,1.25,0,0,0,200,50,0,0,200,200,50,0,0,0,0,0,0,0,0,0,0,0,0,0,1,0,0,0,0
745,7,cn-server-capture,1,0,1,0,0,2,2,1,1,0,1,100,3,0.671,2296,1825,2070,1415,10,24.95,5,5,0.2,0.2,0.2,4350,0.24900001,0.07,0.01,3875,2950,3000,4400,4000,3500,1.7655,1.494,1000,1300,2296,3731.988,0.5,0,1.5,0.96,0,40,60,1.1,100,0,0,0,0,0,0,0.02,0.02,0.2,1.25,0,0,0,200,50,0,0,200,200,50,0,0,0,0,0,0,0,0,0,0,0,0,0,1,0,0,0,0
746,4,cn-server-capture,1,0,1,0,0,2,2,1,1,0,1,100,3,0.6705,2299,1825,2070,1415,10,25.05,5,5,0.2,0.2,0.2,4450,0.252,0.07,0.01,1,2950,3000,4400,4000,3500,1.7854999,1.494,1000,1300,2299,3737.088,0.6,0,1.5,0.95,0,40,60,1.1,100,0,0,0,0,0,0,0.02,0.02,0.2,1.25,0,0,0,200,50,0,0,200,200,50,0,0,0,0,0,0,0,0,0,0,0,0,0,1,0,0,0,0
746,7,cn-server-capture,1,0,1,0,0,2,2,1,1,0,1,100,3,0.6705,2299,1825,2070,1415,10,25.05,5,5,0.2,0.2,0.2,4450,0.252,0.07,0.01,3860,2950,3000,4400,4000,3500,1.7854999,1.494,1000,1300,2299,3737.088,0.6,0,1.5,0.95,0,40,60,1.1,100,0,0,0,0,0,0,0.02,0.02,0.2,1.25,0,0,0,200,50,0,0,200,200,50,0,0,0,0,0,0,0,0,0,0,0,0,0,1,0,0,0,0
747,4,cn-server-capture,1,0,1,0,0,2,3,2,1,0,1,100,3,0.672,2300,1825,2070,1415,10,25.45,5,5,0.2,0.2,0.2,4200,0.25100002,0.07,0.01,1,3000,3000,4500,4000,3500,1.7954999,1.494,1300,1000,3738.788,2300,0,1,1.5,1,0,40,60,1.1,100,0,0,0,0,0,0,0.02,0.02,0.2,1.25,0,0,0,200,50,0,0,200,200,50,0,0,0,0,0,0,0,0,0,0,0,0,0,1,0,0,0,0
747,7,cn-server-capture,1,0,1,0,0,2,3,2,1,0,1,100,3,0.672,2300,1825,2070,1415,10,25.45,5,5,0.2,0.2,0.2,4200,0.25100002,0.07,0.01,4300,3000,3000,4500,4000,3500,1.7954999,1.494,1300,1000,3738.788,2300,0,1,1.5,1,0,40,60,1.1,100,0,0,0,0,0,0,0.02,0.02,0.2,1.25,0,0,0,200,50,0,0,200,200,50,0,0,0,0,0,0,0,0,0,0,0,0,0,1,0,0,0,0
748,4,cn-server-capture,1,0,1,0,0,2,2,1,1,0,1,100,3,0.671,2298,1825,2070,1415,10,24.45,5,5,0.2,0.2,0.2,4500,0.252,0.07,0.01,1,2950,3000,4400,4000,3500,1.7875,1.494,1000,1300,2298,3735.388,0.6,0,1.5,1,0,40,60,1.1,100,0,0,0,0,0,0,0.02,0.02,0.2,1.25,0,0,0,200,50,0,0,200,200,50,0,0,0,0,0,0,0,0,0,0,0,0,0,1,0,0,0,0
748,7,cn-server-capture,1,0,1,0,0,2,2,1,1,0,1,100,3,0.671,2298,1825,2070,1415,10,24.45,5,5,0.2,0.2,0.2,4500,0.252,0.07,0.01,3860,2950,3000,4400,4000,3500,1.7875,1.494,1000,1300,2298,3735.388,0.6,0,1.5,1,0,40,60,1.1,100,0,0,0,0,0,0,0.02,0.02,0.2,1.25,0,0,0,200,50,0,0,200,200,50,0,0,0,0,0,0,0,0,0,0,0,0,0,1,0,0,0,0
749,4,cn-server-capture,1,0,1,0,0,2,2,1,1,0,1,100,3,0.669,2298,1825,2070,1415,10,24.65,5,5,0.2,0.2,0.2,4500,0.24800001,0.07,0.01,1,2950,3000,4400,4000,3500,1.8105,1.494,1000,1300,2298,3735.388,0.6,0,1.5,1,0,40,60,1.1,100,0,0,0,0,0,0,0.02,0.02,0.2,1.25,0,0,0,200,50,0,0,200,200,50,0,0,0,0,0,0,0,0,0,0,0,0,0,1,0,0,0,0
749,7,cn-server-capture,1,0,1,0,0,2,2,1,1,0,1,100,3,0.669,2298,1825,2070,1415,10,24.65,5,5,0.2,0.2,0.2,4500,0.24800001,0.07,0.01,3860,2950,3000,4400,4000,3500,1.8105,1.494,1000,1300,2298,3735.388,0.6,0,1.5,1,0,40,60,1.1,100,0,0,0,0,0,0,0.02,0.02,0.2,1.25,0,0,0,200,50,0,0,200,200,50,0,0,0,0,0,0,0,0,0,0,0,0,0,1,0,0,0,0
750,4,cn-server-capture,1,0,1,0,0,2,2,1,1,0,1,100,3,0.673,2310,1825,3070,1215,10,24.95,5,5,0.2,0.2,0.2,4600,0.252,0.07,0.01,1,2820,3000,4100,4000,3500,1.8155,1.494,1000,1450,2310,3966.356,0.6,0,1.5,1.1,0,40,60,1.1,100,0,0,0,0,0,0,0.02,0.02,0.2,1.25,0,0,0,200,50,0,0,200,200,50,0,0,0,0,0,0,0,0,0,0,0,0,0,1,0,0,0,0
750,7,cn-server-capture,1,0,1,0,0,2,2,1,1,0,1,100,3,0.673,2310,1825,3070,1215,10,24.95,5,5,0.2,0.2,0.2,4600,0.252,0.07,0.01,3480,2820,3000,4100,4000,3500,1.8155,1.494,1000,1450,2310,3966.356,0.6,0,1.5,1.1,0,40,60,1.1,100,0,0,0,0,0,0,0.02,0.02,0.2,1.25,0,0,0,200,50,0,0,200,200,50,0,0,0,0,0,0,0,0,0,0,0,0,0,1,0,0,0,0
752,4,cn-server-capture,1,0,1,0,0,2,2,1,1,0,1,100,3,0.672,2296,1825,3070,1215,10,25.75,5,5,0.2,0.2,0.2,4700,0.24400002,0.07,0.01,1,2950,3000,4300,4000,3500,1.8054999,1.494,1000,1250,2296,3941.156,0.5,0,1.5,0.88,0,40,60,1.1,100,0,0,0,0,0,0,0.02,0.02,0.2,1.25,0,0,0,200,50,0,0,200,200,50,0,0,0,0,0,0,0,0,0,0,0,0,0,1,0,0,0,0
752,7,cn-server-capture,1,0,1,0,0,2,2,1,1,0,1,100,3,0.672,2296,1825,3070,1215,10,25.75,5,5,0.2,0.2,0.2,4700,0.24400002,0.07,0.01,3670,2950,3000,4300,4000,3500,1.8054999,1.494,1000,1250,2296,3941.156,0.5,0,1.5,0.88,0,40,60,1.1,100,0,0,0,0,0,0,0.02,0.02,0.2,1.25,0,0,0,200,50,0,0,200,200,50,0,0,0,0,0,0,0,0,0,0,0,0,0,1,0,0,0,0
753,4,cn-server-capture,1,0,1,0,0,2,2,1,1,0,1,100,3,0.672,2296,1825,3070,1215,10,25.75,5,5,0.2,0.2,0.2,4700,0.24400002,0.07,0.01,1,2950,3000,4300,4000,3500,1.8054999,1.494,1000,1250,2296,3941.156,0.5,0,1.5,0.88,0,40,60,1.1,100,0,0,0,0,0,0,0.02,0.02,0.2,1.25,0,0,0,200,50,0,0,200,200,50,0,0,0,0,0,0,0,0,0,0,0,0,0,1,0,0,0,0
753,7,cn-server-capture,1,0,1,0,0,2,2,1,1,0,1,100,3,0.672,2296,1825,3070,1215,10,25.75,5,5,0.2,0.2,0.2,4700,0.24400002,0.07,0.01,3670,2950,3000,4300,4000,3500,1.8054999,1.494,1000,1250,2296,3941.156,0.5,0,1.5,0.88,0,40,60,1.1,100,0,0,0,0,0,0,0.02,0.02,0.2,1.25,0,0,0,200,50,0,0,200,200,50,0,0,0,0,0,0,0,0,0,0,0,0,0,1,0,0,0,0
754,4,cn-server-capture,1,0,1,0,0,2,2,1,1,0,1,100,3,0.672,2296,1825,3070,1215,10,25.75,5,5,0.2,0.2,0.2,4700,0.24400002,0.07,0.01,1,2950,3000,4300,4000,3500,1.8054999,1.494,1000,1250,2296,3941.156,0.5,0,1.5,0.88,0,40,60,1.1,100,0,0,0,0,0,0,0.02,0.02,0.2,1.25,0,0,0,200,50,0,0,200,200,50,0,0,0,0,0,0,0,0,0,0,0,0,0,1,0,0,0,0
754,7,cn-server-capture,1,0,1,0,0,2,2,1,1,0,1,100,3,0.672,2296,1825,3070,1215,10,25.75,5,5,0.2,0.2,0.2,4700,0.24400002,0.07,0.01,3670,2950,3000,4300,4000,3500,1.8054999,1.494,1000,1250,2296,3941.156,0.5,0,1.5,0.88,0,40,60,1.1,100,0,0,0,0,0,0,0.02,0.02,0.2,1.25,0,0,0,200,50,0,0,200,200,50,0,0,0,0,0,0,0,0,0,0,0,0,0,1,0,0,0,0
755,4,cn-server-capture,1,0,1,0,0,2,2,1,1,0,1,100,3,0.671,2299,1825,2070,1415,10,24.55,5,5,0.2,0.2,0.2,4500,0.25300002,0.07,0.01,1,2950,3000,4400,4000,3500,1.7885,1.494,1000,1300,2299,3737.088,0.7,0,1.5,1,0,40,60,1.1,100,0,0,0,0,0,0,0.02,0.02,0.2,1.25,0,0,0,200,50,0,0,200,200,50,0,0,0,0,0,0,0,0,0,0,0,0,0,1,0,0,0,0
755,7,cn-server-capture,1,0,1,0,0,2,2,1,1,0,1,100,3,0.671,2299,1825,2070,1415,10,24.55,5,5,0.2,0.2,0.2,4500,0.25300002,0.07,0.01,3850,2950,3000,4400,4000,3500,1.7885,1.494,1000,1300,2299,3737.088,0.7,0,1.5,1,0,40,60,1.1,100,0,0,0,0,0,0,0.02,0.02,0.2,1.25,0,0,0,200,50,0,0,200,200,50,0,0,0,0,0,0,0,0,0,0,0,0,0,1,0,0,0,0
756,4,cn-server-capture,1,0,1,0,0,2,3,2,1,0,1,100,3,0.671,2298,1825,2070,1415,10,25.45,5,5,0.2,0.2,0.2,4150,0.24900001,0.07,0.01,1,2900,3000,4300,4000,3500,1.7954999,1.494,1300,1000,3735.388,2298,0,1,1.5,1,0,40,60,1.1,100,0,0,0,0,0,0,0.02,0.02,0.2,1.25,0,0,0,200,50,0,0,200,200,50,0,0,0,0,0,0,0,0,0,0,0,0,0,1,0,0,0,0
756,7,cn-server-capture,1,0,1,0,0,2,3,2,1,0,1,100,3,0.671,2298,1825,2070,1415,10,25.45,5,5,0.2,0.2,0.2,4150,0.24900001,0.07,0.01,3850,2900,3000,4300,4000,3500,1.7954999,1.494,1300,1000,3735.388,2298,0,1,1.5,1,0,40,60,1.1,100,0,0,0,0,0,0,0.02,0.02,0.2,1.25,0,0,0,200,50,0,0,200,200,50,0,0,0,0,0,0,0,0,0,0,0,0,0,1,0,0,0,0
757,4,cn-server-capture,1,0,1,0,0,2,2,1,1,0,1,100,3,0.672,2294,1825,3070,1215,10,25.05,5,5,0.2,0.2,0.2,4700,0.245,0.07,0.01,1,2900,3000,4300,4000,3500,1.7875,1.494,1000,1250,2294,3937.556,0.5,0,1.5,0.87,0,40,60,1.1,100,0,0,0,0,0,0,0.02,0.02,0.2,1.25,0,0,0,200,50,0,0,200,200,50,0,0,0,0,0,0,0,0,0,0,0,0,0,1,0,0,0,0
757,7,cn-server-capture,1,0,1,0,0,2,2,1,1,0,1,100,3,0.672,2294,1825,3070,1215,10,25.05,5,5,0.2,0.2,0.2,4700,0.245,0.07,0.01,3700,2900,3000,4300,4000,3500,1.7875,1.494,1000,1250,2294,3937.556,0.5,0,1.5,0.87,0,40,60,1.1,100,0,0,0,0,0,0,0.02,0.02,0.2,1.25,0,0,0,200,50,0,0,200,200,50,0,0,0,0,0,0,0,0,0,0,0,0,0,1,0,0,0,0
758,4,cn-server-capture,1,0,1,0,0,2,2,1,1,0,1,100,3,0.67,2296,1825,3070,1215,10,25.05,5,5,0.2,0.2,0.2,4700,0.245,0.07,0.01,1,2970,3000,4300,4000,3500,1.8155,1.494,1000,1400,2296,3941.156,0.5,0,1.5,0.87,0,40,60,1.1,100,0,0,0,0,0,0,0.02,0.02,0.2,1.25,0,0,0,200,50,0,0,200,200,50,0,0,0,0,0,0,0,0,0,0,0,0,0,1,0,0,0,0
758,7,cn-server-capture,1,0,1,0,0,2,2,1,1,0,1,100,3,0.67,2296,1825,3070,1215,10,25.05,5,5,0.2,0.2,0.2,4700,0.245,0.07,0.01,3630,2970,3000,4300,4000,3500,1.8155,1.494,1000,1400,2296,3941.156,0.5,0,1.5,0.87,0,40,60,1.1,100,0,0,0,0,0,0,0.02,0.02,0.2,1.25,0,0,0,200,50,0,0,200,200,50,0,0,0,0,0,0,0,0,0,0,0,0,0,1,0,0,0,0
759,4,cn-server-capture,1,0,1,0,0,2,2,1,1,0,1,100,3,0.67,2296,1825,3070,1215,10,25.05,5,5,0.2,0.2,0.2,4700,0.245,0.07,0.01,1,2970,3000,4300,4000,3500,1.8155,1.494,1000,1400,2296,3941.156,0.5,0,1.5,0.87,0,40,60,1.1,100,0,0,0,0,0,0,0.02,0.02,0.2,1.25,0,0,0,200,50,0,0,200,200,50,0,0,0,0,0,0,0,0,0,0,0,0,0,1,0,0,0,0
759,7,cn-server-capture,1,0,1,0,0,2,2,1,1,0,1,100,3,0.67,2296,1825,3070,1215,10,25.05,5,5,0.2,0.2,0.2,4700,0.245,0.07,0.01,3630,2970,3000,4300,4000,3500,1.8155,1.494,1000,1400,2296,3941.156,0.5,0,1.5,0.87,0,40,60,1.1,100,0,0,0,0,0,0,0.02,0.02,0.2,1.25,0,0,0,200,50,0,0,200,200,50,0,0,0,0,0,0,0,0,0,0,0,0,0,1,0,0,0,0
760,4,cn-server-capture,1,0,1,0,0,2,2,1,1,0,1,100,3,0.67,2296,1825,3070,1215,10,25.05,5,5,0.2,0.2,0.2,4700,0.245,0.07,0.01,1,2970,3000,4300,4000,3500,1.8155,1.494,1000,1400,2296,3941.156,0.5,0,1.5,0.87,0,40,60,1.1,100,0,0,0,0,0,0,0.02,0.02,0.2,1.25,0,0,0,200,50,0,0,200,200,50,0,0,0,0,0,0,0,0,0,0,0,0,0,1,0,0,0,0
760,7,cn-server-capture,1,0,1,0,0,2,2,1,1,0,1,100,3,0.67,2296,1825,3070,1215,10,25.05,5,5,0.2,0.2,0.2,4700,0.245,0.07,0.01,3630,2970,3000,4300,4000,3500,1.8155,1.494,1000,1400,2296,3941.156,0.5,0,1.5,0.87,0,40,60,1.1,100,0,0,0,0,0,0,0.02,0.02,0.2,1.25,0,0,0,200,50,0,0,200,200,50,0,0,0,0,0,0,0,0,0,0,0,0,0,1,0,0,0,0
761,4,cn-server-capture,1,0,1,0,0,2,2,1,1,0,1,100,3,0.67,2296,1825,3070,1215,10,25.05,5,5,0.2,0.2,0.2,4700,0.245,0.07,0.01,1,2970,3000,4300,4000,3500,1.8155,1.494,1000,1400,2296,3941.156,0.5,0,1.5,0.87,0,40,60,1.1,100,0,0,0,0,0,0,0.02,0.02,0.2,1.25,0,0,0,200,50,0,0,200,200,50,0,0,0,0,0,0,0,0,0,0,0,0,0,1,0,0,0,0
761,7,cn-server-capture,1,0,1,0,0,2,2,1,1,0,1,100,3,0.67,2296,1825,3070,1215,10,25.05,5,5,0.2,0.2,0.2,4700,0.245,0.07,0.01,3630,2970,3000,4300,4000,3500,1.8155,1.494,1000,1400,2296,3941.156,0.5,0,1.5,0.87,0,40,60,1.1,100,0,0,0,0,0,0,0.02,0.02,0.2,1.25,0,0,0,200,50,0,0,200,200,50,0,0,0,0,0,0,0,0,0,0,0,0,0,1,0,0,0,0
762,4,cn-server-capture,1,0,1,0,0,2,2,1,1,0,1,100,3,0.67,2296,1825,3070,1215,10,25.05,5,5,0.2,0.2,0.2,4700,0.245,0.07,0.01,1,2970,3000,4300,4000,3500,1.8155,1.494,1000,1400,2296,3941.156,0.5,0,1.5,0.87,0,40,60,1.1,100,0,0,0,0,0,0,0.02,0.02,0.2,1.25,0,0,0,200,50,0,0,200,200,50,0,0,0,0,0,0,0,0,0,0,0,0,0,1,0,0,0,0
762,7,cn-server-capture,1,0,1,0,0,2,2,1,1,0,1,100,3,0.67,2296,1825,3070,1215,10,25.05,5,5,0.2,0.2,0.2,4700,0.245,0.07,0.01,3630,2970,3000,4300,4000,3500,1.8155,1.494,1000,1400,2296,3941.156,0.5,0,1.5,0.87,0,40,60,1.1,100,0,0,0,0,0,0,0.02,0.02,0.2,1.25,0,0,0,200,50,0,0,200,200,50,0,0,0,0,0,0,0,0,0,0,0,0,0,1,0,0,0,0
763,4,cn-server-capture,1,0,1,0,0,2,3,2,1,0,1,100,3,0.67,2298,1825,2070,1415,10,25.05,5,5,0.2,0.2,0.2,3800,0.24700001,0.07,0.01,1,3000,3000,4500,4000,3500,1.7255,1.494,1200,1000,3735.388,2298,0,1,1.5,1,0,40,60,1.1,100,0,0,0,0,0,0,0.02,0.02,0.2,1.25,0,0,0,200,50,0,0,200,200,50,0,0,0,0,0,0,0,0,0,0,0,0,0,1,0,0,0,0
763,7,cn-server-capture,1,0,1,0,0,2,3,2,1,0,1,100,3,0.67,2298,1825,2070,1415,10,25.05,5,5,0.2,0.2,0.2,3800,0.24700001,0.07,0.01,4300,3000,3000,4500,4000,3500,1.7255,1.494,1200,1000,3735.388,2298,0,1,1.5,1,0,40,60,1.1,100,0,0,0,0,0,0,0.02,0.02,0.2,1.25,0,0,0,200,50,0,0,200,200,50,0,0,0,0,0,0,0,0,0,0,0,0,0,1,0,0,0,0
764,4,cn-server-capture,1,0,1,0,0,2,2,1,1,0,1,100,3,0.67,2295,1825,2070,1415,10,24.55,5,5,0.2,0.2,0.2,3900,0.25,0.07,0.01,1,3400,3000,5100,4000,3500,1.7904999,1.494,1000,1600,2295,3730.288,0.5,0,1.5,1,0,40,60,1.1,100,0,0,0,0,0,0,0.02,0.02,0.2,1.25,0,0,0,200,50,0,0,200,200,50,0,0,0,0,0,0,0,0,0,0,0,0,0,1,0,0,0,0
764,7,cn-server-capture,1,0,1,0,0,2,2,1,1,0,1,100,3,0.67,2295,1825,2070,1415,10,24.55,5,5,0.2,0.2,0.2,3900,0.25,0.07,0.01,3700,3400,3000,5100,4000,3500,1.7904999,1.494,1000,1600,2295,3730.288,0.5,0,1.5,1,0,40,60,1.1,100,0,0,0,0,0,0,0.02,0.02,0.2,1.25,0,0,0,200,50,0,0,200,200,50,0,0,0,0,0,0,0,0,0,0,0,0,0,1,0,0,0,0
765,4,cn-server-capture,1,0,1,0,0,2,2,1,1,0,1,100,3,0.673,2295,1825,3070,1215,10,25.75,5,5,0.2,0.2,0.2,4600,0.24400002,0.07,0.01,1,2900,3000,4300,4000,3500,1.7835,1.494,1000,1250,2295,3939.356,0.5,0,1.5,0.88,0,40,60,1.1,100,0,0,0,0,0,0,0.02,0.02,0.2,1.25,0,0,0,200,50,0,0,200,200,50,0,0,0,0,0,0,0,0,0,0,0,0,0,1,0,0,0,0
765,7,cn-server-capture,1,0,1,0,0,2,2,1,1,0,1,100,3,0.673,2295,1825,3070,1215,10,25.75,5,5,0.2,0.2,0.2,4600,0.24400002,0.07,0.01,3700,2900,3000,4300,4000,3500,1.7835,1.494,1000,1250,2295,3939.356,0.5,0,1.5,0.88,0,40,60,1.1,100,0,0,0,0,0,0,0.02,0.02,0.2,1.25,0,0,0,200,50,0,0,200,200,50,0,0,0,0,0,0,0,0,0,0,0,0,0,1,0,0,0,0
767,4,cn-server-capture,1,0,1,0,0,2,2,1,1,0,1,100,3,0.671,2297,1825,3070,1215,10,25.75,5,5,0.2,0.2,0.2,4700,0.24400002,0.07,0.01,1,2970,3000,4300,4000,3500,1.8155,1.494,1000,1400,2297,3942.956,0.5,0,1.5,0.88,0,40,60,1.1,100,0,0,0,0,0,0,0.02,0.02,0.2,1.25,0,0,0,200,50,0,0,200,200,50,0,0,0,0,0,0,0,0,0,0,0,0,0,1,0,0,0,0
767,7,cn-server-capture,1,0,1,0,0,2,2,1,1,0,1,100,3,0.671,2297,1825,3070,1215,10,25.75,5,5,0.2,0.2,0.2,4700,0.24400002,0.07,0.01,3630,2970,3000,4300,4000,3500,1.8155,1.494,1000,1400,2297,3942.956,0.5,0,1.5,0.88,0,40,60,1.1,100,0,0,0,0,0,0,0.02,0.02,0.2,1.25,0,0,0,200,50,0,0,200,200,50,0,0,0,0,0,0,0,0,0,0,0,0,0,1,0,0,0,0
768,4,cn-server-capture,1,0,1,0,0,2,2,1,1,0,1,100,3,0.671,2297,1825,3070,1215,10,25.75,5,5,0.2,0.2,0.2,4700,0.24400002,0.07,0.01,1,2970,3000,4300,4000,3500,1.8155,1.494,1000,1400,2297,3942.956,0.5,0,1.5,0.88,0,40,60,1.1,100,0,0,0,0,0,0,0.02,0.02,0.2,1.25,0,0,0,200,50,0,0,200,200,50,0,0,0,0,0,0,0,0,0,0,0,0,0,1,0,0,0,0
768,7,cn-server-capture,1,0,1,0,0,2,2,1,1,0,1,100,3,0.671,2297,1825,3070,1215,10,25.75,5,5,0.2,0.2,0.2,4700,0.24400002,0.07,0.01,3630,2970,3000,4300,4000,3500,1.8155,1.494,1000,1400,2297,3942.956,0.5,0,1.5,0.88,0,40,60,1.1,100,0,0,0,0,0,0,0.02,0.02,0.2,1.25,0,0,0,200,50,0,0,200,200,50,0,0,0,0,0,0,0,0,0,0,0,0,0,1,0,0,0,0
769,4,cn-server-capture,1,0,1,0,0,2,2,2,0,0,1,100,3,0.673,2295,1825,2070,1415,10,25.55,5,5,0.2,0.2,0.2,4100,0.24700001,0.07,0.01,1,2900,3000,4300,4000,3500,1.7105,1.494,1300,1000,3730.288,2295,0,1,1.5,1,0,40,60,1.1,100,0,0,0,0,0,0,0.02,0.02,0.2,1.25,0,0,0,200,50,0,0,200,200,50,0,0,0,0,0,0,0,0,0,0,0,0,0,1,0,0,0,0
769,7,cn-server-capture,1,0,1,0,0,2,2,2,0,0,1,100,3,0.673,2295,1825,2070,1415,10,25.55,5,5,0.2,0.2,0.2,4100,0.24700001,0.07,0.01,3850,2900,3000,4300,4000,3500,1.7105,1.494,1300,1000,3730.288,2295,0,1,1.5,1,0,40,60,1.1,100,0,0,0,0,0,0,0.02,0.02,0.2,1.25,0,0,0,200,50,0,0,200,200,50,0,0,0,0,0,0,0,0,0,0,0,0,0,1,0,0,0,0
770,4,cn-server-capture,1,0,1,0,0,2,2,1,1,0,1,100,3,0.67149997,2296,1825,3070,1215,10,25.55,5,5,0.2,0.2,0.2,4660,0.24700001,0.07,0.01,1,2970,3000,4300,4000,3500,1.7954999,1.494,1000,1300,2296,4581.276,0.5,0,1.5,0.88,0,40,60,1.1,100,0,0,0,0,0,0,0.02,0.02,0.2,1.25,0,0,0,200,50,0,0,200,200,50,0,0,0,0,0,0,0,0,0,0,0,0,0,1,0,0,0,0
770,7,cn-server-capture,1,0,1,0,0,2,2,1,1,0,1,100,3,0.67149997,2296,1825,3070,1215,10,25.55,5,5,0.2,0.2,0.2,4660,0.24700001,0.07,0.01,3630,2970,3000,4300,4000,3500,1.7954999,1.494,1000,1300,2296,4581.276,0.5,0,1.5,0.88,0,40,60,1.1,100,0,0,0,0,0,0,0.02,0.02,0.2,1.25,0,0,0,200,50,0,0,200,200,50,0,0,0,0,0,0,0,0,0,0,0,0,0,1,0,0,0,0
771,4,cn-server-capture,1,0,1,0,0,2,2,1,1,0,1,100,3,0.67,2296,1825,3070,1215,10,25.55,5,5,0.2,0.2,0.2,4700,0.24700001,0.07,0.01,1,2900,3000,4300,4000,3500,1.7954999,1.494,1000,1400,2296,3941.156,0.5,0,1.5,0.88,0,40,60,1.1,100,0,0,0,0,0,0,0.02,0.02,0.2,1.25,0,0,0,200,50,0,0,200,200,50,0,0,0,0,0,0,0,0,0,0,0,0,0,1,0,0,0,0
771,7,cn-server-capture,1,0,1,0,0,2,2,1,1,0,1,100,3,0.67,2296,1825,3070,1215,10,25.55,5,5,0.2,0.2,0.2,4700,0.24700001,0.07,0.01,3700,2900,3000,4300,4000,3500,1.7954999,1.494,1000,1400,2296,3941.156,0.5,0,1.5,0.88,0,40,60,1.1,100,0,0,0,0,0,0,0.02,0.02,0.2,1.25,0,0,0,200,50,0,0,200,200,50,0,0,0,0,0,0,0,0,0,0,0,0,0,1,0,0,0,0
772,4,cn-server-capture,1,0,1,0,0,2,2,2,0,0,1,100,3,0.671,2296,1825,2070,1415,10,25.55,5,5,0.2,0.2,0.2,4100,0.24700001,0.07,0.01,1,2900,3000,4300,4000,3500,1.7255,1.494,1250,1000,3941.156,2296,0,1,1.5,1,0,40,60,1.1,100,0,0,0,0,0,0,0.02,0.02,0.2,1.25,0,0,0,200,50,0,0,200,200,50,0,0,0,0,0,0,0,0,0,0,0,0,0,1,0,0,0,0
772,7,cn-server-capture,1,0,1,0,0,2,2,2,0,0,1,100,3,0.671,2296,1825,2070,1415,10,25.55,5,5,0.2,0.2,0.2,4100,0.24700001,0.07,0.01,3850,2900,3000,4300,4000,3500,1.7255,1.494,1250,1000,3941.156,2296,0,1,1.5,1,0,40,60,1.1,100,0,0,0,0,0,0,0.02,0.02,0.2,1.25,0,0,0,200,50,0,0,200,200,50,0,0,0,0,0,0,0,0,0,0,0,0,0,1,0,0,0,0
773,4,cn-server-capture,1,0,1,0,0,2,2,2,0,0,1,100,3,0.672,2298,1825,2070,1415,10,25.55,5,5,0.2,0.2,0.2,4100,0.24700001,0.07,0.01,1,2900,3000,4300,4000,3500,1.7255,1.494,1250,1000,3944.756,2298,0,1,1.5,1,0,40,60,1.1,100,0,0,0,0,0,0,0.02,0.02,0.2,1.25,0,0,0,200,50,0,0,200,200,50,0,0,0,0,0,0,0,0,0,0,0,0,0,1,0,0,0,0
773,7,cn-server-capture,1,0,1,0,0,2,2,2,0,0,1,100,3,0.672,2298,1825,2070,1415,10,25.55,5,5,0.2,0.2,0.2,4100,0.24700001,0.07,0.01,3850,2900,3000,4300,4000,3500,1.7255,1.494,1250,1000,3944.756,2298,0,1,1.5,1,0,40,60,1.1,100,0,0,0,0,0,0,0.02,0.02,0.2,1.25,0,0,0,200,50,0,0,200,200,50,0,0,0,0,0,0,0,0,0,0,0,0,0,1,0,0,0,0
774,4,cn-server-capture,1,0,1,0,0,2,3,2,0,0,1,100,3,0.671,2298,1825,2070,1415,10,25.55,5,5,0.2,0.2,0.2,4300,0.24700001,0.07,0.01,1,2900,3000,4300,4000,3500,1.7255,1.494,1200,1000,4585.476,2298,0,1,1.5,1,0,40,60,1.1,100,0,0,0,0,0,0,0.02,0.02,0.2,1.25,0,0,0,200,50,0,0,200,200,50,0,0,0,0,0,0,0,0,0,0,0,0,0,1,0,0,0,0
774,7,cn-server-capture,1,0,1,0,0,2,3,2,0,0,1,100,3,0.671,2298,1825,2070,1415,10,25.55,5,5,0.2,0.2,0.2,4300,0.24700001,0.07,0.01,3850,2900,3000,4300,4000,3500,1.7255,1.494,1200,1000,4585.476,2298,0,1,1.5,1,0,40,60,1.1,100,0,0,0,0,0,0,0.02,0.02,0.2,1.25,0,0,0,200,50,0,0,200,200,50,0,0,0,0,0,0,0,0,0,0,0,0,0,1,0,0,0,0
781,4,cn-server-capture,1,0,1,0,0,2,2,2,0,0,1,100,3,0.672,2295,1825,2070,1415,10,25.25,5,5,0.2,0.2,0.2,4100,0.24700001,0.07,0.01,1,2900,3000,4300,4000,3500,1.7105,1.494,1300,1000,3730.288,2295,0,1,1.5,1,0,40,60,1.1,100,0,0,0,0,0,0,0.02,0.02,0.2,1.25,0,0,0,200,50,0,0,200,200,50,0,0,0,0,0,0,0,0,0,0,0,0,0,1,0,0,0,0
781,7,cn-server-capture,1,0,1,0,0,2,2,2,0,0,1,100,3,0.672,2295,1825,2070,1415,10,25.25,5,5,0.2,0.2,0.2,4100,0.24700001,0.07,0.01,3850,2900,3000,4300,4000,3500,1.7105,1.494,1300,1000,3730.288,2295,0,1,1.5,1,0,40,60,1.1,100,0,0,0,0,0,0,0.02,0.02,0.2,1.25,0,0,0,200,50,0,0,200,200,50,0,0,0,0,0,0,0,0,0,0,0,0,0,1,0,0,0,0
782,4,cn-server-capture,1,0,1,0,0,2,2,1,1,0,1,100,3,0.673,2298,1825,3070,1615,10,24.98,5,5,0.2,0.2,0.2,4700,0.245,0.07,0.01,1,2900,3000,4300,4000,3500,1.7865,1.494,1000,1250,2298,3944.756,0.5,0,1.5,0.88,0,40,60,1.1,100,0,0,0,0,0,0,0.02,0.02,0.2,1.25,0,0,0,200,50,0,0,200,200,50,0,0,0,0,0,0,0,0,0,0,0,0,0,1,0,0,0,0
782,7,cn-server-capture,1,0,1,0,0,2,2,1,1,0,1,100,3,0.673,2298,1825,3070,1615,10,24.98,5,5,0.2,0.2,0.2,4700,0.245,0.07,0.01,3700,2900,3000,4300,4000,3500,1.7865,1.494,1000,1250,2298,3944.756,0.5,0,1.5,0.88,0,40,60,1.1,100,0,0,0,0,0,0,0.02,0.02,0.2,1.25,0,0,0,200,50,0,0,200,200,50,0,0,0,0,0,0,0,0,0,0,0,0,0,1,0,0,0,0
783,4,cn-server-capture,1,0,1,0,0,2,2,1,1,0,1,100,3,0.671,2297,1825,3070,1215,10,25.75,5,5,0.2,0.2,0.2,4700,0.24400002,0.07,0.01,1,2970,3000,4300,4000,3500,1.8155,1.494,1000,1400,2297,3942.956,0.5,0,1.5,0.88,0,40,60,1.1,100,0,0,0,0,0,0,0.02,0.02,0.2,1.25,0,0,0,200,50,0,0,200,200,50,0,0,0,0,0,0,0,0,0,0,0,0,0,1,0,0,0,0
783,7,cn-server-capture,1,0,1,0,0,2,2,1,1,0,1,100,3,0.671,2297,1825,3070,1215,10,25.75,5,5,0.2,0.2,0.2,4700,0.24400002,0.07,0.01,3630,2970,3000,4300,4000,3500,1.8155,1.494,1000,1400,2297,3942.956,0.5,0,1.5,0.88,0,40,60,1.1,100,0,0,0,0,0,0,0.02,0.02,0.2,1.25,0,0,0,200,50,0,0,200,200,50,0,0,0,0,0,0,0,0,0,0,0,0,0,1,0,0,0,0
784,4,cn-server-capture,1,0,1,0,0,2,3,2,1,0,1,100,3,0.672,2300,1825,2070,1415,10,25.05,5,5,0.2,0.2,0.2,3800,0.25,0.07,0.01,1,2930,3000,4300,4000,3500,1.7105,1.494,1300,1000,3738.788,2300,0,1,1.5,1,0,40,60,1.1,100,0,0,0,0,0,0,0.02,0.02,0.2,1.25,0,0,0,200,50,0,0,200,200,50,0,0,0,0,0,0,0,0,0,0,0,0,0,1,0,0,0,0
784,7,cn-server-capture,1,0,1,0,0,2,3,2,1,0,1,100,3,0.672,2300,1825,2070,1415,10,25.05,5,5,0.2,0.2,0.2,3800,0.25,0.07,0.01,3850,2930,3000,4300,4000,3500,1.7105,1.494,1300,1000,3738.788,2300,0,1,1.5,1,0,40,60,1.1,100,0,0,0,0,0,0,0.02,0.02,0.2,1.25,0,0,0,200,50,0,0,200,200,50,0,0,0,0,0,0,0,0,0,0,0,0,0,1,0,0,0,0
785,4,cn-server-capture,1,0,1,0,0,3,2,1,1,0,1,100,3,0.667,2300,1825,3070,1215,10,24.65,5,5,0.2,0.2,0.2,4600,0.25,0.07,0.01,1,2970,3000,4300,4000,3500,1.8155,1.494,1000,1400,2300,3948.356,0.5,0,1.5,0.88,0,40,60,1.1,100,0,0,0,0,0,0,0.02,0.02,0.2,1.25,0,0,0,200,50,0,0,200,200,50,0,0,0,0,0,0,0,0,0,0,0,0,0,1,0,0,0,0
785,7,cn-server-capture,1,0,1,0,0,3,2,1,1,0,1,100,3,0.667,2300,1825,3070,1215,10,24.65,5,5,0.2,0.2,0.2,4600,0.25,0.07,0.01,3630,2970,3000,4300,4000,3500,1.8155,1.494,1000,1400,2300,3948.356,0.5,0,1.5,0.88,0,40,60,1.1,100,0,0,0,0,0,0,0.02,0.02,0.2,1.25,0,0,0,200,50,0,0,200,200,50,0,0,0,0,0,0,0,0,0,0,0,0,0,1,0,0,0,0
787,4,cn-server-capture,1,0,1,0,0,2,2,1,1,0,1,100,3,0.67,2295,1825,2070,1415,10,24.55,5,5,0.2,0.2,0.2,3900,0.25,0.07,0.01,1,3400,3000,5100,4000,3500,1.8054999,1.494,1000,1600,2295,3730.288,0.6,0,1.5,1,0,40,60,1.1,100,0,0,0,0,0,0,0.02,0.02,0.2,1.25,0,0,0,200,50,0,0,200,200,50,0,0,0,0,0,0,0,0,0,0,0,0,0,1,0,0,0,0
787,7,cn-server-capture,1,0,1,0,0,2,2,1,1,0,1,100,3,0.67,2295,1825,2070,1415,10,24.55,5,5,0.2,0.2,0.2,3900,0.25,0.07,0.01,3700,3400,3000,5100,4000,3500,1.8054999,1.494,1000,1600,2295,3730.288,0.6,0,1.5,1,0,40,60,1.1,100,0,0,0,0,0,0,0.02,0.02,0.2,1.25,0,0,0,200,50,0,0,200,200,50,0,0,0,0,0,0,0,0,0,0,0,0,0,1,0,0,0,0
788,4,cn-server-capture,1,0,1,0,0,2,2,1,1,0,1,100,3,0.67,2295,1825,2070,1415,10,24.55,5,5,0.2,0.2,0.2,3900,0.25,0.07,0.01,1,3400,3000,5100,4000,3500,1.8054999,1.494,1000,1600,2295,3730.288,0.6,0,1.5,1,0,40,60,1.1,100,0,0,0,0,0,0,0.02,0.02,0.2,1.25,0,0,0,200,50,0,0,200,200,50,0,0,0,0,0,0,0,0,0,0,0,0,0,1,0,0,0,0
788,7,cn-server-capture,1,0,1,0,0,2,2,1,1,0,1,100,3,0.67,2295,1825,2070,1415,10,24.55,5,5,0.2,0.2,0.2,3900,0.25,0.07,0.01,3700,3400,3000,5100,4000,3500,1.8054999,1.494,1000,1600,2295,3730.288,0.6,0,1.5,1,0,40,60,1.1,100,0,0,0,0,0,0,0.02,0.02,0.2,1.25,0,0,0,200,50,0,0,200,200,50,0,0,0,0,0,0,0,0,0,0,0,0,0,1,0,0,0,0
789,4,cn-server-capture,1,0,1,0,0,2,2,1,1,0,1,100,3,0.673,2310,1825,3070,1215,10,24.95,5,5,0.2,0.2,0.2,4600,0.252,0.07,0.01,1,2820,3000,4100,4000,3500,1.8155,1.494,1000,1450,2310,3966.356,0.6,0,1.5,1.1,0,40,60,1.1,100,0,0,0,0,0,0,0.02,0.02,0.2,1.25,0,0,0,200,50,0,0,200,200,50,0,0,0,0,0,0,0,0,0,0,0,0,0,1,0,0,0,0
789,7,cn-server-capture,1,0,1,0,0,2,2,1,1,0,1,100,3,0.673,2310,1825,3070,1215,10,24.95,5,5,0.2,0.2,0.2,4600,0.252,0.07,0.01,3480,2820,3000,4100,4000,3500,1.8155,1.494,1000,1450,2310,3966.356,0.6,0,1.5,1.1,0,40,60,1.1,100,0,0,0,0,0,0,0.02,0.02,0.2,1.25,0,0,0,200,50,0,0,200,200,50,0,0,0,0,0,0,0,0,0,0,0,0,0,1,0,0,0,0
791,4,cn-server-capture,1,0,1,0,0,2,2,1,1,0,1,100,3,0.672,2299,1825,2070,1415,10,24.55,5,5,0.2,0.2,0.2,4500,0.25300002,0.07,0.01,1,2950,3000,4400,4000,3500,1.7854999,1.494,1000,1300,2299,3737.088,0.5,0,1.5,1,0,40,60,1.1,100,0,0,0,0,0,0,0.02,0.02,0.2,1.25,0,0,0,200,50,0,0,200,200,50,0,0,0,0,0,0,0,0,0,0,0,0,0,1,0,0,0,0
791,7,cn-server-capture,1,0,1,0,0,2,2,1,1,0,1,100,3,0.672,2299,1825,2070,1415,10,24.55,5,5,0.2,0.2,0.2,4500,0.25300002,0.07,0.01,3860,2950,3000,4400,4000,3500,1.7854999,1.494,1000,1300,2299,3737.088,0.5,0,1.5,1,0,40,60,1.1,100,0,0,0,0,0,0,0.02,0.02,0.2,1.25,0,0,0,200,50,0,0,200,200,50,0,0,0,0,0,0,0,0,0,0,0,0,0,1,0,0,0,0
792,4,cn-server-capture,1,0,1,0,0,2,3,2,1,0,1,100,3,0.673,2294,1825,2070,1415,10,25.35,5,5,0.2,0.2,0.2,4000,0.245,0.07,0.01,1,2900,3000,4300,4000,3500,1.7105,1.494,1300,1000,3728.588,2294,0,1,1.5,1,0,40,60,1.1,100,0,0,0,0,0,0,0.02,0.02,0.2,1.25,0,0,0,200,50,0,0,200,200,50,0,0,0,0,0,0,0,0,0,0,0,0,0,1,0,0,0,0
792,7,cn-server-capture,1,0,1,0,0,2,3,2,1,0,1,100,3,0.673,2294,1825,2070,1415,10,25.35,5,5,0.2,0.2,0.2,4000,0.245,0.07,0.01,3850,2900,3000,4300,4000,3500,1.7105,1.494,1300,1000,3728.588,2294,0,1,1.5,1,0,40,60,1.1,100,0,0,0,0,0,0,0.02,0.02,0.2,1.25,0,0,0,200,50,0,0,200,200,50,0,0,0,0,0,0,0,0,0,0,0,0,0,1,0,0,0,0
794,4,cn-server-capture,1,0,1,0,0,2,2,1,1,0,1,100,3,0.6708,2302,1825,2070,1415,10,24.35,5,5,0.2,0.2,0.2,4150,0.24800001,0.07,0.01,1,2900,3000,4280,4000,3500,1.7878,1.494,1000,1250,2302,3936.0186,0.5,0,1.5,1.1,0,40,60,1.1,100,0,0,0,0,0,0,0.02,0.02,0.2,1.25,0,0,0,200,50,0,0,200,200,50,0,0,0,0,0,0,0,0,0,0,0,0,0,1,0,0,0,0
794,7,cn-server-capture,1,0,1,0,0,2,2,1,1,0,1,100,3,0.6708,2302,1825,2070,1415,10,24.35,5,5,0.2,0.2,0.2,4150,0.24800001,0.07,0.01,3680,2900,3000,4280,4000,3500,1.7878,1.494,1000,1250,2302,3936.0186,0.5,0,1.5,1.1,0,40,60,1.1,100,0,0,0,0,0,0,0.02,0.02,0.2,1.25,0,0,0,200,50,0,0,200,200,50,0,0,0,0,0,0,0,0,0,0,0,0,0,1,0,0,0,0
795,4,cn-server-capture,1,0,1,0,0,2,3,1,0,0,1,100,3,0.68,2300,9725,2070,1415,10,24.5,5,5,0.2,0.2,0.2,4100,0.25,0.07,0.01,1,3200,3000,4800,4000,3500,1.4955,0.794,1000,2500,2300,2675.328,0,0,1.5,1.7,0,40,60,1.1,100,0,0,0,0,0,0,0.02,0.02,0.2,1.25,0,0,0,200,50,0,0,200,200,50,0,0,0,0,0,0,0,0,0,0,0,0,0,1,0,0,0,0
795,7,cn-server-capture,1,0,1,0,0,2,3,1,0,0,1,100,3,0.68,2300,9725,2070,1415,10,24.5,5,5,0.2,0.2,0.2,4100,0.25,0.07,0.01,1800,3200,3000,4800,4000,3500,1.4955,0.794,1000,2500,2300,2675.328,0,0,1.5,1.7,0,40,60,1.1,100,0,0,0,0,0,0,0.02,0.02,0.2,1.25,0,0,0,200,50,0,0,200,200,50,0,0,0,0,0,0,0,0,0,0,0,0,0,1,0,0,0,0
796,4,cn-server-capture,1,0,1,0,0,2,2,1,1,0,1,100,3,0.674,2300,1825,2070,1415,10,25.25,5,5,0.2,0.2,0.2,4400,0.25800002,0.07,0.01,1,2950,3000,4280,4000,3500,1.7954999,1.494,1000,1400,2300,3782.0461,0.55,0,1.5,1,0,40,60,1.1,100,0,0,0,0,0,0,0.02,0.02,0.2,1.25,0,0,0,200,50,0,0,200,200,50,0,0,0,0,0,0,0,0,0,0,0,0,0,1,0,0,0,0
796,7,cn-server-capture,1,0,1,0,0,2,2,1,1,0,1,100,3,0.674,2300,1825,2070,1415,10,25.25,5,5,0.2,0.2,0.2,4400,0.25800002,0.07,0.01,3730,2950,3000,4280,4000,3500,1.7954999,1.494,1000,1400,2300,3782.0461,0.55,0,1.5,1,0,40,60,1.1,100,0,0,0,0,0,0,0.02,0.02,0.2,1.25,0,0,0,200,50,0,0,200,200,50,0,0,0,0,0,0,0,0,0,0,0,0,0,1,0,0,0,0
797,4,cn-server-capture,1,0,1,0,0,2,2,2,1,0,1,100,3,0.674,2300,1825,2070,1415,10,25.25,5,5,0.2,0.2,0.2,4400,0.25800002,0.07,0.01,1,2950,3000,4280,4000,3500,1.7954999,1.494,1400,1000,3782.0461,2300,0.55,1,1.5,1,0,40,60,1.1,100,0,0,0,0,0,0,0.02,0.02,0.2,1.25,0,0,0,200,50,0,0,200,200,50,0,0,0,0,0,0,0,0,0,0,0,0,0,1,0,0,0,0
797,7,cn-server-capture,1,0,1,0,0,2,2,2,1,0,1,100,3,0.674,2300,1825,2070,1415,10,25.25,5,5,0.2,0.2,0.2,4400,0.25800002,0.07,0.01,3730,2950,3000,4280,4000,3500,1.7954999,1.494,1400,1000,3782.0461,2300,0.55,1,1.5,1,0,40,60,1.1,100,0,0,0,0,0,0,0.02,0.02,0.2,1.25,0,0,0,200,50,0,0,200,200,50,0,0,0,0,0,0,0,0,0,0,0,0,0,1,0,0,0,0
798,4,cn-server-capture,1,0,1,0,0,2,2,1,1,0,1,100,3,0.669,2298,1825,2070,1415,10,25.01,5,5,0.2,0.2,0.2,4300,0.246,0.07,0.01,1,2950,3000,4350,4000,3500,1.8165,1.494,1000,1300,2298,3735.388,0.65,0,1.5,1,0,40,60,1.1,100,0,0,0,0,0,0,0.02,0.02,0.2,1.25,0,0,0,200,50,0,0,200,200,50,0,0,0,0,0,0,0,0,0,0,0,0,0,1,0,0,0,0
798,7,cn-server-capture,1,0,1,0,0,2,2,1,1,0,1,100,3,0.669,2298,1825,2070,1415,10,25.01,5,5,0.2,0.2,0.2,4300,0.246,0.07,0.01,3860,2950,3000,4350,4000,3500,1.8165,1.494,1000,1300,2298,3735.388,0.65,0,1.5,1,0,40,60,1.1,100,0,0,0,0,0,0,0.02,0.02,0.2,1.25,0,0,0,200,50,0,0,200,200,50,0,0,0,0,0,0,0,0,0,0,0,0,0,1,0,0,0,0
799,4,cn-server-capture,1,0,1,0,0,2,3,2,1,0,1,100,3,0.672,2305,1825,2070,1415,10,25.45,5,5,0.2,0.2,0.2,4180,0.25,0.07,0.01,1,3000,3000,4500,4000,3500,1.7954999,1.494,1300,1000,3747.288,2305,0,1,1.5,1,0,40,60,1.1,100,0,0,0,0,0,0,0.02,0.02,0.2,1.25,0,0,0,200,50,0,0,200,200,50,0,0,0,0,0,0,0,0,0,0,0,0,0,1,0,0,0,0
799,7,cn-server-capture,1,0,1,0,0,2,3,2,1,0,1,100,3,0.672,2305,1825,2070,1415,10,25.45,5,5,0.2,0.2,0.2,4180,0.25,0.07,0.01,4300,3000,3000,4500,4000,3500,1.7954999,1.494,1300,1000,3747.288,2305,0,1,1.5,1,0,40,60,1.1,100,0,0,0,0,0,0,0.02,0.02,0.2,1.25,0,0,0,200,50,0,0,200,200,50,0,0,0,0,0,0,0,0,0,0,0,0,0,1,0,0,0,0
800,4,cn-server-capture,1,0,1,0,0,2,2,1,1,0,1,100,3,0.674,2300,1825,2070,1415,10,25.25,5,5,0.2,0.2,0.2,4400,0.25800002,0.07,0.01,1,2950,3000,4280,4000,3500,1.7954999,1.494,1000,1400,2300,3782.0461,0.55,0,1.5,0.89,0,40,60,1.1,100,0,0,0,0,0,0,0.02,0.02,0.2,1.25,0,0,0,200,50,0,0,200,200,50,0,0,0,0,0,0,0,0,0,0,0,0,0,1,0,0,0,0
800,7,cn-server-capture,1,0,1,0,0,2,2,1,1,0,1,100,3,0.674,2300,1825,2070,1415,10,25.25,5,5,0.2,0.2,0.2,4400,0.25800002,0.07,0.01,3730,2950,3000,4280,4000,3500,1.7954999,1.494,1000,1400,2300,3782.0461,0.55,0,1.5,0.89,0,40,60,1.1,100,0,0,0,0,0,0,0.02,0.02,0.2,1.25,0,0,0,200,50,0,0,200,200,50,0,0,0,0,0,0,0,0,0,0,0,0,0,1,0,0,0,0
802,4,cn-server-capture,1,0,1,0,0,2,2,1,1,0,1,100,3,0.671,2305,1825,2070,1315,10,24.55,5,5,0.2,0.2,0.2,4200,0.243,0.07,0.01,1,2850,3000,4100,4000,3500,1.7865,1.494,1000,1300,2305,3957.356,0.5,0,1.5,1.2,0,40,60,1.1,100,0,0,0,0,0,0,0.02,0.02,0.2,1.25,0,0,0,200,50,0,0,200,200,50,0,0,0,0,0,0,0,0,0,0,0,0,0,1,0,0,0,0
802,7,cn-server-capture,1,0,1,0,0,2,2,1,1,0,1,100,3,0.671,2305,1825,2070,1315,10,24.55,5,5,0.2,0.2,0.2,4200,0.243,0.07,0.01,3600,2850,3000,4100,4000,3500,1.7865,1.494,1000,1300,2305,3957.356,0.5,0,1.5,1.2,0,40,60,1.1,100,0,0,0,0,0,0,0.02,0.02,0.2,1.25,0,0,0,200,50,0,0,200,200,50,0,0,0,0,0,0,0,0,0,0,0,0,0,1,0,0,0,0
803,4,cn-server-capture,1,0,1,0,0,2,2,1,1,0,1,100,3,0.671,2305,1825,2070,1715,10,24.55,5,5,0.2,0.2,0.2,4200,0.243,0.07,0.01,1,2850,3000,4100,4000,3500,1.7865,1.494,1000,1300,2305,3957.356,0.5,0,1.5,1.2,0,40,60,1.1,100,0,0,0,0,0,0,0.02,0.02,0.2,1.25,0,0,0,200,50,0,0,200,200,50,0,0,0,0,0,0,0,0,0,0,0,0,0,1,0,0,0,0
803,7,cn-server-capture,1,0,1,0,0,2,2,1,1,0,1,100,3,0.671,2305,1825,2070,1715,10,24.55,5,5,0.2,0.2,0.2,4200,0.243,0.07,0.01,3600,2850,3000,4100,4000,3500,1.7865,1.494,1000,1300,2305,3957.356,0.5,0,1.5,1.2,0,40,60,1.1,100,0,0,0,0,0,0,0.02,0.02,0.2,1.25,0,0,0,200,50,0,0,200,200,50,0,0,0,0,0,0,0,0,0,0,0,0,0,1,0,0,0,0
804,4,cn-server-capture,1,0,1,0,0,2,2,2,1,0,1,100,3,0.672,2300,1825,3070,1615,10,25.35,5,5,0.2,0.2,0.2,4100,0.245,0.07,0.01,1,3000,3000,4600,4000,3500,1.7105,1.494,1300,1000,3738.788,2300,0,1,1.5,1,0,40,60,1.1,100,0,0,0,0,0,0,0.02,0.02,0.2,1.25,0,0,0,200,50,0,0,200,200,50,0,0,0,0,0,0,0,0,0,0,0,0,0,1,0,0,0,0
804,7,cn-server-capture,1,0,1,0,0,2,2,2,1,0,1,100,3,0.672,2300,1825,3070,1615,10,25.35,5,5,0.2,0.2,0.2,4100,0.245,0.07,0.01,3750,3000,3000,4600,4000,3500,1.7105,1.494,1300,1000,3738.788,2300,0,1,1.5,1,0,40,60,1.1,100,0,0,0,0,0,0,0.02,0.02,0.2,1.25,0,0,0,200,50,0,0,200,200,50,0,0,0,0,0,0,0,0,0,0,0,0,0,1,0,0,0,0
805,4,cn-server-capture,1,0,1,0,0,2,2,1,1,0,1,100,3,0.672,2296,1825,2070,1415,10,24.9,5,5,0.2,0.2,0.2,4000,0.24700001,0.07,0.01,1,3050,3000,4600,4000,3500,1.7885,1.494,1000,1300,2296,3941.156,0.5,0,1.5,1,0,40,60,1.1,100,0,0,0,0,0,0,0.02,0.02,0.2,1.25,0,0,0,200,50,0,0,200,200,50,0,0,0,0,0,0,0,0,0,0,0,0,0,1,0,0,0,0
805,7,cn-server-capture,1,0,1,0,0,2,2,1,1,0,1,100,3,0.672,2296,1825,2070,1415,10,24.9,5,5,0.2,0.2,0.2,4000,0.24700001,0.07,0.01,3900,3050,3000,4600,4000,3500,1.7885,1.494,1000,1300,2296,3941.156,0.5,0,1.5,1,0,40,60,1.1,100,0,0,0,0,0,0,0.02,0.02,0.2,1.25,0,0,0,200,50,0,0,200,200,50,0,0,0,0,0,0,0,0,0,0,0,0,0,1,0,0,0,0
806,4,cn-server-capture,1,0,1,0,0,2,2,1,1,0,1,100,3,0.672,2295,1825,3070,1215,10,25.35,5,5,0.2,0.2,0.2,4050,0.25,0.07,0.01,1,3000,3000,4500,4000,3500,1.7885,1.494,1000,1300,2295,3939.356,0.6,0,1.5,0.85,0,40,60,1.1,100,0,0,0,0,0,0,0.02,0.02,0.2,1.25,0,0,0,200,50,0,0,200,200,50,0,0,0,0,0,0,0,0,0,0,0,0,0,1,0,0,0,0
806,7,cn-server-capture,1,0,1,0,0,2,2,1,1,0,1,100,3,0.672,2295,1825,3070,1215,10,25.35,5,5,0.2,0.2,0.2,4050,0.25,0.07,0.01,3870,3000,3000,4500,4000,3500,1.7885,1.494,1000,1300,2295,3939.356,0.6,0,1.5,0.85,0,40,60,1.1,100,0,0,0,0,0,0,0.02,0.02,0.2,1.25,0,0,0,200,50,0,0,200,200,50,0,0,0,0,0,0,0,0,0,0,0,0,0,1,0,0,0,0
807,4,cn-server-capture,1,0,1,0,0,2,2,1,1,0,1,100,3,0.671,2298,1825,2070,1315,10,25.15,5,5,0.2,0.2,0.2,4300,0.24900001,0.07,0.01,1,2930,3000,4300,4000,3500,1.7885,1.494,1000,1300,2298,3735.388,0.6,0,1.5,1,0,40,60,1.1,100,0,0,0,0,0,0,0.02,0.02,0.2,1.25,0,0,0,200,50,0,0,200,200,50,0,0,0,0,0,0,0,0,0,0,0,0,0,1,0,0,0,0
807,7,cn-server-capture,1,0,1,0,0,2,2,1,1,0,1,100,3,0.671,2298,1825,2070,1315,10,25.15,5,5,0.2,0.2,0.2,4300,0.24900001,0.07,0.01,3850,2930,3000,4300,4000,3500,1.7885,1.494,1000,1300,2298,3735.388,0.6,0,1.5,1,0,40,60,1.1,100,0,0,0,0,0,0,0.02,0.02,0.2,1.25,0,0,0,200,50,0,0,200,200,50,0,0,0,0,0,0,0,0,0,0,0,0,0,1,0,0,0,0
809,4,cn-server-capture,1,0,1,0,0,2,2,1,1,0,1,100,3,0.671,2298,1825,2070,1415,10,24.98,5,5,0.2,0.2,0.2,4200,0.246,0.07,0.01,1,2950,3000,4350,4000,3500,1.7904999,1.494,1000,1300,2298,3735.388,0.6,0,1.5,1,0,40,60,1.1,100,0,0,0,0,0,0,0.02,0.02,0.2,1.25,0,0,0,200,50,0,0,200,200,50,0,0,0,0,0,0,0,0,0,0,0,0,0,1,0,0,0,0
809,7,cn-server-capture,1,0,1,0,0,2,2,1,1,0,1,100,3,0.671,2298,1825,2070,1415,10,24.98,5,5,0.2,0.2,0.2,4200,0.246,0.07,0.01,3860,2950,3000,4350,4000,3500,1.7904999,1.494,1000,1300,2298,3735.388,0.6,0,1.5,1,0,40,60,1.1,100,0,0,0,0,0,0,0.02,0.02,0.2,1.25,0,0,0,200,50,0,0,200,200,50,0,0,0,0,0,0,0,0,0,0,0,0,0,1,0,0,0,0
810,4,cn-server-capture,1,0,1,0,0,2,2,1,1,0,1,100,3,0.669,2300,1825,2070,1415,10,25.05,5,5,0.2,0.2,0.2,4400,0.246,0.07,0.01,1,2970,3000,4350,4000,3500,1.8255,1.494,1000,1450,2300,3948.356,0.65,0,1.5,1,0,40,60,1.1,100,0,0,0,0,0,0,0.02,0.02,0.2,1.25,0,0,0,200,50,0,0,200,200,50,0,0,0,0,0,0,0,0,0,0,0,0,0,1,0,0,0,0
810,7,cn-server-capture,1,0,1,0,0,2,2,1,1,0,1,100,3,0.669,2300,1825,2070,1415,10,25.05,5,5,0.2,0.2,0.2,4400,0.246,0.07,0.01,3790,2970,3000,4350,4000,3500,1.8255,1.494,1000,1450,2300,3948.356,0.65,0,1.5,1,0,40,60,1.1,100,0,0,0,0,0,0,0.02,0.02,0.2,1.25,0,0,0,200,50,0,0,200,200,50,0,0,0,0,0,0,0,0,0,0,0,0,0,1,0,0,0,0
811,4,cn-server-capture,1,0,1,0,0,3,2,1,1,1,1,100,3,0.674,2295,1825,2070,1415,10,24.6,5,5,0.2,0.2,0.2,4000,0.24800001,0.07,0.01,1,2850,3000,4050,4000,3500,1.8375,1.494,1000,1200,2295,3628.071,0.4,0,1.5,1,0,40,60,1.1,100,0,0,0,0,0,0,0.02,0.02,0.2,1.25,0,0,0,200,50,0,0,200,200,50,0,0,0,0,0,0,0,0,0,0,0,0,0,1,0,0,0,0
811,7,cn-server-capture,1,0,1,0,0,3,2,1,1,1,1,100,3,0.674,2295,1825,2070,1415,10,24.6,5,5,0.2,0.2,0.2,4000,0.24800001,0.07,0.01,3000,2850,3000,4050,4000,3500,1.8375,1.494,1000,1200,2295,3628.071,0.4,0,1.5,1,0,40,60,1.1,100,0,0,0,0,0,0,0.02,0.02,0.2,1.25,0,0,0,200,50,0,0,200,200,50,0,0,0,0,0,0,0,0,0,0,0,0,0,1,0,0,0,0
812,4,cn-server-capture,1,0,1,0,0,2,2,2,1,0,1,100,3,0.673,2296,1825,2070,1415,10,25.35,5,5,0.2,0.2,0.2,3900,0.24700001,0.07,0.01,1,2700,3000,4000,4000,3500,1.7105,1.494,1300,1000,3731.988,2296,0.4,1,1.5,1,0,40,60,1.1,100,0,0,0,0,0,0,0.02,0.02,0.2,1.25,0,0,0,200,50,0,0,200,200,50,0,0,0,0,0,0,0,0,0,0,0,0,0,1,0,0,0,0
812,7,cn-server-capture,1,0,1,0,0,2,2,2,1,0,1,100,3,0.673,2296,1825,2070,1415,10,25.35,5,5,0.2,0.2,0.2,3900,0.24700001,0.07,0.01,3700,2700,3000,4000,4000,3500,1.7105,1.494,1300,1000,3731.988,2296,0.4,1,1.5,1,0,40,60,1.1,100,0,0,0,0,0,0,0.02,0.02,0.2,1.25,0,0,0,200,50,0,0,200,200,50,0,0,0,0,0,0,0,0,0,0,0,0,0,1,0,0,0,0
813,4,cn-server-capture,1,0,1,0,0,2,2,1,1,0,1,100,3,0.674,2300,1825,2070,1415,10,25.25,5,5,0.2,0.2,0.2,4500,0.25800002,0.07,0.01,1,2950,3000,4280,4000,3500,1.8155,1.494,1000,1400,2300,3782.0461,0.55,0,1.5,0.89,0,40,60,1.1,100,0,0,0,0,0,0,0.02,0.02,0.2,1.25,0,0,0,200,50,0,0,200,200,50,0,0,0,0,0,0,0,0,0,0,0,0,0,1,0,0,0,0
813,7,cn-server-capture,1,0,1,0,0,2,2,1,1,0,1,100,3,0.674,2300,1825,2070,1415,10,25.25,5,5,0.2,0.2,0.2,4500,0.25800002,0.07,0.01,3730,2950,3000,4280,4000,3500,1.8155,1.494,1000,1400,2300,3782.0461,0.55,0,1.5,0.89,0,40,60,1.1,100,0,0,0,0,0,0,0.02,0.02,0.2,1.25,0,0,0,200,50,0,0,200,200,50,0,0,0,0,0,0,0,0,0,0,0,0,0,1,0,0,0,0
814,4,cn-server-capture,1,0,1,0,0,2,2,1,1,0,1,100,3,0.672,2295,1825,3070,1215,10,25.35,5,5,0.2,0.2,0.2,4030,0.24900001,0.07,0.01,1,3000,3000,4500,4000,3500,1.7885,1.494,1000,1000,2295,4354.8,0.6,0,1.5,0.85,0,40,60,1.1,100,0,0,0,0,0,0,0.02,0.02,0.2,1.25,0,0,0,200,50,0,0,200,200,50,0,0,0,0,0,0,0,0,0,0,0,0,0,1,0,0,0,0
814,7,cn-server-capture,1,0,1,0,0,2,2,1,1,0,1,100,3,0.672,2295,1825,3070,1215,10,25.35,5,5,0.2,0.2,0.2,4030,0.24900001,0.07,0.01,3870,3000,3000,4500,4000,3500,1.7885,1.494,1000,1000,2295,4354.8,0.6,0,1.5,0.85,0,40,60,1.1,100,0,0,0,0,0,0,0.02,0.02,0.2,1.25,0,0,0,200,50,0,0,200,200,50,0,0,0,0,0,0,0,0,0,0,0,0,0,1,0,0,0,0
817,4,cn-server-capture,1,0,1,0,0,2,2,2,1,0,1,100,3,0.672,2297,1825,2070,1415,10,25.35,5,5,0.2,0.2,0.2,3900,0.24800001,0.07,0.01,1,2700,3000,4000,4000,3500,1.7105,1.494,1200,1000,3942.956,2297,0.5,1,1.5,1,0,40,60,1.1,100,0,0,0,0,0,0,0.02,0.02,0.2,1.25,0,0,0,200,50,0,0,200,200,50,0,0,0,0,0,0,0,0,0,0,0,0,0,1,0,0,0,0
817,7,cn-server-capture,1,0,1,0,0,2,2,2,1,0,1,100,3,0.672,2297,1825,2070,1415,10,25.35,5,5,0.2,0.2,0.2,3900,0.24800001,0.07,0.01,3700,2700,3000,4000,4000,3500,1.7105,1.494,1200,1000,3942.956,2297,0.5,1,1.5,1,0,40,60,1.1,100,0,0,0,0,0,0,0.02,0.02,0.2,1.25,0,0,0,200,50,0,0,200,200,50,0,0,0,0,0,0,0,0,0,0,0,0,0,1,0,0,0,0
818,4,cn-server-capture,1,0,1,0,0,2,2,1,1,0,1,100,3,0.672,2296,1825,3070,1415,10,24.98,5,5,0.2,0.2,0.2,4200,0.24800001,0.07,0.01,1,2950,3000,4350,4000,3500,1.7904999,1.494,1000,1300,2296,3731.988,0.6,0,1.5,0.9,0,40,60,1.1,100,0,0,0,0,0,0,0.02,0.02,0.2,1.25,0,0,0,200,50,0,0,200,200,50,0,0,0,0,0,0,0,0,0,0,0,0,0,1,0,0,0,0
818,7,cn-server-capture,1,0,1,0,0,2,2,1,1,0,1,100,3,0.672,2296,1825,3070,1415,10,24.98,5,5,0.2,0.2,0.2,4200,0.24800001,0.07,0.01,3860,2950,3000,4350,4000,3500,1.7904999,1.494,1000,1300,2296,3731.988,0.6,0,1.5,0.9,0,40,60,1.1,100,0,0,0,0,0,0,0.02,0.02,0.2,1.25,0,0,0,200,50,0,0,200,200,50,0,0,0,0,0,0,0,0,0,0,0,0,0,1,0,0,0,0
819,4,cn-server-capture,1,0,1,0,0,2,2,1,1,0,1,100,3,0.672,2295,1825,2070,1415,10,24.55,5,5,0.2,0.2,0.2,4600,0.246,0.07,0.01,1,2950,3000,4400,4000,3500,1.7885,1.494,1000,1250,2295,3939.356,0.5,0,1.5,1,0,40,60,1.1,100,0,0,0,0,0,0,0.02,0.02,0.2,1.25,0,0,0,200,50,0,0,200,200,50,0,0,0,0,0,0,0,0,0,0,0,0,0,1,0,0,0,0
819,7,cn-server-capture,1,0,1,0,0,2,2,1,1,0,1,100,3,0.672,2295,1825,2070,1415,10,24.55,5,5,0.2,0.2,0.2,4600,0.246,0.07,0.01,3700,2950,3000,4400,4000,3500,1.7885,1.494,1000,1250,2295,3939.356,0.5,0,1.5,1,0,40,60,1.1,100,0,0,0,0,0,0,0.02,0.02,0.2,1.25,0,0,0,200,50,0,0,200,200,50,0,0,0,0,0,0,0,0,0,0,0,0,0,1,0,0,0,0
820,4,cn-server-capture,1,0,1,0,0,2,3,2,1,0,1,100,3,0.67,2297,1825,2070,1415,10,25.45,5,5,0.2,0.2,0.2,3800,0.25,0.07,0.01,1,3000,3000,4600,4000,3500,1.7105,1.494,1300,1000,3733.688,2297,0,1,1.5,1,0,40,60,1.1,100,0,0,0,0,0,0,0.02,0.02,0.2,1.25,0,0,0,200,50,0,0,200,200,50,0,0,0,0,0,0,0,0,0,0,0,0,0,1,0,0,0,0
820,7,cn-server-capture,1,0,1,0,0,2,3,2,1,0,1,100,3,0.67,2297,1825,2070,1415,10,25.45,5,5,0.2,0.2,0.2,3800,0.25,0.07,0.01,3750,3000,3000,4600,4000,3500,1.7105,1.494,1300,1000,3733.688,2297,0,1,1.5,1,0,40,60,1.1,100,0,0,0,0,0,0,0.02,0.02,0.2,1.25,0,0,0,200,50,0,0,200,200,50,0,0,0,0,0,0,0,0,0,0,0,0,0,1,0,0,0,0
821,4,cn-server-capture,1,0,1,0,0,2,2,2,1,0,1,100,3,0.67149997,2296,1825,2070,1415,10,25.45,5,5,0.2,0.2,0.2,4000,0.25,0.07,0.01,1,2930,3000,4300,4000,3500,1.7105,1.494,1300,1000,3731.988,2296,0,1,1.5,1,0,40,60,1.1,100,0,0,0,0,0,0,0.02,0.02,0.2,1.25,0,0,0,200,50,0,0,200,200,50,0,0,0,0,0,0,0,0,0,0,0,0,0,1,0,0,0,0
821,7,cn-server-capture,1,0,1,0,0,2,2,2,1,0,1,100,3,0.67149997,2296,1825,2070,1415,10,25.45,5,5,0.2,0.2,0.2,4000,0.25,0.07,0.01,3800,2930,3000,4300,4000,3500,1.7105,1.494,1300,1000,3731.988,2296,0,1,1.5,1,0,40,60,1.1,100,0,0,0,0,0,0,0.02,0.02,0.2,1.25,0,0,0,200,50,0,0,200,200,50,0,0,0,0,0,0,0,0,0,0,0,0,0,1,0,0,0,0
822,4,cn-server-capture,1,0,1,0,0,2,2,2,1,0,1,100,3,0.672,2296,1825,2070,1415,10,25.35,5,5,0.2,0.2,0.2,3900,0.24800001,0.07,0.01,1,3000,3000,4600,4000,3500,1.7105,1.494,1300,1000,3731.988,2296,0,1,1.5,1,0,40,60,1.1,100,0,0,0,0,0,0,0.02,0.02,0.2,1.25,0,0,0,200,50,0,0,200,200,50,0,0,0,0,0,0,0,0,0,0,0,0,0,1,0,0,0,0
822,7,cn-server-capture,1,0,1,0,0,2,2,2,1,0,1,100,3,0.672,2296,1825,2070,1415,10,25.35,5,5,0.2,0.2,0.2,3900,0.24800001,0.07,0.01,3750,3000,3000,4600,4000,3500,1.7105,1.494,1300,1000,3731.988,2296,0,1,1.5,1,0,40,60,1.1,100,0,0,0,0,0,0,0.02,0.02,0.2,1.25,0,0,0,200,50,0,0,200,200,50,0,0,0,0,0,0,0,0,0,0,0,0,0,1,0,0,0,0
823,4,cn-server-capture,1,0,1,0,0,2,2,1,1,0,1,100,3,0.671,2299,1825,2070,1415,10,25.25,5,5,0.2,0.2,0.2,4400,0.25,0.07,0.01,1,2960,3000,4360,4000,3500,1.8264999,1.494,1000,1450,2299,3737.088,0.65,0,1.5,1,0,40,60,1.1,100,0,0,0,0,0,0,0.02,0.02,0.2,1.25,0,0,0,200,50,0,0,200,200,50,0,0,0,0,0,0,0,0,0,0,0,0,0,1,0,0,0,0
823,7,cn-server-capture,1,0,1,0,0,2,2,1,1,0,1,100,3,0.671,2299,1825,2070,1415,10,25.25,5,5,0.2,0.2,0.2,4400,0.25,0.07,0.01,3800,2960,3000,4360,4000,3500,1.8264999,1.494,1000,1450,2299,3737.088,0.65,0,1.5,1,0,40,60,1.1,100,0,0,0,0,0,0,0.02,0.02,0.2,1.25,0,0,0,200,50,0,0,200,200,50,0,0,0,0,0,0,0,0,0,0,0,0,0,1,0,0,0,0
824,4,cn-server-capture,1,0,1,0,0,2,2,1,1,0,1,100,3,0.673,2297,1825,2070,1415,10,25.05,5,5,0.2,0.2,0.2,4700,0.243,0.07,0.01,1,2970,3000,4300,4000,3500,1.8155,1.494,1000,1400,2297,3733.688,0.5,0,1.5,0.88,0,40,60,1.1,100,0,0,0,0,0,0,0.02,0.02,0.2,1.25,0,0,0,200,50,0,0,200,200,50,0,0,0,0,0,0,0,0,0,0,0,0,0,1,0,0,0,0
824,7,cn-server-capture,1,0,1,0,0,2,2,1,1,0,1,100,3,0.673,2297,1825,2070,1415,10,25.05,5,5,0.2,0.2,0.2,4700,0.243,0.07,0.01,3630,2970,3000,4300,4000,3500,1.8155,1.494,1000,1400,2297,3733.688,0.5,0,1.5,0.88,0,40,60,1.1,100,0,0,0,0,0,0,0.02,0.02,0.2,1.25,0,0,0,200,50,0,0,200,200,50,0,0,0,0,0,0,0,0,0,0,0,0,0,1,0,0,0,0
826,4,cn-server-capture,1,0,1,0,0,2,3,2,1,0,1,100,3,0.672,2295,1825,2070,1415,10,25.45,5,5,0.2,0.2,0.2,3900,0.25100002,0.07,0.01,1,3000,3000,4600,4000,3500,1.7135,1.494,1600,1000,3730.288,2295,0,1,1.5,1,0,40,60,1.1,100,0,0,0,0,0,0,0.02,0.02,0.2,1.25,0,0,0,200,50,0,0,200,200,50,0,0,0,0,0,0,0,0,0,0,0,0,0,1,0,0,0,0
826,7,cn-server-capture,1,0,1,0,0,2,3,2,1,0,1,100,3,0.672,2295,1825,2070,1415,10,25.45,5,5,0.2,0.2,0.2,3900,0.25100002,0.07,0.01,3750,3000,3000,4600,4000,3500,1.7135,1.494,1600,1000,3730.288,2295,0,1,1.5,1,0,40,60,1.1,100,0,0,0,0,0,0,0.02,0.02,0.2,1.25,0,0,0,200,50,0,0,200,200,50,0,0,0,0,0,0,0,0,0,0,0,0,0,1,0,0,0,0
827,4,cn-server-capture,1,0,1,0,0,2,2,1,1,0,1,100,3,0.667,2306,1825,2070,1415,10,25.1,5,5,0.2,0.2,0.2,4450,0.254,0.07,0.01,1,3000,3000,4750,4000,3500,1.8165,1.494,1000,1400,2306,3748.988,0.65,0,1.5,0.79,0,40,60,1.1,100,0,0,0,0,0,0,0.02,0.02,0.2,1.25,0,0,0,200,50,0,0,200,200,50,0,0,0,0,0,0,0,0,0,0,0,0,0,1,0,0,0,0
827,7,cn-server-capture,1,0,1,0,0,2,2,1,1,0,1,100,3,0.667,2306,1825,2070,1415,10,25.1,5,5,0.2,0.2,0.2,4450,0.254,0.07,0.01,3700,3000,3000,4750,4000,3500,1.8165,1.494,1000,1400,2306,3748.988,0.65,0,1.5,0.79,0,40,60,1.1,100,0,0,0,0,0,0,0.02,0.02,0.2,1.25,0,0,0,200,50,0,0,200,200,50,0,0,0,0,0,0,0,0,0,0,0,0,0,1,0,0,0,0
828,4,cn-server-capture,1,0,1,0,0,3,2,1,1,1,1,100,3,0.672,2300,1825,2070,1415,10,24.65,5,5,0.2,0.2,0.2,4500,0.25100002,0.07,0.01,1,2900,3000,4050,4000,3500,1.8335,1.494,1000,1200,2300,3636.321,0.4,0,1.5,1,0,40,60,1.1,100,0,0,0,0,0,0,0.02,0.02,0.2,1.25,0,0,0,200,50,0,0,200,200,50,0,0,0,0,0,0,0,0,0,0,0,0,0,1,0,0,0,0
828,7,cn-server-capture,1,0,1,0,0,3,2,1,1,1,1,100,3,0.672,2300,1825,2070,1415,10,24.65,5,5,0.2,0.2,0.2,4500,0.25100002,0.07,0.01,3000,2900,3000,4050,4000,3500,1.8335,1.494,1000,1200,2300,3636.321,0.4,0,1.5,1,0,40,60,1.1,100,0,0,0,0,0,0,0.02,0.02,0.2,1.25,0,0,0,200,50,0,0,200,200,50,0,0,0,0,0,0,0,0,0,0,0,0,0,1,0,0,0,0
829,4,cn-server-capture,1,0,1,0,0,2,2,1,1,0,1,100,3,0.672,2298,1825,2070,1415,10,24.8,5,5,0.2,0.2,0.2,3950,0.24800001,0.07,0.01,1,3400,3000,5100,4000,3500,1.7915,1.494,1000,1600,2298,3735.388,0.5,0,1.5,0.9,0,40,60,1.1,100,0,0,0,0,0,0,0.02,0.02,0.2,1.25,0,0,0,200,50,0,0,200,200,50,0,0,0,0,0,0,0,0,0,0,0,0,0,1,0,0,0,0
829,7,cn-server-capture,1,0,1,0,0,2,2,1,1,0,1,100,3,0.672,2298,1825,2070,1415,10,24.8,5,5,0.2,0.2,0.2,3950,0.24800001,0.07,0.01,3700,3400,3000,5100,4000,3500,1.7915,1.494,1000,1600,2298,3735.388,0.5,0,1.5,0.9,0,40,60,1.1,100,0,0,0,0,0,0,0.02,0.02,0.2,1.25,0,0,0,200,50,0,0,200,200,50,0,0,0,0,0,0,0,0,0,0,0,0,0,1,0,0,0,0
830,4,cn-server-capture,1,0,1,0,0,3,2,1,1,1,1,100,3,0.673,2296,1825,2070,1415,10,24.18,5,5,0.2,0.2,0.2,4000,0.24700001,0.07,0.01,1,2850,3000,4100,4000,3500,1.8255,1.494,1000,1250,2296,3629.721,0.4,0,1.5,1,0,40,60,1.1,100,0,0,0,0,0,0,0.02,0.02,0.2,1.25,0,0,0,200,50,0,0,200,200,50,0,0,0,0,0,0,0,0,0,0,0,0,0,1,0,0,0,0
830,7,cn-server-capture,1,0,1,0,0,3,2,1,1,1,1,100,3,0.673,2296,1825,2070,1415,10,24.18,5,5,0.2,0.2,0.2,4000,0.24700001,0.07,0.01,3050,2850,3000,4100,4000,3500,1.8255,1.494,1000,1250,2296,3629.721,0.4,0,1.5,1,0,40,60,1.1,100,0,0,0,0,0,0,0.02,0.02,0.2,1.25,0,0,0,200,50,0,0,200,200,50,0,0,0,0,0,0,0,0,0,0,0,0,0,1,0,0,0,0
831,4,cn-server-capture,1,0,1,0,0,2,2,1,1,0,1,100,3,0.667,2305,1825,2070,1415,10,24.55,5,5,0.2,0.2,0.2,4200,0.25800002,0.07,0.01,1,2950,3000,4800,4000,3500,1.8385,1.494,1000,1600,2305,3957.356,0.65,0,1.5,0.8,0,40,60,1.1,100,0,0,0,0,0,0,0.02,0.02,0.2,1.25,0,0,0,200,50,0,0,200,200,50,0,0,0,0,0,0,0,0,0,0,0,0,0,1,0,0,0,0
831,7,cn-server-capture,1,0,1,0,0,2,2,1,1,0,1,100,3,0.667,2305,1825,2070,1415,10,24.55,5,5,0.2,0.2,0.2,4200,0.25800002,0.07,0.01,2800,2950,3000,4800,4000,3500,1.8385,1.494,1000,1600,2305,3957.356,0.65,0,1.5,0.8,0,40,60,1.1,100,0,0,0,0,0,0,0.02,0.02,0.2,1.25,0,0,0,200,50,0,0,200,200,50,0,0,0,0,0,0,0,0,0,0,0,0,0,1,0,0,0,0
832,4,cn-server-capture,1,0,1,0,0,2,2,1,1,0,1,100,3,0.669,2297,1825,2070,1415,10,25.15,5,5,0.2,0.2,0.2,4400,0.25,0.07,0.01,1,2970,3000,4350,4000,3500,1.8255,1.494,1000,1450,2297,3942.956,0.65,0,1.5,1,0,40,60,1.1,100,0,0,0,0,0,0,0.02,0.02,0.2,1.25,0,0,0,200,50,0,0,200,200,50,0,0,0,0,0,0,0,0,0,0,0,0,0,1,0,0,0,0
832,7,cn-server-capture,1,0,1,0,0,2,2,1,1,0,1,100,3,0.669,2297,1825,2070,1415,10,25.15,5,5,0.2,0.2,0.2,4400,0.25,0.07,0.01,3790,2970,3000,4350,4000,3500,1.8255,1.494,1000,1450,2297,3942.956,0.65,0,1.5,1,0,40,60,1.1,100,0,0,0,0,0,0,0.02,0.02,0.2,1.25,0,0,0,200,50,0,0,200,200,50,0,0,0,0,0,0,0,0,0,0,0,0,0,1,0,0,0,0
833,4,cn-server-capture,1,0,1,0,0,2,2,1,1,0,1,100,3,0.671,2293,1825,2570,1415,10,25.65,5,5,0.2,0.2,0.2,4200,0.25,0.07,0.01,1,2700,3000,4000,4000,3500,1.8054999,1.494,1000,1400,2293,3726.888,0.5,0,1.5,1.05,0,40,60,1.1,100,0,0,0,0,0,0,0.02,0.02,0.2,1.25,0,0,0,200,50,0,0,200,200,50,0,0,0,0,0,0,0,0,0,0,0,0,0,1,0,0,0,0
833,7,cn-server-capture,1,0,1,0,0,2,2,1,1,0,1,100,3,0.671,2293,1825,2570,1415,10,25.65,5,5,0.2,0.2,0.2,4200,0.25,0.07,0.01,2750,2700,3000,4000,4000,3500,1.8054999,1.494,1000,1400,2293,3726.888,0.5,0,1.5,1.05,0,40,60,1.1,100,0,0,0,0,0,0,0.02,0.02,0.2,1.25,0,0,0,200,50,0,0,200,200,50,0,0,0,0,0,0,0,0,0,0,0,0,0,1,0,0,0,0
834,4,cn-server-capture,1,0,1,0,0,2,2,2,1,0,1,100,3,0.672,2300,1825,2070,1415,10,25.25,5,5,0.2,0.2,0.2,4050,0.25,0.07,0.01,1,2900,3000,4300,4000,3500,1.7954999,1.494,1300,1000,3738.788,2300,0,1,1.5,1,0,40,60,1.1,100,0,0,0,0,0,0,0.02,0.02,0.2,1.25,0,0,0,200,50,0,0,200,200,50,0,0,0,0,0,0,0,0,0,0,0,0,0,1,0,0,0,0
834,7,cn-server-capture,1,0,1,0,0,2,2,2,1,0,1,100,3,0.672,2300,1825,2070,1415,10,25.25,5,5,0.2,0.2,0.2,4050,0.25,0.07,0.01,3850,2900,3000,4300,4000,3500,1.7954999,1.494,1300,1000,3738.788,2300,0,1,1.5,1,0,40,60,1.1,100,0,0,0,0,0,0,0.02,0.02,0.2,1.25,0,0,0,200,50,0,0,200,200,50,0,0,0,0,0,0,0,0,0,0,0,0,0,1,0,0,0,0
835,4,cn-server-capture,1,0,1,0,0,2,2,1,1,0,1,100,3,0.67,2299,1825,2070,1415,10,25.25,5,5,0.2,0.2,0.2,4500,0.25800002,0.07,0.01,1,3100,3000,4800,4000,3500,1.8284999,1.494,1000,1400,2299,3946.556,0.65,0,1.5,0.9,0,40,60,1.1,100,0,0,0,0,0,0,0.02,0.02,0.2,1.25,0,0,0,200,50,0,0,200,200,50,0,0,0,0,0,0,0,0,0,0,0,0,0,1,0,0,0,0
835,7,cn-server-capture,1,0,1,0,0,2,2,1,1,0,1,100,3,0.67,2299,1825,2070,1415,10,25.25,5,5,0.2,0.2,0.2,4500,0.25800002,0.07,0.01,3650,3100,3000,4800,4000,3500,1.8284999,1.494,1000,1400,2299,3946.556,0.65,0,1.5,0.9,0,40,60,1.1,100,0,0,0,0,0,0,0.02,0.02,0.2,1.25,0,0,0,200,50,0,0,200,200,50,0,0,0,0,0,0,0,0,0,0,0,0,0,1,0,0,0,0
837,4,cn-server-capture,1,0,1,0,0,2,2,1,1,0,1,100,3,0.67,2300,1825,2070,1415,10,24.75,5,5,0.2,0.2,0.2,4500,0.25800002,0.07,0.01,1,3000,3000,4400,4000,3500,1.8175,1.494,1000,1400,2300,3948.356,0.55,0,1.5,0.79,0,40,60,1.1,100,0,0,0,0,0,0,0.02,0.02,0.2,1.25,0,0,0,200,50,0,0,200,200,50,0,0,0,0,0,0,0,0,0,0,0,0,0,1,0,0,0,0
837,7,cn-server-capture,1,0,1,0,0,2,2,1,1,0,1,100,3,0.67,2300,1825,2070,1415,10,24.75,5,5,0.2,0.2,0.2,4500,0.25800002,0.07,0.01,3700,3000,3000,4400,4000,3500,1.8175,1.494,1000,1400,2300,3948.356,0.55,0,1.5,0.79,0,40,60,1.1,100,0,0,0,0,0,0,0.02,0.02,0.2,1.25,0,0,0,200,50,0,0,200,200,50,0,0,0,0,0,0,0,0,0,0,0,0,0,1,0,0,0,0
838,4,cn-server-capture,1,0,1,0,0,2,2,1,1,0,1,100,3,0.671,2301,1825,2070,1415,10,24.45,5,5,0.2,0.2,0.2,4540,0.26,0.07,0.01,1,2960,3000,4280,4000,3500,1.8175,1.494,1000,1400,2301,3950.156,0.55,0,1.5,0.79,0,40,60,1.1,100,0,0,0,0,0,0,0.02,0.02,0.2,1.25,0,0,0,200,50,0,0,200,200,50,0,0,0,0,0,0,0,0,0,0,0,0,0,1,0,0,0,0
838,7,cn-server-capture,1,0,1,0,0,2,2,1,1,0,1,100,3,0.671,2301,1825,2070,1415,10,24.45,5,5,0.2,0.2,0.2,4540,0.26,0.07,0.01,3700,2960,3000,4280,4000,3500,1.8175,1.494,1000,1400,2301,3950.156,0.55,0,1.5,0.79,0,40,60,1.1,100,0,0,0,0,0,0,0.02,0.02,0.2,1.25,0,0,0,200,50,0,0,200,200,50,0,0,0,0,0,0,0,0,0,0,0,0,0,1,0,0,0,0
839,4,cn-server-capture,1,0,1,0,0,2,2,1,1,0,1,100,3,0.67,2297,1825,2070,1415,10,25.35,5,5,0.2,0.2,0.2,4800,0.257,0.07,0.01,1,2940,3000,4290,4000,3500,1.8255,1.494,1000,1400,2297,3776.886,0.55,0,1.5,1,0,40,60,1.1,100,0,0,0,0,0,0,0.02,0.02,0.2,1.25,0,0,0,200,50,0,0,200,200,50,0,0,0,0,0,0,0,0,0,0,0,0,0,1,0,0,0,0
839,7,cn-server-capture,1,0,1,0,0,2,2,1,1,0,1,100,3,0.67,2297,1825,2070,1415,10,25.35,5,5,0.2,0.2,0.2,4800,0.257,0.07,0.01,3650,2940,3000,4290,4000,3500,1.8255,1.494,1000,1400,2297,3776.886,0.55,0,1.5,1,0,40,60,1.1,100,0,0,0,0,0,0,0.02,0.02,0.2,1.25,0,0,0,200,50,0,0,200,200,50,0,0,0,0,0,0,0,0,0,0,0,0,0,1,0,0,0,0
840,4,cn-server-capture,1,0,1,0,0,2,2,1,1,0,1,100,3,0.668,2298,1825,2070,1415,10,24.45,5,5,0.2,0.2,0.2,4500,0.24700001,0.07,0.01,1,2900,3000,4320,4000,3500,1.8355,1.494,1000,1300,2298,4154.653,0.65,0,1.5,0.88,0,40,60,1.1,100,0,0,0,0,0,0,0.02,0.02,0.2,1.25,0,0,0,200,50,0,0,200,200,50,0,0,0,0,0,0,0,0,0,0,0,0,0,1,0,0,0,0
840,7,cn-server-capture,1,0,1,0,0,2,2,1,1,0,1,100,3,0.668,2298,1825,2070,1415,10,24.45,5,5,0.2,0.2,0.2,4500,0.24700001,0.07,0.01,3400,2900,3000,4320,4000,3500,1.8355,1.494,1000,1300,2298,4154.653,0.65,0,1.5,0.88,0,40,60,1.1,100,0,0,0,0,0,0,0.02,0.02,0.2,1.25,0,0,0,200,50,0,0,200,200,50,0,0,0,0,0,0,0,0,0,0,0,0,0,1,0,0,0,0
841,4,cn-server-capture,1,0,1,0,0,2,2,1,1,0,1,100,3,0.671,2298,1825,2070,1415,10,24.45,5,5,0.2,0.2,0.2,4280,0.245,0.07,0.01,1,2750,3000,4050,4000,3500,1.8284999,1.494,1000,1400,2298,3735.388,0.5,0,1.5,1,0,40,60,1.1,100,0,0,0,0,0,0,0.02,0.02,0.2,1.25,0,0,0,200,50,0,0,200,200,50,0,0,0,0,0,0,0,0,0,0,0,0,0,1,0,0,0,0
841,7,cn-server-capture,1,0,1,0,0,2,2,1,1,0,1,100,3,0.671,2298,1825,2070,1415,10,24.45,5,5,0.2,0.2,0.2,4280,0.245,0.07,0.01,2950,2750,3000,4050,4000,3500,1.8284999,1.494,1000,1400,2298,3735.388,0.5,0,1.5,1,0,40,60,1.1,100,0,0,0,0,0,0,0.02,0.02,0.2,1.25,0,0,0,200,50,0,0,200,200,50,0,0,0,0,0,0,0,0,0,0,0,0,0,1,0,0,0,0
842,4,cn-server-capture,1,0,1,0,0,2,3,2,1,0,1,100,3,0.672,2300,1825,2070,1415,10,25.15,5,5,0.2,0.2,0.2,4050,0.246,0.07,0.01,1,3000,3000,4500,4000,3500,1.7954999,1.494,1400,1000,3738.788,2300,0,1,1.5,1,0,40,60,1.1,100,0,0,0,0,0,0,0.02,0.02,0.2,1.25,0,0,0,200,50,0,0,200,200,50,0,0,0,0,0,0,0,0,0,0,0,0,0,1,0,0,0,0
842,7,cn-server-capture,1,0,1,0,0,2,3,2,1,0,1,100,3,0.672,2300,1825,2070,1415,10,25.15,5,5,0.2,0.2,0.2,4050,0.246,0.07,0.01,4300,3000,3000,4500,4000,3500,1.7954999,1.494,1400,1000,3738.788,2300,0,1,1.5,1,0,40,60,1.1,100,0,0,0,0,0,0,0.02,0.02,0.2,1.25,0,0,0,200,50,0,0,200,200,50,0,0,0,0,0,0,0,0,0,0,0,0,0,1,0,0,0,0
843,4,cn-server-capture,1,0,1,0,0,2,3,2,1,0,1,100,3,0.672,2300,1825,2070,1415,10,24.65,5,5,0.2,0.2,0.2,4100,0.246,0.07,0.01,1,2900,3000,4300,4000,3500,1.8255,1.494,1300,1400,3738.788,3948.356,0.5,1,1.5,1,0,40,60,1.1,100,0,0,0,0,0,0,0.02,0.02,0.2,1.25,0,0,0,200,50,0,0,200,200,50,0,0,0,0,0,0,0,0,0,0,0,0,0,1,0,0,0,0
843,7,cn-server-capture,1,0,1,0,0,2,3,2,1,0,1,100,3,0.672,2300,1825,2070,1415,10,24.65,5,5,0.2,0.2,0.2,4100,0.246,0.07,0.01,3700,2900,3000,4300,4000,3500,1.8255,1.494,1300,1400,3738.788,3948.356,0.5,1,1.5,1,0,40,60,1.1,100,0,0,0,0,0,0,0.02,0.02,0.2,1.25,0,0,0,200,50,0,0,200,200,50,0,0,0,0,0,0,0,0,0,0,0,0,0,1,0,0,0,0
844,4,cn-server-capture,1,0,1,0,0,2,2,1,1,0,1,100,3,0.672,2310,1825,2070,1415,10,24.95,5,5,0.2,0.2,0.2,4200,0.245,0.07,0.01,1,3400,3000,5100,4000,3500,1.8355,1.494,1000,1300,2310,4177.453,0.5,0,1.5,0.83,0,40,60,1.1,100,0,0,0,0,0,0,0.02,0.02,0.2,1.25,0,0,0,200,50,0,0,200,200,50,0,0,0,0,0,0,0,0,0,0,0,0,0,1,0,0,0,0
844,7,cn-server-capture,1,0,1,0,0,2,2,1,1,0,1,100,3,0.672,2310,1825,2070,1415,10,24.95,5,5,0.2,0.2,0.2,4200,0.245,0.07,0.01,3700,3400,3000,5100,4000,3500,1.8355,1.494,1000,1300,2310,4177.453,0.5,0,1.5,0.83,0,40,60,1.1,100,0,0,0,0,0,0,0.02,0.02,0.2,1.25,0,0,0,200,50,0,0,200,200,50,0,0,0,0,0,0,0,0,0,0,0,0,0,1,0,0,0,0
845,4,cn-server-capture,1,0,1,0,0,2,2,1,1,0,1,100,3,0.667,2295,1825,2070,1415,10,24.55,5,5,0.2,0.2,0.2,4500,0.255,0.07,0.01,1,2800,3000,4200,4000,3500,1.8255,1.494,1000,1400,2295,3939.356,0.55,0,1.5,0.9,0,40,60,1.1,100,0,0,0,0,0,0,0.02,0.02,0.2,1.25,0,0,0,200,50,0,0,200,200,50,0,0,0,0,0,0,0,0,0,0,0,0,0,1,0,0,0,0
845,7,cn-server-capture,1,0,1,0,0,2,2,1,1,0,1,100,3,0.667,2295,1825,2070,1415,10,24.55,5,5,0.2,0.2,0.2,4500,0.255,0.07,0.01,3300,2800,3000,4200,4000,3500,1.8255,1.494,1000,1400,2295,3939.356,0.55,0,1.5,0.9,0,40,60,1.1,100,0,0,0,0,0,0,0.02,0.02,0.2,1.25,0,0,0,200,50,0,0,200,200,50,0,0,0,0,0,0,0,0,0,0,0,0,0,1,0,0,0,0
846,4,cn-server-capture,1.15,2000,1.15,500,300,2,2,1,1,0,1,100,3,0.6732,2297,1825,2070,1415,10,25.25,5,5,0.2,0.2,0.2,4100,0.24400002,0.065,0.01,1,2900,3000,4300,4000,3500,1.8375,1.494,1000,1500,2297,3631.371,0.5,0,1.5,0.92,0,40,60,1.1,100,0,0,0,0,0,0,0.02,0.02,0.2,1.25,0,0,0,200,50,0,0,200,200,50,0,0,0,0,0,0,0,0,0,0,0,0,0,1,0,0,0,0
846,7,cn-server-capture,1.15,2000,1.15,500,300,2,2,1,1,0,1,100,3,0.6732,2297,1825,2070,1415,10,25.25,5,5,0.2,0.2,0.2,4100,0.24400002,0.065,0.01,3800,2900,3000,4300,4000,3500,1.8375,1.494,1000,1500,2297,3631.371,0.5,0,1.5,0.92,0,40,60,1.1,100,0,0,0,0,0,0,0.02,0.02,0.2,1.25,0,0,0,200,50,0,0,200,200,50,0,0,0,0,0,0,0,0,0,0,0,0,0,1,0,0,0,0
847,4,cn-server-capture,1,0,1,0,0,2,2,1,1,0,1,100,3,0.668,2297,1825,2070,1415,10,24.65,5,5,0.2,0.2,0.2,4700,0.25800002,0.07,0.01,1,3400,3000,5100,4000,3500,1.8255,1.494,1000,1600,2297,3733.688,0.55,0,1.5,0.79,0,40,60,1.1,100,0,0,0,0,0,0,0.02,0.02,0.2,1.25,0,0,0,200,50,0,0,200,200,50,0,0,0,0,0,0,0,0,0,0,0,0,0,1,0,0,0,0
847,7,cn-server-capture,1,0,1,0,0,2,2,1,1,0,1,100,3,0.668,2297,1825,2070,1415,10,24.65,5,5,0.2,0.2,0.2,4700,0.25800002,0.07,0.01,3700,3400,3000,5100,4000,3500,1.8255,1.494,1000,1600,2297,3733.688,0.55,0,1.5,0.79,0,40,60,1.1,100,0,0,0,0,0,0,0.02,0.02,0.2,1.25,0,0,0,200,50,0,0,200,200,50,0,0,0,0,0,0,0,0,0,0,0,0,0,1,0,0,0,0
849,4,cn-server-capture,1.15,2000,1.25,500,300,2,2,1,1,0,1,100,3,0.671,2300,1825,2070,1415,10,25.45,5,5,0.2,0.2,0.2,4100,0.245,0.06,0.01,1,2900,3000,4300,4000,3500,1.8405,1.494,1000,1500,2300,3636.321,0.5,0,1.5,0.92,0,40,60,1.1,100,0,0,0,0,0,0,0.02,0.02,0.2,1.25,0,0,0,200,50,0,0,200,200,50,0,0,0,0,0,0,0,0,0,0,0,0,0,1,0,0,0,0
849,7,cn-server-capture,1.15,2000,1.25,500,300,2,2,1,1,0,1,100,3,0.671,2300,1825,2070,1415,10,25.45,5,5,0.2,0.2,0.2,4100,0.245,0.06,0.01,3800,2900,3000,4300,4000,3500,1.8405,1.494,1000,1500,2300,3636.321,0.5,0,1.5,0.92,0,40,60,1.1,100,0,0,0,0,0,0,0.02,0.02,0.2,1.25,0,0,0,200,50,0,0,200,200,50,0,0,0,0,0,0,0,0,0,0,0,0,0,1,0,0,0,0
850,4,cn-server-capture,1,0,1,0,0,3,2,1,1,1,1,100,3,0.668,2295,1825,2070,1415,10,24.52,5,5,0.2,0.2,0.2,4150,0.24000001,0.07,0.01,1,2800,3000,4080,4000,3500,1.8305,1.494,1000,1400,2295,3628.071,0.4,0,1.5,1,0,40,60,1.1,100,0,0,0,0,0,0,0.02,0.02,0.2,1.25,0,0,0,200,50,0,0,200,200,50,0,0,0,0,0,0,0,0,0,0,0,0,0,1,0,0,0,0
850,7,cn-server-capture,1,0,1,0,0,3,2,1,1,1,1,100,3,0.668,2295,1825,2070,1415,10,24.52,5,5,0.2,0.2,0.2,4150,0.24000001,0.07,0.01,3050,2800,3000,4080,4000,3500,1.8305,1.494,1000,1400,2295,3628.071,0.4,0,1.5,1,0,40,60,1.1,100,0,0,0,0,0,0,0.02,0.02,0.2,1.25,0,0,0,200,50,0,0,200,200,50,0,0,0,0,0,0,0,0,0,0,0,0,0,1,0,0,0,0
852,4,cn-server-capture,1.15,2000,1.25,500,300,2,3,2,1,0,1,100,3,0.67,2298,1825,2070,1415,10,25.05,5,5,0.2,0.2,0.2,4100,0.25100002,0.06,0.01,1,3000,3000,4500,4000,3500,1.7954999,1.494,1400,1000,3944.756,2298,0,1,1.5,1,0,40,60,1.1,100,0,0,0,0,0,0,0.02,0.02,0.2,1.25,0,0,0,200,50,0,0,200,200,50,0,0,0,0,0,0,0,0,0,0,0,0,0,1,0,0,0,0
852,7,cn-server-capture,1.15,2000,1.25,500,300,2,3,2,1,0,1,100,3,0.67,2298,1825,2070,1415,10,25.05,5,5,0.2,0.2,0.2,4100,0.25100002,0.06,0.01,4300,3000,3000,4500,4000,3500,1.7954999,1.494,1400,1000,3944.756,2298,0,1,1.5,1,0,40,60,1.1,100,0,0,0,0,0,0,0.02,0.02,0.2,1.25,0,0,0,200,50,0,0,200,200,50,0,0,0,0,0,0,0,0,0,0,0,0,0,1,0,0,0,0
853,4,cn-server-capture,1.15,2000,1.25,500,300,2,3,2,1,0,1,100,3,0.672,2300,1825,2070,1415,10,25.25,5,5,0.2,0.2,0.2,4050,0.25,0.065,0.01,1,3000,3000,4500,4000,3500,1.7055,1.494,1450,1000,3738.788,2300,0,1,1.5,1,0,40,60,1.1,100,0,0,0,0,0,0,0.02,0.02,0.2,1.25,0,0,0,200,50,0,0,200,200,50,0,0,0,0,0,0,0,0,0,0,0,0,0,1,0,0,0,0
853,7,cn-server-capture,1.15,2000,1.25,500,300,2,3,2,1,0,1,100,3,0.672,2300,1825,2070,1415,10,25.25,5,5,0.2,0.2,0.2,4050,0.25,0.065,0.01,4300,3000,3000,4500,4000,3500,1.7055,1.494,1450,1000,3738.788,2300,0,1,1.5,1,0,40,60,1.1,100,0,0,0,0,0,0,0.02,0.02,0.2,1.25,0,0,0,200,50,0,0,200,200,50,0,0,0,0,0,0,0,0,0,0,0,0,0,1,0,0,0,0
854,4,cn-server-capture,1.15,2000,1.3,500,350,2,2,1,1,0,1,100,3,0.67,2300,1825,2070,1415,10,24.65,5,5,0.2,0.2,0.2,4600,0.24800001,0.06,0.01,1,2950,3000,4400,4000,3500,1.8455,1.494,1000,1350,2300,3948.356,0.7,0,1.5,0.9,0,40,60,1.1,100,0,0,0,0,0,0,0.02,0.02,0.2,1.25,0,0,0,200,50,0,0,200,200,50,0,0,0,0,0,0,0,0,0,0,0,0,0,1,0,0,0,0
854,7,cn-server-capture,1.15,2000,1.3,500,350,2,2,1,1,0,1,100,3,0.67,2300,1825,2070,1415,10,24.65,5,5,0.2,0.2,0.2,4600,0.24800001,0.06,0.01,3700,2950,3000,4400,4000,3500,1.8455,1.494,1000,1350,2300,3948.356,0.7,0,1.5,0.9,0,40,60,1.1,100,0,0,0,0,0,0,0.02,0.02,0.2,1.25,0,0,0,200,50,0,0,200,200,50,0,0,0,0,0,0,0,0,0,0,0,0,0,1,0,0,0,0
855,4,cn-server-capture,1.15,2000,1.275,500,325,2,2,1,1,0,1,100,3,0.67,2300,1825,2070,1415,10,25.05,5,5,0.2,0.2,0.2,4150,0.246,0.06,0.01,1,2910,3000,4320,4000,3500,1.8425,1.494,1000,1500,2300,3636.321,0.6,0,1.5,0.91,0,40,60,1.1,100,0,0,0,0,0,0,0.02,0.02,0.2,1.25,0,0,0,200,50,0,0,200,200,50,0,0,0,0,0,0,0,0,0,0,0,0,0,1,0,0,0,0
855,7,cn-server-capture,1.15,2000,1.275,500,325,2,2,1,1,0,1,100,3,0.67,2300,1825,2070,1415,10,25.05,5,5,0.2,0.2,0.2,4150,0.246,0.06,0.01,3750,2910,3000,4320,4000,3500,1.8425,1.494,1000,1500,2300,3636.321,0.6,0,1.5,0.91,0,40,60,1.1,100,0,0,0,0,0,0,0.02,0.02,0.2,1.25,0,0,0,200,50,0,0,200,200,50,0,0,0,0,0,0,0,0,0,0,0,0,0,1,0,0,0,0
856,4,cn-server-capture,1.15,2000,1.25,500,300,2,3,2,1,0,1,100,3,0.6718,2299,1825,2070,1415,10,25.15,5,5,0.2,0.2,0.2,4050,0.25,0.065,0.01,1,3000,3000,4500,4000,3500,1.7164999,1.494,1470,1000,3737.088,2299,0,1,1.5,1,0,40,60,1.1,100,0,0,0,0,0,0,0.02,0.02,0.2,1.25,0,0,0,200,50,0,0,200,200,50,0,0,0,0,0,0,0,0,0,0,0,0,0,1,0,0,0,0
856,7,cn-server-capture,1.15,2000,1.25,500,300,2,3,2,1,0,1,100,3,0.6718,2299,1825,2070,1415,10,25.15,5,5,0.2,0.2,0.2,4050,0.25,0.065,0.01,4300,3000,3000,4500,4000,3500,1.7164999,1.494,1470,1000,3737.088,2299,0,1,1.5,1,0,40,60,1.1,100,0,0,0,0,0,0,0.02,0.02,0.2,1.25,0,0,0,200,50,0,0,200,200,50,0,0,0,0,0,0,0,0,0,0,0,0,0,1,0,0,0,0
857,4,cn-server-capture,1.15,2000,1.15,500,300,2,2,1,1,0,1,100,3,0.6742,2298,1825,2070,1415,10,25.25,5,5,0.2,0.2,0.2,4150,0.24400002,0.065,0.01,1,2890,3000,4290,4000,3500,1.8405,1.494,1000,1400,2298,3944.756,0.5,0,1.5,1,0,40,60,1.1,100,0,0,0,0,0,0,0.02,0.02,0.2,1.25,0,0,0,200,50,0,0,200,200,50,0,0,0,0,0,0,0,0,0,0,0,0,0,1,0,0,0,0
857,7,cn-server-capture,1.15,2000,1.15,500,300,2,2,1,1,0,1,100,3,0.6742,2298,1825,2070,1415,10,25.25,5,5,0.2,0.2,0.2,4150,0.24400002,0.065,0.01,3770,2890,3000,4290,4000,3500,1.8405,1.494,1000,1400,2298,3944.756,0.5,0,1.5,1,0,40,60,1.1,100,0,0,0,0,0,0,0.02,0.02,0.2,1.25,0,0,0,200,50,0,0,200,200,50,0,0,0,0,0,0,0,0,0,0,0,0,0,1,0,0,0,0
858,4,cn-server-capture,1.15,2000,1.15,500,300,2,2,2,1,0,1,100,3,0.6735,2300,1825,2070,1415,10,25.25,5,5,0.2,0.2,0.2,4050,0.243,0.065,0.01,1,3000,3000,4500,4000,3500,1.8405,1.494,1400,1000,3948.356,2300,0,1,1.5,1,0,40,60,1.1,100,0,0,0,0,0,0,0.02,0.02,0.2,1.25,0,0,0,200,50,0,0,200,200,50,0,0,0,0,0,0,0,0,0,0,0,0,0,1,0,0,0,0
858,7,cn-server-capture,1.15,2000,1.15,500,300,2,2,2,1,0,1,100,3,0.6735,2300,1825,2070,1415,10,25.25,5,5,0.2,0.2,0.2,4050,0.243,0.065,0.01,4300,3000,3000,4500,4000,3500,1.8405,1.494,1400,1000,3948.356,2300,0,1,1.5,1,0,40,60,1.1,100,0,0,0,0,0,0,0.02,0.02,0.2,1.25,0,0,0,200,50,0,0,200,200,50,0,0,0,0,0,0,0,0,0,0,0,0,0,1,0,0,0,0
859,4,cn-server-capture,1.15,2000,1.15,500,300,2,2,1,1,0,1,100,3,0.6718,2300,1825,2070,1415,10,25.25,5,5,0.2,0.2,0.2,4150,0.245,0.065,0.01,1,2900,3000,4300,4000,3500,1.8405,1.494,1000,1450,2300,3948.356,0.5,0,1.5,1,0,40,60,1.1,100,0,0,0,0,0,0,0.02,0.02,0.2,1.25,0,0,0,200,50,0,0,200,200,50,0,0,0,0,0,0,0,0,0,0,0,0,0,1,0,0,0,0
859,7,cn-server-capture,1.15,2000,1.15,500,300,2,2,1,1,0,1,100,3,0.6718,2300,1825,2070,1415,10,25.25,5,5,0.2,0.2,0.2,4150,0.245,0.065,0.01,3770,2900,3000,4300,4000,3500,1.8405,1.494,1000,1450,2300,3948.356,0.5,0,1.5,1,0,40,60,1.1,100,0,0,0,0,0,0,0.02,0.02,0.2,1.25,0,0,0,200,50,0,0,200,200,50,0,0,0,0,0,0,0,0,0,0,0,0,0,1,0,0,0,0
860,4,cn-server-capture,1.15,2000,1.285,500,335,2,2,1,1,0,1,100,3,0.671,2302,1825,2070,1415,10,25.15,5,5,0.2,0.2,0.2,4150,0.24800001,0.06,0.01,1,2920,3000,4320,4000,3500,1.8455,1.494,1000,1500,2302,3742.188,0.6,0,1.5,1,0,40,60,1.1,100,0,0,0,0,0,0,0.02,0.02,0.2,1.25,0,0,0,200,50,0,0,200,200,50,0,0,0,0,0,0,0,0,0,0,0,0,0,1,0,0,0,0
860,7,cn-server-capture,1.15,2000,1.285,500,335,2,2,1,1,0,1,100,3,0.671,2302,1825,2070,1415,10,25.15,5,5,0.2,0.2,0.2,4150,0.24800001,0.06,0.01,3800,2920,3000,4320,4000,3500,1.8455,1.494,1000,1500,2302,3742.188,0.6,0,1.5,1,0,40,60,1.1,100,0,0,0,0,0,0,0.02,0.02,0.2,1.25,0,0,0,200,50,0,0,200,200,50,0,0,0,0,0,0,0,0,0,0,0,0,0,1,0,0,0,0
862,4,cn-server-capture,1.15,2000,1.25,500,300,2,2,2,1,0,1,100,3,0.672,2297,1825,2070,1415,10,25.15,5,5,0.2,0.2,0.2,4050,0.25,0.06,0.01,1,3000,3000,4500,4000,3500,1.7754999,1.494,1400,1000,3733.688,2297,0,1,1.5,1,0,40,60,1.1,100,0,0,0,0,0,0,0.02,0.02,0.2,1.25,0,0,0,200,50,0,0,200,200,50,0,0,0,0,0,0,0,0,0,0,0,0,0,1,0,0,0,0
862,7,cn-server-capture,1.15,2000,1.25,500,300,2,2,2,1,0,1,100,3,0.672,2297,1825,2070,1415,10,25.15,5,5,0.2,0.2,0.2,4050,0.25,0.06,0.01,4300,3000,3000,4500,4000,3500,1.7754999,1.494,1400,1000,3733.688,2297,0,1,1.5,1,0,40,60,1.1,100,0,0,0,0,0,0,0.02,0.02,0.2,1.25,0,0,0,200,50,0,0,200,200,50,0,0,0,0,0,0,0,0,0,0,0,0,0,1,0,0,0,0
863,4,cn-server-capture,1.15,2000,1.25,500,300,2,2,1,1,0,1,100,3,0.668,2301,1825,2070,1415,10,24.75,5,5,0.2,0.2,0.2,4800,0.256,0.06,0.01,1,2900,3000,4300,4000,3500,1.8405,1.494,1000,1400,2301,3950.156,0.55,0,1.5,0.79,0,40,60,1.1,100,0,0,0,0,0,0,0.02,0.02,0.2,1.25,0,0,0,200,50,0,0,200,200,50,0,0,0,0,0,0,0,0,0,0,0,0,0,1,0,0,0,0
863,7,cn-server-capture,1.15,2000,1.25,500,300,2,2,1,1,0,1,100,3,0.668,2301,1825,2070,1415,10,24.75,5,5,0.2,0.2,0.2,4800,0.256,0.06,0.01,3680,2900,3000,4300,4000,3500,1.8405,1.494,1000,1400,2301,3950.156,0.55,0,1.5,0.79,0,40,60,1.1,100,0,0,0,0,0,0,0.02,0.02,0.2,1.25,0,0,0,200,50,0,0,200,200,50,0,0,0,0,0,0,0,0,0,0,0,0,0,1,0,0,0,0
864,4,cn-server-capture,1.15,2000,1.285,500,335,2,2,1,1,0,1,100,3,0.67,2298,1825,2070,1415,10,24.95,5,5,0.2,0.2,0.2,4200,0.24700001,0.06,0.01,1,2930,3000,4350,4000,3500,1.8435,1.494,1000,1500,2298,3735.388,0.6,0,1.5,0.91,0,40,60,1.1,100,0,0,0,0,0,0,0.02,0.02,0.2,1.25,0,0,0,200,50,0,0,200,200,50,0,0,0,0,0,0,0,0,0,0,0,0,0,1,0,0,0,0
864,7,cn-server-capture,1.15,2000,1.285,500,335,2,2,1,1,0,1,100,3,0.67,2298,1825,2070,1415,10,24.95,5,5,0.2,0.2,0.2,4200,0.24700001,0.06,0.01,3780,2930,3000,4350,4000,3500,1.8435,1.494,1000,1500,2298,3735.388,0.6,0,1.5,0.91,0,40,60,1.1,100,0,0,0,0,0,0,0.02,0.02,0.2,1.25,0,0,0,200,50,0,0,200,200,50,0,0,0,0,0,0,0,0,0,0,0,0,0,1,0,0,0,0
865,4,cn-server-capture,1.15,2000,1.25,500,300,2,2,1,1,0,1,100,3,0.6705,2303,1825,2070,1415,10,24.35,5,5,0.2,0.2,0.2,4200,0.246,0.06,0.01,1,2910,3000,4320,4000,3500,1.8405,1.494,1000,1500,2303,3641.271,0.6,0,1.5,0.92,0,40,60,1.1,100,0,0,0,0,0,0,0.02,0.02,0.2,1.25,0,0,0,200,50,0,0,200,200,50,0,0,0,0,0,0,0,0,0,0,0,0,0,1,0,0,0,0
865,7,cn-server-capture,1.15,2000,1.25,500,300,2,2,1,1,0,1,100,3,0.6705,2303,1825,2070,1415,10,24.35,5,5,0.2,0.2,0.2,4200,0.246,0.06,0.01,3690,2910,3000,4320,4000,3500,1.8405,1.494,1000,1500,2303,3641.271,0.6,0,1.5,0.92,0,40,60,1.1,100,0,0,0,0,0,0,0.02,0.02,0.2,1.25,0,0,0,200,50,0,0,200,200,50,0,0,0,0,0,0,0,0,0,0,0,0,0,1,0,0,0,0
866,4,cn-server-capture,1.15,2000,1.25,500,300,2,2,2,1,0,1,100,3,0.671,2295,1825,2070,1415,10,24.85,5,5,0.2,0.2,0.2,4000,0.25,0.06,0.01,1,3000,3000,4500,4000,3500,1.7854999,1.494,1450,1000,3628.071,2295,0,1,1.5,1,0,40,60,1.1,100,0,0,0,0,0,0,0.02,0.02,0.2,1.25,0,0,0,200,50,0,0,200,200,50,0,0,0,0,0,0,0,0,0,0,0,0,0,1,0,0,0,0
866,7,cn-server-capture,1.15,2000,1.25,500,300,2,2,2,1,0,1,100,3,0.671,2295,1825,2070,1415,10,24.85,5,5,0.2,0.2,0.2,4000,0.25,0.06,0.01,4300,3000,3000,4500,4000,3500,1.7854999,1.494,1450,1000,3628.071,2295,0,1,1.5,1,0,40,60,1.1,100,0,0,0,0,0,0,0.02,0.02,0.2,1.25,0,0,0,200,50,0,0,200,200,50,0,0,0,0,0,0,0,0,0,0,0,0,0,1,0,0,0,0
867,4,cn-server-capture,1.15,2000,1.25,500,300,2,2,1,1,0,1,100,3,0.6705,2300,1825,2070,1415,10,24.85,5,5,0.2,0.2,0.2,4125,0.246,0.06,0.01,1,2910,3000,4320,4000,3500,1.8414999,1.494,1000,1500,2300,3636.321,0.5,0,1.5,0.92,0,40,60,1.1,100,0,0,0,0,0,0,0.02,0.02,0.2,1.25,0,0,0,200,50,0,0,200,200,50,0,0,0,0,0,0,0,0,0,0,0,0,0,1,0,0,0,0
867,7,cn-server-capture,1.15,2000,1.25,500,300,2,2,1,1,0,1,100,3,0.6705,2300,1825,2070,1415,10,24.85,5,5,0.2,0.2,0.2,4125,0.246,0.06,0.01,3770,2910,3000,4320,4000,3500,1.8414999,1.494,1000,1500,2300,3636.321,0.5,0,1.5,0.92,0,40,60,1.1,100,0,0,0,0,0,0,0.02,0.02,0.2,1.25,0,0,0,200,50,0,0,200,200,50,0,0,0,0,0,0,0,0,0,0,0,0,0,1,0,0,0,0
868,4,cn-server-capture,1.15,2000,1.25,500,300,2,2,2,1,0,1,100,3,0.671,2294,1825,2070,1415,10,24.75,5,5,0.2,0.2,0.2,4050,0.25,0.06,0.01,1,3000,3000,4500,4000,3500,1.7804999,1.494,1450,1000,3626.421,2294,0,1,1.5,0.92,0,40,60,1.1,100,0,0,0,0,0,0,0.02,0.02,0.2,1.25,0,0,0,200,50,0,0,200,200,50,0,0,0,0,0,0,0,0,0,0,0,0,0,1,0,0,0,0
868,7,cn-server-capture,1.15,2000,1.25,500,300,2,2,2,1,0,1,100,3,0.671,2294,1825,2070,1415,10,24.75,5,5,0.2,0.2,0.2,4050,0.25,0.06,0.01,4300,3000,3000,4500,4000,3500,1.7804999,1.494,1450,1000,3626.421,2294,0,1,1.5,0.92,0,40,60,1.1,100,0,0,0,0,0,0,0.02,0.02,0.2,1.25,0,0,0,200,50,0,0,200,200,50,0,0,0,0,0,0,0,0,0,0,0,0,0,1,0,0,0,0
869,4,cn-server-capture,1.15,2000,1.25,500,300,2,2,1,1,0,1,100,3,0.6695,2297,1825,2070,1415,10,24.75,5,5,0.2,0.2,0.2,4050,0.245,0.06,0.01,1,2910,3000,4320,4000,3500,1.8385,1.494,1000,1550,2297,3524.672,0.5,0,1.5,0.85,0,40,60,1.1,100,0,0,0,0,0,0,0.02,0.02,0.2,1.25,0,0,0,200,50,0,0,200,200,50,0,0,0,0,0,0,0,0,0,0,0,0,0,1,0,0,0,0
869,7,cn-server-capture,1.15,2000,1.25,500,300,2,2,1,1,0,1,100,3,0.6695,2297,1825,2070,1415,10,24.75,5,5,0.2,0.2,0.2,4050,0.245,0.06,0.01,3780,2910,3000,4320,4000,3500,1.8385,1.494,1000,1550,2297,3524.672,0.5,0,1.5,0.85,0,40,60,1.1,100,0,0,0,0,0,0,0.02,0.02,0.2,1.25,0,0,0,200,50,0,0,200,200,50,0,0,0,0,0,0,0,0,0,0,0,0,0,1,0,0,0,0
871,4,cn-server-capture,1,0,1,0,0,2,2,1,1,0,1,100,3,0.672,2296,1825,3070,1215,10,25.25,5,5,0.2,0.2,0.2,4060,0.25,0.07,0.01,1,3000,3000,4500,4000,3500,1.7904999,1.494,1000,1300,2296,3941.156,0.6,0,1.5,0.87,0,40,60,1.1,100,0,0,0,0,0,0,0.02,0.02,0.2,1.25,0,0,0,200,50,0,0,200,200,50,0,0,0,0,0,0,0,0,0,0,0,0,0,1,0,0,0,0
871,7,cn-server-capture,1,0,1,0,0,2,2,1,1,0,1,100,3,0.672,2296,1825,3070,1215,10,25.25,5,5,0.2,0.2,0.2,4060,0.25,0.07,0.01,3870,3000,3000,4500,4000,3500,1.7904999,1.494,1000,1300,2296,3941.156,0.6,0,1.5,0.87,0,40,60,1.1,100,0,0,0,0,0,0,0.02,0.02,0.2,1.25,0,0,0,200,50,0,0,200,200,50,0,0,0,0,0,0,0,0,0,0,0,0,0,1,0,0,0,0
872,4,cn-server-capture,1.15,2000,1.3,500,350,2,2,1,1,0,1,100,3,0.669,2305,1825,2070,1415,10,24.85,5,5,0.2,0.2,0.2,4300,0.246,0.06,0.01,1,2940,3000,4380,4000,3500,1.8514999,1.494,1000,1350,2305,3957.356,0.7,0,1.5,0.9,0,40,60,1.1,100,0,0,0,0,0,0,0.02,0.02,0.2,1.25,0,0,0,200,50,0,0,200,200,50,0,0,0,0,0,0,0,0,0,0,0,0,0,1,0,0,0,0
872,7,cn-server-capture,1.15,2000,1.3,500,350,2,2,1,1,0,1,100,3,0.669,2305,1825,2070,1415,10,24.85,5,5,0.2,0.2,0.2,4300,0.246,0.06,0.01,3750,2940,3000,4380,4000,3500,1.8514999,1.494,1000,1350,2305,3957.356,0.7,0,1.5,0.9,0,40,60,1.1,100,0,0,0,0,0,0,0.02,0.02,0.2,1.25,0,0,0,200,50,0,0,200,200,50,0,0,0,0,0,0,0,0,0,0,0,0,0,1,0,0,0,0
873,4,cn-server-capture,1.15,2000,1.25,500,300,2,2,2,1,0,1,100,3,0.671,2295,1825,2070,1415,10,24.55,5,5,0.2,0.2,0.2,4100,0.25,0.06,0.01,1,3000,3000,4500,4000,3500,1.7455,1.494,1450,1000,3730.288,2295,0,1,1.5,0.8,0,40,60,1.1,100,0,0,0,0,0,0,0.02,0.02,0.2,1.25,0,0,0,200,50,0,0,200,200,50,0,0,0,0,0,0,0,0,0,0,0,0,0,1,0,0,0,0
873,7,cn-server-capture,1.15,2000,1.25,500,300,2,2,2,1,0,1,100,3,0.671,2295,1825,2070,1415,10,24.55,5,5,0.2,0.2,0.2,4100,0.25,0.06,0.01,4300,3000,3000,4500,4000,3500,1.7455,1.494,1450,1000,3730.288,2295,0,1,1.5,0.8,0,40,60,1.1,100,0,0,0,0,0,0,0.02,0.02,0.2,1.25,0,0,0,200,50,0,0,200,200,50,0,0,0,0,0,0,0,0,0,0,0,0,0,1,0,0,0,0
874,4,cn-server-capture,1.15,2000,1.25,500,300,2,2,1,1,0,1,100,3,0.671,2298,1825,2070,1415,10,25.15,5,5,0.2,0.2,0.2,4200,0.24800001,0.06,0.01,1,2900,3000,4300,4000,3500,1.8405,1.494,1000,1500,2298,3633.021,0.5,0,1.5,0.92,0,40,60,1.1,100,0,0,0,0,0,0,0.02,0.02,0.2,1.25,0,0,0,200,50,0,0,200,200,50,0,0,0,0,0,0,0,0,0,0,0,0,0,1,0,0,0,0
874,7,cn-server-capture,1.15,2000,1.25,500,300,2,2,1,1,0,1,100,3,0.671,2298,1825,2070,1415,10,25.15,5,5,0.2,0.2,0.2,4200,0.24800001,0.06,0.01,3750,2900,3000,4300,4000,3500,1.8405,1.494,1000,1500,2298,3633.021,0.5,0,1.5,0.92,0,40,60,1.1,100,0,0,0,0,0,0,0.02,0.02,0.2,1.25,0,0,0,200,50,0,0,200,200,50,0,0,0,0,0,0,0,0,0,0,0,0,0,1,0,0,0,0
875,4,cn-server-capture,1.15,2000,1.25,500,300,2,2,1,1,0,1,100,3,0.67149997,2303,1825,2070,1415,10,25.25,5,5,0.2,0.2,0.2,4100,0.24400002,0.06,0.01,1,2900,3000,4300,4000,3500,1.8414999,1.494,1000,1490,2303,3682.0227,0.5,0,1.5,0.92,0,40,60,1.1,100,0,0,0,0,0,0,0.02,0.02,0.2,1.25,0,0,0,200,50,0,0,200,200,50,0,0,0,0,0,0,0,0,0,0,0,0,0,1,0,0,0,0
875,7,cn-server-capture,1.15,2000,1.25,500,300,2,2,1,1,0,1,100,3,0.67149997,2303,1825,2070,1415,10,25.25,5,5,0.2,0.2,0.2,4100,0.24400002,0.06,0.01,3800,2900,3000,4300,4000,3500,1.8414999,1.494,1000,1490,2303,3682.0227,0.5,0,1.5,0.92,0,40,60,1.1,100,0,0,0,0,0,0,0.02,0.02,0.2,1.25,0,0,0,200,50,0,0,200,200,50,0,0,0,0,0,0,0,0,0,0,0,0,0,1,0,0,0,0
876,4,cn-server-capture,1.15,2000,1.25,500,300,2,2,1,1,0,1,100,3,0.671,2298,1825,2070,1415,10,25.15,5,5,0.2,0.2,0.2,4200,0.24800001,0.06,0.01,1,2900,3000,4300,4000,3500,1.8405,1.494,1000,1500,2298,3633.021,0.5,0,1.5,0.92,0,40,60,1.1,100,0,0,0,0,0,0,0.02,0.02,0.2,1.25,0,0,0,200,50,0,0,200,200,50,0,0,0,0,0,0,0,0,0,0,0,0,0,1,0,0,0,0
876,7,cn-server-capture,1.15,2000,1.25,500,300,2,2,1,1,0,1,100,3,0.671,2298,1825,2070,1415,10,25.15,5,5,0.2,0.2,0.2,4200,0.24800001,0.06,0.01,3750,2900,3000,4300,4000,3500,1.8405,1.494,1000,1500,2298,3633.021,0.5,0,1.5,0.92,0,40,60,1.1,100,0,0,0,0,0,0,0.02,0.02,0.2,1.25,0,0,0,200,50,0,0,200,200,50,0,0,0,0,0,0,0,0,0,0,0,0,0,1,0,0,0,0
877,4,cn-server-capture,1.15,2000,1.28,500,330,2,2,1,1,0,1,100,3,0.6685,2299,1825,2070,1415,10,24.75,5,5,0.2,0.2,0.2,4250,0.25100002,0.06,0.01,1,2950,3000,4380,4000,3500,1.8435,1.494,1000,1500,2299,3737.088,0.6,0,1.5,0.88,0,40,60,1.1,100,0,0,0,0,0,0,0.02,0.02,0.2,1.25,0,0,0,200,50,0,0,200,200,50,0,0,0,0,0,0,0,0,0,0,0,0,0,1,0,0,0,0
877,7,cn-server-capture,1.15,2000,1.28,500,330,2,2,1,1,0,1,100,3,0.6685,2299,1825,2070,1415,10,24.75,5,5,0.2,0.2,0.2,4250,0.25100002,0.06,0.01,3800,2950,3000,4380,4000,3500,1.8435,1.494,1000,1500,2299,3737.088,0.6,0,1.5,0.88,0,40,60,1.1,100,0,0,0,0,0,0,0.02,0.02,0.2,1.25,0,0,0,200,50,0,0,200,200,50,0,0,0,0,0,0,0,0,0,0,0,0,0,1,0,0,0,0
878,4,cn-server-capture,1.15,2000,1.3,500,350,2,3,2,1,0,1,100,3,0.67,2299,1825,2070,1415,10,25.05,5,5,0.2,0.2,0.2,4100,0.25100002,0.06,0.01,1,3000,3000,4500,4000,3500,1.8054999,1.494,1400,1000,3946.556,2299,0,1,1.5,1,0,40,60,1.1,100,0,0,0,0,0,0,0.02,0.02,0.2,1.25,0,0,0,200,50,0,0,200,200,50,0,0,0,0,0,0,0,0,0,0,0,0,0,1,0,0,0,0
878,7,cn-server-capture,1.15,2000,1.3,500,350,2,3,2,1,0,1,100,3,0.67,2299,1825,2070,1415,10,25.05,5,5,0.2,0.2,0.2,4100,0.25100002,0.06,0.01,4300,3000,3000,4500,4000,3500,1.8054999,1.494,1400,1000,3946.556,2299,0,1,1.5,1,0,40,60,1.1,100,0,0,0,0,0,0,0.02,0.02,0.2,1.25,0,0,0,200,50,0,0,200,200,50,0,0,0,0,0,0,0,0,0,0,0,0,0,1,0,0,0,0
879,4,cn-server-capture,1.15,2000,1.29,500,340,2,2,1,1,0,1,100,3,0.67,2298,1825,2070,1415,10,24.55,5,5,0.2,0.2,0.2,4350,0.24800001,0.058,0.01,1,2920,3000,4330,4000,3500,1.8435,1.494,1000,1500,2298,3735.388,0.6,0,1.5,0.91,0,40,60,1.1,100,0,0,0,0,0,0,0.02,0.02,0.2,1.25,0,0,0,200,50,0,0,200,200,50,0,0,0,0,0,0,0,0,0,0,0,0,0,1,0,0,0,0
879,7,cn-server-capture,1.15,2000,1.29,500,340,2,2,1,1,0,1,100,3,0.67,2298,1825,2070,1415,10,24.55,5,5,0.2,0.2,0.2,4350,0.24800001,0.058,0.01,3800,2920,3000,4330,4000,3500,1.8435,1.494,1000,1500,2298,3735.388,0.6,0,1.5,0.91,0,40,60,1.1,100,0,0,0,0,0,0,0.02,0.02,0.2,1.25,0,0,0,200,50,0,0,200,200,50,0,0,0,0,0,0,0,0,0,0,0,0,0,1,0,0,0,0
880,4,cn-server-capture,1.15,2000,1.25,500,300,2,2,1,1,0,1,100,3,0.669,2301,1825,2070,1415,10,24.85,5,5,0.2,0.2,0.2,4700,0.256,0.06,0.01,1,2910,3000,4320,4000,3500,1.8414999,1.494,1000,1450,2301,3950.156,0.55,0,1.5,0.79,0,40,60,1.1,100,0,0,0,0,0,0,0.02,0.02,0.2,1.25,0,0,0,200,50,0,0,200,200,50,0,0,0,0,0,0,0,0,0,0,0,0,0,1,0,0,0,0
880,7,cn-server-capture,1.15,2000,1.25,500,300,2,2,1,1,0,1,100,3,0.669,2301,1825,2070,1415,10,24.85,5,5,0.2,0.2,0.2,4700,0.256,0.06,0.01,3680,2910,3000,4320,4000,3500,1.8414999,1.494,1000,1450,2301,3950.156,0.55,0,1.5,0.79,0,40,60,1.1,100,0,0,0,0,0,0,0.02,0.02,0.2,1.25,0,0,0,200,50,0,0,200,200,50,0,0,0,0,0,0,0,0,0,0,0,0,0,1,0,0,0,0
881,4,cn-server-capture,1.15,2000,1.25,500,300,2,2,2,1,0,1,100,3,0.671,2295,1825,2070,1415,10,24.95,5,5,0.2,0.2,0.2,4050,0.25,0.06,0.01,1,3000,3000,4500,4000,3500,1.7804999,1.494,1450,1000,3628.071,2295,0,1,1.5,1,0,40,60,1.1,100,0,0,0,0,0,0,0.02,0.02,0.2,1.25,0,0,0,200,50,0,0,200,200,50,0,0,0,0,0,0,0,0,0,0,0,0,0,1,0,0,0,0
881,7,cn-server-capture,1.15,2000,1.25,500,300,2,2,2,1,0,1,100,3,0.671,2295,1825,2070,1415,10,24.95,5,5,0.2,0.2,0.2,4050,0.25,0.06,0.01,4300,3000,3000,4500,4000,3500,1.7804999,1.494,1450,1000,3628.071,2295,0,1,1.5,1,0,40,60,1.1,100,0,0,0,0,0,0,0.02,0.02,0.2,1.25,0,0,0,200,50,0,0,200,200,50,0,0,0,0,0,0,0,0,0,0,0,0,0,1,0,0,0,0
882,4,cn-server-capture,1.15,2000,1.285,500,335,2,3,2,1,0,1,100,3,0.67,2300,1825,2070,1415,10,24.75,5,5,0.2,0.2,0.2,4100,0.25,0.06,0.01,1,3000,3000,4500,4000,3500,1.7954999,1.494,1450,1000,3738.788,2300,0,1,1.5,1,0,40,60,1.1,100,0,0,0,0,0,0,0.02,0.02,0.2,1.25,0,0,0,200,50,0,0,200,200,50,0,0,0,0,0,0,0,0,0,0,0,0,0,1,0,0,0,0
882,7,cn-server-capture,1.15,2000,1.285,500,335,2,3,2,1,0,1,100,3,0.67,2300,1825,2070,1415,10,24.75,5,5,0.2,0.2,0.2,4100,0.25,0.06,0.01,4300,3000,3000,4500,4000,3500,1.7954999,1.494,1450,1000,3738.788,2300,0,1,1.5,1,0,40,60,1.1,100,0,0,0,0,0,0,0.02,0.02,0.2,1.25,0,0,0,200,50,0,0,200,200,50,0,0,0,0,0,0,0,0,0,0,0,0,0,1,0,0,0,0
883,4,cn-server-capture,1.15,2000,1.285,500,335,2,2,1,1,0,1,100,3,0.668,2300,1825,2070,1415,10,24.95,5,5,0.2,0.2,0.2,4250,0.25,0.06,0.01,1,2950,3000,4380,4000,3500,1.8435,1.494,1000,1500,2300,3738.788,0.6,0,1.5,0.91,0,40,60,1.1,100,0,0,0,0,0,0,0.02,0.02,0.2,1.25,0,0,0,200,50,0,0,200,200,50,0,0,0,0,0,0,0,0,0,0,0,0,0,1,0,0,0,0
883,7,cn-server-capture,1.15,2000,1.285,500,335,2,2,1,1,0,1,100,3,0.668,2300,1825,2070,1415,10,24.95,5,5,0.2,0.2,0.2,4250,0.25,0.06,0.01,3800,2950,3000,4380,4000,3500,1.8435,1.494,1000,1500,2300,3738.788,0.6,0,1.5,0.91,0,40,60,1.1,100,0,0,0,0,0,0,0.02,0.02,0.2,1.25,0,0,0,200,50,0,0,200,200,50,0,0,0,0,0,0,0,0,0,0,0,0,0,1,0,0,0,0
884,4,cn-server-capture,1.15,2000,1.25,500,300,2,2,1,1,0,1,100,3,0.6732,2297,1825,2070,1415,10,25.25,5,5,0.2,0.2,0.2,4100,0.24400002,0.06,0.01,1,2900,3000,4300,4000,3500,1.8375,1.494,1000,880,2297,5375,0.5,0,1.5,0.92,0,40,60,1.1,100,0,0,0,0,0,0,0.02,0.02,0.2,1.25,0,0,0,200,50,0,0,200,200,50,0,0,0,0,0,0,0,0,0,0,0,0,0,1,0,0,0,0
884,7,cn-server-capture,1.15,2000,1.25,500,300,2,2,1,1,0,1,100,3,0.6732,2297,1825,2070,1415,10,25.25,5,5,0.2,0.2,0.2,4100,0.24400002,0.06,0.01,3800,2900,3000,4300,4000,3500,1.8375,1.494,1000,880,2297,5375,0.5,0,1.5,0.92,0,40,60,1.1,100,0,0,0,0,0,0,0.02,0.02,0.2,1.25,0,0,0,200,50,0,0,200,200,50,0,0,0,0,0,0,0,0,0,0,0,0,0,1,0,0,0,0
885,4,cn-server-capture,1.15,2000,1.25,500,300,2,2,2,1,0,1,100,3,0.672,2295,1825,2070,1415,10,24.75,5,5,0.2,0.2,0.2,4050,0.25,0.06,0.01,1,3000,3000,4500,4000,3500,1.7804999,1.494,1400,1000,3628.071,2295,0,1,1.5,1,0,40,60,1.1,100,0,0,0,0,0,0,0.02,0.02,0.2,1.25,0,0,0,200,50,0,0,200,200,50,0,0,0,0,0,0,0,0,0,0,0,0,0,1,0,0,0,0
885,7,cn-server-capture,1.15,2000,1.25,500,300,2,2,2,1,0,1,100,3,0.672,2295,1825,2070,1415,10,24.75,5,5,0.2,0.2,0.2,4050,0.25,0.06,0.01,4300,3000,3000,4500,4000,3500,1.7804999,1.494,1400,1000,3628.071,2295,0,1,1.5,1,0,40,60,1.1,100,0,0,0,0,0,0,0.02,0.02,0.2,1.25,0,0,0,200,50,0,0,200,200,50,0,0,0,0,0,0,0,0,0,0,0,0,0,1,0,0,0,0
887,4,cn-server-capture,1.15,2000,1.28,500,330,2,3,2,1,0,1,100,3,0.67,2300,1825,2070,1415,10,24.75,5,5,0.2,0.2,0.2,4100,0.25,0.06,0.01,1,3000,3000,4500,4000,3500,1.7954999,1.494,1450,1000,3738.788,2300,0,1,1.5,1,0,40,60,1.1,100,0,0,0,0,0,0,0.02,0.02,0.2,1.25,0,0,0,200,50,0,0,200,200,50,0,0,0,0,0,0,0,0,0,0,0,0,0,1,0,0,0,0
887,7,cn-server-capture,1.15,2000,1.28,500,330,2,3,2,1,0,1,100,3,0.67,2300,1825,2070,1415,10,24.75,5,5,0.2,0.2,0.2,4100,0.25,0.06,0.01,4300,3000,3000,4500,4000,3500,1.7954999,1.494,1450,1000,3738.788,2300,0,1,1.5,1,0,40,60,1.1,100,0,0,0,0,0,0,0.02,0.02,0.2,1.25,0,0,0,200,50,0,0,200,200,50,0,0,0,0,0,0,0,0,0,0,0,0,0,1,0,0,0,0
888,4,cn-server-capture,1.15,2000,1.25,500,300,2,2,1,1,0,1,100,3,0.669,2298,1825,2070,1415,10,24.55,5,5,0.2,0.2,0.2,4100,0.24800001,0.06,0.01,1,2900,3000,4330,4000,3500,1.8405,1.494,1000,1500,2298,3633.021,0.5,0,1.5,0.85,0,40,60,1.1,100,0,0,0,0,0,0,0.02,0.02,0.2,1.25,0,0,0,200,50,0,0,200,200,50,0,0,0,0,0,0,0,0,0,0,0,0,0,1,0,0,0,0
888,7,cn-server-capture,1.15,2000,1.25,500,300,2,2,1,1,0,1,100,3,0.669,2298,1825,2070,1415,10,24.55,5,5,0.2,0.2,0.2,4100,0.24800001,0.06,0.01,3800,2900,3000,4330,4000,3500,1.8405,1.494,1000,1500,2298,3633.021,0.5,0,1.5,0.85,0,40,60,1.1,100,0,0,0,0,0,0,0.02,0.02,0.2,1.25,0,0,0,200,50,0,0,200,200,50,0,0,0,0,0,0,0,0,0,0,0,0,0,1,0,0,0,0
889,4,cn-server-capture,1.15,2000,1.15,500,300,2,2,2,1,0,1,100,3,0.6735,2295,1825,2070,1415,10,24.95,5,5,0.2,0.2,0.2,4000,0.24400002,0.065,0.01,1,3000,3000,4500,4000,3500,1.7754999,1.494,1400,1000,3628.071,2295,0,1,1.5,1,0,40,60,1.1,100,0,0,0,0,0,0,0.02,0.02,0.2,1.25,0,0,0,200,50,0,0,200,200,50,0,0,0,0,0,0,0,0,0,0,0,0,0,1,0,0,0,0
889,7,cn-server-capture,1.15,2000,1.15,500,300,2,2,2,1,0,1,100,3,0.6735,2295,1825,2070,1415,10,24.95,5,5,0.2,0.2,0.2,4000,0.24400002,0.065,0.01,4300,3000,3000,4500,4000,3500,1.7754999,1.494,1400,1000,3628.071,2295,0,1,1.5,1,0,40,60,1.1,100,0,0,0,0,0,0,0.02,0.02,0.2,1.25,0,0,0,200,50,0,0,200,200,50,0,0,0,0,0,0,0,0,0,0,0,0,0,1,0,0,0,0
890,4,cn-server-capture,1.15,2000,1.15,500,300,2,2,1,1,0,1,100,3,0.6735,2296,1825,2070,1415,10,24.95,5,5,0.2,0.2,0.2,4075,0.24400002,0.065,0.01,1,2890,3000,4290,4000,3500,1.8375,1.494,1000,1500,2296,3629.721,0.5,0,1.5,1,0,40,60,1.1,100,0,0,0,0,0,0,0.02,0.02,0.2,1.25,0,0,0,200,50,0,0,200,200,50,0,0,0,0,0,0,0,0,0,0,0,0,0,1,0,0,0,0
890,7,cn-server-capture,1.15,2000,1.15,500,300,2,2,1,1,0,1,100,3,0.6735,2296,1825,2070,1415,10,24.95,5,5,0.2,0.2,0.2,4075,0.24400002,0.065,0.01,3820,2890,3000,4290,4000,3500,1.8375,1.494,1000,1500,2296,3629.721,0.5,0,1.5,1,0,40,60,1.1,100,0,0,0,0,0,0,0.02,0.02,0.2,1.25,0,0,0,200,50,0,0,200,200,50,0,0,0,0,0,0,0,0,0,0,0,0,0,1,0,0,0,0
891,4,cn-server-capture,1.15,2000,1.31,500,355,2,2,1,1,0,1,100,3,0.67,2300,1825,2070,1415,10,24.35,5,5,0.2,0.2,0.2,4500,0.255,0.06,0.01,1,2980,3000,4430,4000,3500,1.8455,1.494,1000,1350,2300,3948.356,0.7,0,1.5,0.9,0,40,60,1.1,100,0,0,0,0,0,0,0.02,0.02,0.2,1.25,0,0,0,200,50,0,0,200,200,50,0,0,0,0,0,0,0,0,0,0,0,0,0,1,0,0,0,0
891,7,cn-server-capture,1.15,2000,1.31,500,355,2,2,1,1,0,1,100,3,0.67,2300,1825,2070,1415,10,24.35,5,5,0.2,0.2,0.2,4500,0.255,0.06,0.01,3750,2980,3000,4430,4000,3500,1.8455,1.494,1000,1350,2300,3948.356,0.7,0,1.5,0.9,0,40,60,1.1,100,0,0,0,0,0,0,0.02,0.02,0.2,1.25,0,0,0,200,50,0,0,200,200,50,0,0,0,0,0,0,0,0,0,0,0,0,0,1,0,0,0,0
892,4,cn-server-capture,1.15,2000,1.3,500,350,2,2,1,1,0,1,100,3,0.67,2300,1825,2070,1415,10,24.65,5,5,0.2,0.2,0.2,4600,0.24800001,0.06,0.01,1,2950,3000,4400,4000,3500,1.8455,1.494,1000,1350,2300,3948.356,0.7,0,1.5,0.9,0,40,60,1.1,100,0,0,0,0,0,0,0.02,0.02,0.2,1.25,0,0,0,200,50,0,0,200,200,50,0,0,0,0,0,0,0,0,0,0,0,0,0,1,0,0,0,0
892,7,cn-server-capture,1.15,2000,1.3,500,350,2,2,1,1,0,1,100,3,0.67,2300,1825,2070,1415,10,24.65,5,5,0.2,0.2,0.2,4600,0.24800001,0.06,0.01,3700,2950,3000,4400,4000,3500,1.8455,1.494,1000,1350,2300,3948.356,0.7,0,1.5,0.9,0,40,60,1.1,100,0,0,0,0,0,0,0.02,0.02,0.2,1.25,0,0,0,200,50,0,0,200,200,50,0,0,0,0,0,0,0,0,0,0,0,0,0,1,0,0,0,0
894,4,cn-server-capture,1.15,2000,1.25,500,300,2,2,1,1,0,1,100,3,0.67,2300,1825,2070,1415,10,24.95,5,5,0.2,0.2,0.2,4175,0.246,0.06,0.01,1,2910,3000,4320,4000,3500,1.8405,1.494,1000,1500,2300,3636.321,0.5,0,1.5,0.92,0,40,60,1.1,100,0,0,0,0,0,0,0.02,0.02,0.2,1.25,0,0,0,200,50,0,0,200,200,50,0,0,0,0,0,0,0,0,0,0,0,0,0,1,0,0,0,0
894,7,cn-server-capture,1.15,2000,1.25,500,300,2,2,1,1,0,1,100,3,0.67,2300,1825,2070,1415,10,24.95,5,5,0.2,0.2,0.2,4175,0.246,0.06,0.01,3720,2910,3000,4320,4000,3500,1.8405,1.494,1000,1500,2300,3636.321,0.5,0,1.5,0.92,0,40,60,1.1,100,0,0,0,0,0,0,0.02,0.02,0.2,1.25,0,0,0,200,50,0,0,200,200,50,0,0,0,0,0,0,0,0,0,0,0,0,0,1,0,0,0,0
895,4,cn-server-capture,1.15,2000,1.25,500,300,2,2,2,1,0,1,100,3,0.671,2295,1825,2070,1415,10,24.55,5,5,0.2,0.2,0.2,4050,0.25,0.06,0.01,1,3000,3000,4500,4000,3500,1.7804999,1.494,1450,1000,3628.071,2295,0,1,1.5,1,0,40,60,1.1,100,0,0,0,0,0,0,0.02,0.02,0.2,1.25,0,0,0,200,50,0,0,200,200,50,0,0,0,0,0,0,0,0,0,0,0,0,0,1,0,0,0,0
895,7,cn-server-capture,1.15,2000,1.25,500,300,2,2,2,1,0,1,100,3,0.671,2295,1825,2070,1415,10,24.55,5,5,0.2,0.2,0.2,4050,0.25,0.06,0.01,4300,3000,3000,4500,4000,3500,1.7804999,1.494,1450,1000,3628.071,2295,0,1,1.5,1,0,40,60,1.1,100,0,0,0,0,0,0,0.02,0.02,0.2,1.25,0,0,0,200,50,0,0,200,200,50,0,0,0,0,0,0,0,0,0,0,0,0,0,1,0,0,0,0
896,4,cn-server-capture,1.15,2000,1.25,500,300,2,2,1,1,0,1,100,3,0.671,2300,1825,2070,1415,10,24.95,5,5,0.2,0.2,0.2,4100,0.246,0.06,0.01,1,2900,3000,4300,4000,3500,1.8405,1.494,1000,1500,2300,3636.321,0.5,0,1.5,0.92,0,40,60,1.1,100,0,0,0,0,0,0,0.02,0.02,0.2,1.25,0,0,0,200,50,0,0,200,200,50,0,0,0,0,0,0,0,0,0,0,0,0,0,1,0,0,0,0
896,7,cn-server-capture,1.15,2000,1.25,500,300,2,2,1,1,0,1,100,3,0.671,2300,1825,2070,1415,10,24.95,5,5,0.2,0.2,0.2,4100,0.246,0.06,0.01,3800,2900,3000,4300,4000,3500,1.8405,1.494,1000,1500,2300,3636.321,0.5,0,1.5,0.92,0,40,60,1.1,100,0,0,0,0,0,0,0.02,0.02,0.2,1.25,0,0,0,200,50,0,0,200,200,50,0,0,0,0,0,0,0,0,0,0,0,0,0,1,0,0,0,0
899,4,cn-server-capture,1.15,2000,1.25,500,300,2,2,2,1,1,1,100,3,0.671,2300,1825,2070,1415,10,25.25,5,5,0.2,0.2,0.2,4050,0.25,0.075,0.01,1,3000,3000,4500,4000,3500,1.7854999,1.494,1400,1000,3738.788,2300,0,1,1.5,1,0,40,60,1.1,100,0,0,0,0,0,0,0.02,0.02,0.2,1.25,0,0,0,200,50,0,0,200,200,50,0,0,0,0,0,0,0,0,0,0,0,0,0,1,0,0,0,0
899,7,cn-server-capture,1.15,2000,1.25,500,300,2,2,2,1,1,1,100,3,0.671,2300,1825,2070,1415,10,25.25,5,5,0.2,0.2,0.2,4050,0.25,0.075,0.01,4300,3000,3000,4500,4000,3500,1.7854999,1.494,1400,1000,3738.788,2300,0,1,1.5,1,0,40,60,1.1,100,0,0,0,0,0,0,0.02,0.02,0.2,1.25,0,0,0,200,50,0,0,200,200,50,0,0,0,0,0,0,0,0,0,0,0,0,0,1,0,0,0,0
900,4,cn-server-capture,1.15,2000,1.25,500,300,2,2,1,1,0,1,100,3,0.669,2300,1825,2070,1415,10,24.95,5,5,0.2,0.2,0.2,4150,0.25100002,0.058,0.01,1,2930,3000,4350,4000,3500,1.8405,1.494,1000,1500,2300,3636.321,0.5,0,1.5,0.89,0,40,60,1.1,100,0,0,0,0,0,0,0.02,0.02,0.2,1.25,0,0,0,200,50,0,0,200,200,50,0,0,0,0,0,0,0,0,0,0,0,0,0,1,0,0,0,0
900,7,cn-server-capture,1.15,2000,1.25,500,300,2,2,1,1,0,1,100,3,0.669,2300,1825,2070,1415,10,24.95,5,5,0.2,0.2,0.2,4150,0.25100002,0.058,0.01,3740,2930,3000,4350,4000,3500,1.8405,1.494,1000,1500,2300,3636.321,0.5,0,1.5,0.89,0,40,60,1.1,100,0,0,0,0,0,0,0.02,0.02,0.2,1.25,0,0,0,200,50,0,0,200,200,50,0,0,0,0,0,0,0,0,0,0,0,0,0,1,0,0,0,0
901,4,cn-server-capture,1.15,2000,1.275,500,325,2,3,2,1,0,1,100,3,0.67,2300,1825,2070,1415,10,25.05,5,5,0.2,0.2,0.2,4100,0.25100002,0.06,0.01,1,3000,3000,4500,4000,3500,1.7954999,1.494,1450,1000,3738.788,2300,0,1,1.5,1,0,40,60,1.1,100,0,0,0,0,0,0,0.02,0.02,0.2,1.25,0,0,0,200,50,0,0,200,200,50,0,0,0,0,0,0,0,0,0,0,0,0,0,1,0,0,0,0
901,7,cn-server-capture,1.15,2000,1.275,500,325,2,3,2,1,0,1,100,3,0.67,2300,1825,2070,1415,10,25.05,5,5,0.2,0.2,0.2,4100,0.25100002,0.06,0.01,4300,3000,3000,4500,4000,3500,1.7954999,1.494,1450,1000,3738.788,2300,0,1,1.5,1,0,40,60,1.1,100,0,0,0,0,0,0,0.02,0.02,0.2,1.25,0,0,0,200,50,0,0,200,200,50,0,0,0,0,0,0,0,0,0,0,0,0,0,1,0,0,0,0
902,4,cn-server-capture,1.15,2000,1.28,500,330,2,2,1,1,0,1,100,3,0.67,2298,1825,2070,1415,10,24.55,5,5,0.2,0.2,0.2,4250,0.246,0.06,0.01,1,2910,3000,4320,4000,3500,1.8425,1.494,1000,1500,2298,3735.388,0.6,0,1.5,0.91,0,40,60,1.1,100,0,0,0,0,0,0,0.02,0.02,0.2,1.25,0,0,0,200,50,0,0,200,200,50,0,0,0,0,0,0,0,0,0,0,0,0,0,1,0,0,0,0
902,7,cn-server-capture,1.15,2000,1.28,500,330,2,2,1,1,0,1,100,3,0.67,2298,1825,2070,1415,10,24.55,5,5,0.2,0.2,0.2,4250,0.246,0.06,0.01,3760,2910,3000,4320,4000,3500,1.8425,1.494,1000,1500,2298,3735.388,0.6,0,1.5,0.91,0,40,60,1.1,100,0,0,0,0,0,0,0.02,0.02,0.2,1.25,0,0,0,200,50,0,0,200,200,50,0,0,0,0,0,0,0,0,0,0,0,0,0,1,0,0,0,0
903,4,cn-server-capture,1.15,2000,1.275,500,325,2,3,2,1,0,1,100,3,0.67,2303,1825,2070,1415,10,24.55,5,5,0.2,0.2,0.2,4125,0.25,0.06,0.01,1,2910,3000,4320,4000,3500,1.8405,1.494,1450,1000,3743.9504,2303,0.6,1,1.5,0.9,0,40,60,1.1,100,0,0,0,0,0,0,0.02,0.02,0.2,1.25,0,0,0,200,50,0,0,200,200,50,0,0,0,0,0,0,0,0,0,0,0,0,0,1,0,0,0,0
903,7,cn-server-capture,1.15,2000,1.275,500,325,2,3,2,1,0,1,100,3,0.67,2303,1825,2070,1415,10,24.55,5,5,0.2,0.2,0.2,4125,0.25,0.06,0.01,3740,2910,3000,4320,4000,3500,1.8405,1.494,1450,1000,3743.9504,2303,0.6,1,1.5,0.9,0,40,60,1.1,100,0,0,0,0,0,0,0.02,0.02,0.2,1.25,0,0,0,200,50,0,0,200,200,50,0,0,0,0,0,0,0,0,0,0,0,0,0,1,0,0,0,0
904,4,cn-server-capture,1.15,2000,1.285,500,335,2,2,2,1,0,1,100,3,0.67,2302,1825,2070,1415,10,24.75,5,5,0.2,0.2,0.2,4100,0.25,0.06,0.01,1,3000,3000,4500,4000,3500,1.8054999,1.494,1450,1000,3742.188,2302,0,1,1.5,1,0,40,60,1.1,100,0,0,0,0,0,0,0.02,0.02,0.2,1.25,0,0,0,200,50,0,0,200,200,50,0,0,0,0,0,0,0,0,0,0,0,0,0,1,0,0,0,0
904,7,cn-server-capture,1.15,2000,1.285,500,335,2,2,2,1,0,1,100,3,0.67,2302,1825,2070,1415,10,24.75,5,5,0.2,0.2,0.2,4100,0.25,0.06,0.01,4300,3000,3000,4500,4000,3500,1.8054999,1.494,1450,1000,3742.188,2302,0,1,1.5,1,0,40,60,1.1,100,0,0,0,0,0,0,0.02,0.02,0.2,1.25,0,0,0,200,50,0,0,200,200,50,0,0,0,0,0,0,0,0,0,0,0,0,0,1,0,0,0,0
905,4,cn-server-capture,1.15,2000,1.31,500,355,2,2,1,1,0,1,100,3,0.67,2302,1825,2070,1415,10,24.75,5,5,0.2,0.2,0.2,4500,0.252,0.06,0.01,1,2960,3000,4420,4000,3500,1.8455,1.494,1000,1350,2302,3936.0186,0.7,0,1.5,0.9,0,40,60,1.1,100,0,0,0,0,0,0,0.02,0.02,0.2,1.25,0,0,0,200,50,0,0,200,200,50,0,0,0,0,0,0,0,0,0,0,0,0,0,1,0,0,0,0
905,7,cn-server-capture,1.15,2000,1.31,500,355,2,2,1,1,0,1,100,3,0.67,2302,1825,2070,1415,10,24.75,5,5,0.2,0.2,0.2,4500,0.252,0.06,0.01,3730,2960,3000,4420,4000,3500,1.8455,1.494,1000,1350,2302,3936.0186,0.7,0,1.5,0.9,0,40,60,1.1,100,0,0,0,0,0,0,0.02,0.02,0.2,1.25,0,0,0,200,50,0,0,200,200,50,0,0,0,0,0,0,0,0,0,0,0,0,0,1,0,0,0,0
906,4,cn-server-capture,1.15,2000,1.25,500,300,2,2,2,1,0,1,100,3,0.672,2297,1825,2070,1415,10,25.05,5,5,0.2,0.2,0.2,4050,0.24400002,0.06,0.01,1,2880,3000,4280,4000,3500,1.8355,1.494,1450,1000,3631.371,2297,0,1,1.5,1,0,40,60,1.1,100,0,0,0,0,0,0,0.02,0.02,0.2,1.25,0,0,0,200,50,0,0,200,200,50,0,0,0,0,0,0,0,0,0,0,0,0,0,1,0,0,0,0
906,7,cn-server-capture,1.15,2000,1.25,500,300,2,2,2,1,0,1,100,3,0.672,2297,1825,2070,1415,10,25.05,5,5,0.2,0.2,0.2,4050,0.24400002,0.06,0.01,3820,2880,3000,4280,4000,3500,1.8355,1.494,1450,1000,3631.371,2297,0,1,1.5,1,0,40,60,1.1,100,0,0,0,0,0,0,0.02,0.02,0.2,1.25,0,0,0,200,50,0,0,200,200,50,0,0,0,0,0,0,0,0,0,0,0,0,0,1,0,0,0,0
907,4,cn-server-capture,1.15,2000,1.25,500,300,2,2,2,1,0,1,100,3,0.672,2297,1825,2070,1415,10,25.05,5,5,0.2,0.2,0.2,4050,0.24400002,0.06,0.01,1,2880,3000,4280,4000,3500,1.8355,1.494,1450,1000,3631.371,2297,0,1,1.5,1,0,40,60,1.1,100,0,0,0,0,0,0,0.02,0.02,0.2,1.25,0,0,0,200,50,0,0,200,200,50,0,0,0,0,0,0,0,0,0,0,0,0,0,1,0,0,0,0
907,7,cn-server-capture,1.15,2000,1.25,500,300,2,2,2,1,0,1,100,3,0.672,2297,1825,2070,1415,10,25.05,5,5,0.2,0.2,0.2,4050,0.24400002,0.06,0.01,3820,2880,3000,4280,4000,3500,1.8355,1.494,1450,1000,3631.371,2297,0,1,1.5,1,0,40,60,1.1,100,0,0,0,0,0,0,0.02,0.02,0.2,1.25,0,0,0,200,50,0,0,200,200,50,0,0,0,0,0,0,0,0,0,0,0,0,0,1,0,0,0,0
909,4,cn-server-capture,1.15,2000,1.25,500,300,2,2,1,1,0,1,100,3,0.67,2302,1825,2070,1415,10,24.55,5,5,0.2,0.2,0.2,4150,0.24900001,0.06,0.01,1,2910,3000,4320,4000,3500,1.8414999,1.494,1000,1500,2302,3639.621,0.5,0,1.5,0.9,0,40,60,1.1,100,0,0,0,0,0,0,0.02,0.02,0.2,1.25,0,0,0,200,50,0,0,200,200,50,0,0,0,0,0,0,0,0,0,0,0,0,0,1,0,0,0,0
909,7,cn-server-capture,1.15,2000,1.25,500,300,2,2,1,1,0,1,100,3,0.67,2302,1825,2070,1415,10,24.55,5,5,0.2,0.2,0.2,4150,0.24900001,0.06,0.01,3780,2910,3000,4320,4000,3500,1.8414999,1.494,1000,1500,2302,3639.621,0.5,0,1.5,0.9,0,40,60,1.1,100,0,0,0,0,0,0,0.02,0.02,0.2,1.25,0,0,0,200,50,0,0,200,200,50,0,0,0,0,0,0,0,0,0,0,0,0,0,1,0,0,0,0
910,4,cn-server-capture,1.15,2000,1.25,500,300,2,2,2,1,0,1,100,3,0.671,2300,1825,2070,1415,10,24.75,5,5,0.2,0.2,0.2,4050,0.25,0.06,0.01,1,3000,3000,4500,4000,3500,1.7854999,1.494,1450,1000,3636.321,2300,0,1,1.5,1,0,40,60,1.1,100,0,0,0,0,0,0,0.02,0.02,0.2,1.25,0,0,0,200,50,0,0,200,200,50,0,0,0,0,0,0,0,0,0,0,0,0,0,1,0,0,0,0
910,7,cn-server-capture,1.15,2000,1.25,500,300,2,2,2,1,0,1,100,3,0.671,2300,1825,2070,1415,10,24.75,5,5,0.2,0.2,0.2,4050,0.25,0.06,0.01,4300,3000,3000,4500,4000,3500,1.7854999,1.494,1450,1000,3636.321,2300,0,1,1.5,1,0,40,60,1.1,100,0,0,0,0,0,0,0.02,0.02,0.2,1.25,0,0,0,200,50,0,0,200,200,50,0,0,0,0,0,0,0,0,0,0,0,0,0,1,0,0,0,0
911,4,cn-server-capture,1.15,2000,1.25,500,300,2,2,2,1,1,1,100,3,0.671,2300,1825,2070,1415,10,24.75,5,5,0.2,0.2,0.2,4050,0.25,0.06,0.01,1,3000,3000,4500,4000,3500,1.7854999,1.494,1450,1000,3636.321,2300,0,1,1.5,1,0,40,60,1.1,100,0,0,0,0,0,0,0.02,0.02,0.2,1.25,0,0,0,200,50,0,0,200,200,50,0,0,0,0,0,0,0,0,0,0,0,0,0,1,0,0,0,0
911,7,cn-server-capture,1.15,2000,1.25,500,300,2,2,2,1,1,1,100,3,0.671,2300,1825,2070,1415,10,24.75,5,5,0.2,0.2,0.2,4050,0.25,0.06,0.01,4300,3000,3000,4500,4000,3500,1.7854999,1.494,1450,1000,3636.321,2300,0,1,1.5,1,0,40,60,1.1,100,0,0,0,0,0,0,0.02,0.02,0.2,1.25,0,0,0,200,50,0,0,200,200,50,0,0,0,0,0,0,0,0,0,0,0,0,0,1,0,0,0,0
913,4,cn-server-capture,1.15,2000,1.31,500,355,2,2,1,1,0,1,100,3,0.669,2300,1825,2070,1415,10,24.95,5,5,0.2,0.2,0.2,4550,0.25,0.06,0.01,1,2940,3000,4380,4000,3500,1.8505,1.494,1000,1350,2300,3948.356,0.7,0,1.5,0.9,0,40,60,1.1,100,0,0,0,0,0,0,0.02,0.02,0.2,1.25,0,0,0,200,50,0,0,200,200,50,0,0,0,0,0,0,0,0,0,0,0,0,0,1,0,0,0,0
913,7,cn-server-capture,1.15,2000,1.31,500,355,2,2,1,1,0,1,100,3,0.669,2300,1825,2070,1415,10,24.95,5,5,0.2,0.2,0.2,4550,0.25,0.06,0.01,3720,2940,3000,4380,4000,3500,1.8505,1.494,1000,1350,2300,3948.356,0.7,0,1.5,0.9,0,40,60,1.1,100,0,0,0,0,0,0,0.02,0.02,0.2,1.25,0,0,0,200,50,0,0,200,200,50,0,0,0,0,0,0,0,0,0,0,0,0,0,1,0,0,0,0
919,4,cn-server-capture,1.15,2000,1.25,500,300,2,2,1,1,0,1,100,3,0.67149997,2298,1825,2070,1415,10,24.85,5,5,0.2,0.2,0.2,4075,0.245,0.06,0.01,1,3100,3000,4600,4000,3500,1.8405,1.494,1000,1600,2298,3633.021,0.5,0,1.5,0.92,0,40,60,1.1,100,0,0,0,0,0,0,0.02,0.02,0.2,1.25,0,0,0,200,50,0,0,200,200,50,0,0,0,0,0,0,0,0,0,0,0,0,0,1,0,0,0,0
919,7,cn-server-capture,1.15,2000,1.25,500,300,2,2,1,1,0,1,100,3,0.67149997,2298,1825,2070,1415,10,24.85,5,5,0.2,0.2,0.2,4075,0.245,0.06,0.01,3800,3100,3000,4600,4000,3500,1.8405,1.494,1000,1600,2298,3633.021,0.5,0,1.5,0.92,0,40,60,1.1,100,0,0,0,0,0,0,0.02,0.02,0.2,1.25,0,0,0,200,50,0,0,200,200,50,0,0,0,0,0,0,0,0,0,0,0,0,0,1,0,0,0,0
920,4,cn-server-capture,1.15,2000,1.25,500,300,2,2,2,1,0,1,100,3,0.672,2300,1825,2070,1415,10,24.75,5,5,0.2,0.2,0.2,4050,0.25,0.065,0.01,1,3000,3000,4500,4000,3500,1.7804999,1.494,1400,1000,3738.788,2300,0,1,1.5,1,0,40,60,1.1,100,0,0,0,0,0,0,0.02,0.02,0.2,1.25,0,0,0,200,50,0,0,200,200,50,0,0,0,0,0,0,0,0,0,0,0,0,0,1,0,0,0,0
920,7,cn-server-capture,1.15,2000,1.25,500,300,2,2,2,1,0,1,100,3,0.672,2300,1825,2070,1415,10,24.75,5,5,0.2,0.2,0.2,4050,0.25,0.065,0.01,4300,3000,3000,4500,4000,3500,1.7804999,1.494,1400,1000,3738.788,2300,0,1,1.5,1,0,40,60,1.1,100,0,0,0,0,0,0,0.02,0.02,0.2,1.25,0,0,0,200,50,0,0,200,200,50,0,0,0,0,0,0,0,0,0,0,0,0,0,1,0,0,0,0
922,4,cn-server-capture,1.15,2000,1.285,500,335,2,3,2,1,0,1,100,3,0.67,2300,1825,2070,1415,10,24.75,5,5,0.2,0.2,0.2,4100,0.25,0.06,0.01,1,3000,3000,4500,4000,3500,1.7954999,1.494,1450,1000,3738.788,2300,0,1,1.5,1,0,40,60,1.1,100,0,0,0,0,0,0,0.02,0.02,0.2,1.25,0,0,0,200,50,0,0,200,200,50,0,0,0,0,0,0,0,0,0,0,0,0,0,1,0,0,0,0
922,7,cn-server-capture,1.15,2000,1.285,500,335,2,3,2,1,0,1,100,3,0.67,2300,1825,2070,1415,10,24.75,5,5,0.2,0.2,0.2,4100,0.25,0.06,0.01,4300,3000,3000,4500,4000,3500,1.7954999,1.494,1450,1000,3738.788,2300,0,1,1.5,1,0,40,60,1.1,100,0,0,0,0,0,0,0.02,0.02,0.2,1.25,0,0,0,200,50,0,0,200,200,50,0,0,0,0,0,0,0,0,0,0,0,0,0,1,0,0,0,0
924,4,cn-server-capture,1.15,2000,1.25,500,300,2,2,1,1,0,1,100,3,0.67149997,2303,1825,2070,1415,10,25.25,5,5,0.2,0.2,0.2,4100,0.24400002,0.06,0.01,1,2900,3000,4300,4000,3500,1.8414999,1.494,1000,1490,2303,3682.0227,0.5,0,1.5,0.92,0,40,60,1.1,100,0,0,0,0,0,0,0.02,0.02,0.2,1.25,0,0,0,200,50,0,0,200,200,50,0,0,0,0,0,0,0,0,0,0,0,0,0,1,0,0,0,0
924,7,cn-server-capture,1.15,2000,1.25,500,300,2,2,1,1,0,1,100,3,0.67149997,2303,1825,2070,1415,10,25.25,5,5,0.2,0.2,0.2,4100,0.24400002,0.06,0.01,3800,2900,3000,4300,4000,3500,1.8414999,1.494,1000,1490,2303,3682.0227,0.5,0,1.5,0.92,0,40,60,1.1,100,0,0,0,0,0,0,0.02,0.02,0.2,1.25,0,0,0,200,50,0,0,200,200,50,0,0,0,0,0,0,0,0,0,0,0,0,0,1,0,0,0,0
925,4,cn-server-capture,1.15,2000,1.25,500,300,2,2,2,1,0,1,100,3,0.671,2295,1825,2070,1415,10,24.95,5,5,0.2,0.2,0.2,4050,0.25,0.06,0.01,1,3000,3000,4500,4000,3500,1.7804999,1.494,1450,1000,3628.071,2295,0,1,1.5,1,0,40,60,1.1,100,0,0,0,0,0,0,0.02,0.02,0.2,1.25,0,0,0,200,50,0,0,200,200,50,0,0,0,0,0,0,0,0,0,0,0,0,0,1,0,0,0,0
925,7,cn-server-capture,1.15,2000,1.25,500,300,2,2,2,1,0,1,100,3,0.671,2295,1825,2070,1415,10,24.95,5,5,0.2,0.2,0.2,4050,0.25,0.06,0.01,4300,3000,3000,4500,4000,3500,1.7804999,1.494,1450,1000,3628.071,2295,0,1,1.5,1,0,40,60,1.1,100,0,0,0,0,0,0,0.02,0.02,0.2,1.25,0,0,0,200,50,0,0,200,200,50,0,0,0,0,0,0,0,0,0,0,0,0,0,1,0,0,0,0
927,4,cn-server-capture,1.15,2000,1.25,500,300,2,2,1,1,0,1,100,3,0.67,2298,1825,2070,1415,10,24.55,5,5,0.2,0.2,0.2,4225,0.246,0.06,0.01,1,2910,3000,4320,4000,3500,1.8425,1.494,1000,1500,2298,3633.021,0.6,0,1.5,0.92,0,40,60,1.1,100,0,0,0,0,0,0,0.02,0.02,0.2,1.25,0,0,0,200,50,0,0,200,200,50,0,0,0,0,0,0,0,0,0,0,0,0,0,1,0,0,0,0
927,7,cn-server-capture,1.15,2000,1.25,500,300,2,2,1,1,0,1,100,3,0.67,2298,1825,2070,1415,10,24.55,5,5,0.2,0.2,0.2,4225,0.246,0.06,0.01,3730,2910,3000,4320,4000,3500,1.8425,1.494,1000,1500,2298,3633.021,0.6,0,1.5,0.92,0,40,60,1.1,100,0,0,0,0,0,0,0.02,0.02,0.2,1.25,0,0,0,200,50,0,0,200,200,50,0,0,0,0,0,0,0,0,0,0,0,0,0,1,0,0,0,0
928,4,cn-server-capture,1.15,2000,1.25,500,300,2,2,2,1,0,1,100,3,0.671,2300,1825,2070,1415,10,24.75,5,5,0.2,0.2,0.2,4050,0.25,0.06,0.01,1,3000,3000,4500,4000,3500,1.7854999,1.494,1450,1000,3636.321,2300,0,1,1.5,1,0,40,60,1.1,100,0,0,0,0,0,0,0.02,0.02,0.2,1.25,0,0,0,200,50,0,0,200,200,50,0,0,0,0,0,0,0,0,0,0,0,0,0,1,0,0,0,0
928,7,cn-server-capture,1.15,2000,1.25,500,300,2,2,2,1,0,1,100,3,0.671,2300,1825,2070,1415,10,24.75,5,5,0.2,0.2,0.2,4050,0.25,0.06,0.01,4300,3000,3000,4500,4000,3500,1.7854999,1.494,1450,1000,3636.321,2300,0,1,1.5,1,0,40,60,1.1,100,0,0,0,0,0,0,0.02,0.02,0.2,1.25,0,0,0,200,50,0,0,200,200,50,0,0,0,0,0,0,0,0,0,0,0,0,0,1,0,0,0,0
929,4,cn-server-capture,1.15,2000,1.25,500,300,2,2,2,1,0,1,100,3,0.672,2302,1825,2070,1415,10,24.65,5,5,0.2,0.2,0.2,4050,0.24800001,0.07,0.01,1,3000,3000,4500,4000,3500,1.7804999,1.494,1400,1000,3742.188,2302,0,1,1.5,1,0,40,60,1.1,100,0,0,0,0,0,0,0.02,0.02,0.2,1.25,0,0,0,200,50,0,0,200,200,50,0,0,0,0,0,0,0,0,0,0,0,0,0,1,0,0,0,0
929,7,cn-server-capture,1.15,2000,1.25,500,300,2,2,2,1,0,1,100,3,0.672,2302,1825,2070,1415,10,24.65,5,5,0.2,0.2,0.2,4050,0.24800001,0.07,0.01,4300,3000,3000,4500,4000,3500,1.7804999,1.494,1400,1000,3742.188,2302,0,1,1.5,1,0,40,60,1.1,100,0,0,0,0,0,0,0.02,0.02,0.2,1.25,0,0,0,200,50,0,0,200,200,50,0,0,0,0,0,0,0,0,0,0,0,0,0,1,0,0,0,0
930,4,cn-server-capture,1.15,2000,1.285,500,335,2,2,1,1,0,1,100,3,0.67,2298,1825,2070,1415,10,24.95,5,5,0.2,0.2,0.2,4200,0.24700001,0.06,0.01,1,2930,3000,4350,4000,3500,1.8435,1.494,1000,1500,2298,3735.388,0.6,0,1.5,0.91,0,40,60,1.1,100,0,0,0,0,0,0,0.02,0.02,0.2,1.25,0,0,0,200,50,0,0,200,200,50,0,0,0,0,0,0,0,0,0,0,0,0,0,1,0,0,0,0
930,7,cn-server-capture,1.15,2000,1.285,500,335,2,2,1,1,0,1,100,3,0.67,2298,1825,2070,1415,10,24.95,5,5,0.2,0.2,0.2,4200,0.24700001,0.06,0.01,3780,2930,3000,4350,4000,3500,1.8435,1.494,1000,1500,2298,3735.388,0.6,0,1.5,0.91,0,40,60,1.1,100,0,0,0,0,0,0,0.02,0.02,0.2,1.25,0,0,0,200,50,0,0,200,200,50,0,0,0,0,0,0,0,0,0,0,0,0,0,1,0,0,0,0
931,4,cn-server-capture,1.15,2000,1.25,500,300,2,2,2,1,0,1,100,3,0.671,2295,1825,2070,1415,10,24.65,5,5,0.2,0.2,0.2,4050,0.25,0.06,0.01,1,3000,3000,4500,4000,3500,1.7804999,1.494,1450,1000,3628.071,2295,0,1,1.5,1,0,40,60,1.1,100,0,0,0,0,0,0,0.02,0.02,0.2,1.25,0,0,0,200,50,0,0,200,200,50,0,0,0,0,0,0,0,0,0,0,0,0,0,1,0,0,0,0
931,7,cn-server-capture,1.15,2000,1.25,500,300,2,2,2,1,0,1,100,3,0.671,2295,1825,2070,1415,10,24.65,5,5,0.2,0.2,0.2,4050,0.25,0.06,0.01,4300,3000,3000,4500,4000,3500,1.7804999,1.494,1450,1000,3628.071,2295,0,1,1.5,1,0,40,60,1.1,100,0,0,0,0,0,0,0.02,0.02,0.2,1.25,0,0,0,200,50,0,0,200,200,50,0,0,0,0,0,0,0,0,0,0,0,0,0,1,0,0,0,0
932,4,cn-server-capture,1.15,2000,1.25,500,300,2,2,1,1,0,1,100,3,0.6705,2300,1825,2070,1415,10,24.75,5,5,0.2,0.2,0.2,4150,0.24900001,0.06,0.01,1,2900,3000,4300,4000,3500,1.8405,1.494,1000,1500,2300,3636.321,0.5,0,1.5,0.9,0,40,60,1.1,100,0,0,0,0,0,0,0.02,0.02,0.2,1.25,0,0,0,200,50,0,0,200,200,50,0,0,0,0,0,0,0,0,0,0,0,0,0,1,0,0,0,0
932,7,cn-server-capture,1.15,2000,1.25,500,300,2,2,1,1,0,1,100,3,0.6705,2300,1825,2070,1415,10,24.75,5,5,0.2,0.2,0.2,4150,0.24900001,0.06,0.01,3750,2900,3000,4300,4000,3500,1.8405,1.494,1000,1500,2300,3636.321,0.5,0,1.5,0.9,0,40,60,1.1,100,0,0,0,0,0,0,0.02,0.02,0.2,1.25,0,0,0,200,50,0,0,200,200,50,0,0,0,0,0,0,0,0,0,0,0,0,0,1,0,0,0,0
933,4,cn-server-capture,1.15,2000,1.275,500,325,2,3,2,1,0,1,100,3,0.67,2303,1825,2070,1415,10,25.05,5,5,0.2,0.2,0.2,4075,0.25,0.07,0.01,1,3000,3000,4500,4000,3500,1.7954999,1.494,1450,1000,3743.9504,2303,0,1,1.5,1,0,40,60,1.1,100,0,0,0,0,0,0,0.02,0.02,0.2,1.25,0,0,0,200,50,0,0,200,200,50,0,0,0,0,0,0,0,0,0,0,0,0,0,1,0,0,0,0
933,7,cn-server-capture,1.15,2000,1.275,500,325,2,3,2,1,0,1,100,3,0.67,2303,1825,2070,1415,10,25.05,5,5,0.2,0.2,0.2,4075,0.25,0.07,0.01,4300,3000,3000,4500,4000,3500,1.7954999,1.494,1450,1000,3743.9504,2303,0,1,1.5,1,0,40,60,1.1,100,0,0,0,0,0,0,0.02,0.02,0.2,1.25,0,0,0,200,50,0,0,200,200,50,0,0,0,0,0,0,0,0,0,0,0,0,0,1,0,0,0,0
934,4,cn-server-capture,1.15,2000,1.25,500,300,2,2,2,1,0,1,100,3,0.671,2295,1825,2070,1415,10,24.65,5,5,0.2,0.2,0.2,4050,0.25,0.06,0.01,1,3000,3000,4500,4000,3500,1.7804999,1.494,1450,1000,3628.071,2295,0,1,1.5,1,0,40,60,1.1,100,0,0,0,0,0,0,0.02,0.02,0.2,1.25,0,0,0,200,50,0,0,200,200,50,0,0,0,0,0,0,0,0,0,0,0,0,0,1,0,0,0,0
934,7,cn-server-capture,1.15,2000,1.25,500,300,2,2,2,1,0,1,100,3,0.671,2295,1825,2070,1415,10,24.65,5,5,0.2,0.2,0.2,4050,0.25,0.06,0.01,4300,3000,3000,4500,4000,3500,1.7804999,1.494,1450,1000,3628.071,2295,0,1,1.5,1,0,40,60,1.1,100,0,0,0,0,0,0,0.02,0.02,0.2,1.25,0,0,0,200,50,0,0,200,200,50,0,0,0,0,0,0,0,0,0,0,0,0,0,1,0,0,0,0
935,4,cn-server-capture,1.15,2000,1.3,500,350,2,2,1,1,0,1,100,3,0.67,2299,1825,2070,1415,10,24.85,5,5,0.2,0.2,0.2,4550,0.24900001,0.06,0.01,1,2960,3000,4410,4000,3500,1.8455,1.494,1000,1350,2299,3946.556,0.7,0,1.5,0.9,0,40,60,1.1,100,0,0,0,0,0,0,0.02,0.02,0.2,1.25,0,0,0,200,50,0,0,200,200,50,0,0,0,0,0,0,0,0,0,0,0,0,0,1,0,0,0,0
935,7,cn-server-capture,1.15,2000,1.3,500,350,2,2,1,1,0,1,100,3,0.67,2299,1825,2070,1415,10,24.85,5,5,0.2,0.2,0.2,4550,0.24900001,0.06,0.01,3710,2960,3000,4410,4000,3500,1.8455,1.494,1000,1350,2299,3946.556,0.7,0,1.5,0.9,0,40,60,1.1,100,0,0,0,0,0,0,0.02,0.02,0.2,1.25,0,0,0,200,50,0,0,200,200,50,0,0,0,0,0,0,0,0,0,0,0,0,0,1,0,0,0,0
936,4,cn-server-capture,1.15,2000,1.285,500,335,2,2,2,1,0,1,100,3,0.67,2302,1825,2070,1415,10,24.75,5,5,0.2,0.2,0.2,4100,0.25,0.06,0.01,1,3000,3000,4500,4000,3500,1.8054999,1.494,1450,1000,3742.188,2302,0,1,1.5,1,0,40,60,1.1,100,0,0,0,0,0,0,0.02,0.02,0.2,1.25,0,0,0,200,50,0,0,200,200,50,0,0,0,0,0,0,0,0,0,0,0,0,0,1,0,0,0,0
936,7,cn-server-capture,1.15,2000,1.285,500,335,2,2,2,1,0,1,100,3,0.67,2302,1825,2070,1415,10,24.75,5,5,0.2,0.2,0.2,4100,0.25,0.06,0.01,4300,3000,3000,4500,4000,3500,1.8054999,1.494,1450,1000,3742.188,2302,0,1,1.5,1,0,40,60,1.1,100,0,0,0,0,0,0,0.02,0.02,0.2,1.25,0,0,0,200,50,0,0,200,200,50,0,0,0,0,0,0,0,0,0,0,0,0,0,1,0,0,0,0
937,4,cn-server-capture,1.15,2000,1.3,500,350,2,2,1,1,0,1,100,3,0.669,2305,1825,2070,1415,10,24.85,5,5,0.2,0.2,0.2,4300,0.246,0.06,0.01,1,2940,3000,4380,4000,3500,1.8514999,1.494,1000,1350,2305,3957.356,0.7,0,1.5,0.9,0,40,60,1.1,100,0,0,0,0,0,0,0.02,0.02,0.2,1.25,0,0,0,200,50,0,0,200,200,50,0,0,0,0,0,0,0,0,0,0,0,0,0,1,0,0,0,0
937,7,cn-server-capture,1.15,2000,1.3,500,350,2,2,1,1,0,1,100,3,0.669,2305,1825,2070,1415,10,24.85,5,5,0.2,0.2,0.2,4300,0.246,0.06,0.01,3750,2940,3000,4380,4000,3500,1.8514999,1.494,1000,1350,2305,3957.356,0.7,0,1.5,0.9,0,40,60,1.1,100,0,0,0,0,0,0,0.02,0.02,0.2,1.25,0,0,0,200,50,0,0,200,200,50,0,0,0,0,0,0,0,0,0,0,0,0,0,1,0,0,0,0
938,4,cn-server-capture,1.15,2000,1.285,500,335,2,3,2,1,0,1,100,3,0.67,2300,1825,2070,1415,10,24.55,5,5,0.2,0.2,0.2,4100,0.25,0.06,0.01,1,3000,3000,4500,4000,3500,1.8105,1.494,1450,1000,3738.788,2300,0,1,1.5,1,0,40,60,1.1,100,0,0,0,0,0,0,0.02,0.02,0.2,1.25,0,0,0,200,50,0,0,200,200,50,0,0,0,0,0,0,0,0,0,0,0,0,0,1,0,0,0,0
938,7,cn-server-capture,1.15,2000,1.285,500,335,2,3,2,1,0,1,100,3,0.67,2300,1825,2070,1415,10,24.55,5,5,0.2,0.2,0.2,4100,0.25,0.06,0.01,4300,3000,3000,4500,4000,3500,1.8105,1.494,1450,1000,3738.788,2300,0,1,1.5,1,0,40,60,1.1,100,0,0,0,0,0,0,0.02,0.02,0.2,1.25,0,0,0,200,50,0,0,200,200,50,0,0,0,0,0,0,0,0,0,0,0,0,0,1,0,0,0,0
939,4,cn-server-capture,1.15,2000,1.29,500,340,2,2,1,1,0,1,100,3,0.67,2298,1825,2070,1415,10,24.55,5,5,0.2,0.2,0.2,4350,0.24800001,0.058,0.01,1,2920,3000,4330,4000,3500,1.8435,1.494,1000,1500,2298,3735.388,0.6,0,1.5,0.91,0,40,60,1.1,100,0,0,0,0,0,0,0.02,0.02,0.2,1.25,0,0,0,200,50,0,0,200,200,50,0,0,0,0,0,0,0,0,0,0,0,0,0,1,0,0,0,0
939,7,cn-server-capture,1.15,2000,1.29,500,340,2,2,1,1,0,1,100,3,0.67,2298,1825,2070,1415,10,24.55,5,5,0.2,0.2,0.2,4350,0.24800001,0.058,0.01,3800,2920,3000,4330,4000,3500,1.8435,1.494,1000,1500,2298,3735.388,0.6,0,1.5,0.91,0,40,60,1.1,100,0,0,0,0,0,0,0.02,0.02,0.2,1.25,0,0,0,200,50,0,0,200,200,50,0,0,0,0,0,0,0,0,0,0,0,0,0,1,0,0,0,0
940,4,cn-server-capture,1.15,2000,1.26,500,315,2,3,2,1,0,1,100,3,0.67,2295,1825,2070,1415,10,24.55,5,5,0.2,0.2,0.2,4100,0.25,0.06,0.01,1,3000,3000,4500,4000,3500,1.7954999,1.494,1450,1000,3628.071,2295,0,1,1.5,1,0,40,60,1.1,100,0,0,0,0,0,0,0.02,0.02,0.2,1.25,0,0,0,200,50,0,0,200,200,50,0,0,0,0,0,0,0,0,0,0,0,0,0,1,0,0,0,0
940,7,cn-server-capture,1.15,2000,1.26,500,315,2,3,2,1,0,1,100,3,0.67,2295,1825,2070,1415,10,24.55,5,5,0.2,0.2,0.2,4100,0.25,0.06,0.01,4300,3000,3000,4500,4000,3500,1.7954999,1.494,1450,1000,3628.071,2295,0,1,1.5,1,0,40,60,1.1,100,0,0,0,0,0,0,0.02,0.02,0.2,1.25,0,0,0,200,50,0,0,200,200,50,0,0,0,0,0,0,0,0,0,0,0,0,0,1,0,0,0,0
941,4,cn-server-capture,1.15,2000,1.25,500,300,2,2,1,1,0,1,100,3,0.6705,2301,1825,2070,1415,10,24.65,5,5,0.2,0.2,0.2,4125,0.24900001,0.06,0.01,1,2920,3000,4340,4000,3500,1.8405,1.494,1000,1500,2301,3637.971,0.5,0,1.5,0.9,0,40,60,1.1,100,0,0,0,0,0,0,0.02,0.02,0.2,1.25,0,0,0,200,50,0,0,200,200,50,0,0,0,0,0,0,0,0,0,0,0,0,0,1,0,0,0,0
941,7,cn-server-capture,1.15,2000,1.25,500,300,2,2,1,1,0,1,100,3,0.6705,2301,1825,2070,1415,10,24.65,5,5,0.2,0.2,0.2,4125,0.24900001,0.06,0.01,3770,2920,3000,4340,4000,3500,1.8405,1.494,1000,1500,2301,3637.971,0.5,0,1.5,0.9,0,40,60,1.1,100,0,0,0,0,0,0,0.02,0.02,0.2,1.25,0,0,0,200,50,0,0,200,200,50,0,0,0,0,0,0,0,0,0,0,0,0,0,1,0,0,0,0
942,4,cn-server-capture,1.15,2000,1.25,500,300,2,2,2,1,0,1,100,3,0.672,2301,1825,2070,1415,10,24.65,5,5,0.2,0.2,0.2,4050,0.25,0.06,0.01,1,3000,3000,4500,4000,3500,1.7754999,1.494,1400,1000,3740.488,2301,0,1,1.5,1,0,40,60,1.1,100,0,0,0,0,0,0,0.02,0.02,0.2,1.25,0,0,0,200,50,0,0,200,200,50,0,0,0,0,0,0,0,0,0,0,0,0,0,1,0,0,0,0
942,7,cn-server-capture,1.15,2000,1.25,500,300,2,2,2,1,0,1,100,3,0.672,2301,1825,2070,1415,10,24.65,5,5,0.2,0.2,0.2,4050,0.25,0.06,0.01,4300,3000,3000,4500,4000,3500,1.7754999,1.494,1400,1000,3740.488,2301,0,1,1.5,1,0,40,60,1.1,100,0,0,0,0,0,0,0.02,0.02,0.2,1.25,0,0,0,200,50,0,0,200,200,50,0,0,0,0,0,0,0,0,0,0,0,0,0,1,0,0,0,0
943,4,cn-server-capture,1.15,2000,1.25,500,300,2,2,1,1,0,1,100,3,0.67149997,2299,1825,2070,1415,10,24.75,5,5,0.2,0.2,0.2,4150,0.24700001,0.058,0.01,1,2900,3000,4320,4000,3500,1.8414999,1.494,1000,1500,2299,3634.671,0.6,0,1.5,0.92,0,40,60,1.1,100,0,0,0,0,0,0,0.02,0.02,0.2,1.25,0,0,0,200,50,0,0,200,200,50,0,0,0,0,0,0,0,0,0,0,0,0,0,1,0,0,0,0
943,7,cn-server-capture,1.15,2000,1.25,500,300,2,2,1,1,0,1,100,3,0.67149997,2299,1825,2070,1415,10,24.75,5,5,0.2,0.2,0.2,4150,0.24700001,0.058,0.01,3750,2900,3000,4320,4000,3500,1.8414999,1.494,1000,1500,2299,3634.671,0.6,0,1.5,0.92,0,40,60,1.1,100,0,0,0,0,0,0,0.02,0.02,0.2,1.25,0,0,0,200,50,0,0,200,200,50,0,0,0,0,0,0,0,0,0,0,0,0,0,1,0,0,0,0
944,4,cn-server-capture,1.15,2000,1.285,500,335,2,2,1,1,0,1,100,3,0.668,2300,1825,2070,1415,10,24.75,5,5,0.2,0.2,0.2,4225,0.25,0.06,0.01,1,2950,3000,4380,4000,3500,1.8435,1.494,1000,1500,2300,3738.788,0.6,0,1.5,0.91,0,40,60,1.1,100,0,0,0,0,0,0,0.02,0.02,0.2,1.25,0,0,0,200,50,0,0,200,200,50,0,0,0,0,0,0,0,0,0,0,0,0,0,1,0,0,0,0
944,7,cn-server-capture,1.15,2000,1.285,500,335,2,2,1,1,0,1,100,3,0.668,2300,1825,2070,1415,10,24.75,5,5,0.2,0.2,0.2,4225,0.25,0.06,0.01,3800,2950,3000,4380,4000,3500,1.8435,1.494,1000,1500,2300,3738.788,0.6,0,1.5,0.91,0,40,60,1.1,100,0,0,0,0,0,0,0.02,0.02,0.2,1.25,0,0,0,200,50,0,0,200,200,50,0,0,0,0,0,0,0,0,0,0,0,0,0,1,0,0,0,0
945,4,cn-server-capture,1.15,2000,1.25,500,300,2,3,2,1,0,1,100,3,0.671,2295,1825,2070,1415,10,24.55,5,5,0.2,0.2,0.2,4050,0.25,0.06,0.01,1,3000,3000,4500,4000,3500,1.7804999,1.494,1450,1000,3628.071,2295,0,1,1.5,1,0,40,60,1.1,100,0,0,0,0,0,0,0.02,0.02,0.2,1.25,0,0,0,200,50,0,0,200,200,50,0,0,0,0,0,0,0,0,0,0,0,0,0,1,0,0,0,0
945,7,cn-server-capture,1.15,2000,1.25,500,300,2,3,2,1,0,1,100,3,0.671,2295,1825,2070,1415,10,24.55,5,5,0.2,0.2,0.2,4050,0.25,0.06,0.01,4300,3000,3000,4500,4000,3500,1.7804999,1.494,1450,1000,3628.071,2295,0,1,1.5,1,0,40,60,1.1,100,0,0,0,0,0,0,0.02,0.02,0.2,1.25,0,0,0,200,50,0,0,200,200,50,0,0,0,0,0,0,0,0,0,0,0,0,0,1,0,0,0,0
946,4,cn-server-capture,1.15,2000,1.285,500,335,2,2,1,1,0,1,100,3,0.67,2303,1825,2070,1415,10,24.55,5,5,0.2,0.2,0.2,4225,0.25,0.06,0.01,1,2950,3000,4380,4000,3500,1.8455,1.494,1000,1500,2303,3743.9504,0.6,0,1.5,0.9,0,40,60,1.1,100,0,0,0,0,0,0,0.02,0.02,0.2,1.25,0,0,0,200,50,0,0,200,200,50,0,0,0,0,0,0,0,0,0,0,0,0,0,1,0,0,0,0
946,7,cn-server-capture,1.15,2000,1.285,500,335,2,2,1,1,0,1,100,3,0.67,2303,1825,2070,1415,10,24.55,5,5,0.2,0.2,0.2,4225,0.25,0.06,0.01,3800,2950,3000,4380,4000,3500,1.8455,1.494,1000,1500,2303,3743.9504,0.6,0,1.5,0.9,0,40,60,1.1,100,0,0,0,0,0,0,0.02,0.02,0.2,1.25,0,0,0,200,50,0,0,200,200,50,0,0,0,0,0,0,0,0,0,0,0,0,0,1,0,0,0,0
947,4,cn-server-capture,1.15,2000,1.285,500,335,2,2,1,1,0,1,100,3,0.67,2303,1825,2070,1415,10,24.55,5,5,0.2,0.2,0.2,4225,0.25,0.06,0.01,1,2950,3000,4380,4000,3500,1.8455,1.494,1000,1500,2303,3743.9504,0.6,0,1.5,0.9,0,40,60,1.1,100,0,0,0,0,0,0,0.02,0.02,0.2,1.25,0,0,0,200,50,0,0,200,200,50,0,0,0,0,0,0,0,0,0,0,0,0,0,1,0,0,0,0
947,7,cn-server-capture,1.15,2000,1.285,500,335,2,2,1,1,0,1,100,3,0.67,2303,1825,2070,1415,10,24.55,5,5,0.2,0.2,0.2,4225,0.25,0.06,0.01,3800,2950,3000,4380,4000,3500,1.8455,1.494,1000,1500,2303,3743.9504,0.6,0,1.5,0.9,0,40,60,1.1,100,0,0,0,0,0,0,0.02,0.02,0.2,1.25,0,0,0,200,50,0,0,200,200,50,0,0,0,0,0,0,0,0,0,0,0,0,0,1,0,0,0,0
948,4,cn-server-capture,1.15,2000,1.285,500,335,2,2,1,1,0,1,100,3,0.67,2303,1825,2070,1415,10,24.55,5,5,0.2,0.2,0.2,4225,0.25,0.06,0.01,1,2950,3000,4380,4000,3500,1.8455,1.494,1000,1500,2303,3743.9504,0.6,0,1.5,0.9,0,40,60,1.1,100,0,0,0,0,0,0,0.02,0.02,0.2,1.25,0,0,0,200,50,0,0,200,200,50,0,0,0,0,0,0,0,0,0,0,0,0,0,1,0,0,0,0
948,7,cn-server-capture,1.15,2000,1.285,500,335,2,2,1,1,0,1,100,3,0.67,2303,1825,2070,1415,10,24.55,5,5,0.2,0.2,0.2,4225,0.25,0.06,0.01,3800,2950,3000,4380,4000,3500,1.8455,1.494,1000,1500,2303,3743.9504,0.6,0,1.5,0.9,0,40,60,1.1,100,0,0,0,0,0,0,0.02,0.02,0.2,1.25,0,0,0,200,50,0,0,200,200,50,0,0,0,0,0,0,0,0,0,0,0,0,0,1,0,0,0,0
949,4,cn-server-capture,1.15,2000,1.275,500,325,2,3,2,1,0,1,100,3,0.67,2303,1825,2070,1415,10,24.55,5,5,0.2,0.2,0.2,4125,0.25,0.06,0.01,1,2910,3000,4320,4000,3500,1.8405,1.494,1450,1000,3743.9504,2303,0.6,1,1.5,0.9,0,40,60,1.1,100,0,0,0,0,0,0,0.02,0.02,0.2,1.25,0,0,0,200,50,0,0,200,200,50,0,0,0,0,0,0,0,0,0,0,0,0,0,1,0,0,0,0
949,7,cn-server-capture,1.15,2000,1.275,500,325,2,3,2,1,0,1,100,3,0.67,2303,1825,2070,1415,10,24.55,5,5,0.2,0.2,0.2,4125,0.25,0.06,0.01,3740,2910,3000,4320,4000,3500,1.8405,1.494,1450,1000,3743.9504,2303,0.6,1,1.5,0.9,0,40,60,1.1,100,0,0,0,0,0,0,0.02,0.02,0.2,1.25,0,0,0,200,50,0,0,200,200,50,0,0,0,0,0,0,0,0,0,0,0,0,0,1,0,0,0,0
950,4,cn-server-capture,1.15,2000,1.275,500,325,2,3,2,1,0,1,100,3,0.67,2303,1825,2070,1415,10,24.55,5,5,0.2,0.2,0.2,4125,0.25,0.06,0.01,1,2910,3000,4320,4000,3500,1.8405,1.494,1450,1000,3743.9504,2303,0.6,1,1.5,0.9,0,40,60,1.1,100,0,0,0,0,0,0,0.02,0.02,0.2,1.25,0,0,0,200,50,0,0,200,200,50,0,0,0,0,0,0,0,0,0,0,0,0,0,1,0,0,0,0
950,7,cn-server-capture,1.15,2000,1.275,500,325,2,3,2,1,0,1,100,3,0.67,2303,1825,2070,1415,10,24.55,5,5,0.2,0.2,0.2,4125,0.25,0.06,0.01,3740,2910,3000,4320,4000,3500,1.8405,1.494,1450,1000,3743.9504,2303,0.6,1,1.5,0.9,0,40,60,1.1,100,0,0,0,0,0,0,0.02,0.02,0.2,1.25,0,0,0,200,50,0,0,200,200,50,0,0,0,0,0,0,0,0,0,0,0,0,0,1,0,0,0,0
951,4,cn-server-capture,1.15,2000,1.275,500,325,2,3,2,1,0,1,100,3,0.67,2303,1825,2070,1415,10,24.55,5,5,0.2,0.2,0.2,4125,0.25,0.06,0.01,1,2910,3000,4320,4000,3500,1.8405,1.494,1450,1000,3743.9504,2303,0.6,1,1.5,0.9,0,40,60,1.1,100,0,0,0,0,0,0,0.02,0.02,0.2,1.25,0,0,0,200,50,0,0,200,200,50,0,0,0,0,0,0,0,0,0,0,0,0,0,1,0,0,0,0
951,7,cn-server-capture,1.15,2000,1.275,500,325,2,3,2,1,0,1,100,3,0.67,2303,1825,2070,1415,10,24.55,5,5,0.2,0.2,0.2,4125,0.25,0.06,0.01,3740,2910,3000,4320,4000,3500,1.8405,1.494,1450,1000,3743.9504,2303,0.6,1,1.5,0.9,0,40,60,1.1,100,0,0,0,0,0,0,0.02,0.02,0.2,1.25,0,0,0,200,50,0,0,200,200,50,0,0,0,0,0,0,0,0,0,0,0,0,0,1,0,0,0,0
952,4,cn-server-capture,1.15,2000,1.25,500,300,2,2,2,1,0,1,100,3,0.671,2300,1825,2070,1415,10,24.75,5,5,0.2,0.2,0.2,4050,0.25,0.06,0.01,1,3000,3000,4500,4000,3500,1.7854999,1.494,1450,1000,3636.321,2300,0,1,1.5,1,0,40,60,1.1,100,0,0,0,0,0,0,0.02,0.02,0.2,1.25,0,0,0,200,50,0,0,200,200,50,0,0,0,0,0,0,0,0,0,0,0,0,0,1,0,0,0,0
952,7,cn-server-capture,1.15,2000,1.25,500,300,2,2,2,1,0,1,100,3,0.671,2300,1825,2070,1415,10,24.75,5,5,0.2,0.2,0.2,4050,0.25,0.06,0.01,4300,3000,3000,4500,4000,3500,1.7854999,1.494,1450,1000,3636.321,2300,0,1,1.5,1,0,40,60,1.1,100,0,0,0,0,0,0,0.02,0.02,0.2,1.25,0,0,0,200,50,0,0,200,200,50,0,0,0,0,0,0,0,0,0,0,0,0,0,1,0,0,0,0
953,4,cn-server-capture,1.15,2000,1.285,500,335,2,2,1,1,0,1,100,3,0.671,2298,1825,2070,1415,10,24.75,5,5,0.2,0.2,0.2,4150,0.24700001,0.06,0.01,1,3120,3000,4620,4000,3500,1.8414999,1.494,1000,1550,2298,3735.388,0.6,0,1.5,0.91,0,40,60,1.1,100,0,0,0,0,0,0,0.02,0.02,0.2,1.25,0,0,0,200,50,0,0,200,200,50,0,0,0,0,0,0,0,0,0,0,0,0,0,1,0,0,0,0
953,7,cn-server-capture,1.15,2000,1.285,500,335,2,2,1,1,0,1,100,3,0.671,2298,1825,2070,1415,10,24.75,5,5,0.2,0.2,0.2,4150,0.24700001,0.06,0.01,3800,3120,3000,4620,4000,3500,1.8414999,1.494,1000,1550,2298,3735.388,0.6,0,1.5,0.91,0,40,60,1.1,100,0,0,0,0,0,0,0.02,0.02,0.2,1.25,0,0,0,200,50,0,0,200,200,50,0,0,0,0,0,0,0,0,0,0,0,0,0,1,0,0,0,0
955,4,cn-server-capture,1.15,2000,1.31,500,355,2,2,1,1,0,1,100,3,0.67,2300,1825,2070,1415,10,24.65,5,5,0.2,0.2,0.2,4600,0.24900001,0.06,0.01,1,2960,3000,4410,4000,3500,1.8455,1.494,1000,1350,2300,3948.356,0.7,0,1.5,0.9,0,40,60,1.1,100,0,0,0,0,0,0,0.02,0.02,0.2,1.25,0,0,0,200,50,0,0,200,200,50,0,0,0,0,0,0,0,0,0,0,0,0,0,1,0,0,0,0
955,7,cn-server-capture,1.15,2000,1.31,500,355,2,2,1,1,0,1,100,3,0.67,2300,1825,2070,1415,10,24.65,5,5,0.2,0.2,0.2,4600,0.24900001,0.06,0.01,3700,2960,3000,4410,4000,3500,1.8455,1.494,1000,1350,2300,3948.356,0.7,0,1.5,0.9,0,40,60,1.1,100,0,0,0,0,0,0,0.02,0.02,0.2,1.25,0,0,0,200,50,0,0,200,200,50,0,0,0,0,0,0,0,0,0,0,0,0,0,1,0,0,0,0
956,4,cn-server-capture,1.15,2000,1.285,500,335,2,2,1,1,0,1,100,3,0.668,2298,1825,2070,1415,10,24.65,5,5,0.2,0.2,0.2,4235,0.25,0.06,0.01,1,2960,3000,4390,4000,3500,1.8455,1.494,1000,1500,2298,3735.388,0.6,0,1.5,0.89,0,40,60,1.1,100,0,0,0,0,0,0,0.02,0.02,0.2,1.25,0,0,0,200,50,0,0,200,200,50,0,0,0,0,0,0,0,0,0,0,0,0,0,1,0,0,0,0
956,7,cn-server-capture,1.15,2000,1.285,500,335,2,2,1,1,0,1,100,3,0.668,2298,1825,2070,1415,10,24.65,5,5,0.2,0.2,0.2,4235,0.25,0.06,0.01,3800,2960,3000,4390,4000,3500,1.8455,1.494,1000,1500,2298,3735.388,0.6,0,1.5,0.89,0,40,60,1.1,100,0,0,0,0,0,0,0.02,0.02,0.2,1.25,0,0,0,200,50,0,0,200,200,50,0,0,0,0,0,0,0,0,0,0,0,0,0,1,0,0,0,0
957,4,cn-server-capture,1.15,2000,1.25,500,300,2,2,2,1,0,1,100,3,0.67149997,2298,1825,2070,1415,10,24.85,5,5,0.2,0.2,0.2,4050,0.25,0.06,0.01,1,3000,3000,4500,4000,3500,1.7804999,1.494,1450,1000,3633.021,2298,0,1,1.5,1,0,40,60,1.1,100,0,0,0,0,0,0,0.02,0.02,0.2,1.25,0,0,0,200,50,0,0,200,200,50,0,0,0,0,0,0,0,0,0,0,0,0,0,1,0,0,0,0
957,7,cn-server-capture,1.15,2000,1.25,500,300,2,2,2,1,0,1,100,3,0.67149997,2298,1825,2070,1415,10,24.85,5,5,0.2,0.2,0.2,4050,0.25,0.06,0.01,4300,3000,3000,4500,4000,3500,1.7804999,1.494,1450,1000,3633.021,2298,0,1,1.5,1,0,40,60,1.1,100,0,0,0,0,0,0,0.02,0.02,0.2,1.25,0,0,0,200,50,0,0,200,200,50,0,0,0,0,0,0,0,0,0,0,0,0,0,1,0,0,0,0
958,4,cn-server-capture,1.15,2000,1.25,500,300,2,2,2,1,0,1,100,3,0.671,2300,1825,2070,1415,10,24.75,5,5,0.2,0.2,0.2,4050,0.25,0.06,0.01,1,3000,3000,4500,4000,3500,1.7854999,1.494,1450,1000,3636.321,2300,0,1,1.5,1,0,40,60,1.1,100,0,0,0,0,0,0,0.02,0.02,0.2,1.25,0,0,0,200,50,0,0,200,200,50,0,0,0,0,0,0,0,0,0,0,0,0,0,1,0,0,0,0
958,7,cn-server-capture,1.15,2000,1.25,500,300,2,2,2,1,0,1,100,3,0.671,2300,1825,2070,1415,10,24.75,5,5,0.2,0.2,0.2,4050,0.25,0.06,0.01,4300,3000,3000,4500,4000,3500,1.7854999,1.494,1450,1000,3636.321,2300,0,1,1.5,1,0,40,60,1.1,100,0,0,0,0,0,0,0.02,0.02,0.2,1.25,0,0,0,200,50,0,0,200,200,50,0,0,0,0,0,0,0,0,0,0,0,0,0,1,0,0,0,0
959,4,cn-server-capture,1.15,2000,1.25,500,300,2,2,1,1,0,1,100,3,0.671,2300,1825,2070,1415,10,24.75,5,5,0.2,0.2,0.2,4125,0.25100002,0.06,0.01,1,2900,3000,4300,4000,3500,1.8405,1.494,1000,1500,2300,3636.321,0.5,0,1.5,0.92,0,40,60,1.1,100,0,0,0,0,0,0,0.02,0.02,0.2,1.25,0,0,0,200,50,0,0,200,200,50,0,0,0,0,0,0,0,0,0,0,0,0,0,1,0,0,0,0
959,7,cn-server-capture,1.15,2000,1.25,500,300,2,2,1,1,0,1,100,3,0.671,2300,1825,2070,1415,10,24.75,5,5,0.2,0.2,0.2,4125,0.25100002,0.06,0.01,3800,2900,3000,4300,4000,3500,1.8405,1.494,1000,1500,2300,3636.321,0.5,0,1.5,0.92,0,40,60,1.1,100,0,0,0,0,0,0,0.02,0.02,0.2,1.25,0,0,0,200,50,0,0,200,200,50,0,0,0,0,0,0,0,0,0,0,0,0,0,1,0,0,0,0
960,4,cn-server-capture,1.15,2000,1.25,500,300,2,2,2,1,0,1,100,3,0.671,2300,1825,2070,1415,10,24.75,5,5,0.2,0.2,0.2,4050,0.25,0.06,0.01,1,3000,3000,4500,4000,3500,1.7854999,1.494,1450,1000,3636.321,2300,0,1,1.5,1,0,40,60,1.1,100,0,0,0,0,0,0,0.02,0.02,0.2,1.25,0,0,0,200,50,0,0,200,200,50,0,0,0,0,0,0,0,0,0,0,0,0,0,1,0,0,0,0
960,7,cn-server-capture,1.15,2000,1.25,500,300,2,2,2,1,0,1,100,3,0.671,2300,1825,2070,1415,10,24.75,5,5,0.2,0.2,0.2,4050,0.25,0.06,0.01,4300,3000,3000,4500,4000,3500,1.7854999,1.494,1450,1000,3636.321,2300,0,1,1.5,1,0,40,60,1.1,100,0,0,0,0,0,0,0.02,0.02,0.2,1.25,0,0,0,200,50,0,0,200,200,50,0,0,0,0,0,0,0,0,0,0,0,0,0,1,0,0,0,0
961,4,cn-server-capture,1.15,2000,1.25,500,300,2,2,1,1,0,1,100,3,0.672,2298,1825,2070,1415,10,24.75,5,5,0.2,0.2,0.2,4125,0.246,0.06,0.01,1,3200,3000,4800,4000,3500,1.8405,1.494,1000,1500,2298,3633.021,0.5,0,1.5,0.92,0,40,60,1.1,100,0,0,0,0,0,0,0.02,0.02,0.2,1.25,0,0,0,200,50,0,0,200,200,50,0,0,0,0,0,0,0,0,0,0,0,0,0,1,0,0,0,0
961,7,cn-server-capture,1.15,2000,1.25,500,300,2,2,1,1,0,1,100,3,0.672,2298,1825,2070,1415,10,24.75,5,5,0.2,0.2,0.2,4125,0.246,0.06,0.01,4400,3200,3000,4800,4000,3500,1.8405,1.494,1000,1500,2298,3633.021,0.5,0,1.5,0.92,0,40,60,1.1,100,0,0,0,0,0,0,0.02,0.02,0.2,1.25,0,0,0,200,50,0,0,200,200,50,0,0,0,0,0,0,0,0,0,0,0,0,0,1,0,0,0,0
962,4,cn-server-capture,1.15,2000,1.25,500,300,2,2,1,1,0,1,100,3,0.673,2295,1825,2070,1415,10,24.95,5,5,0.2,0.2,0.2,4100,0.245,0.06,0.01,1,2600,3000,3800,4000,3500,1.8395,1.494,1000,1500,2295,3628.071,0.5,0,1.5,0.92,0,40,60,1.1,100,0,0,0,0,0,0,0.02,0.02,0.2,1.25,0,0,0,200,50,0,0,200,200,50,0,0,0,0,0,0,0,0,0,0,0,0,0,1,0,0,0,0
962,7,cn-server-capture,1.15,2000,1.25,500,300,2,2,1,1,0,1,100,3,0.673,2295,1825,2070,1415,10,24.95,5,5,0.2,0.2,0.2,4100,0.245,0.06,0.01,3100,2600,3000,3800,4000,3500,1.8395,1.494,1000,1500,2295,3628.071,0.5,0,1.5,0.92,0,40,60,1.1,100,0,0,0,0,0,0,0.02,0.02,0.2,1.25,0,0,0,200,50,0,0,200,200,50,0,0,0,0,0,0,0,0,0,0,0,0,0,1,0,0,0,0
963,4,cn-server-capture,1.15,2000,1.3,500,350,2,2,1,1,0,1,100,3,0.6685,2302,1825,2070,1415,10,24.55,5,5,0.2,0.2,0.2,4350,0.24700001,0.06,0.01,1,2930,3000,4370,4000,3500,1.8505,1.494,1000,1350,2302,3936.0186,0.7,0,1.5,0.89,0,40,60,1.1,100,0,0,0,0,0,0,0.02,0.02,0.2,1.25,0,0,0,200,50,0,0,200,200,50,0,0,0,0,0,0,0,0,0,0,0,0,0,1,0,0,0,0
963,7,cn-server-capture,1.15,2000,1.3,500,350,2,2,1,1,0,1,100,3,0.6685,2302,1825,2070,1415,10,24.55,5,5,0.2,0.2,0.2,4350,0.24700001,0.06,0.01,3740,2930,3000,4370,4000,3500,1.8505,1.494,1000,1350,2302,3936.0186,0.7,0,1.5,0.89,0,40,60,1.1,100,0,0,0,0,0,0,0.02,0.02,0.2,1.25,0,0,0,200,50,0,0,200,200,50,0,0,0,0,0,0,0,0,0,0,0,0,0,1,0,0,0,0
965,4,cn-server-capture,1.15,2000,1.25,500,300,2,2,1,1,0,1,100,3,0.6705,2300,1825,2070,1415,10,24.75,5,5,0.2,0.2,0.2,4150,0.24900001,0.06,0.01,1,2900,3000,4300,4000,3500,1.8405,1.494,1000,1500,2300,3636.321,0.5,0,1.5,0.9,0,40,60,1.1,100,0,0,0,0,0,0,0.02,0.02,0.2,1.25,0,0,0,200,50,0,0,200,200,50,0,0,0,0,0,0,0,0,0,0,0,0,0,1,0,0,0,0
965,7,cn-server-capture,1.15,2000,1.25,500,300,2,2,1,1,0,1,100,3,0.6705,2300,1825,2070,1415,10,24.75,5,5,0.2,0.2,0.2,4150,0.24900001,0.06,0.01,3750,2900,3000,4300,4000,3500,1.8405,1.494,1000,1500,2300,3636.321,0.5,0,1.5,0.9,0,40,60,1.1,100,0,0,0,0,0,0,0.02,0.02,0.2,1.25,0,0,0,200,50,0,0,200,200,50,0,0,0,0,0,0,0,0,0,0,0,0,0,1,0,0,0,0
967,4,cn-server-capture,1.15,2000,1.25,500,300,2,2,1,1,0,1,100,3,0.67,2298,1825,2070,1415,10,24.75,5,5,0.2,0.2,0.2,4100,0.245,0.06,0.01,1,2900,3000,4300,4000,3500,1.8414999,1.494,1000,1500,2298,3633.021,0.5,0,1.5,0.92,0,40,60,1.1,100,0,0,0,0,0,0,0.02,0.02,0.2,1.25,0,0,0,200,50,0,0,200,200,50,0,0,0,0,0,0,0,0,0,0,0,0,0,1,0,0,0,0
967,7,cn-server-capture,1.15,2000,1.25,500,300,2,2,1,1,0,1,100,3,0.67,2298,1825,2070,1415,10,24.75,5,5,0.2,0.2,0.2,4100,0.245,0.06,0.01,3800,2900,3000,4300,4000,3500,1.8414999,1.494,1000,1500,2298,3633.021,0.5,0,1.5,0.92,0,40,60,1.1,100,0,0,0,0,0,0,0.02,0.02,0.2,1.25,0,0,0,200,50,0,0,200,200,50,0,0,0,0,0,0,0,0,0,0,0,0,0,1,0,0,0,0
968,4,cn-server-capture,1.15,2000,1.3,500,350,2,2,1,1,0,1,100,3,0.67,2299,1825,2070,1415,10,24.85,5,5,0.2,0.2,0.2,4550,0.24900001,0.06,0.01,1,2960,3000,4410,4000,3500,1.8455,1.494,1000,1350,2299,3946.556,0.7,0,1.5,0.9,0,40,60,1.1,100,0,0,0,0,0,0,0.02,0.02,0.2,1.25,0,0,0,200,50,0,0,200,200,50,0,0,0,0,0,0,0,0,0,0,0,0,0,1,0,0,0,0
968,7,cn-server-capture,1.15,2000,1.3,500,350,2,2,1,1,0,1,100,3,0.67,2299,1825,2070,1415,10,24.85,5,5,0.2,0.2,0.2,4550,0.24900001,0.06,0.01,3710,2960,3000,4410,4000,3500,1.8455,1.494,1000,1350,2299,3946.556,0.7,0,1.5,0.9,0,40,60,1.1,100,0,0,0,0,0,0,0.02,0.02,0.2,1.25,0,0,0,200,50,0,0,200,200,50,0,0,0,0,0,0,0,0,0,0,0,0,0,1,0,0,0,0
969,4,cn-server-capture,1.15,2000,1.31,500,355,2,2,1,1,0,1,100,3,0.67,2302,1825,2070,1415,10,24.75,5,5,0.2,0.2,0.2,4500,0.252,0.06,0.01,1,2960,3000,4420,4000,3500,1.8455,1.494,1000,1350,2302,3936.0186,0.7,0,1.5,0.9,0,40,60,1.1,100,0,0,0,0,0,0,0.02,0.02,0.2,1.25,0,0,0,200,50,0,0,200,200,50,0,0,0,0,0,0,0,0,0,0,0,0,0,1,0,0,0,0
969,7,cn-server-capture,1.15,2000,1.31,500,355,2,2,1,1,0,1,100,3,0.67,2302,1825,2070,1415,10,24.75,5,5,0.2,0.2,0.2,4500,0.252,0.06,0.01,3730,2960,3000,4420,4000,3500,1.8455,1.494,1000,1350,2302,3936.0186,0.7,0,1.5,0.9,0,40,60,1.1,100,0,0,0,0,0,0,0.02,0.02,0.2,1.25,0,0,0,200,50,0,0,200,200,50,0,0,0,0,0,0,0,0,0,0,0,0,0,1,0,0,0,0
970,4,cn-server-capture,1.15,2000,1.25,500,300,2,2,1,1,0,1,100,3,0.67149997,2298,1825,2070,1415,10,24.85,5,5,0.2,0.2,0.2,4075,0.245,0.06,0.01,1,3100,3000,4600,4000,3500,1.8405,1.494,1000,1600,2298,3633.021,0.5,0,1.5,0.92,0,40,60,1.1,100,0,0,0,0,0,0,0.02,0.02,0.2,1.25,0,0,0,200,50,0,0,200,200,50,0,0,0,0,0,0,0,0,0,0,0,0,0,1,0,0,0,0
970,7,cn-server-capture,1.15,2000,1.25,500,300,2,2,1,1,0,1,100,3,0.67149997,2298,1825,2070,1415,10,24.85,5,5,0.2,0.2,0.2,4075,0.245,0.06,0.01,3800,3100,3000,4600,4000,3500,1.8405,1.494,1000,1600,2298,3633.021,0.5,0,1.5,0.92,0,40,60,1.1,100,0,0,0,0,0,0,0.02,0.02,0.2,1.25,0,0,0,200,50,0,0,200,200,50,0,0,0,0,0,0,0,0,0,0,0,0,0,1,0,0,0,0
972,4,cn-server-capture,1.15,2000,1.25,500,300,2,2,2,1,0,1,100,3,0.67149997,2298,1825,2070,1415,10,24.75,5,5,0.2,0.2,0.2,4025,0.24800001,0.065,0.01,1,3000,3000,4500,4000,3500,1.7854999,1.494,1400,1000,3735.388,2298,0,1,1.5,1,0,40,60,1.1,100,0,0,0,0,0,0,0.02,0.02,0.2,1.25,0,0,0,200,50,0,0,200,200,50,0,0,0,0,0,0,0,0,0,0,0,0,0,1,0,0,0,0
972,7,cn-server-capture,1.15,2000,1.25,500,300,2,2,2,1,0,1,100,3,0.67149997,2298,1825,2070,1415,10,24.75,5,5,0.2,0.2,0.2,4025,0.24800001,0.065,0.01,4300,3000,3000,4500,4000,3500,1.7854999,1.494,1400,1000,3735.388,2298,0,1,1.5,1,0,40,60,1.1,100,0,0,0,0,0,0,0.02,0.02,0.2,1.25,0,0,0,200,50,0,0,200,200,50,0,0,0,0,0,0,0,0,0,0,0,0,0,1,0,0,0,0
973,4,cn-server-capture,1.15,2000,1.25,500,300,2,2,1,1,0,1,100,3,0.67,2299,1825,2070,1415,10,25.05,5,5,0.2,0.2,0.2,4075,0.246,0.07,0.01,1,2890,3000,4280,4000,3500,1.8414999,1.494,1000,1500,2299,3634.671,0.5,0,1.5,1,0,40,60,1.1,100,0,0,0,0,0,0,0.02,0.02,0.2,1.25,0,0,0,200,50,0,0,200,200,50,0,0,0,0,0,0,0,0,0,0,0,0,0,1,0,0,0,0
973,7,cn-server-capture,1.15,2000,1.25,500,300,2,2,1,1,0,1,100,3,0.67,2299,1825,2070,1415,10,25.05,5,5,0.2,0.2,0.2,4075,0.246,0.07,0.01,3770,2890,3000,4280,4000,3500,1.8414999,1.494,1000,1500,2299,3634.671,0.5,0,1.5,1,0,40,60,1.1,100,0,0,0,0,0,0,0.02,0.02,0.2,1.25,0,0,0,200,50,0,0,200,200,50,0,0,0,0,0,0,0,0,0,0,0,0,0,1,0,0,0,0
974,4,cn-server-capture,1.15,2000,1.285,500,335,2,3,2,1,0,1,100,3,0.67,2299,1825,2070,1415,10,24.55,5,5,0.2,0.2,0.2,4075,0.25,0.06,0.01,1,3000,3000,4500,4000,3500,1.7954999,1.494,1450,1000,3737.088,2299,0,1,1.5,0.85,0,40,60,1.1,100,0,0,0,0,0,0,0.02,0.02,0.2,1.25,0,0,0,200,50,0,0,200,200,50,0,0,0,0,0,0,0,0,0,0,0,0,0,1,0,0,0,0
974,7,cn-server-capture,1.15,2000,1.285,500,335,2,3,2,1,0,1,100,3,0.67,2299,1825,2070,1415,10,24.55,5,5,0.2,0.2,0.2,4075,0.25,0.06,0.01,4300,3000,3000,4500,4000,3500,1.7954999,1.494,1450,1000,3737.088,2299,0,1,1.5,0.85,0,40,60,1.1,100,0,0,0,0,0,0,0.02,0.02,0.2,1.25,0,0,0,200,50,0,0,200,200,50,0,0,0,0,0,0,0,0,0,0,0,0,0,1,0,0,0,0
975,4,cn-server-capture,1.15,2000,1.275,500,325,2,3,2,1,0,1,100,3,0.67,2300,1825,2070,1415,10,24.85,5,5,0.2,0.2,0.2,4075,0.25,0.06,0.01,1,3000,3000,4500,4000,3500,1.7954999,1.494,1450,1000,3738.788,2300,0,1,1.5,0.9,0,40,60,1.1,100,0,0,0,0,0,0,0.02,0.02,0.2,1.25,0,0,0,200,50,0,0,200,200,50,0,0,0,0,0,0,0,0,0,0,0,0,0,1,0,0,0,0
975,7,cn-server-capture,1.15,2000,1.275,500,325,2,3,2,1,0,1,100,3,0.67,2300,1825,2070,1415,10,24.85,5,5,0.2,0.2,0.2,4075,0.25,0.06,0.01,4300,3000,3000,4500,4000,3500,1.7954999,1.494,1450,1000,3738.788,2300,0,1,1.5,0.9,0,40,60,1.1,100,0,0,0,0,0,0,0.02,0.02,0.2,1.25,0,0,0,200,50,0,0,200,200,50,0,0,0,0,0,0,0,0,0,0,0,0,0,1,0,0,0,0
976,4,cn-server-capture,1.15,2000,1.25,500,300,2,2,2,1,0,1,100,3,0.672,2301,1825,2070,1415,10,24.75,5,5,0.2,0.2,0.2,4050,0.24800001,0.07,0.01,1,3000,3000,4500,4000,3500,1.7754999,1.494,1400,1000,3740.488,2301,0,1,1.5,1,0,40,60,1.1,100,0,0,0,0,0,0,0.02,0.02,0.2,1.25,0,0,0,200,50,0,0,200,200,50,0,0,0,0,0,0,0,0,0,0,0,0,0,1,0,0,0,0
976,7,cn-server-capture,1.15,2000,1.25,500,300,2,2,2,1,0,1,100,3,0.672,2301,1825,2070,1415,10,24.75,5,5,0.2,0.2,0.2,4050,0.24800001,0.07,0.01,4300,3000,3000,4500,4000,3500,1.7754999,1.494,1400,1000,3740.488,2301,0,1,1.5,1,0,40,60,1.1,100,0,0,0,0,0,0,0.02,0.02,0.2,1.25,0,0,0,200,50,0,0,200,200,50,0,0,0,0,0,0,0,0,0,0,0,0,0,1,0,0,0,0
977,4,cn-server-capture,1.15,2000,1.3,500,350,2,2,1,1,0,1,100,3,0.669,2301,1825,2070,1415,10,24.65,5,5,0.2,0.2,0.2,4425,0.25,0.06,0.01,1,2960,3000,4400,4000,3500,1.8435,1.494,1000,1350,2301,3950.156,0.7,0,1.5,0.9,0,40,60,1.1,100,0,0,0,0,0,0,0.02,0.02,0.2,1.25,0,0,0,200,50,0,0,200,200,50,0,0,0,0,0,0,0,0,0,0,0,0,0,1,0,0,0,0
977,7,cn-server-capture,1.15,2000,1.3,500,350,2,2,1,1,0,1,100,3,0.669,2301,1825,2070,1415,10,24.65,5,5,0.2,0.2,0.2,4425,0.25,0.06,0.01,3780,2960,3000,4400,4000,3500,1.8435,1.494,1000,1350,2301,3950.156,0.7,0,1.5,0.9,0,40,60,1.1,100,0,0,0,0,0,0,0.02,0.02,0.2,1.25,0,0,0,200,50,0,0,200,200,50,0,0,0,0,0,0,0,0,0,0,0,0,0,1,0,0,0,0
978,4,cn-server-capture,1.15,2000,1.31,500,360,2,2,1,1,0,1,100,3,0.6685,2300,1825,2070,1415,10,24.95,5,5,0.2,0.2,0.2,4575,0.25,0.06,0.01,1,2940,3000,4380,4000,3500,1.8555,1.494,1000,1350,2300,3948.356,0.7,0,1.5,0.9,0,40,60,1.1,100,0,0,0,0,0,0,0.02,0.02,0.2,1.25,0,0,0,200,50,0,0,200,200,50,0,0,0,0,0,0,0,0,0,0,0,0,0,1,0,0,0,0
978,7,cn-server-capture,1.15,2000,1.31,500,360,2,2,1,1,0,1,100,3,0.6685,2300,1825,2070,1415,10,24.95,5,5,0.2,0.2,0.2,4575,0.25,0.06,0.01,3720,2940,3000,4380,4000,3500,1.8555,1.494,1000,1350,2300,3948.356,0.7,0,1.5,0.9,0,40,60,1.1,100,0,0,0,0,0,0,0.02,0.02,0.2,1.25,0,0,0,200,50,0,0,200,200,50,0,0,0,0,0,0,0,0,0,0,0,0,0,1,0,0,0,0
979,4,cn-server-capture,1.15,2000,1.25,500,300,2,3,2,1,0,1,100,3,0.671,2300,1825,2070,1415,10,24.75,5,5,0.2,0.2,0.2,4050,0.25,0.06,0.01,1,3000,3000,4500,4000,3500,1.7854999,1.494,1450,1000,3636.321,2300,0,1,1.5,1,0,40,60,1.1,100,0,0,0,0,0,0,0.02,0.02,0.2,1.25,0,0,0,200,50,0,0,200,200,50,0,0,0,0,0,0,0,0,0,0,0,0,0,1,0,0,0,0
979,7,cn-server-capture,1.15,2000,1.25,500,300,2,3,2,1,0,1,100,3,0.671,2300,1825,2070,1415,10,24.75,5,5,0.2,0.2,0.2,4050,0.25,0.06,0.01,4300,3000,3000,4500,4000,3500,1.7854999,1.494,1450,1000,3636.321,2300,0,1,1.5,1,0,40,60,1.1,100,0,0,0,0,0,0,0.02,0.02,0.2,1.25,0,0,0,200,50,0,0,200,200,50,0,0,0,0,0,0,0,0,0,0,0,0,0,1,0,0,0,0
980,4,cn-server-capture,1.15,2000,1.285,500,335,2,2,1,1,0,1,100,3,0.668,2298,1825,2070,1415,10,24.65,5,5,0.2,0.2,0.2,4235,0.25,0.06,0.01,1,2960,3000,4390,4000,3500,1.8455,1.494,1000,1500,2298,3735.388,0.6,0,1.5,0.89,0,40,60,1.1,100,0,0,0,0,0,0,0.02,0.02,0.2,1.25,0,0,0,200,50,0,0,200,200,50,0,0,0,0,0,0,0,0,0,0,0,0,0,1,0,0,0,0
980,7,cn-server-capture,1.15,2000,1.285,500,335,2,2,1,1,0,1,100,3,0.668,2298,1825,2070,1415,10,24.65,5,5,0.2,0.2,0.2,4235,0.25,0.06,0.01,3800,2960,3000,4390,4000,3500,1.8455,1.494,1000,1500,2298,3735.388,0.6,0,1.5,0.89,0,40,60,1.1,100,0,0,0,0,0,0,0.02,0.02,0.2,1.25,0,0,0,200,50,0,0,200,200,50,0,0,0,0,0,0,0,0,0,0,0,0,0,1,0,0,0,0
981,4,cn-server-capture,1.15,2000,1.25,500,300,2,2,2,1,0,1,100,3,0.67149997,2302,1825,2070,1415,10,25.05,5,5,0.2,0.2,0.2,4050,0.25,0.065,0.01,1,3000,3000,4500,4000,3500,1.7804999,1.494,1450,1000,3639.621,2302,0,1,1.5,1,0,40,60,1.1,100,0,0,0,0,0,0,0.02,0.02,0.2,1.25,0,0,0,200,50,0,0,200,200,50,0,0,0,0,0,0,0,0,0,0,0,0,0,1,0,0,0,0
981,7,cn-server-capture,1.15,2000,1.25,500,300,2,2,2,1,0,1,100,3,0.67149997,2302,1825,2070,1415,10,25.05,5,5,0.2,0.2,0.2,4050,0.25,0.065,0.01,4300,3000,3000,4500,4000,3500,1.7804999,1.494,1450,1000,3639.621,2302,0,1,1.5,1,0,40,60,1.1,100,0,0,0,0,0,0,0.02,0.02,0.2,1.25,0,0,0,200,50,0,0,200,200,50,0,0,0,0,0,0,0,0,0,0,0,0,0,1,0,0,0,0
982,4,cn-server-capture,1.15,2000,1.25,500,300,2,2,1,1,0,1,100,3,0.672,2304,1825,2070,1415,10,24.95,5,5,0.2,0.2,0.2,4150,0.25,0.06,0.01,1,2900,3000,4320,4000,3500,1.8405,1.494,1000,1500,2304,3642.921,0.6,0,1.5,0.9,0,40,60,1.1,100,0,0,0,0,0,0,0.02,0.02,0.2,1.25,0,0,0,200,50,0,0,200,200,50,0,0,0,0,0,0,0,0,0,0,0,0,0,1,0,0,0,0
982,7,cn-server-capture,1.15,2000,1.25,500,300,2,2,1,1,0,1,100,3,0.672,2304,1825,2070,1415,10,24.95,5,5,0.2,0.2,0.2,4150,0.25,0.06,0.01,3750,2900,3000,4320,4000,3500,1.8405,1.494,1000,1500,2304,3642.921,0.6,0,1.5,0.9,0,40,60,1.1,100,0,0,0,0,0,0,0.02,0.02,0.2,1.25,0,0,0,200,50,0,0,200,200,50,0,0,0,0,0,0,0,0,0,0,0,0,0,1,0,0,0,0
983,4,cn-server-capture,1.15,2000,1.275,500,325,2,3,2,1,0,1,100,3,0.67,2301,1825,2070,1415,10,24.95,5,5,0.2,0.2,0.2,4075,0.25,0.07,0.01,1,3000,3000,4500,4000,3500,1.7954999,1.494,1450,1000,3740.488,2301,0,1,1.5,1,0,40,60,1.1,100,0,0,0,0,0,0,0.02,0.02,0.2,1.25,0,0,0,200,50,0,0,200,200,50,0,0,0,0,0,0,0,0,0,0,0,0,0,1,0,0,0,0
983,7,cn-server-capture,1.15,2000,1.275,500,325,2,3,2,1,0,1,100,3,0.67,2301,1825,2070,1415,10,24.95,5,5,0.2,0.2,0.2,4075,0.25,0.07,0.01,4300,3000,3000,4500,4000,3500,1.7954999,1.494,1450,1000,3740.488,2301,0,1,1.5,1,0,40,60,1.1,100,0,0,0,0,0,0,0.02,0.02,0.2,1.25,0,0,0,200,50,0,0,200,200,50,0,0,0,0,0,0,0,0,0,0,0,0,0,1,0,0,0,0
984,4,cn-server-capture,1.15,2000,1.25,500,300,2,2,1,1,0,1,100,3,0.67,2302,1825,2070,1415,10,24.95,5,5,0.2,0.2,0.2,4150,0.246,0.07,0.01,1,2910,3000,4320,4000,3500,1.8405,1.494,1000,1500,2302,3639.621,0.5,0,1.5,1,0,40,60,1.1,100,0,0,0,0,0,0,0.02,0.02,0.2,1.25,0,0,0,200,50,0,0,200,200,50,0,0,0,0,0,0,0,0,0,0,0,0,0,1,0,0,0,0
984,7,cn-server-capture,1.15,2000,1.25,500,300,2,2,1,1,0,1,100,3,0.67,2302,1825,2070,1415,10,24.95,5,5,0.2,0.2,0.2,4150,0.246,0.07,0.01,3720,2910,3000,4320,4000,3500,1.8405,1.494,1000,1500,2302,3639.621,0.5,0,1.5,1,0,40,60,1.1,100,0,0,0,0,0,0,0.02,0.02,0.2,1.25,0,0,0,200,50,0,0,200,200,50,0,0,0,0,0,0,0,0,0,0,0,0,0,1,0,0,0,0
995,4,cn-server-capture,1.15,2000,1.275,500,325,2,3,2,1,0,1,100,3,0.67,2303,1825,2070,1415,10,24.55,5,5,0.2,0.2,0.2,4125,0.25,0.06,0.01,1,2910,3000,4320,4000,3500,1.8405,1.494,1450,1000,3743.9504,2303,0.6,1,1.5,0.9,0,40,60,1.1,100,0,0,0,0,0,0,0.02,0.02,0.2,1.25,0,0,0,200,50,0,0,200,200,50,0,0,0,0,0,0,0,0,0,0,0,0,0,1,0,0,0,0
995,7,cn-server-capture,1.15,2000,1.275,500,325,2,3,2,1,0,1,100,3,0.67,2303,1825,2070,1415,10,24.55,5,5,0.2,0.2,0.2,4125,0.25,0.06,0.01,3740,2910,3000,4320,4000,3500,1.8405,1.494,1450,1000,3743.9504,2303,0.6,1,1.5,0.9,0,40,60,1.1,100,0,0,0,0,0,0,0.02,0.02,0.2,1.25,0,0,0,200,50,0,0,200,200,50,0,0,0,0,0,0,0,0,0,0,0,0,0,1,0,0,0,0
996,4,cn-server-capture,1.15,2000,1.25,500,300,2,2,1,1,0,1,100,3,0.67,2298,1825,2070,1415,10,24.75,5,5,0.2,0.2,0.2,4100,0.245,0.06,0.01,1,2900,3000,4300,4000,3500,1.8414999,1.494,1000,1500,2298,3633.021,0.5,0,1.5,0.92,0,40,60,1.1,100,0,0,0,0,0,0,0.02,0.02,0.2,1.25,0,0,0,200,50,0,0,200,200,50,0,0,0,0,0,0,0,0,0,0,0,0,0,1,0,0,0,0
996,7,cn-server-capture,1.15,2000,1.25,500,300,2,2,1,1,0,1,100,3,0.67,2298,1825,2070,1415,10,24.75,5,5,0.2,0.2,0.2,4100,0.245,0.06,0.01,3800,2900,3000,4300,4000,3500,1.8414999,1.494,1000,1500,2298,3633.021,0.5,0,1.5,0.92,0,40,60,1.1,100,0,0,0,0,0,0,0.02,0.02,0.2,1.25,0,0,0,200,50,0,0,200,200,50,0,0,0,0,0,0,0,0,0,0,0,0,0,1,0,0,0,0
997,4,cn-server-capture,1.15,2000,1.25,500,300,2,2,2,1,0,1,100,3,0.671,2300,1825,2070,1415,10,24.75,5,5,0.2,0.2,0.2,4050,0.25,0.06,0.01,1,3000,3000,4500,4000,3500,1.7854999,1.494,1450,1000,3636.321,2300,0,1,1.5,1,0,40,60,1.1,100,0,0,0,0,0,0,0.02,0.02,0.2,1.25,0,0,0,200,50,0,0,200,200,50,0,0,0,0,0,0,0,0,0,0,0,0,0,1,0,0,0,0
997,7,cn-server-capture,1.15,2000,1.25,500,300,2,2,2,1,0,1,100,3,0.671,2300,1825,2070,1415,10,24.75,5,5,0.2,0.2,0.2,4050,0.25,0.06,0.01,4300,3000,3000,4500,4000,3500,1.7854999,1.494,1450,1000,3636.321,2300,0,1,1.5,1,0,40,60,1.1,100,0,0,0,0,0,0,0.02,0.02,0.2,1.25,0,0,0,200,50,0,0,200,200,50,0,0,0,0,0,0,0,0,0,0,0,0,0,1,0,0,0,0
998,4,cn-server-capture,1.15,2000,1.25,500,300,2,2,1,1,0,1,100,3,0.672,2302,1825,2070,1415,10,25.05,5,5,0.2,0.2,0.2,4100,0.24700001,0.06,0.01,1,2900,3000,4320,4000,3500,1.8414999,1.494,1000,1500,2302,3639.621,0.5,0,1.5,0.92,0,40,60,1.1,100,0,0,0,0,0,0,0.02,0.02,0.2,1.25,0,0,0,200,50,0,0,200,200,50,0,0,0,0,0,0,0,0,0,0,0,0,0,1,0,0,0,0
998,7,cn-server-capture,1.15,2000,1.25,500,300,2,2,1,1,0,1,100,3,0.672,2302,1825,2070,1415,10,25.05,5,5,0.2,0.2,0.2,4100,0.24700001,0.06,0.01,3800,2900,3000,4320,4000,3500,1.8414999,1.494,1000,1500,2302,3639.621,0.5,0,1.5,0.92,0,40,60,1.1,100,0,0,0,0,0,0,0.02,0.02,0.2,1.25,0,0,0,200,50,0,0,200,200,50,0,0,0,0,0,0,0,0,0,0,0,0,0,1,0,0,0,0
999,4,cn-server-capture,1.15,2000,1.25,500,300,2,2,2,1,0,1,100,3,0.672,2302,1825,2070,1415,10,25.45,5,5,0.2,0.2,0.2,4050,0.25,0.06,0.01,1,3000,3000,4500,4000,3500,1.7854999,1.494,1450,1000,3639.621,2302,0,1,1.5,1,0,40,60,1.1,100,0,0,0,0,0,0,0.02,0.02,0.2,1.25,0,0,0,200,50,0,0,200,200,50,0,0,0,0,0,0,0,0,0,0,0,0,0,1,0,0,0,0
999,7,cn-server-capture,1.15,2000,1.25,500,300,2,2,2,1,0,1,100,3,0.672,2302,1825,2070,1415,10,25.45,5,5,0.2,0.2,0.2,4050,0.25,0.06,0.01,4300,3000,3000,4500,4000,3500,1.7854999,1.494,1450,1000,3639.621,2302,0,1,1.5,1,0,40,60,1.1,100,0,0,0,0,0,0,0.02,0.02,0.2,1.25,0,0,0,200,50,0,0,200,200,50,0,0,0,0,0,0,0,0,0,0,0,0,0,1,0,0,0,0
1001,4,cn-server-capture,1.15,2000,1.3,500,350,2,2,1,1,0,1,100,3,0.6685,2302,1825,2070,1415,10,24.55,5,5,0.2,0.2,0.2,4350,0.24700001,0.06,0.01,1,2930,3000,4370,4000,3500,1.8505,1.494,1000,1350,2302,3936.0186,0.7,0,1.5,0.89,0,40,60,1.1,100,0,0,0,0,0,0,0.02,0.02,0.2,1.25,0,0,0,200,50,0,0,200,200,50,0,0,0,0,0,0,0,0,0,0,0,0,0,1,0,0,0,0
1001,7,cn-server-capture,1.15,2000,1.3,500,350,2,2,1,1,0,1,100,3,0.6685,2302,1825,2070,1415,10,24.55,5,5,0.2,0.2,0.2,4350,0.24700001,0.06,0.01,3740,2930,3000,4370,4000,3500,1.8505,1.494,1000,1350,2302,3936.0186,0.7,0,1.5,0.89,0,40,60,1.1,100,0,0,0,0,0,0,0.02,0.02,0.2,1.25,0,0,0,200,50,0,0,200,200,50,0,0,0,0,0,0,0,0,0,0,0,0,0,1,0,0,0,0
1002,4,cn-server-capture,1.15,2000,1.25,500,300,2,2,2,1,0,1,100,3,0.67,2295,1825,2070,1415,10,24.65,5,5,0.2,0.2,0.2,4050,0.25,0.06,0.01,1,3000,3000,4500,4000,3500,1.7854999,1.494,1400,1000,3628.071,2295,0,1,1.5,1,0,40,60,1.1,100,0,0,0,0,0,0,0.02,0.02,0.2,1.25,0,0,0,200,50,0,0,200,200,50,0,0,0,0,0,0,0,0,0,0,0,0,0,1,0,0,0,0
1002,7,cn-server-capture,1.15,2000,1.25,500,300,2,2,2,1,0,1,100,3,0.67,2295,1825,2070,1415,10,24.65,5,5,0.2,0.2,0.2,4050,0.25,0.06,0.01,4300,3000,3000,4500,4000,3500,1.7854999,1.494,1400,1000,3628.071,2295,0,1,1.5,1,0,40,60,1.1,100,0,0,0,0,0,0,0.02,0.02,0.2,1.25,0,0,0,200,50,0,0,200,200,50,0,0,0,0,0,0,0,0,0,0,0,0,0,1,0,0,0,0
1003,4,cn-server-capture,1.15,2000,1.275,500,325,2,3,2,1,0,1,100,3,0.67,2302,1825,2070,1415,10,25.25,5,5,0.2,0.2,0.2,4075,0.25,0.07,0.01,1,3000,3000,4500,4000,3500,1.7954999,1.494,1450,1000,3742.188,2302,0,1,1.5,1,0,40,60,1.1,100,0,0,0,0,0,0,0.02,0.02,0.2,1.25,0,0,0,200,50,0,0,200,200,50,0,0,0,0,0,0,0,0,0,0,0,0,0,1,0,0,0,0
1003,7,cn-server-capture,1.15,2000,1.275,500,325,2,3,2,1,0,1,100,3,0.67,2302,1825,2070,1415,10,25.25,5,5,0.2,0.2,0.2,4075,0.25,0.07,0.01,4300,3000,3000,4500,4000,3500,1.7954999,1.494,1450,1000,3742.188,2302,0,1,1.5,1,0,40,60,1.1,100,0,0,0,0,0,0,0.02,0.02,0.2,1.25,0,0,0,200,50,0,0,200,200,50,0,0,0,0,0,0,0,0,0,0,0,0,0,1,0,0,0,0
1004,4,cn-server-capture,1.15,2000,1.25,500,300,2,2,1,1,0,1,100,3,0.672,2304,1825,2070,1415,10,24.95,5,5,0.2,0.2,0.2,4100,0.24700001,0.06,0.01,1,2910,3000,4320,4000,3500,1.8414999,1.494,1000,1500,2304,3642.921,0.5,0,1.5,0.92,0,40,60,1.1,100,0,0,0,0,0,0,0.02,0.02,0.2,1.25,0,0,0,200,50,0,0,200,200,50,0,0,0,0,0,0,0,0,0,0,0,0,0,1,0,0,0,0
1004,7,cn-server-capture,1.15,2000,1.25,500,300,2,2,1,1,0,1,100,3,0.672,2304,1825,2070,1415,10,24.95,5,5,0.2,0.2,0.2,4100,0.24700001,0.06,0.01,3780,2910,3000,4320,4000,3500,1.8414999,1.494,1000,1500,2304,3642.921,0.5,0,1.5,0.92,0,40,60,1.1,100,0,0,0,0,0,0,0.02,0.02,0.2,1.25,0,0,0,200,50,0,0,200,200,50,0,0,0,0,0,0,0,0,0,0,0,0,0,1,0,0,0,0
1005,4,cn-server-capture,1.15,2000,1.25,500,300,2,2,2,1,0,1,100,3,0.672,2303,1825,2070,1415,10,25.15,5,5,0.2,0.2,0.2,4050,0.25,0.06,0.01,1,3000,3000,4500,4000,3500,1.7854999,1.494,1450,1000,3641.271,2303,0,1,1.5,1,0,40,60,1.1,100,0,0,0,0,0,0,0.02,0.02,0.2,1.25,0,0,0,200,50,0,0,200,200,50,0,0,0,0,0,0,0,0,0,0,0,0,0,1,0,0,0,0
1005,7,cn-server-capture,1.15,2000,1.25,500,300,2,2,2,1,0,1,100,3,0.672,2303,1825,2070,1415,10,25.15,5,5,0.2,0.2,0.2,4050,0.25,0.06,0.01,4300,3000,3000,4500,4000,3500,1.7854999,1.494,1450,1000,3641.271,2303,0,1,1.5,1,0,40,60,1.1,100,0,0,0,0,0,0,0.02,0.02,0.2,1.25,0,0,0,200,50,0,0,200,200,50,0,0,0,0,0,0,0,0,0,0,0,0,0,1,0,0,0,0
1006,4,cn-server-capture,1.15,2000,1.275,500,300,3,2,1,1,1,1,100,3,0.67,2304,1825,2070,1415,10,24.95,5,5,0.2,0.2,0.2,4050,0.245,0.07,0.01,1,2550,3000,3750,4000,3500,1.8435,1.494,1000,1450,2304,3745.588,0.5,0,1.5,1,0,40,60,1.1,100,0,0,0,0,0,0,0.02,0.02,0.2,1.25,0,0,0,200,50,0,0,200,200,50,0,0,0,0,0,0,0,0,0,0,0,0,0,1,0,0,0,0
1006,7,cn-server-capture,1.15,2000,1.275,500,300,3,2,1,1,1,1,100,3,0.67,2304,1825,2070,1415,10,24.95,5,5,0.2,0.2,0.2,4050,0.245,0.07,0.01,3050,2550,3000,3750,4000,3500,1.8435,1.494,1000,1450,2304,3745.588,0.5,0,1.5,1,0,40,60,1.1,100,0,0,0,0,0,0,0.02,0.02,0.2,1.25,0,0,0,200,50,0,0,200,200,50,0,0,0,0,0,0,0,0,0,0,0,0,0,1,0,0,0,0
1007,4,cn-server-capture,1.15,2000,1.3,500,350,2,2,1,1,0,1,100,3,0.67,2304,1825,2070,1415,10,24.85,5,5,0.2,0.2,0.2,4450,0.24800001,0.06,0.01,1,2940,3000,4380,4000,3500,1.8505,1.494,1000,1350,2304,3955.556,0.7,0,1.5,0.85,0,40,60,1.1,100,0,0,0,0,0,0,0.02,0.02,0.2,1.25,0,0,0,200,50,0,0,200,200,50,0,0,0,0,0,0,0,0,0,0,0,0,0,1,0,0,0,0
1007,7,cn-server-capture,1.15,2000,1.3,500,350,2,2,1,1,0,1,100,3,0.67,2304,1825,2070,1415,10,24.85,5,5,0.2,0.2,0.2,4450,0.24800001,0.06,0.01,3700,2940,3000,4380,4000,3500,1.8505,1.494,1000,1350,2304,3955.556,0.7,0,1.5,0.85,0,40,60,1.1,100,0,0,0,0,0,0,0.02,0.02,0.2,1.25,0,0,0,200,50,0,0,200,200,50,0,0,0,0,0,0,0,0,0,0,0,0,0,1,0,0,0,0
1008,4,cn-server-capture,1.15,2000,1.3,500,350,2,3,2,1,0,1,100,3,0.67,2300,1825,2070,1415,10,24.95,5,5,0.2,0.2,0.2,4100,0.25100002,0.06,0.01,1,3000,3000,4500,4000,3500,1.8054999,1.494,1400,1000,3948.356,2300,0,1,1.5,1,0,40,60,1.1,100,0,0,0,0,0,0,0.02,0.02,0.2,1.25,0,0,0,200,50,0,0,200,200,50,0,0,0,0,0,0,0,0,0,0,0,0,0,1,0,0,0,0
1008,7,cn-server-capture,1.15,2000,1.3,500,350,2,3,2,1,0,1,100,3,0.67,2300,1825,2070,1415,10,24.95,5,5,0.2,0.2,0.2,4100,0.25100002,0.06,0.01,4300,3000,3000,4500,4000,3500,1.8054999,1.494,1400,1000,3948.356,2300,0,1,1.5,1,0,40,60,1.1,100,0,0,0,0,0,0,0.02,0.02,0.2,1.25,0,0,0,200,50,0,0,200,200,50,0,0,0,0,0,0,0,0,0,0,0,0,0,1,0,0,0,0
1009,4,cn-server-capture,1.15,2000,1.29,500,340,2,2,1,1,0,1,100,3,0.67,2302,1825,2070,1415,10,24.75,5,5,0.2,0.2,0.2,4300,0.25,0.06,0.01,1,2920,3000,4330,4000,3500,1.8455,1.494,1000,1500,2302,3742.188,0.6,0,1.5,0.91,0,40,60,1.1,100,0,0,0,0,0,0,0.02,0.02,0.2,1.25,0,0,0,200,50,0,0,200,200,50,0,0,0,0,0,0,0,0,0,0,0,0,0,1,0,0,0,0
1009,7,cn-server-capture,1.15,2000,1.29,500,340,2,2,1,1,0,1,100,3,0.67,2302,1825,2070,1415,10,24.75,5,5,0.2,0.2,0.2,4300,0.25,0.06,0.01,3800,2920,3000,4330,4000,3500,1.8455,1.494,1000,1500,2302,3742.188,0.6,0,1.5,0.91,0,40,60,1.1,100,0,0,0,0,0,0,0.02,0.02,0.2,1.25,0,0,0,200,50,0,0,200,200,50,0,0,0,0,0,0,0,0,0,0,0,0,0,1,0,0,0,0
1010,4,cn-server-capture,1.15,2000,1.275,500,300,3,2,1,1,1,1,100,3,0.67,2306,1825,2070,1415,10,24.85,5,5,0.2,0.2,0.2,4050,0.245,0.07,0.01,1,2600,3000,3800,4000,3500,1.8455,1.494,1000,1450,2306,3748.988,0.5,0,1.5,1,0,40,60,1.1,100,0,0,0,0,0,0,0.02,0.02,0.2,1.25,0,0,0,200,50,0,0,200,200,50,0,0,0,0,0,0,0,0,0,0,0,0,0,1,0,0,0,0
1010,7,cn-server-capture,1.15,2000,1.275,500,300,3,2,1,1,1,1,100,3,0.67,2306,1825,2070,1415,10,24.85,5,5,0.2,0.2,0.2,4050,0.245,0.07,0.01,3050,2600,3000,3800,4000,3500,1.8455,1.494,1000,1450,2306,3748.988,0.5,0,1.5,1,0,40,60,1.1,100,0,0,0,0,0,0,0.02,0.02,0.2,1.25,0,0,0,200,50,0,0,200,200,50,0,0,0,0,0,0,0,0,0,0,0,0,0,1,0,0,0,0
1012,4,cn-server-capture,1.15,2000,1.285,500,335,2,3,2,1,0,1,100,3,0.67,2300,1825,2070,1415,10,24.55,5,5,0.2,0.2,0.2,4100,0.25,0.06,0.01,1,3000,3000,4500,4000,3500,1.8105,1.494,1450,1000,3738.788,2300,0,1,1.5,1,0,40,60,1.1,100,0,0,0,0,0,0,0.02,0.02,0.2,1.25,0,0,0,200,50,0,0,200,200,50,0,0,0,0,0,0,0,0,0,0,0,0,0,1,0,0,0,0
1012,7,cn-server-capture,1.15,2000,1.285,500,335,2,3,2,1,0,1,100,3,0.67,2300,1825,2070,1415,10,24.55,5,5,0.2,0.2,0.2,4100,0.25,0.06,0.01,4300,3000,3000,4500,4000,3500,1.8105,1.494,1450,1000,3738.788,2300,0,1,1.5,1,0,40,60,1.1,100,0,0,0,0,0,0,0.02,0.02,0.2,1.25,0,0,0,200,50,0,0,200,200,50,0,0,0,0,0,0,0,0,0,0,0,0,0,1,0,0,0,0
1013,4,cn-server-capture,1.15,2000,1.275,500,300,3,2,1,1,1,1,100,3,0.67,2304,1825,2070,1415,10,24.85,5,5,0.2,0.2,0.2,4250,0.25,0.07,0.01,1,2600,3000,3800,4000,3500,1.8445,1.494,1000,1450,2304,3745.588,0.5,0,1.5,1,0,40,60,1.1,100,0,0,0,0,0,0,0.02,0.02,0.2,1.25,0,0,0,200,50,0,0,200,200,50,0,0,0,0,0,0,0,0,0,0,0,0,0,1,0,0,0,0
1013,7,cn-server-capture,1.15,2000,1.275,500,300,3,2,1,1,1,1,100,3,0.67,2304,1825,2070,1415,10,24.85,5,5,0.2,0.2,0.2,4250,0.25,0.07,0.01,3050,2600,3000,3800,4000,3500,1.8445,1.494,1000,1450,2304,3745.588,0.5,0,1.5,1,0,40,60,1.1,100,0,0,0,0,0,0,0.02,0.02,0.2,1.25,0,0,0,200,50,0,0,200,200,50,0,0,0,0,0,0,0,0,0,0,0,0,0,1,0,0,0,0
1014,4,cn-server-capture,1.15,2000,1.25,500,300,2,2,1,1,0,1,100,3,0.67,2298,1825,2070,1415,10,24.55,5,5,0.2,0.2,0.2,4100,0.24800001,0.06,0.01,1,2900,3000,4320,4000,3500,1.8405,1.494,1000,1800,2298,3735.388,0.5,0,1.5,0.91,0,40,60,1.1,100,0,0,0,0,0,0,0.02,0.02,0.2,1.25,0,0,0,200,50,0,0,200,200,50,0,0,0,0,0,0,0,0,0,0,0,0,0,1,0,0,0,0
1014,7,cn-server-capture,1.15,2000,1.25,500,300,2,2,1,1,0,1,100,3,0.67,2298,1825,2070,1415,10,24.55,5,5,0.2,0.2,0.2,4100,0.24800001,0.06,0.01,3800,2900,3000,4320,4000,3500,1.8405,1.494,1000,1800,2298,3735.388,0.5,0,1.5,0.91,0,40,60,1.1,100,0,0,0,0,0,0,0.02,0.02,0.2,1.25,0,0,0,200,50,0,0,200,200,50,0,0,0,0,0,0,0,0,0,0,0,0,0,1,0,0,0,0
1017,4,cn-server-capture,1.15,2000,1.31,500,355,2,2,1,1,0,1,100,3,0.67,2302,1825,2070,1415,10,24.55,5,5,0.2,0.2,0.2,4600,0.25,0.06,0.01,1,2960,3000,4420,4000,3500,1.8455,1.494,1000,1350,2302,3936.0186,0.7,0,1.5,0.9,0,40,60,1.1,100,0,0,0,0,0,0,0.02,0.02,0.2,1.25,0,0,0,200,50,0,0,200,200,50,0,0,0,0,0,0,0,0,0,0,0,0,0,1,0,0,0,0
1017,7,cn-server-capture,1.15,2000,1.31,500,355,2,2,1,1,0,1,100,3,0.67,2302,1825,2070,1415,10,24.55,5,5,0.2,0.2,0.2,4600,0.25,0.06,0.01,3720,2960,3000,4420,4000,3500,1.8455,1.494,1000,1350,2302,3936.0186,0.7,0,1.5,0.9,0,40,60,1.1,100,0,0,0,0,0,0,0.02,0.02,0.2,1.25,0,0,0,200,50,0,0,200,200,50,0,0,0,0,0,0,0,0,0,0,0,0,0,1,0,0,0,0
1018,4,cn-server-capture,1.15,2000,1.275,500,325,2,3,2,1,0,1,100,3,0.67,2300,1825,2070,1415,10,24.75,5,5,0.2,0.2,0.2,4100,0.25,0.06,0.01,1,3000,3000,4500,4000,3500,1.7954999,1.494,1450,1000,3738.788,2300,0,1,1.5,1,0,40,60,1.1,100,0,0,0,0,0,0,0.02,0.02,0.2,1.25,0,0,0,200,50,0,0,200,200,50,0,0,0,0,0,0,0,0,0,0,0,0,0,1,0,0,0,0
1018,7,cn-server-capture,1.15,2000,1.275,500,325,2,3,2,1,0,1,100,3,0.67,2300,1825,2070,1415,10,24.75,5,5,0.2,0.2,0.2,4100,0.25,0.06,0.01,4300,3000,3000,4500,4000,3500,1.7954999,1.494,1450,1000,3738.788,2300,0,1,1.5,1,0,40,60,1.1,100,0,0,0,0,0,0,0.02,0.02,0.2,1.25,0,0,0,200,50,0,0,200,200,50,0,0,0,0,0,0,0,0,0,0,0,0,0,1,0,0,0,0
1019,4,cn-server-capture,1.15,2000,1.285,500,335,2,2,1,1,0,1,100,3,0.67,2300,1825,2070,1415,10,24.75,5,5,0.2,0.2,0.2,4275,0.25,0.058,0.01,1,2910,3000,4320,4000,3500,1.8435,1.494,1000,1500,2300,3738.788,0.6,0,1.5,1,0,40,60,1.1,100,0,0,0,0,0,0,0.02,0.02,0.2,1.25,0,0,0,200,50,0,0,200,200,50,0,0,0,0,0,0,0,0,0,0,0,0,0,1,0,0,0,0
1019,7,cn-server-capture,1.15,2000,1.285,500,335,2,2,1,1,0,1,100,3,0.67,2300,1825,2070,1415,10,24.75,5,5,0.2,0.2,0.2,4275,0.25,0.058,0.01,3760,2910,3000,4320,4000,3500,1.8435,1.494,1000,1500,2300,3738.788,0.6,0,1.5,1,0,40,60,1.1,100,0,0,0,0,0,0,0.02,0.02,0.2,1.25,0,0,0,200,50,0,0,200,200,50,0,0,0,0,0,0,0,0,0,0,0,0,0,1,0,0,0,0
1020,4,cn-server-capture,1.15,2000,1.25,500,300,2,2,2,1,0,1,100,3,0.672,2299,1825,2070,1415,10,24.95,5,5,0.2,0.2,0.2,4050,0.25,0.06,0.01,1,3000,3000,4500,4000,3500,1.7754999,1.494,1400,1000,3737.088,2299,0,1,1.5,1,0,40,60,1.1,100,0,0,0,0,0,0,0.02,0.02,0.2,1.25,0,0,0,200,50,0,0,200,200,50,0,0,0,0,0,0,0,0,0,0,0,0,0,1,0,0,0,0
1020,7,cn-server-capture,1.15,2000,1.25,500,300,2,2,2,1,0,1,100,3,0.672,2299,1825,2070,1415,10,24.95,5,5,0.2,0.2,0.2,4050,0.25,0.06,0.01,4300,3000,3000,4500,4000,3500,1.7754999,1.494,1400,1000,3737.088,2299,0,1,1.5,1,0,40,60,1.1,100,0,0,0,0,0,0,0.02,0.02,0.2,1.25,0,0,0,200,50,0,0,200,200,50,0,0,0,0,0,0,0,0,0,0,0,0,0,1,0,0,0,0
1021,4,cn-server-capture,1.15,2000,1.31,500,300,3,2,1,1,1,1,100,3,0.67,2304,1825,2070,1415,10,24.75,5,5,0.2,0.2,0.2,4300,0.25,0.07,0.01,1,2620,3000,3850,4000,3500,1.8475,1.494,1000,1400,2304,3955.556,0.6,0,1.5,1,0,40,60,1.1,100,0,0,0,0,0,0,0.02,0.02,0.2,1.25,0,0,0,200,50,0,0,200,200,50,0,0,0,0,0,0,0,0,0,0,0,0,0,1,0,0,0,0
1021,7,cn-server-capture,1.15,2000,1.31,500,300,3,2,1,1,1,1,100,3,0.67,2304,1825,2070,1415,10,24.75,5,5,0.2,0.2,0.2,4300,0.25,0.07,0.01,3000,2620,3000,3850,4000,3500,1.8475,1.494,1000,1400,2304,3955.556,0.6,0,1.5,1,0,40,60,1.1,100,0,0,0,0,0,0,0.02,0.02,0.2,1.25,0,0,0,200,50,0,0,200,200,50,0,0,0,0,0,0,0,0,0,0,0,0,0,1,0,0,0,0
1022,4,cn-server-capture,1.15,2000,1.285,500,335,2,2,1,1,0,1,100,3,0.67,2300,1825,2070,1415,10,25.15,5,5,0.2,0.2,0.2,4275,0.252,0.06,0.01,1,2950,3000,4380,4000,3500,1.8435,1.494,1000,1500,2300,3738.788,0.6,0,1.5,0.91,0,40,60,1.1,100,0,0,0,0,0,0,0.02,0.02,0.2,1.25,0,0,0,200,50,0,0,200,200,50,0,0,0,0,0,0,0,0,0,0,0,0,0,1,0,0,0,0
1022,7,cn-server-capture,1.15,2000,1.285,500,335,2,2,1,1,0,1,100,3,0.67,2300,1825,2070,1415,10,25.15,5,5,0.2,0.2,0.2,4275,0.252,0.06,0.01,3760,2950,3000,4380,4000,3500,1.8435,1.494,1000,1500,2300,3738.788,0.6,0,1.5,0.91,0,40,60,1.1,100,0,0,0,0,0,0,0.02,0.02,0.2,1.25,0,0,0,200,50,0,0,200,200,50,0,0,0,0,0,0,0,0,0,0,0,0,0,1,0,0,0,0
1023,4,cn-server-capture,1.15,2000,1.29,500,340,2,2,1,1,0,1,100,3,0.67,2300,1825,2070,1415,10,25.05,5,5,0.2,0.2,0.2,4300,0.25,0.06,0.01,1,2920,3000,4330,4000,3500,1.8455,1.494,1000,1500,2300,3738.788,0.6,0,1.5,0.91,0,40,60,1.1,100,0,0,0,0,0,0,0.02,0.02,0.2,1.25,0,0,0,200,50,0,0,200,200,50,0,0,0,0,0,0,0,0,0,0,0,0,0,1,0,0,0,0
1023,7,cn-server-capture,1.15,2000,1.29,500,340,2,2,1,1,0,1,100,3,0.67,2300,1825,2070,1415,10,25.05,5,5,0.2,0.2,0.2,4300,0.25,0.06,0.01,3800,2920,3000,4330,4000,3500,1.8455,1.494,1000,1500,2300,3738.788,0.6,0,1.5,0.91,0,40,60,1.1,100,0,0,0,0,0,0,0.02,0.02,0.2,1.25,0,0,0,200,50,0,0,200,200,50,0,0,0,0,0,0,0,0,0,0,0,0,0,1,0,0,0,0
1024,4,cn-server-capture,1.15,2000,1.29,500,340,2,2,1,1,0,1,100,3,0.67,2298,1825,2070,1415,10,25.25,5,5,0.2,0.2,0.2,4300,0.26,0.06,0.01,1,2920,3000,4330,4000,3500,1.8435,1.494,1000,1500,2298,3735.388,0.6,0,1.5,0.91,0,40,60,1.1,100,0,0,0,0,0,0,0.02,0.02,0.2,1.25,0,0,0,200,50,0,0,200,200,50,0,0,0,0,0,0,0,0,0,0,0,0,0,1,0,0,0,0
1024,7,cn-server-capture,1.15,2000,1.29,500,340,2,2,1,1,0,1,100,3,0.67,2298,1825,2070,1415,10,25.25,5,5,0.2,0.2,0.2,4300,0.26,0.06,0.01,3800,2920,3000,4330,4000,3500,1.8435,1.494,1000,1500,2298,3735.388,0.6,0,1.5,0.91,0,40,60,1.1,100,0,0,0,0,0,0,0.02,0.02,0.2,1.25,0,0,0,200,50,0,0,200,200,50,0,0,0,0,0,0,0,0,0,0,0,0,0,1,0,0,0,0
1029,4,cn-server-capture,1.15,2000,1.3,500,350,2,2,1,1,0,1,100,3,0.67,2299,1825,2070,1415,10,25.05,5,5,0.2,0.2,0.2,4550,0.25,0.06,0.01,1,2960,3000,4410,4000,3500,1.8455,1.494,1000,1350,2299,3946.556,0.7,0,1.5,0.9,0,40,60,1.1,100,0,0,0,0,0,0,0.02,0.02,0.2,1.25,0,0,0,200,50,0,0,200,200,50,0,0,0,0,0,0,0,0,0,0,0,0,0,1,0,0,0,0
1029,7,cn-server-capture,1.15,2000,1.3,500,350,2,2,1,1,0,1,100,3,0.67,2299,1825,2070,1415,10,25.05,5,5,0.2,0.2,0.2,4550,0.25,0.06,0.01,3710,2960,3000,4410,4000,3500,1.8455,1.494,1000,1350,2299,3946.556,0.7,0,1.5,0.9,0,40,60,1.1,100,0,0,0,0,0,0,0.02,0.02,0.2,1.25,0,0,0,200,50,0,0,200,200,50,0,0,0,0,0,0,0,0,0,0,0,0,0,1,0,0,0,0
1030,4,cn-server-capture,1.15,2000,1.25,500,300,2,3,2,1,0,1,100,3,0.672,2300,1825,2070,1415,10,25.15,5,5,0.2,0.2,0.2,4050,0.25,0.06,0.01,1,3000,3000,4500,4000,3500,1.7754999,1.494,1400,1000,3738.788,2300,0,1,1.5,1,0,40,60,1.1,100,0,0,0,0,0,0,0.02,0.02,0.2,1.25,0,0,0,200,50,0,0,200,200,50,0,0,0,0,0,0,0,0,0,0,0,0,0,1,0,0,0,0
1030,7,cn-server-capture,1.15,2000,1.25,500,300,2,3,2,1,0,1,100,3,0.672,2300,1825,2070,1415,10,25.15,5,5,0.2,0.2,0.2,4050,0.25,0.06,0.01,4300,3000,3000,4500,4000,3500,1.7754999,1.494,1400,1000,3738.788,2300,0,1,1.5,1,0,40,60,1.1,100,0,0,0,0,0,0,0.02,0.02,0.2,1.25,0,0,0,200,50,0,0,200,200,50,0,0,0,0,0,0,0,0,0,0,0,0,0,1,0,0,0,0
1031,4,cn-server-capture,1.15,2000,1.31,500,355,3,2,1,1,0,1,100,3,0.67,2302,1825,2070,1415,10,24.85,5,5,0.2,0.2,0.2,4650,0.252,0.06,0.01,1,2880,3000,4300,4000,3500,1.8455,1.494,1000,1350,2302,3936.0186,0.7,0,1.5,0.9,0,40,60,1.1,100,0,0,0,0,0,0,0.02,0.02,0.2,1.25,0,0,0,200,50,0,0,200,200,50,0,0,0,0,0,0,0,0,0,0,0,0,0,1,0,0,0,0
1031,7,cn-server-capture,1.15,2000,1.31,500,355,3,2,1,1,0,1,100,3,0.67,2302,1825,2070,1415,10,24.85,5,5,0.2,0.2,0.2,4650,0.252,0.06,0.01,3550,2880,3000,4300,4000,3500,1.8455,1.494,1000,1350,2302,3936.0186,0.7,0,1.5,0.9,0,40,60,1.1,100,0,0,0,0,0,0,0.02,0.02,0.2,1.25,0,0,0,200,50,0,0,200,200,50,0,0,0,0,0,0,0,0,0,0,0,0,0,1,0,0,0,0
1032,4,cn-server-capture,1.15,2000,1.3,500,350,2,3,2,1,0,1,100,3,0.669,2302,1825,2070,1415,10,25.05,5,5,0.2,0.2,0.2,4100,0.252,0.06,0.01,1,3000,3000,4500,4000,3500,1.8054999,1.494,1400,1000,3936.0186,2302,0,1,1.5,1,0,40,60,1.1,100,0,0,0,0,0,0,0.02,0.02,0.2,1.25,0,0,0,200,50,0,0,200,200,50,0,0,0,0,0,0,0,0,0,0,0,0,0,1,0,0,0,0
1032,7,cn-server-capture,1.15,2000,1.3,500,350,2,3,2,1,0,1,100,3,0.669,2302,1825,2070,1415,10,25.05,5,5,0.2,0.2,0.2,4100,0.252,0.06,0.01,4300,3000,3000,4500,4000,3500,1.8054999,1.494,1400,1000,3936.0186,2302,0,1,1.5,1,0,40,60,1.1,100,0,0,0,0,0,0,0.02,0.02,0.2,1.25,0,0,0,200,50,0,0,200,200,50,0,0,0,0,0,0,0,0,0,0,0,0,0,1,0,0,0,0
1033,4,cn-server-capture,1.15,2000,1.31,500,300,3,2,1,1,1,1,100,3,0.67,2304,1825,2070,1415,10,25.15,5,5,0.2,0.2,0.2,4400,0.252,0.07,0.01,1,2650,3000,3850,4000,3500,1.8475,1.494,1000,1400,2304,3955.556,0.6,0,1.5,1,0,40,60,1.1,100,0,0,0,0,0,0,0.02,0.02,0.2,1.25,0,0,0,200,50,0,0,200,200,50,0,0,0,0,0,0,0,0,0,0,0,0,0,1,0,0,0,0
1033,7,cn-server-capture,1.15,2000,1.31,500,300,3,2,1,1,1,1,100,3,0.67,2304,1825,2070,1415,10,25.15,5,5,0.2,0.2,0.2,4400,0.252,0.07,0.01,3000,2650,3000,3850,4000,3500,1.8475,1.494,1000,1400,2304,3955.556,0.6,0,1.5,1,0,40,60,1.1,100,0,0,0,0,0,0,0.02,0.02,0.2,1.25,0,0,0,200,50,0,0,200,200,50,0,0,0,0,0,0,0,0,0,0,0,0,0,1,0,0,0,0
1034,4,cn-server-capture,1.15,2000,1.31,500,350,2,2,1,1,0,1,100,3,0.67,2300,1825,2070,1415,10,24.85,5,5,0.2,0.2,0.2,4600,0.25,0.06,0.01,1,2930,3000,4350,4000,3500,1.8455,1.494,1000,1350,2300,3948.356,0.7,0,1.5,0.92,0,40,60,1.1,100,0,0,0,0,0,0,0.02,0.02,0.2,1.25,0,0,0,200,50,0,0,200,200,50,0,0,0,0,0,0,0,0,0,0,0,0,0,1,0,0,0,0
1034,7,cn-server-capture,1.15,2000,1.31,500,350,2,2,1,1,0,1,100,3,0.67,2300,1825,2070,1415,10,24.85,5,5,0.2,0.2,0.2,4600,0.25,0.06,0.01,3750,2930,3000,4350,4000,3500,1.8455,1.494,1000,1350,2300,3948.356,0.7,0,1.5,0.92,0,40,60,1.1,100,0,0,0,0,0,0,0.02,0.02,0.2,1.25,0,0,0,200,50,0,0,200,200,50,0,0,0,0,0,0,0,0,0,0,0,0,0,1,0,0,0,0
1035,4,cn-server-capture,1.15,2000,1.31,500,355,2,2,1,1,0,1,100,3,0.67,2300,1825,2070,1415,10,24.55,5,5,0.2,0.2,0.2,4500,0.25100002,0.06,0.01,1,2970,3000,4430,4000,3500,1.8455,1.494,1000,1350,2300,3948.356,0.7,0,1.5,0.9,0,40,60,1.1,100,0,0,0,0,0,0,0.02,0.02,0.2,1.25,0,0,0,200,50,0,0,200,200,50,0,0,0,0,0,0,0,0,0,0,0,0,0,1,0,0,0,0
1035,7,cn-server-capture,1.15,2000,1.31,500,355,2,2,1,1,0,1,100,3,0.67,2300,1825,2070,1415,10,24.55,5,5,0.2,0.2,0.2,4500,0.25100002,0.06,0.01,3720,2970,3000,4430,4000,3500,1.8455,1.494,1000,1350,2300,3948.356,0.7,0,1.5,0.9,0,40,60,1.1,100,0,0,0,0,0,0,0.02,0.02,0.2,1.25,0,0,0,200,50,0,0,200,200,50,0,0,0,0,0,0,0,0,0,0,0,0,0,1,0,0,0,0
1036,4,cn-server-capture,1.15,2000,1.275,500,300,3,2,1,1,1,1,100,3,0.67,2304,1825,2070,1415,10,24.85,5,5,0.2,0.2,0.2,4000,0.245,0.07,0.01,1,2550,3000,3750,4000,3500,1.8435,1.494,1000,1450,2304,3745.588,0.5,0,1.5,1,0,40,60,1.1,100,0,0,0,0,0,0,0.02,0.02,0.2,1.25,0,0,0,200,50,0,0,200,200,50,0,0,0,0,0,0,0,0,0,0,0,0,0,1,0,0,0,0
1036,7,cn-server-capture,1.15,2000,1.275,500,300,3,2,1,1,1,1,100,3,0.67,2304,1825,2070,1415,10,24.85,5,5,0.2,0.2,0.2,4000,0.245,0.07,0.01,3050,2550,3000,3750,4000,3500,1.8435,1.494,1000,1450,2304,3745.588,0.5,0,1.5,1,0,40,60,1.1,100,0,0,0,0,0,0,0.02,0.02,0.2,1.25,0,0,0,200,50,0,0,200,200,50,0,0,0,0,0,0,0,0,0,0,0,0,0,1,0,0,0,0
1037,4,cn-server-capture,1.15,2000,1.25,500,300,2,2,2,1,1,1,100,3,0.671,2300,1825,2070,1415,10,25.05,5,5,0.2,0.2,0.2,4050,0.25,0.06,0.01,1,3000,3000,4500,4000,3500,1.7854999,1.494,1450,1000,3636.321,2300,0,1,1.5,1,0,40,60,1.1,100,0,0,0,0,0,0,0.02,0.02,0.2,1.25,0,0,0,200,50,0,0,200,200,50,0,0,0,0,0,0,0,0,0,0,0,0,0,1,0,0,0,0
1037,7,cn-server-capture,1.15,2000,1.25,500,300,2,2,2,1,1,1,100,3,0.671,2300,1825,2070,1415,10,25.05,5,5,0.2,0.2,0.2,4050,0.25,0.06,0.01,4300,3000,3000,4500,4000,3500,1.7854999,1.494,1450,1000,3636.321,2300,0,1,1.5,1,0,40,60,1.1,100,0,0,0,0,0,0,0.02,0.02,0.2,1.25,0,0,0,200,50,0,0,200,200,50,0,0,0,0,0,0,0,0,0,0,0,0,0,1,0,0,0,0
1040,4,cn-server-capture,1.15,2000,1.29,500,340,2,2,1,1,0,1,100,3,0.67,2300,1825,2070,1415,10,25.05,5,5,0.2,0.2,0.2,4350,0.25,0.06,0.01,1,2930,3000,4350,4000,3500,1.8435,1.494,1000,1500,2300,3738.788,0.6,0,1.5,0.92,0,40,60,1.1,100,0,0,0,0,0,0,0.02,0.02,0.2,1.25,0,0,0,200,50,0,0,200,200,50,0,0,0,0,0,0,0,0,0,0,0,0,0,1,0,0,0,0
1040,7,cn-server-capture,1.15,2000,1.29,500,340,2,2,1,1,0,1,100,3,0.67,2300,1825,2070,1415,10,25.05,5,5,0.2,0.2,0.2,4350,0.25,0.06,0.01,3750,2930,3000,4350,4000,3500,1.8435,1.494,1000,1500,2300,3738.788,0.6,0,1.5,0.92,0,40,60,1.1,100,0,0,0,0,0,0,0.02,0.02,0.2,1.25,0,0,0,200,50,0,0,200,200,50,0,0,0,0,0,0,0,0,0,0,0,0,0,1,0,0,0,0
1041,4,cn-server-capture,1.15,2000,1.25,500,300,2,2,1,1,0,1,100,3,0.67,2302,1825,2070,1415,10,25.35,5,5,0.2,0.2,0.2,4200,0.24800001,0.07,0.01,1,2910,3000,4320,4000,3500,1.8405,1.494,1000,1500,2302,3639.621,0.5,0,1.5,1,0,40,60,1.1,100,0,0,0,0,0,0,0.02,0.02,0.2,1.25,0,0,0,200,50,0,0,200,200,50,0,0,0,0,0,0,0,0,0,0,0,0,0,1,0,0,0,0
1041,7,cn-server-capture,1.15,2000,1.25,500,300,2,2,1,1,0,1,100,3,0.67,2302,1825,2070,1415,10,25.35,5,5,0.2,0.2,0.2,4200,0.24800001,0.07,0.01,3720,2910,3000,4320,4000,3500,1.8405,1.494,1000,1500,2302,3639.621,0.5,0,1.5,1,0,40,60,1.1,100,0,0,0,0,0,0,0.02,0.02,0.2,1.25,0,0,0,200,50,0,0,200,200,50,0,0,0,0,0,0,0,0,0,0,0,0,0,1,0,0,0,0
1042,4,cn-server-capture,1.15,2000,1.275,500,325,2,2,2,1,0,1,100,3,0.67,2302,1825,2070,1415,10,25.45,5,5,0.2,0.2,0.2,4075,0.25,0.07,0.01,1,3000,3000,4500,4000,3500,1.7954999,1.494,1450,1000,3742.188,2302,0,1,1.5,1,0,40,60,1.1,100,0,0,0,0,0,0,0.02,0.02,0.2,1.25,0,0,0,200,50,0,0,200,200,50,0,0,0,0,0,0,0,0,0,0,0,0,0,1,0,0,0,0
1042,7,cn-server-capture,1.15,2000,1.275,500,325,2,2,2,1,0,1,100,3,0.67,2302,1825,2070,1415,10,25.45,5,5,0.2,0.2,0.2,4075,0.25,0.07,0.01,4300,3000,3000,4500,4000,3500,1.7954999,1.494,1450,1000,3742.188,2302,0,1,1.5,1,0,40,60,1.1,100,0,0,0,0,0,0,0.02,0.02,0.2,1.25,0,0,0,200,50,0,0,200,200,50,0,0,0,0,0,0,0,0,0,0,0,0,0,1,0,0,0,0
1044,4,cn-server-capture,1.15,2000,1.32,500,350,3,2,1,1,1,1,100,3,0.669,2306,1825,2070,1415,10,25.35,5,5,0.2,0.2,0.2,4600,0.25300002,0.07,0.01,1,2680,3000,3900,4000,3500,1.8535,1.494,1000,1350,2306,4061.824,0.7,0,1.5,0.9,0,40,60,1.1,100,0,0,0,0,0,0,0.02,0.02,0.2,1.25,0,0,0,200,50,0,0,200,200,50,0,0,0,0,0,0,0,0,0,0,0,0,0,1,0,0,0,0
1044,7,cn-server-capture,1.15,2000,1.32,500,350,3,2,1,1,1,1,100,3,0.669,2306,1825,2070,1415,10,25.35,5,5,0.2,0.2,0.2,4600,0.25300002,0.07,0.01,3100,2680,3000,3900,4000,3500,1.8535,1.494,1000,1350,2306,4061.824,0.7,0,1.5,0.9,0,40,60,1.1,100,0,0,0,0,0,0,0.02,0.02,0.2,1.25,0,0,0,200,50,0,0,200,200,50,0,0,0,0,0,0,0,0,0,0,0,0,0,1,0,0,0,0
1045,4,cn-server-capture,1.15,2000,1.32,500,355,2,2,1,1,0,1,100,3,0.667,2300,1825,2070,1415,10,25.65,5,5,0.2,0.2,0.2,4650,0.254,0.06,0.01,1,2980,3000,4380,4000,3500,1.8505,1.494,1000,1350,2300,3948.356,0.7,0,1.5,0.9,0,40,60,1.1,100,0,0,0,0,0,0,0.02,0.02,0.2,1.25,0,0,0,200,50,0,0,200,200,50,0,0,0,0,0,0,0,0,0,0,0,0,0,1,0,0,0,0
1045,7,cn-server-capture,1.15,2000,1.32,500,355,2,2,1,1,0,1,100,3,0.667,2300,1825,2070,1415,10,25.65,5,5,0.2,0.2,0.2,4650,0.254,0.06,0.01,3700,2980,3000,4380,4000,3500,1.8505,1.494,1000,1350,2300,3948.356,0.7,0,1.5,0.9,0,40,60,1.1,100,0,0,0,0,0,0,0.02,0.02,0.2,1.25,0,0,0,200,50,0,0,200,200,50,0,0,0,0,0,0,0,0,0,0,0,0,0,1,0,0,0,0
1046,4,cn-server-capture,1.15,2000,1.3,500,350,2,3,2,1,0,1,100,3,0.669,2302,1825,2070,1415,10,25.05,5,5,0.2,0.2,0.2,4100,0.252,0.06,0.01,1,3000,3000,4500,4000,3500,1.8155,1.494,1400,1000,3936.0186,2302,0,1,1.5,1,0,40,60,1.1,100,0,0,0,0,0,0,0.02,0.02,0.2,1.25,0,0,0,200,50,0,0,200,200,50,0,0,0,0,0,0,0,0,0,0,0,0,0,1,0,0,0,0
1046,7,cn-server-capture,1.15,2000,1.3,500,350,2,3,2,1,0,1,100,3,0.669,2302,1825,2070,1415,10,25.05,5,5,0.2,0.2,0.2,4100,0.252,0.06,0.01,4300,3000,3000,4500,4000,3500,1.8155,1.494,1400,1000,3936.0186,2302,0,1,1.5,1,0,40,60,1.1,100,0,0,0,0,0,0,0.02,0.02,0.2,1.25,0,0,0,200,50,0,0,200,200,50,0,0,0,0,0,0,0,0,0,0,0,0,0,1,0,0,0,0
1048,4,cn-server-capture,1.15,2000,1.25,500,300,2,2,2,1,0,1,100,3,0.671,2302,1825,2070,1415,10,25.45,5,5,0.2,0.2,0.2,4050,0.25,0.06,0.01,1,3000,3000,4500,4000,3500,1.7854999,1.494,1450,1000,3639.621,2302,0,1,1.5,1,0,40,60,1.1,100,0,0,0,0,0,0,0.02,0.02,0.2,1.25,0,0,0,200,50,0,0,200,200,50,0,0,0,0,0,0,0,0,0,0,0,0,0,1,0,0,0,0
1048,7,cn-server-capture,1.15,2000,1.25,500,300,2,2,2,1,0,1,100,3,0.671,2302,1825,2070,1415,10,25.45,5,5,0.2,0.2,0.2,4050,0.25,0.06,0.01,4300,3000,3000,4500,4000,3500,1.7854999,1.494,1450,1000,3639.621,2302,0,1,1.5,1,0,40,60,1.1,100,0,0,0,0,0,0,0.02,0.02,0.2,1.25,0,0,0,200,50,0,0,200,200,50,0,0,0,0,0,0,0,0,0,0,0,0,0,1,0,0,0,0
1050,4,cn-server-capture,1.15,2000,1.275,500,325,2,3,2,1,0,1,100,3,0.67,2301,1825,2070,1415,10,25.45,5,5,0.2,0.2,0.2,4100,0.25,0.07,0.01,1,3000,3000,4500,4000,3500,1.7954999,1.494,1450,1000,3740.488,2301,0,1,1.5,1,0,40,60,1.1,100,0,0,0,0,0,0,0.02,0.02,0.2,1.25,0,0,0,200,50,0,0,200,200,50,0,0,0,0,0,0,0,0,0,0,0,0,0,1,0,0,0,0
1050,7,cn-server-capture,1.15,2000,1.275,500,325,2,3,2,1,0,1,100,3,0.67,2301,1825,2070,1415,10,25.45,5,5,0.2,0.2,0.2,4100,0.25,0.07,0.01,4300,3000,3000,4500,4000,3500,1.7954999,1.494,1450,1000,3740.488,2301,0,1,1.5,1,0,40,60,1.1,100,0,0,0,0,0,0,0.02,0.02,0.2,1.25,0,0,0,200,50,0,0,200,200,50,0,0,0,0,0,0,0,0,0,0,0,0,0,1,0,0,0,0
1051,4,cn-server-capture,1.15,2000,1.25,500,300,2,2,1,1,0,1,100,3,0.671,2300,1825,2070,1415,10,25.85,5,5,0.2,0.2,0.2,4250,0.25,0.058,0.01,1,2900,3000,4320,4000,3500,1.8425,1.494,1000,1500,2300,3636.321,0.5,0,1.5,0.92,0,40,60,1.1,100,0,0,0,0,0,0,0.02,0.02,0.2,1.25,0,0,0,200,50,0,0,200,200,50,0,0,0,0,0,0,0,0,0,0,0,0,0,1,0,0,0,0
1051,7,cn-server-capture,1.15,2000,1.25,500,300,2,2,1,1,0,1,100,3,0.671,2300,1825,2070,1415,10,25.85,5,5,0.2,0.2,0.2,4250,0.25,0.058,0.01,3600,2900,3000,4320,4000,3500,1.8425,1.494,1000,1500,2300,3636.321,0.5,0,1.5,0.92,0,40,60,1.1,100,0,0,0,0,0,0,0.02,0.02,0.2,1.25,0,0,0,200,50,0,0,200,200,50,0,0,0,0,0,0,0,0,0,0,0,0,0,1,0,0,0,0
1052,4,cn-server-capture,1.15,2000,1.25,500,300,2,2,1,1,0,1,100,3,0.67,2301,1825,2070,1415,10,25.05,5,5,0.2,0.2,0.2,4300,0.252,0.06,0.01,1,2800,3000,4200,4000,3500,1.8455,1.494,1000,1500,2301,3740.488,0.6,0,1.5,0.9,0,40,60,1.1,100,0,0,0,0,0,0,0.02,0.02,0.2,1.25,0,0,0,200,50,0,0,200,200,50,0,0,0,0,0,0,0,0,0,0,0,0,0,1,0,0,0,0
1052,7,cn-server-capture,1.15,2000,1.25,500,300,2,2,1,1,0,1,100,3,0.67,2301,1825,2070,1415,10,25.05,5,5,0.2,0.2,0.2,4300,0.252,0.06,0.01,3100,2800,3000,4200,4000,3500,1.8455,1.494,1000,1500,2301,3740.488,0.6,0,1.5,0.9,0,40,60,1.1,100,0,0,0,0,0,0,0.02,0.02,0.2,1.25,0,0,0,200,50,0,0,200,200,50,0,0,0,0,0,0,0,0,0,0,0,0,0,1,0,0,0,0
1053,4,cn-server-capture,1.15,2000,1.25,500,300,2,2,2,1,0,1,100,3,0.67,2300,1825,2070,1415,10,25.35,5,5,0.2,0.2,0.2,4050,0.25,0.06,0.01,1,3000,3000,4500,4000,3500,1.7854999,1.494,1450,1000,3636.321,2300,0,1,1.5,1,0,40,60,1.1,100,0,0,0,0,0,0,0.02,0.02,0.2,1.25,0,0,0,200,50,0,0,200,200,50,0,0,0,0,0,0,0,0,0,0,0,0,0,1,0,0,0,0
1053,7,cn-server-capture,1.15,2000,1.25,500,300,2,2,2,1,0,1,100,3,0.67,2300,1825,2070,1415,10,25.35,5,5,0.2,0.2,0.2,4050,0.25,0.06,0.01,4300,3000,3000,4500,4000,3500,1.7854999,1.494,1450,1000,3636.321,2300,0,1,1.5,1,0,40,60,1.1,100,0,0,0,0,0,0,0.02,0.02,0.2,1.25,0,0,0,200,50,0,0,200,200,50,0,0,0,0,0,0,0,0,0,0,0,0,0,1,0,0,0,0
1054,4,cn-server-capture,1.15,2000,1.31,500,355,3,2,1,1,0,1,100,3,0.67,2302,1825,2070,1415,10,25.15,5,5,0.2,0.2,0.2,4650,0.252,0.06,0.01,1,2880,3000,4300,4000,3500,1.8464999,1.494,1000,1350,2302,3936.0186,0.7,0,1.5,0.9,0,40,60,1.1,100,0,0,0,0,0,0,0.02,0.02,0.2,1.25,0,0,0,200,50,0,0,200,200,50,0,0,0,0,0,0,0,0,0,0,0,0,0,1,0,0,0,0
1054,7,cn-server-capture,1.15,2000,1.31,500,355,3,2,1,1,0,1,100,3,0.67,2302,1825,2070,1415,10,25.15,5,5,0.2,0.2,0.2,4650,0.252,0.06,0.01,3550,2880,3000,4300,4000,3500,1.8464999,1.494,1000,1350,2302,3936.0186,0.7,0,1.5,0.9,0,40,60,1.1,100,0,0,0,0,0,0,0.02,0.02,0.2,1.25,0,0,0,200,50,0,0,200,200,50,0,0,0,0,0,0,0,0,0,0,0,0,0,1,0,0,0,0
1055,4,cn-server-capture,1.15,2000,1.25,500,300,2,3,2,1,0,1,100,3,0.671,2300,1825,2070,1415,10,24.85,5,5,0.2,0.2,0.2,4100,0.25,0.06,0.01,1,3000,3000,4500,4000,3500,1.7854999,1.494,1450,1000,3636.321,2300,0,1,1.5,1,0,40,60,1.1,100,0,0,0,0,0,0,0.02,0.02,0.2,1.25,0,0,0,200,50,0,0,200,200,50,0,0,0,0,0,0,0,0,0,0,0,0,0,1,0,0,0,0
1055,7,cn-server-capture,1.15,2000,1.25,500,300,2,3,2,1,0,1,100,3,0.671,2300,1825,2070,1415,10,24.85,5,5,0.2,0.2,0.2,4100,0.25,0.06,0.01,4300,3000,3000,4500,4000,3500,1.7854999,1.494,1450,1000,3636.321,2300,0,1,1.5,1,0,40,60,1.1,100,0,0,0,0,0,0,0.02,0.02,0.2,1.25,0,0,0,200,50,0,0,200,200,50,0,0,0,0,0,0,0,0,0,0,0,0,0,1,0,0,0,0
1056,4,cn-server-capture,1.15,2000,1.25,500,300,2,3,2,1,0,1,100,3,0.671,2300,1825,2070,1415,10,25.15,5,5,0.2,0.2,0.2,4100,0.25,0.065,0.01,1,3000,3000,4500,4000,3500,1.7854999,1.494,1450,1000,3636.321,2300,0,1,1.5,1,0,40,60,1.1,100,0,0,0,0,0,0,0.02,0.02,0.2,1.25,0,0,0,200,50,0,0,200,200,50,0,0,0,0,0,0,0,0,0,0,0,0,0,1,0,0,0,0
1056,7,cn-server-capture,1.15,2000,1.25,500,300,2,3,2,1,0,1,100,3,0.671,2300,1825,2070,1415,10,25.15,5,5,0.2,0.2,0.2,4100,0.25,0.065,0.01,4300,3000,3000,4500,4000,3500,1.7854999,1.494,1450,1000,3636.321,2300,0,1,1.5,1,0,40,60,1.1,100,0,0,0,0,0,0,0.02,0.02,0.2,1.25,0,0,0,200,50,0,0,200,200,50,0,0,0,0,0,0,0,0,0,0,0,0,0,1,0,0,0,0
1057,4,cn-server-capture,1.15,2000,1.29,500,340,2,2,1,1,0,1,100,3,0.67,2299,1825,2070,1415,10,24.95,5,5,0.2,0.2,0.2,4200,0.25,0.06,0.01,1,2920,3000,4330,4000,3500,1.8445,1.494,1000,1500,2299,3737.088,0.6,0,1.5,0.91,0,40,60,1.1,100,0,0,0,0,0,0,0.02,0.02,0.2,1.25,0,0,0,200,50,0,0,200,200,50,0,0,0,0,0,0,0,0,0,0,0,0,0,1,0,0,0,0
1057,7,cn-server-capture,1.15,2000,1.29,500,340,2,2,1,1,0,1,100,3,0.67,2299,1825,2070,1415,10,24.95,5,5,0.2,0.2,0.2,4200,0.25,0.06,0.01,3800,2920,3000,4330,4000,3500,1.8445,1.494,1000,1500,2299,3737.088,0.6,0,1.5,0.91,0,40,60,1.1,100,0,0,0,0,0,0,0.02,0.02,0.2,1.25,0,0,0,200,50,0,0,200,200,50,0,0,0,0,0,0,0,0,0,0,0,0,0,1,0,0,0,0
1058,4,cn-server-capture,1.15,2000,1.25,500,300,2,2,1,1,0,1,100,3,0.67,2299,1825,2070,1415,10,24.75,5,5,0.2,0.2,0.2,4200,0.24700001,0.06,0.01,1,2920,3000,4320,4000,3500,1.8425,1.494,1000,1500,2299,3737.088,0.6,0,1.5,0.85,0,40,60,1.1,100,0,0,0,0,0,0,0.02,0.02,0.2,1.25,0,0,0,200,50,0,0,200,200,50,0,0,0,0,0,0,0,0,0,0,0,0,0,1,0,0,0,0
1058,7,cn-server-capture,1.15,2000,1.25,500,300,2,2,1,1,0,1,100,3,0.67,2299,1825,2070,1415,10,24.75,5,5,0.2,0.2,0.2,4200,0.24700001,0.06,0.01,3800,2920,3000,4320,4000,3500,1.8425,1.494,1000,1500,2299,3737.088,0.6,0,1.5,0.85,0,40,60,1.1,100,0,0,0,0,0,0,0.02,0.02,0.2,1.25,0,0,0,200,50,0,0,200,200,50,0,0,0,0,0,0,0,0,0,0,0,0,0,1,0,0,0,0
1059,4,cn-server-capture,1.15,2000,1.25,500,300,2,2,1,1,0,1,100,3,0.672,2302,1825,2070,1415,10,24.95,5,5,0.2,0.2,0.2,4200,0.25,0.06,0.01,1,2900,3000,4320,4000,3500,1.8414999,1.494,1000,1500,2302,3639.621,0.5,0,1.5,0.92,0,40,60,1.1,100,0,0,0,0,0,0,0.02,0.02,0.2,1.25,0,0,0,200,50,0,0,200,200,50,0,0,0,0,0,0,0,0,0,0,0,0,0,1,0,0,0,0
1059,7,cn-server-capture,1.15,2000,1.25,500,300,2,2,1,1,0,1,100,3,0.672,2302,1825,2070,1415,10,24.95,5,5,0.2,0.2,0.2,4200,0.25,0.06,0.01,3800,2900,3000,4320,4000,3500,1.8414999,1.494,1000,1500,2302,3639.621,0.5,0,1.5,0.92,0,40,60,1.1,100,0,0,0,0,0,0,0.02,0.02,0.2,1.25,0,0,0,200,50,0,0,200,200,50,0,0,0,0,0,0,0,0,0,0,0,0,0,1,0,0,0,0
1060,4,cn-server-capture,1.15,2000,1.25,500,300,2,2,2,1,0,1,100,3,0.672,2302,1825,2070,1415,10,24.95,5,5,0.2,0.2,0.2,4050,0.25,0.06,0.01,1,3000,3000,4500,4000,3500,1.7854999,1.494,1450,1000,3639.621,2302,0,1,1.5,1,0,40,60,1.1,100,0,0,0,0,0,0,0.02,0.02,0.2,1.25,0,0,0,200,50,0,0,200,200,50,0,0,0,0,0,0,0,0,0,0,0,0,0,1,0,0,0,0
1060,7,cn-server-capture,1.15,2000,1.25,500,300,2,2,2,1,0,1,100,3,0.672,2302,1825,2070,1415,10,24.95,5,5,0.2,0.2,0.2,4050,0.25,0.06,0.01,4300,3000,3000,4500,4000,3500,1.7854999,1.494,1450,1000,3639.621,2302,0,1,1.5,1,0,40,60,1.1,100,0,0,0,0,0,0,0.02,0.02,0.2,1.25,0,0,0,200,50,0,0,200,200,50,0,0,0,0,0,0,0,0,0,0,0,0,0,1,0,0,0,0
1061,4,cn-server-capture,1.15,2000,1.31,500,355,2,2,1,1,0,1,100,3,0.67,2300,1825,2070,1415,10,25.15,5,5,0.2,0.2,0.2,4625,0.254,0.06,0.01,1,2950,3000,4340,4000,3500,1.8464999,1.494,1000,1350,2300,3948.356,0.7,0,1.5,0.9,0,40,60,1.1,100,0,0,0,0,0,0,0.02,0.02,0.2,1.25,0,0,0,200,50,0,0,200,200,50,0,0,0,0,0,0,0,0,0,0,0,0,0,1,0,0,0,0
1061,7,cn-server-capture,1.15,2000,1.31,500,355,2,2,1,1,0,1,100,3,0.67,2300,1825,2070,1415,10,25.15,5,5,0.2,0.2,0.2,4625,0.254,0.06,0.01,3750,2950,3000,4340,4000,3500,1.8464999,1.494,1000,1350,2300,3948.356,0.7,0,1.5,0.9,0,40,60,1.1,100,0,0,0,0,0,0,0.02,0.02,0.2,1.25,0,0,0,200,50,0,0,200,200,50,0,0,0,0,0,0,0,0,0,0,0,0,0,1,0,0,0,0
1062,4,cn-server-capture,1.15,2000,1.25,500,300,2,3,2,1,0,1,100,3,0.671,2300,1825,2070,1415,10,24.85,5,5,0.2,0.2,0.2,4100,0.25,0.06,0.01,1,3000,3000,4500,4000,3500,1.7854999,1.494,1450,1000,3738.788,2300,0,1,1.5,1,0,40,60,1.1,100,0,0,0,0,0,0,0.02,0.02,0.2,1.25,0,0,0,200,50,0,0,200,200,50,0,0,0,0,0,0,0,0,0,0,0,0,0,1,0,0,0,0
1062,7,cn-server-capture,1.15,2000,1.25,500,300,2,3,2,1,0,1,100,3,0.671,2300,1825,2070,1415,10,24.85,5,5,0.2,0.2,0.2,4100,0.25,0.06,0.01,4300,3000,3000,4500,4000,3500,1.7854999,1.494,1450,1000,3738.788,2300,0,1,1.5,1,0,40,60,1.1,100,0,0,0,0,0,0,0.02,0.02,0.2,1.25,0,0,0,200,50,0,0,200,200,50,0,0,0,0,0,0,0,0,0,0,0,0,0,1,0,0,0,0
1064,4,cn-server-capture,1.15,2000,1.31,500,300,3,2,1,1,1,1,100,3,0.67,2302,1825,2070,1415,10,24.55,5,5,0.2,0.2,0.2,4400,0.252,0.07,0.01,1,2670,3000,3850,4000,3500,1.8475,1.494,1000,1400,2302,3936.0186,0.6,0,1.5,1,0,40,60,1.1,100,0,0,0,0,0,0,0.02,0.02,0.2,1.25,0,0,0,200,50,0,0,200,200,50,0,0,0,0,0,0,0,0,0,0,0,0,0,1,0,0,0,0
1064,7,cn-server-capture,1.15,2000,1.31,500,300,3,2,1,1,1,1,100,3,0.67,2302,1825,2070,1415,10,24.55,5,5,0.2,0.2,0.2,4400,0.252,0.07,0.01,2900,2670,3000,3850,4000,3500,1.8475,1.494,1000,1400,2302,3936.0186,0.6,0,1.5,1,0,40,60,1.1,100,0,0,0,0,0,0,0.02,0.02,0.2,1.25,0,0,0,200,50,0,0,200,200,50,0,0,0,0,0,0,0,0,0,0,0,0,0,1,0,0,0,0
1065,4,cn-server-capture,1.15,2000,1.25,500,300,2,2,2,1,0,1,100,3,0.672,2300,1825,2070,1415,10,24.85,5,5,0.2,0.2,0.2,4100,0.25,0.06,0.01,1,3000,3000,4500,4000,3500,1.7854999,1.494,1450,1000,3636.321,2300,0,1,1.5,1,0,40,60,1.1,100,0,0,0,0,0,0,0.02,0.02,0.2,1.25,0,0,0,200,50,0,0,200,200,50,0,0,0,0,0,0,0,0,0,0,0,0,0,1,0,0,0,0
1065,7,cn-server-capture,1.15,2000,1.25,500,300,2,2,2,1,0,1,100,3,0.672,2300,1825,2070,1415,10,24.85,5,5,0.2,0.2,0.2,4100,0.25,0.06,0.01,4300,3000,3000,4500,4000,3500,1.7854999,1.494,1450,1000,3636.321,2300,0,1,1.5,1,0,40,60,1.1,100,0,0,0,0,0,0,0.02,0.02,0.2,1.25,0,0,0,200,50,0,0,200,200,50,0,0,0,0,0,0,0,0,0,0,0,0,0,1,0,0,0,0
1066,4,cn-server-capture,1.15,2000,1.275,500,325,2,3,2,1,0,1,100,3,0.672,2299,1825,2070,1415,10,24.35,5,5,0.2,0.2,0.2,4100,0.25,0.06,0.01,1,3000,3000,4500,4000,3500,1.7954999,1.494,1450,1000,3737.088,2299,0,1,1.5,1,0,40,60,1.1,100,0,0,0,0,0,0,0.02,0.02,0.2,1.25,0,0,0,200,50,0,0,200,200,50,0,0,0,0,0,0,0,0,0,0,0,0,0,1,0,0,0,0
1066,7,cn-server-capture,1.15,2000,1.275,500,325,2,3,2,1,0,1,100,3,0.672,2299,1825,2070,1415,10,24.35,5,5,0.2,0.2,0.2,4100,0.25,0.06,0.01,4300,3000,3000,4500,4000,3500,1.7954999,1.494,1450,1000,3737.088,2299,0,1,1.5,1,0,40,60,1.1,100,0,0,0,0,0,0,0.02,0.02,0.2,1.25,0,0,0,200,50,0,0,200,200,50,0,0,0,0,0,0,0,0,0,0,0,0,0,1,0,0,0,0
1067,4,cn-server-capture,1.15,2000,1.29,500,340,2,2,1,1,0,1,100,3,0.67,2300,1825,2070,1415,10,24.85,5,5,0.2,0.2,0.2,4300,0.252,0.06,0.01,1,2950,3000,4370,4000,3500,1.8455,1.494,1000,1500,2300,3738.788,0.6,0,1.5,0.9,0,40,60,1.1,100,0,0,0,0,0,0,0.02,0.02,0.2,1.25,0,0,0,200,50,0,0,200,200,50,0,0,0,0,0,0,0,0,0,0,0,0,0,1,0,0,0,0
1067,7,cn-server-capture,1.15,2000,1.29,500,340,2,2,1,1,0,1,100,3,0.67,2300,1825,2070,1415,10,24.85,5,5,0.2,0.2,0.2,4300,0.252,0.06,0.01,3900,2950,3000,4370,4000,3500,1.8455,1.494,1000,1500,2300,3738.788,0.6,0,1.5,0.9,0,40,60,1.1,100,0,0,0,0,0,0,0.02,0.02,0.2,1.25,0,0,0,200,50,0,0,200,200,50,0,0,0,0,0,0,0,0,0,0,0,0,0,1,0,0,0,0
1068,4,cn-server-capture,1.15,2000,1.3,500,350,2,3,2,1,0,1,100,3,0.669,2301,1825,2070,1415,10,25.15,5,5,0.2,0.2,0.2,4100,0.25300002,0.06,0.01,1,3000,3000,4500,4000,3500,1.8054999,1.494,1400,1000,3950.156,2301,0,1,1.5,1,0,40,60,1.1,100,0,0,0,0,0,0,0.02,0.02,0.2,1.25,0,0,0,200,50,0,0,200,200,50,0,0,0,0,0,0,0,0,0,0,0,0,0,1,0,0,0,0
1068,7,cn-server-capture,1.15,2000,1.3,500,350,2,3,2,1,0,1,100,3,0.669,2301,1825,2070,1415,10,25.15,5,5,0.2,0.2,0.2,4100,0.25300002,0.06,0.01,4300,3000,3000,4500,4000,3500,1.8054999,1.494,1400,1000,3950.156,2301,0,1,1.5,1,0,40,60,1.1,100,0,0,0,0,0,0,0.02,0.02,0.2,1.25,0,0,0,200,50,0,0,200,200,50,0,0,0,0,0,0,0,0,0,0,0,0,0,1,0,0,0,0
1069,4,cn-server-capture,1.15,2000,1.31,500,350,2,2,1,1,0,1,100,3,0.668,2305,1825,2070,1415,10,25.05,5,5,0.2,0.2,0.2,4550,0.25,0.06,0.01,1,2940,3000,4350,4000,3500,1.8505,1.494,1000,1350,2305,3957.356,0.7,0,1.5,0.9,0,40,60,1.1,100,0,0,0,0,0,0,0.02,0.02,0.2,1.25,0,0,0,200,50,0,0,200,200,50,0,0,0,0,0,0,0,0,0,0,0,0,0,1,0,0,0,0
1069,7,cn-server-capture,1.15,2000,1.31,500,350,2,2,1,1,0,1,100,3,0.668,2305,1825,2070,1415,10,25.05,5,5,0.2,0.2,0.2,4550,0.25,0.06,0.01,3780,2940,3000,4350,4000,3500,1.8505,1.494,1000,1350,2305,3957.356,0.7,0,1.5,0.9,0,40,60,1.1,100,0,0,0,0,0,0,0.02,0.02,0.2,1.25,0,0,0,200,50,0,0,200,200,50,0,0,0,0,0,0,0,0,0,0,0,0,0,1,0,0,0,0
1070,4,cn-server-capture,1.15,2000,1.25,500,300,2,2,2,1,0,1,100,3,0.67149997,2302,1825,2070,1415,10,25.05,5,5,0.2,0.2,0.2,4050,0.25,0.065,0.01,1,3000,3000,4500,4000,3500,1.7804999,1.494,1450,1000,3639.621,2302,0,1,1.5,1,0,40,60,1.1,100,0,0,0,0,0,0,0.02,0.02,0.2,1.25,0,0,0,200,50,0,0,200,200,50,0,0,0,0,0,0,0,0,0,0,0,0,0,1,0,0,0,0
1070,7,cn-server-capture,1.15,2000,1.25,500,300,2,2,2,1,0,1,100,3,0.67149997,2302,1825,2070,1415,10,25.05,5,5,0.2,0.2,0.2,4050,0.25,0.065,0.01,4300,3000,3000,4500,4000,3500,1.7804999,1.494,1450,1000,3639.621,2302,0,1,1.5,1,0,40,60,1.1,100,0,0,0,0,0,0,0.02,0.02,0.2,1.25,0,0,0,200,50,0,0,200,200,50,0,0,0,0,0,0,0,0,0,0,0,0,0,1,0,0,0,0
1071,4,cn-server-capture,1.15,2000,1.3,500,350,2,3,2,1,0,1,100,3,0.67,2299,1825,2070,1415,10,25.15,5,5,0.2,0.2,0.2,4100,0.25100002,0.06,0.01,1,3000,3000,4500,4000,3500,1.8054999,1.494,1400,1000,3946.556,2299,0,1,1.5,1,0,40,60,1.1,100,0,0,0,0,0,0,0.02,0.02,0.2,1.25,0,0,0,200,50,0,0,200,200,50,0,0,0,0,0,0,0,0,0,0,0,0,0,1,0,0,0,0
1071,7,cn-server-capture,1.15,2000,1.3,500,350,2,3,2,1,0,1,100,3,0.67,2299,1825,2070,1415,10,25.15,5,5,0.2,0.2,0.2,4100,0.25100002,0.06,0.01,4300,3000,3000,4500,4000,3500,1.8054999,1.494,1400,1000,3946.556,2299,0,1,1.5,1,0,40,60,1.1,100,0,0,0,0,0,0,0.02,0.02,0.2,1.25,0,0,0,200,50,0,0,200,200,50,0,0,0,0,0,0,0,0,0,0,0,0,0,1,0,0,0,0
1072,4,cn-server-capture,1.15,2000,1.29,500,340,2,2,1,1,0,1,100,3,0.67,2298,1825,2070,1415,10,24.65,5,5,0.2,0.2,0.2,4400,0.24900001,0.058,0.01,1,2930,3000,4330,4000,3500,1.8435,1.494,1000,1500,2298,3735.388,0.6,0,1.5,0.89,0,40,60,1.1,100,0,0,0,0,0,0,0.02,0.02,0.2,1.25,0,0,0,200,50,0,0,200,200,50,0,0,0,0,0,0,0,0,0,0,0,0,0,1,0,0,0,0
1072,7,cn-server-capture,1.15,2000,1.29,500,340,2,2,1,1,0,1,100,3,0.67,2298,1825,2070,1415,10,24.65,5,5,0.2,0.2,0.2,4400,0.24900001,0.058,0.01,3770,2930,3000,4330,4000,3500,1.8435,1.494,1000,1500,2298,3735.388,0.6,0,1.5,0.89,0,40,60,1.1,100,0,0,0,0,0,0,0.02,0.02,0.2,1.25,0,0,0,200,50,0,0,200,200,50,0,0,0,0,0,0,0,0,0,0,0,0,0,1,0,0,0,0
1073,4,cn-server-capture,1.15,2000,1.285,500,335,2,3,2,1,0,1,100,3,0.67,2300,1825,2070,1415,10,24.75,5,5,0.2,0.2,0.2,4100,0.25,0.06,0.01,1,3000,3000,4500,4000,3500,1.7954999,1.494,1450,1000,3738.788,2300,0,1,1.5,0.85,0,40,60,1.1,100,0,0,0,0,0,0,0.02,0.02,0.2,1.25,0,0,0,200,50,0,0,200,200,50,0,0,0,0,0,0,0,0,0,0,0,0,0,1,0,0,0,0
1073,7,cn-server-capture,1.15,2000,1.285,500,335,2,3,2,1,0,1,100,3,0.67,2300,1825,2070,1415,10,24.75,5,5,0.2,0.2,0.2,4100,0.25,0.06,0.01,4300,3000,3000,4500,4000,3500,1.7954999,1.494,1450,1000,3738.788,2300,0,1,1.5,0.85,0,40,60,1.1,100,0,0,0,0,0,0,0.02,0.02,0.2,1.25,0,0,0,200,50,0,0,200,200,50,0,0,0,0,0,0,0,0,0,0,0,0,0,1,0,0,0,0
1074,4,cn-server-capture,1.15,2000,1.31,500,355,3,2,1,1,0,1,100,3,0.667,2302,1825,2070,1415,10,25.05,5,5,0.2,0.2,0.2,4650,0.254,0.06,0.01,1,2920,3000,4400,4000,3500,1.8475,1.494,1000,1350,2302,3936.0186,0.7,0,1.5,0.9,0,40,60,1.1,100,0,0,0,0,0,0,0.02,0.02,0.2,1.25,0,0,0,200,50,0,0,200,200,50,0,0,0,0,0,0,0,0,0,0,0,0,0,1,0,0,0,0
1074,7,cn-server-capture,1.15,2000,1.31,500,355,3,2,1,1,0,1,100,3,0.667,2302,1825,2070,1415,10,25.05,5,5,0.2,0.2,0.2,4650,0.254,0.06,0.01,3600,2920,3000,4400,4000,3500,1.8475,1.494,1000,1350,2302,3936.0186,0.7,0,1.5,0.9,0,40,60,1.1,100,0,0,0,0,0,0,0.02,0.02,0.2,1.25,0,0,0,200,50,0,0,200,200,50,0,0,0,0,0,0,0,0,0,0,0,0,0,1,0,0,0,0
1075,4,cn-server-capture,1.15,2000,1.285,500,335,2,3,2,1,0,1,100,3,0.67,2300,1825,2070,1415,10,24.45,5,5,0.2,0.2,0.2,4075,0.25,0.06,0.01,1,3000,3000,4500,4000,3500,1.7954999,1.494,1450,1000,3738.788,2300,0,1,1.5,0.83,0,40,60,1.1,100,0,0,0,0,0,0,0.02,0.02,0.2,1.25,0,0,0,200,50,0,0,200,200,50,0,0,0,0,0,0,0,0,0,0,0,0,0,1,0,0,0,0
1075,7,cn-server-capture,1.15,2000,1.285,500,335,2,3,2,1,0,1,100,3,0.67,2300,1825,2070,1415,10,24.45,5,5,0.2,0.2,0.2,4075,0.25,0.06,0.01,4300,3000,3000,4500,4000,3500,1.7954999,1.494,1450,1000,3738.788,2300,0,1,1.5,0.83,0,40,60,1.1,100,0,0,0,0,0,0,0.02,0.02,0.2,1.25,0,0,0,200,50,0,0,200,200,50,0,0,0,0,0,0,0,0,0,0,0,0,0,1,0,0,0,0
1076,4,cn-server-capture,1.15,2000,1.3,500,350,2,3,2,1,0,1,100,3,0.67,2300,1825,2070,1415,10,24.95,5,5,0.2,0.2,0.2,4100,0.25100002,0.06,0.01,1,3000,3000,4500,4000,3500,1.8054999,1.494,1400,1000,3948.356,2300,0,1,1.5,1,0,40,60,1.1,100,0,0,0,0,0,0,0.02,0.02,0.2,1.25,0,0,0,200,50,0,0,200,200,50,0,0,0,0,0,0,0,0,0,0,0,0,0,1,0,0,0,0
1076,7,cn-server-capture,1.15,2000,1.3,500,350,2,3,2,1,0,1,100,3,0.67,2300,1825,2070,1415,10,24.95,5,5,0.2,0.2,0.2,4100,0.25100002,0.06,0.01,4300,3000,3000,4500,4000,3500,1.8054999,1.494,1400,1000,3948.356,2300,0,1,1.5,1,0,40,60,1.1,100,0,0,0,0,0,0,0.02,0.02,0.2,1.25,0,0,0,200,50,0,0,200,200,50,0,0,0,0,0,0,0,0,0,0,0,0,0,1,0,0,0,0
1077,4,cn-server-capture,1.15,2000,1.25,500,300,2,2,2,1,0,1,100,3,0.67,2298,1825,2070,1415,10,24.85,5,5,0.2,0.2,0.2,4050,0.25,0.06,0.01,1,3000,3000,4500,4000,3500,1.7854999,1.494,1400,1000,3633.021,2298,0,1,1.5,1,0,40,60,1.1,100,0,0,0,0,0,0,0.02,0.02,0.2,1.25,0,0,0,200,50,0,0,200,200,50,0,0,0,0,0,0,0,0,0,0,0,0,0,1,0,0,0,0
1077,7,cn-server-capture,1.15,2000,1.25,500,300,2,2,2,1,0,1,100,3,0.67,2298,1825,2070,1415,10,24.85,5,5,0.2,0.2,0.2,4050,0.25,0.06,0.01,4300,3000,3000,4500,4000,3500,1.7854999,1.494,1400,1000,3633.021,2298,0,1,1.5,1,0,40,60,1.1,100,0,0,0,0,0,0,0.02,0.02,0.2,1.25,0,0,0,200,50,0,0,200,200,50,0,0,0,0,0,0,0,0,0,0,0,0,0,1,0,0,0,0
1078,4,cn-server-capture,1.15,2000,1.31,500,355,2,2,1,1,0,1,100,3,0.6685,2300,1825,2070,1415,10,24.85,5,5,0.2,0.2,0.2,4600,0.25300002,0.06,0.01,1,2970,3000,4320,4000,3500,1.8455,1.494,1000,1350,2300,3948.356,0.7,0,1.5,0.9,0,40,60,1.1,100,0,0,0,0,0,0,0.02,0.02,0.2,1.25,0,0,0,200,50,0,0,200,200,50,0,0,0,0,0,0,0,0,0,0,0,0,0,1,0,0,0,0
1078,7,cn-server-capture,1.15,2000,1.31,500,355,2,2,1,1,0,1,100,3,0.6685,2300,1825,2070,1415,10,24.85,5,5,0.2,0.2,0.2,4600,0.25300002,0.06,0.01,3800,2970,3000,4320,4000,3500,1.8455,1.494,1000,1350,2300,3948.356,0.7,0,1.5,0.9,0,40,60,1.1,100,0,0,0,0,0,0,0.02,0.02,0.2,1.25,0,0,0,200,50,0,0,200,200,50,0,0,0,0,0,0,0,0,0,0,0,0,0,1,0,0,0,0
1083,4,cn-server-capture,1.15,2000,1.275,500,300,3,2,1,1,1,1,100,3,0.67,2304,1825,2070,1415,10,24.95,5,5,0.2,0.2,0.2,4050,0.245,0.07,0.01,1,2550,3000,3750,4000,3500,1.8445,1.494,1000,1450,2304,3745.588,0.5,0,1.5,1,0,40,60,1.1,100,0,0,0,0,0,0,0.02,0.02,0.2,1.25,0,0,0,200,50,0,0,200,200,50,0,0,0,0,0,0,0,0,0,0,0,0,0,1,0,0,0,0
1083,7,cn-server-capture,1.15,2000,1.275,500,300,3,2,1,1,1,1,100,3,0.67,2304,1825,2070,1415,10,24.95,5,5,0.2,0.2,0.2,4050,0.245,0.07,0.01,3050,2550,3000,3750,4000,3500,1.8445,1.494,1000,1450,2304,3745.588,0.5,0,1.5,1,0,40,60,1.1,100,0,0,0,0,0,0,0.02,0.02,0.2,1.25,0,0,0,200,50,0,0,200,200,50,0,0,0,0,0,0,0,0,0,0,0,0,0,1,0,0,0,0
1085,4,cn-server-capture,1.15,2000,1.31,500,300,3,2,1,1,1,1,100,3,0.67,2302,1825,2070,1415,10,24.65,5,5,0.2,0.2,0.2,4350,0.252,0.07,0.01,1,2730,3000,3950,4000,3500,1.8475,1.494,1000,1400,2302,3936.0186,0.6,0,1.5,1,0,40,60,1.1,100,0,0,0,0,0,0,0.02,0.02,0.2,1.25,0,0,0,200,50,0,0,200,200,50,0,0,0,0,0,0,0,0,0,0,0,0,0,1,0,0,0,0
1085,7,cn-server-capture,1.15,2000,1.31,500,300,3,2,1,1,1,1,100,3,0.67,2302,1825,2070,1415,10,24.65,5,5,0.2,0.2,0.2,4350,0.252,0.07,0.01,3300,2730,3000,3950,4000,3500,1.8475,1.494,1000,1400,2302,3936.0186,0.6,0,1.5,1,0,40,60,1.1,100,0,0,0,0,0,0,0.02,0.02,0.2,1.25,0,0,0,200,50,0,0,200,200,50,0,0,0,0,0,0,0,0,0,0,0,0,0,1,0,0,0,0
1086,4,cn-server-capture,1.15,2000,1.25,500,300,2,2,2,1,0,1,100,3,0.671,2300,1825,2070,1415,10,24.85,5,5,0.2,0.2,0.2,4050,0.24800001,0.06,0.01,1,3000,3000,4500,4000,3500,1.7854999,1.494,1450,1000,3636.321,2300,0,1,1.5,1,0,40,60,1.1,100,0,0,0,0,0,0,0.02,0.02,0.2,1.25,0,0,0,200,50,0,0,200,200,50,0,0,0,0,0,0,0,0,0,0,0,0,0,1,0,0,0,0
1086,7,cn-server-capture,1.15,2000,1.25,500,300,2,2,2,1,0,1,100,3,0.671,2300,1825,2070,1415,10,24.85,5,5,0.2,0.2,0.2,4050,0.24800001,0.06,0.01,4300,3000,3000,4500,4000,3500,1.7854999,1.494,1450,1000,3636.321,2300,0,1,1.5,1,0,40,60,1.1,100,0,0,0,0,0,0,0.02,0.02,0.2,1.25,0,0,0,200,50,0,0,200,200,50,0,0,0,0,0,0,0,0,0,0,0,0,0,1,0,0,0,0
1087,4,cn-server-capture,1.15,2000,1.25,500,300,2,3,2,1,0,1,100,3,0.67,2300,1825,2070,1415,10,25.05,5,5,0.2,0.2,0.2,4100,0.252,0.065,0.01,1,3000,3000,4500,4000,3500,1.7854999,1.494,1450,1000,3636.321,2300,0,1,1.5,1,0,40,60,1.1,100,0,0,0,0,0,0,0.02,0.02,0.2,1.25,0,0,0,200,50,0,0,200,200,50,0,0,0,0,0,0,0,0,0,0,0,0,0,1,0,0,0,0
1087,7,cn-server-capture,1.15,2000,1.25,500,300,2,3,2,1,0,1,100,3,0.67,2300,1825,2070,1415,10,25.05,5,5,0.2,0.2,0.2,4100,0.252,0.065,0.01,4300,3000,3000,4500,4000,3500,1.7854999,1.494,1450,1000,3636.321,2300,0,1,1.5,1,0,40,60,1.1,100,0,0,0,0,0,0,0.02,0.02,0.2,1.25,0,0,0,200,50,0,0,200,200,50,0,0,0,0,0,0,0,0,0,0,0,0,0,1,0,0,0,0
1089,4,cn-server-capture,1.15,2000,1.29,500,335,2,3,2,1,0,1,100,3,0.67,2302,1825,2070,1415,10,25.05,5,5,0.2,0.2,0.2,4100,0.25,0.06,0.01,1,3000,3000,4500,4000,3500,1.8054999,1.494,1450,1000,3742.188,2302,0,1,1.5,1,0,40,60,1.1,100,0,0,0,0,0,0,0.02,0.02,0.2,1.25,0,0,0,200,50,0,0,200,200,50,0,0,0,0,0,0,0,0,0,0,0,0,0,1,0,0,0,0
1089,7,cn-server-capture,1.15,2000,1.29,500,335,2,3,2,1,0,1,100,3,0.67,2302,1825,2070,1415,10,25.05,5,5,0.2,0.2,0.2,4100,0.25,0.06,0.01,4300,3000,3000,4500,4000,3500,1.8054999,1.494,1450,1000,3742.188,2302,0,1,1.5,1,0,40,60,1.1,100,0,0,0,0,0,0,0.02,0.02,0.2,1.25,0,0,0,200,50,0,0,200,200,50,0,0,0,0,0,0,0,0,0,0,0,0,0,1,0,0,0,0
1090,4,cn-server-capture,1.15,2000,1.25,500,300,2,2,1,1,0,1,100,3,0.67,2302,1825,2070,1415,10,24.95,5,5,0.2,0.2,0.2,4200,0.24800001,0.06,0.01,1,2940,3000,4320,4000,3500,1.8464999,1.494,1000,1500,2302,3742.188,0.6,0,1.5,0.87,0,40,60,1.1,100,0,0,0,0,0,0,0.02,0.02,0.2,1.25,0,0,0,200,50,0,0,200,200,50,0,0,0,0,0,0,0,0,0,0,0,0,0,1,0,0,0,0
1090,7,cn-server-capture,1.15,2000,1.25,500,300,2,2,1,1,0,1,100,3,0.67,2302,1825,2070,1415,10,24.95,5,5,0.2,0.2,0.2,4200,0.24800001,0.06,0.01,3650,2940,3000,4320,4000,3500,1.8464999,1.494,1000,1500,2302,3742.188,0.6,0,1.5,0.87,0,40,60,1.1,100,0,0,0,0,0,0,0.02,0.02,0.2,1.25,0,0,0,200,50,0,0,200,200,50,0,0,0,0,0,0,0,0,0,0,0,0,0,1,0,0,0,0
1091,4,cn-server-capture,1.15,2000,1.25,500,300,2,2,1,1,0,1,100,3,0.672,2302,1825,2070,1415,10,24.65,5,5,0.2,0.2,0.2,4175,0.25,0.06,0.01,1,2950,3000,4320,4000,3500,1.8445,1.494,1000,1500,2302,3639.621,0.5,0,1.5,0.92,0,40,60,1.1,100,0,0,0,0,0,0,0.02,0.02,0.2,1.25,0,0,0,200,50,0,0,200,200,50,0,0,0,0,0,0,0,0,0,0,0,0,0,1,0,0,0,0
1091,7,cn-server-capture,1.15,2000,1.25,500,300,2,2,1,1,0,1,100,3,0.672,2302,1825,2070,1415,10,24.65,5,5,0.2,0.2,0.2,4175,0.25,0.06,0.01,3750,2950,3000,4320,4000,3500,1.8445,1.494,1000,1500,2302,3639.621,0.5,0,1.5,0.92,0,40,60,1.1,100,0,0,0,0,0,0,0.02,0.02,0.2,1.25,0,0,0,200,50,0,0,200,200,50,0,0,0,0,0,0,0,0,0,0,0,0,0,1,0,0,0,0
1092,4,cn-server-capture,1.15,2000,1.25,500,300,2,2,1,1,0,1,100,3,0.672,2302,1825,2070,1415,10,24.95,5,5,0.2,0.2,0.2,4225,0.25,0.06,0.01,1,2900,3000,4320,4000,3500,1.8425,1.494,1000,1500,2302,3639.621,0.5,0,1.5,0.92,0,40,60,1.1,100,0,0,0,0,0,0,0.02,0.02,0.2,1.25,0,0,0,200,50,0,0,200,200,50,0,0,0,0,0,0,0,0,0,0,0,0,0,1,0,0,0,0
1092,7,cn-server-capture,1.15,2000,1.25,500,300,2,2,1,1,0,1,100,3,0.672,2302,1825,2070,1415,10,24.95,5,5,0.2,0.2,0.2,4225,0.25,0.06,0.01,3650,2900,3000,4320,4000,3500,1.8425,1.494,1000,1500,2302,3639.621,0.5,0,1.5,0.92,0,40,60,1.1,100,0,0,0,0,0,0,0.02,0.02,0.2,1.25,0,0,0,200,50,0,0,200,200,50,0,0,0,0,0,0,0,0,0,0,0,0,0,1,0,0,0,0
1093,4,cn-server-capture,1.15,2000,1.275,500,325,2,3,2,1,0,1,100,3,0.67,2300,1825,2070,1415,10,24.95,5,5,0.2,0.2,0.2,4100,0.25,0.06,0.01,1,3000,3000,4500,4000,3500,1.7954999,1.494,1450,1000,3738.788,2300,0,1,1.5,0.9,0,40,60,1.1,100,0,0,0,0,0,0,0.02,0.02,0.2,1.25,0,0,0,200,50,0,0,200,200,50,0,0,0,0,0,0,0,0,0,0,0,0,0,1,0,0,0,0
1093,7,cn-server-capture,1.15,2000,1.275,500,325,2,3,2,1,0,1,100,3,0.67,2300,1825,2070,1415,10,24.95,5,5,0.2,0.2,0.2,4100,0.25,0.06,0.01,4300,3000,3000,4500,4000,3500,1.7954999,1.494,1450,1000,3738.788,2300,0,1,1.5,0.9,0,40,60,1.1,100,0,0,0,0,0,0,0.02,0.02,0.2,1.25,0,0,0,200,50,0,0,200,200,50,0,0,0,0,0,0,0,0,0,0,0,0,0,1,0,0,0,0
1094,4,cn-server-capture,1.15,2000,1.25,500,300,2,3,2,0,0,1,100,3,0.67,2295,1825,2070,1415,10,24.65,5,5,0.2,0.2,0.2,4050,0.25,0.06,0.01,1,3000,3000,4500,4000,3500,1.7854999,1.494,1400,1000,3628.071,2295,0,1,1.5,1,0,40,60,1.1,100,0,0,0,0,0,0,0.02,0.02,0.2,1.25,0,0,0,200,50,0,0,200,200,50,0,0,0,0,0,0,0,0,0,0,0,0,0,1,0,0,0,0
1094,7,cn-server-capture,1.15,2000,1.25,500,300,2,3,2,0,0,1,100,3,0.67,2295,1825,2070,1415,10,24.65,5,5,0.2,0.2,0.2,4050,0.25,0.06,0.01,4300,3000,3000,4500,4000,3500,1.7854999,1.494,1400,1000,3628.071,2295,0,1,1.5,1,0,40,60,1.1,100,0,0,0,0,0,0,0.02,0.02,0.2,1.25,0,0,0,200,50,0,0,200,200,50,0,0,0,0,0,0,0,0,0,0,0,0,0,1,0,0,0,0
1096,4,cn-server-capture,1.1,2000,1.31,500,350,2,2,1,1,0,1,100,3,0.67,2300,1825,2070,1415,10,24.55,5,5,0.2,0.2,0.2,4160,0.25,0.06,0.01,1,2930,3000,4310,4000,3500,1.8435,1.494,1000,1500,2300,3738.788,0.5,0,1.5,0.92,0,40,60,1.1,100,1,1,1,1,0,0,0.02,0.02,0.2,1.25,0,0,0,200,50,0,0,200,200,50,0,0,0,0,0,0,0,0,0,0,0,0,0,1,0,0,0,0
1096,7,cn-server-capture,1.1,2000,1.31,500,350,2,2,1,1,0,1,100,3,0.67,2300,1825,2070,1415,10,24.55,5,5,0.2,0.2,0.2,4160,0.25,0.06,0.01,3740,2930,3000,4310,4000,3500,1.8435,1.494,1000,1500,2300,3738.788,0.5,0,1.5,0.92,0,40,60,1.1,100,1,1,1,1,0,0,0.02,0.02,0.2,1.25,0,0,0,200,50,0,0,200,200,50,0,0,0,0,0,0,0,0,0,0,0,0,0,1,0,0,0,0
1097,4,cn-server-capture,1.1,2000,1.31,500,350,2,2,1,1,0,1,100,3,0.67,2300,1825,2070,1415,10,24.55,5,5,0.2,0.2,0.2,4160,0.25,0.06,0.01,1,2930,3000,4310,4000,3500,1.8435,1.494,1000,1500,2300,3738.788,0.5,0,1.5,0.92,0,35,60,1.1,100,1,1,1,1,0,0,0.02,0.02,0.2,1.25,0,0,0,200,50,0,0,200,200,50,0,0,0,0,0,0,0,0,0,0,0,0,0,1,0,0,0,0
1097,7,cn-server-capture,1.1,2000,1.31,500,350,2,2,1,1,0,1,100,3,0.67,2300,1825,2070,1415,10,24.55,5,5,0.2,0.2,0.2,4160,0.25,0.06,0.01,3740,2930,3000,4310,4000,3500,1.8435,1.494,1000,1500,2300,3738.788,0.5,0,1.5,0.92,0,35,60,1.1,100,1,1,1,1,0,0,0.02,0.02,0.2,1.25,0,0,0,200,50,0,0,200,200,50,0,0,0,0,0,0,0,0,0,0,0,0,0,1,0,0,0,0
1098,4,cn-server-capture,1.15,2000,1.325,500,355,2,2,1,1,0,1,100,3,0.667,2301,1825,2070,1415,10,25.65,5,5,0.2,0.2,0.2,4650,0.254,0.06,0.01,1,3010,3000,4370,4000,3500,1.8505,1.494,1000,1350,2301,3950.156,0.7,0,1.5,0.88,0,40,60,1.1,100,0,0,0,0,0,0,0.02,0.02,0.2,1.25,0,0,0,200,50,0,0,200,200,50,0,0,0,0,0,0,0,0,0,0,0,0,0,1,0,0,0,0
1098,7,cn-server-capture,1.15,2000,1.325,500,355,2,2,1,1,0,1,100,3,0.667,2301,1825,2070,1415,10,25.65,5,5,0.2,0.2,0.2,4650,0.254,0.06,0.01,3720,3010,3000,4370,4000,3500,1.8505,1.494,1000,1350,2301,3950.156,0.7,0,1.5,0.88,0,40,60,1.1,100,0,0,0,0,0,0,0.02,0.02,0.2,1.25,0,0,0,200,50,0,0,200,200,50,0,0,0,0,0,0,0,0,0,0,0,0,0,1,0,0,0,0
1100,4,cn-server-capture,1.15,2000,1.25,500,300,2,2,1,1,0,1,100,3,0.67,2299,1825,2070,1415,10,24.65,5,5,0.2,0.2,0.2,4250,0.24800001,0.06,0.01,1,2920,3000,4320,4000,3500,1.8425,1.494,1000,1500,2299,3737.088,0.6,0,1.5,0.87,0,40,60,1.1,100,0,0,0,0,0,0,0.02,0.02,0.2,1.25,0,0,0,200,50,0,0,200,200,50,0,0,0,0,0,0,0,0,0,0,0,0,0,1,0,0,0,0
1100,7,cn-server-capture,1.15,2000,1.25,500,300,2,2,1,1,0,1,100,3,0.67,2299,1825,2070,1415,10,24.65,5,5,0.2,0.2,0.2,4250,0.24800001,0.06,0.01,3800,2920,3000,4320,4000,3500,1.8425,1.494,1000,1500,2299,3737.088,0.6,0,1.5,0.87,0,40,60,1.1,100,0,0,0,0,0,0,0.02,0.02,0.2,1.25,0,0,0,200,50,0,0,200,200,50,0,0,0,0,0,0,0,0,0,0,0,0,0,1,0,0,0,0
1103,4,cn-server-capture,1.15,2000,1.31,500,350,2,2,1,1,0,1,100,3,0.669,2301,1825,2070,1415,10,24.85,5,5,0.2,0.2,0.2,4600,0.25300002,0.06,0.01,1,2940,3000,4370,4000,3500,1.8475,1.494,1000,1350,2301,3950.156,0.7,0,1.5,0.9,0,40,60,1.1,100,0,0,0,0,0,0,0.02,0.02,0.2,1.25,0,0,0,200,50,0,0,200,200,50,0,0,0,0,0,0,0,0,0,0,0,0,0,1,0,0,0,0
1103,7,cn-server-capture,1.15,2000,1.31,500,350,2,2,1,1,0,1,100,3,0.669,2301,1825,2070,1415,10,24.85,5,5,0.2,0.2,0.2,4600,0.25300002,0.06,0.01,3730,2940,3000,4370,4000,3500,1.8475,1.494,1000,1350,2301,3950.156,0.7,0,1.5,0.9,0,40,60,1.1,100,0,0,0,0,0,0,0.02,0.02,0.2,1.25,0,0,0,200,50,0,0,200,200,50,0,0,0,0,0,0,0,0,0,0,0,0,0,1,0,0,0,0
1104,4,cn-server-capture,1.15,2000,1.33,500,350,3,2,1,1,1,1,100,3,0.668,2306,1825,2070,1415,10,25.15,5,5,0.2,0.2,0.2,4620,0.254,0.07,0.01,1,2700,3000,4000,4000,3500,1.8535,1.494,1000,1350,2306,4061.824,0.7,0,1.5,0.9,0,40,60,1.1,100,0,0,0,0,0,0,0.02,0.02,0.2,1.25,0,0,0,200,50,0,0,200,200,50,0,0,0,0,0,0,0,0,0,0,0,0,0,1,0,0,0,0
1104,7,cn-server-capture,1.15,2000,1.33,500,350,3,2,1,1,1,1,100,3,0.668,2306,1825,2070,1415,10,25.15,5,5,0.2,0.2,0.2,4620,0.254,0.07,0.01,3200,2700,3000,4000,4000,3500,1.8535,1.494,1000,1350,2306,4061.824,0.7,0,1.5,0.9,0,40,60,1.1,100,0,0,0,0,0,0,0.02,0.02,0.2,1.25,0,0,0,200,50,0,0,200,200,50,0,0,0,0,0,0,0,0,0,0,0,0,0,1,0,0,0,0
1105,4,cn-server-capture,1.15,2000,1.25,500,300,2,2,2,1,0,1,100,3,0.672,2302,1825,2070,1415,10,25.25,5,5,0.2,0.2,0.2,4100,0.25,0.06,0.01,1,3000,3000,4500,4000,3500,1.7854999,1.494,1450,1000,3639.621,2302,0,1,1.5,1,0,40,60,1.1,100,0,0,0,0,0,0,0.02,0.02,0.2,1.25,0,0,0,200,50,0,0,200,200,50,0,0,0,0,0,0,0,0,0,0,0,0,0,1,0,0,0,0
1105,7,cn-server-capture,1.15,2000,1.25,500,300,2,2,2,1,0,1,100,3,0.672,2302,1825,2070,1415,10,25.25,5,5,0.2,0.2,0.2,4100,0.25,0.06,0.01,4300,3000,3000,4500,4000,3500,1.7854999,1.494,1450,1000,3639.621,2302,0,1,1.5,1,0,40,60,1.1,100,0,0,0,0,0,0,0.02,0.02,0.2,1.25,0,0,0,200,50,0,0,200,200,50,0,0,0,0,0,0,0,0,0,0,0,0,0,1,0,0,0,0
1106,4,cn-server-capture,1.1,2000,1.31,500,350,2,2,1,1,0,1,100,3,0.67,2300,1825,2070,1415,10,24.55,5,5,0.2,0.2,0.2,4160,0.25,0.06,0.01,1,2930,3000,4310,4000,3500,1.8435,1.494,1000,1500,2300,3738.788,0.5,0,1.5,0.92,0,40,60,1.1,100,1,1,1,1,0,0,0.02,0.02,0.2,1.25,0,0,0,200,50,0,0,200,200,50,0,0,0,0,0,0,0,0,0,0,0,0,0,1,0,0,0,0
1106,7,cn-server-capture,1.1,2000,1.31,500,350,2,2,1,1,0,1,100,3,0.67,2300,1825,2070,1415,10,24.55,5,5,0.2,0.2,0.2,4160,0.25,0.06,0.01,3740,2930,3000,4310,4000,3500,1.8435,1.494,1000,1500,2300,3738.788,0.5,0,1.5,0.92,0,40,60,1.1,100,1,1,1,1,0,0,0.02,0.02,0.2,1.25,0,0,0,200,50,0,0,200,200,50,0,0,0,0,0,0,0,0,0,0,0,0,0,1,0,0,0,0
1107,4,cn-server-capture,1.1,2000,1.31,500,350,2,2,1,1,0,1,100,3,0.67,2300,1825,2070,1415,10,24.65,5,5,0.2,0.2,0.2,4240,0.252,0.06,0.01,1,2930,3000,4310,4000,3500,1.8455,1.494,1000,1500,2300,3738.788,0.5,0,1.5,0.92,0,40,60,1.1,100,0,0,0,0,0,0,0.02,0.02,0.2,1.25,0,0,0,200,50,0,0,200,200,50,0,0,0,0,0,0,0,0,0,0,0,0,0,1,0,0,0,0
1107,7,cn-server-capture,1.1,2000,1.31,500,350,2,2,1,1,0,1,100,3,0.67,2300,1825,2070,1415,10,24.65,5,5,0.2,0.2,0.2,4240,0.252,0.06,0.01,3720,2930,3000,4310,4000,3500,1.8455,1.494,1000,1500,2300,3738.788,0.5,0,1.5,0.92,0,40,60,1.1,100,0,0,0,0,0,0,0.02,0.02,0.2,1.25,0,0,0,200,50,0,0,200,200,50,0,0,0,0,0,0,0,0,0,0,0,0,0,1,0,0,0,0
1108,4,cn-server-capture,1.1,2000,1.31,500,350,2,2,1,1,0,1,100,3,0.67,2300,1825,2070,1415,10,24.85,5,5,0.2,0.2,0.2,4260,0.252,0.06,0.01,1,2930,3000,4310,4000,3500,1.8455,1.494,1000,1500,2300,3738.788,0.5,0,1.5,0.92,0,40,60,1.1,100,0,0,0,0,0,0,0.02,0.02,0.2,1.25,0,0,0,200,50,0,0,200,200,50,0,0,0,0,0,0,0,0,0,0,0,0,0,1,0,0,0,0
1108,7,cn-server-capture,1.1,2000,1.31,500,350,2,2,1,1,0,1,100,3,0.67,2300,1825,2070,1415,10,24.85,5,5,0.2,0.2,0.2,4260,0.252,0.06,0.01,3710,2930,3000,4310,4000,3500,1.8455,1.494,1000,1500,2300,3738.788,0.5,0,1.5,0.92,0,40,60,1.1,100,0,0,0,0,0,0,0.02,0.02,0.2,1.25,0,0,0,200,50,0,0,200,200,50,0,0,0,0,0,0,0,0,0,0,0,0,0,1,0,0,0,0
1109,4,cn-server-capture,1.15,2000,1.31,500,300,2,3,2,1,0,1,100,3,0.67,2300,1825,2070,1415,10,24.6,5,5,0.2,0.2,0.2,4100,0.25,0.06,0.01,1,2820,3000,4100,4000,3500,1.8455,1.494,1450,1000,3636.321,2300,0,1,1.5,1,0,40,60,1.1,100,0,0,0,0,0,0,0.02,0.02,0.2,1.25,0,0,0,200,50,0,0,200,200,50,0,0,0,0,0,0,0,0,0,0,0,0,0,1,0,0,0,0
1109,7,cn-server-capture,1.15,2000,1.31,500,300,2,3,2,1,0,1,100,3,0.67,2300,1825,2070,1415,10,24.6,5,5,0.2,0.2,0.2,4100,0.25,0.06,0.01,4000,2820,3000,4100,4000,3500,1.8455,1.494,1450,1000,3636.321,2300,0,1,1.5,1,0,40,60,1.1,100,0,0,0,0,0,0,0.02,0.02,0.2,1.25,0,0,0,200,50,0,0,200,200,50,0,0,0,0,0,0,0,0,0,0,0,0,0,1,0,0,0,0
1110,4,cn-server-capture,1.15,2000,1.31,500,300,2,2,2,1,0,1,100,3,0.671,2300,1825,2070,1415,10,24.57,5,5,0.2,0.2,0.2,4100,0.25,0.06,0.01,1,2800,3000,4000,4000,3500,1.8455,1.494,1450,1000,3636.321,2300,0,1,1.5,1,0,40,60,1.1,100,0,0,0,0,0,0,0.02,0.02,0.2,1.25,0,0,0,200,50,0,0,200,200,50,0,0,0,0,0,0,0,0,0,0,0,0,0,1,0,0,0,0
1110,7,cn-server-capture,1.15,2000,1.31,500,300,2,2,2,1,0,1,100,3,0.671,2300,1825,2070,1415,10,24.57,5,5,0.2,0.2,0.2,4100,0.25,0.06,0.01,4000,2800,3000,4000,4000,3500,1.8455,1.494,1450,1000,3636.321,2300,0,1,1.5,1,0,40,60,1.1,100,0,0,0,0,0,0,0.02,0.02,0.2,1.25,0,0,0,200,50,0,0,200,200,50,0,0,0,0,0,0,0,0,0,0,0,0,0,1,0,0,0,0
1111,4,cn-server-capture,1.1,2000,1.31,500,350,2,2,1,1,0,1,100,3,0.672,2299,1825,2070,1415,10,24.6,5,5,0.2,0.2,0.2,4220,0.25,0.06,0.01,1,2940,3000,4330,4000,3500,1.8435,1.494,1000,1500,2299,3737.088,0.5,0,1.5,1,0,40,60,1.1,100,0,0,0,0,0,0,0.02,0.02,0.2,1.25,0,0,0,200,50,0,0,200,200,50,0,0,0,0,0,0,0,0,0,0,0,0,0,1,0,0,0,0
1111,7,cn-server-capture,1.1,2000,1.31,500,350,2,2,1,1,0,1,100,3,0.672,2299,1825,2070,1415,10,24.6,5,5,0.2,0.2,0.2,4220,0.25,0.06,0.01,3770,2940,3000,4330,4000,3500,1.8435,1.494,1000,1500,2299,3737.088,0.5,0,1.5,1,0,40,60,1.1,100,0,0,0,0,0,0,0.02,0.02,0.2,1.25,0,0,0,200,50,0,0,200,200,50,0,0,0,0,0,0,0,0,0,0,0,0,0,1,0,0,0,0
1112,4,cn-server-capture,1.1,2000,1.31,500,350,2,2,1,1,0,1,100,3,0.669,2301,1825,2070,1415,10,24.95,5,5,0.2,0.2,0.2,4500,0.254,0.06,0.01,1,2970,3000,4310,4000,3500,1.8499,1.494,1000,1500,2301,3740.488,0.6,0,1.5,0.92,0,40,60,1.1,100,0,0,0,0,0,0,0.02,0.02,0.2,1.25,0,0,0,200,50,0,0,200,200,50,0,0,0,0,0,0,0,0,0,0,0,0,0,1,0,0,0,0
1112,7,cn-server-capture,1.1,2000,1.31,500,350,2,2,1,1,0,1,100,3,0.669,2301,1825,2070,1415,10,24.95,5,5,0.2,0.2,0.2,4500,0.254,0.06,0.01,3710,2970,3000,4310,4000,3500,1.8499,1.494,1000,1500,2301,3740.488,0.6,0,1.5,0.92,0,40,60,1.1,100,0,0,0,0,0,0,0.02,0.02,0.2,1.25,0,0,0,200,50,0,0,200,200,50,0,0,0,0,0,0,0,0,0,0,0,0,0,1,0,0,0,0
1113,4,cn-server-capture,1.15,2000,1.31,500,300,2,2,2,1,0,1,100,3,0.67149997,2297,1825,2070,1415,10,24.6,5,5,0.2,0.2,0.2,4100,0.25,0.06,0.01,1,2800,3000,4000,4000,3500,1.8455,1.494,1450,1000,3631.371,2297,0,1,1.5,1,0,40,60,1.1,100,0,0,0,0,0,0,0.02,0.02,0.2,1.25,0,0,0,200,50,0,0,200,200,50,0,0,0,0,0,0,0,0,0,0,0,0,0,1,0,0,0,0
1113,7,cn-server-capture,1.15,2000,1.31,500,300,2,2,2,1,0,1,100,3,0.67149997,2297,1825,2070,1415,10,24.6,5,5,0.2,0.2,0.2,4100,0.25,0.06,0.01,4000,2800,3000,4000,4000,3500,1.8455,1.494,1450,1000,3631.371,2297,0,1,1.5,1,0,40,60,1.1,100,0,0,0,0,0,0,0.02,0.02,0.2,1.25,0,0,0,200,50,0,0,200,200,50,0,0,0,0,0,0,0,0,0,0,0,0,0,1,0,0,0,0
1114,4,cn-server-capture,1.1,2000,1.31,500,350,2,2,1,1,0,1,100,3,0.67,2298,1825,2070,1415,10,24.67,5,5,0.2,0.2,0.2,4220,0.252,0.06,0.01,1,2950,3000,4360,4000,3500,1.8455,1.494,1000,1500,2298,3735.388,0.5,0,1.5,1,0,40,60,1.1,100,0,0,0,0,0,0,0.02,0.02,0.2,1.25,0,0,0,200,50,0,0,200,200,50,0,0,0,0,0,0,0,0,0,0,0,0,0,1,0,0,0,0
1114,7,cn-server-capture,1.1,2000,1.31,500,350,2,2,1,1,0,1,100,3,0.67,2298,1825,2070,1415,10,24.67,5,5,0.2,0.2,0.2,4220,0.252,0.06,0.01,3750,2950,3000,4360,4000,3500,1.8455,1.494,1000,1500,2298,3735.388,0.5,0,1.5,1,0,40,60,1.1,100,0,0,0,0,0,0,0.02,0.02,0.2,1.25,0,0,0,200,50,0,0,200,200,50,0,0,0,0,0,0,0,0,0,0,0,0,0,1,0,0,0,0
1115,4,cn-server-capture,1.15,2000,1.31,500,300,2,2,2,1,0,1,100,3,0.671,2302,1825,2070,1415,10,24.61,5,5,0.2,0.2,0.2,4100,0.25,0.06,0.01,1,2800,3000,4000,4000,3500,1.8464999,1.494,1450,1000,3639.621,2302,0,1,1.5,1,0,40,60,1.1,100,0,0,0,0,0,0,0.02,0.02,0.2,1.25,0,0,0,200,50,0,0,200,200,50,0,0,0,0,0,0,0,0,0,0,0,0,0,1,0,0,0,0
1115,7,cn-server-capture,1.15,2000,1.31,500,300,2,2,2,1,0,1,100,3,0.671,2302,1825,2070,1415,10,24.61,5,5,0.2,0.2,0.2,4100,0.25,0.06,0.01,4000,2800,3000,4000,4000,3500,1.8464999,1.494,1450,1000,3639.621,2302,0,1,1.5,1,0,40,60,1.1,100,0,0,0,0,0,0,0.02,0.02,0.2,1.25,0,0,0,200,50,0,0,200,200,50,0,0,0,0,0,0,0,0,0,0,0,0,0,1,0,0,0,0
1117,4,cn-server-capture,1.15,2000,1.31,500,300,2,2,2,1,0,1,100,3,0.671,2301,1825,2070,1415,10,24.5,5,5,0.2,0.2,0.2,4100,0.25,0.06,0.01,1,2800,3000,4000,4000,3500,1.8455,1.494,1450,1000,3637.971,2301,0,1,1.5,0.92,0,40,60,1.1,100,0,0,0,0,0,0,0.02,0.02,0.2,1.25,0,0,0,200,50,0,0,200,200,50,0,0,0,0,0,0,0,0,0,0,0,0,0,1,0,0,0,0
1117,7,cn-server-capture,1.15,2000,1.31,500,300,2,2,2,1,0,1,100,3,0.671,2301,1825,2070,1415,10,24.5,5,5,0.2,0.2,0.2,4100,0.25,0.06,0.01,4020,2800,3000,4000,4000,3500,1.8455,1.494,1450,1000,3637.971,2301,0,1,1.5,0.92,0,40,60,1.1,100,0,0,0,0,0,0,0.02,0.02,0.2,1.25,0,0,0,200,50,0,0,200,200,50,0,0,0,0,0,0,0,0,0,0,0,0,0,1,0,0,0,0
1118,4,cn-server-capture,1.1,2000,1.31,500,350,2,2,1,1,0,1,100,3,0.67,2304,1825,2070,1415,10,24.61,5,5,0.2,0.2,0.2,4200,0.25,0.06,0.01,1,2940,3000,4340,4000,3500,1.8495,1.494,1000,1500,2304,3745.588,0.5,0,1.5,0.94,0,40,60,1.1,100,0,0,0,0,0,0,0.02,0.02,0.2,1.25,0,0,0,200,50,0,0,200,200,50,0,0,0,0,0,0,0,0,0,0,0,0,0,1,0,0,0,0
1118,7,cn-server-capture,1.1,2000,1.31,500,350,2,2,1,1,0,1,100,3,0.67,2304,1825,2070,1415,10,24.61,5,5,0.2,0.2,0.2,4200,0.25,0.06,0.01,3750,2940,3000,4340,4000,3500,1.8495,1.494,1000,1500,2304,3745.588,0.5,0,1.5,0.94,0,40,60,1.1,100,0,0,0,0,0,0,0.02,0.02,0.2,1.25,0,0,0,200,50,0,0,200,200,50,0,0,0,0,0,0,0,0,0,0,0,0,0,1,0,0,0,0
1119,4,cn-server-capture,1.1,2000,1.31,500,350,2,2,1,1,0,1,100,3,0.669,2300,1825,2070,1415,10,25.15,5,5,0.2,0.2,0.2,4510,0.254,0.06,0.01,1,2970,3000,4310,4000,3500,1.8499,1.494,1000,1500,2300,3738.788,0.6,0,1.5,0.91,0,40,60,1.1,100,0,0,0,0,0,0,0.02,0.02,0.2,1.25,0,0,0,200,50,0,0,200,200,50,0,0,0,0,0,0,0,0,0,0,0,0,0,1,0,0,0,0
1119,7,cn-server-capture,1.1,2000,1.31,500,350,2,2,1,1,0,1,100,3,0.669,2300,1825,2070,1415,10,25.15,5,5,0.2,0.2,0.2,4510,0.254,0.06,0.01,3700,2970,3000,4310,4000,3500,1.8499,1.494,1000,1500,2300,3738.788,0.6,0,1.5,0.91,0,40,60,1.1,100,0,0,0,0,0,0,0.02,0.02,0.2,1.25,0,0,0,200,50,0,0,200,200,50,0,0,0,0,0,0,0,0,0,0,0,0,0,1,0,0,0,0
1121,4,cn-server-capture,1.1,2000,1.31,500,350,2,2,1,1,0,1,100,3,0.671,2298,1825,2070,1415,10,24.93,5,5,0.2,0.2,0.2,4430,0.25,0.06,0.01,1,2970,3000,4350,4000,3500,1.8500999,1.494,1000,1500,2298,3735.388,0.6,0,1.5,0.91,0,40,60,1.1,100,0,0,0,0,0,0,0.02,0.02,0.2,1.25,0,0,0,200,50,0,0,200,200,50,0,0,0,0,0,0,0,0,0,0,0,0,0,1,0,0,0,0
1121,7,cn-server-capture,1.1,2000,1.31,500,350,2,2,1,1,0,1,100,3,0.671,2298,1825,2070,1415,10,24.93,5,5,0.2,0.2,0.2,4430,0.25,0.06,0.01,3760,2970,3000,4350,4000,3500,1.8500999,1.494,1000,1500,2298,3735.388,0.6,0,1.5,0.91,0,40,60,1.1,100,0,0,0,0,0,0,0.02,0.02,0.2,1.25,0,0,0,200,50,0,0,200,200,50,0,0,0,0,0,0,0,0,0,0,0,0,0,1,0,0,0,0
1122,4,cn-server-capture,1.1,2000,1.31,500,350,2,2,1,1,0,1,100,3,0.67,2300,1825,2070,1415,10,24.66,5,5,0.2,0.2,0.2,4240,0.252,0.06,0.01,1,2950,3000,4310,4000,3500,1.8455,1.494,1000,1500,2300,3738.788,0.5,0,1.5,0.92,0,40,60,1.1,100,0,0,0,0,0,0,0.02,0.02,0.2,1.25,0,0,0,200,50,0,0,200,200,50,0,0,0,0,0,0,0,0,0,0,0,0,0,1,0,0,0,0
1122,7,cn-server-capture,1.1,2000,1.31,500,350,2,2,1,1,0,1,100,3,0.67,2300,1825,2070,1415,10,24.66,5,5,0.2,0.2,0.2,4240,0.252,0.06,0.01,3760,2950,3000,4310,4000,3500,1.8455,1.494,1000,1500,2300,3738.788,0.5,0,1.5,0.92,0,40,60,1.1,100,0,0,0,0,0,0,0.02,0.02,0.2,1.25,0,0,0,200,50,0,0,200,200,50,0,0,0,0,0,0,0,0,0,0,0,0,0,1,0,0,0,0
1123,4,cn-server-capture,1.15,2000,1.31,500,300,2,2,2,1,0,1,100,3,0.671,2300,1825,2070,1415,10,24.65,5,5,0.2,0.2,0.2,4100,0.25,0.06,0.01,1,2800,3000,4000,4000,3500,1.8455,1.494,1450,1000,3636.321,2300,0,1,1.5,1,0,40,60,1.1,100,0,0,0,0,0,0,0.02,0.02,0.2,1.25,0,0,0,200,50,0,0,200,200,50,0,0,0,0,0,0,0,0,0,0,0,0,0,1,0,0,0,0
1123,7,cn-server-capture,1.15,2000,1.31,500,300,2,2,2,1,0,1,100,3,0.671,2300,1825,2070,1415,10,24.65,5,5,0.2,0.2,0.2,4100,0.25,0.06,0.01,4000,2800,3000,4000,4000,3500,1.8455,1.494,1450,1000,3636.321,2300,0,1,1.5,1,0,40,60,1.1,100,0,0,0,0,0,0,0.02,0.02,0.2,1.25,0,0,0,200,50,0,0,200,200,50,0,0,0,0,0,0,0,0,0,0,0,0,0,1,0,0,0,0
1124,4,cn-server-capture,1.15,2000,1.31,500,300,2,2,2,1,0,1,100,3,0.671,2300,1825,2070,1415,10,24.53,5,5,0.2,0.2,0.2,4100,0.25,0.06,0.01,1,2800,3000,4000,4000,3500,1.8455,1.494,1450,1000,3636.321,2300,0,1,1.5,0.92,0,40,60,1.1,100,0,0,0,0,0,0,0.02,0.02,0.2,1.25,0,0,0,200,50,0,0,200,200,50,0,0,0,0,0,0,0,0,0,0,0,0,0,1,0,0,0,0
1124,7,cn-server-capture,1.15,2000,1.31,500,300,2,2,2,1,0,1,100,3,0.671,2300,1825,2070,1415,10,24.53,5,5,0.2,0.2,0.2,4100,0.25,0.06,0.01,4000,2800,3000,4000,4000,3500,1.8455,1.494,1450,1000,3636.321,2300,0,1,1.5,0.92,0,40,60,1.1,100,0,0,0,0,0,0,0.02,0.02,0.2,1.25,0,0,0,200,50,0,0,200,200,50,0,0,0,0,0,0,0,0,0,0,0,0,0,1,0,0,0,0
1125,4,cn-server-capture,1.1,2000,1.31,500,350,2,2,1,1,0,1,100,3,0.67,2300,1825,2070,1415,10,24.85,5,5,0.2,0.2,0.2,4380,0.252,0.06,0.01,1,2920,3000,4280,4000,3500,1.8503,1.494,1000,1500,2300,3738.788,0.5,0,1.5,0.92,0,40,60,1.1,100,0,0,0,0,0,0,0.02,0.02,0.2,1.25,0,0,0,200,50,0,0,200,200,50,0,0,0,0,0,0,0,0,0,0,0,0,0,1,0,0,0,0
1125,7,cn-server-capture,1.1,2000,1.31,500,350,2,2,1,1,0,1,100,3,0.67,2300,1825,2070,1415,10,24.85,5,5,0.2,0.2,0.2,4380,0.252,0.06,0.01,3740,2920,3000,4280,4000,3500,1.8503,1.494,1000,1500,2300,3738.788,0.5,0,1.5,0.92,0,40,60,1.1,100,0,0,0,0,0,0,0.02,0.02,0.2,1.25,0,0,0,200,50,0,0,200,200,50,0,0,0,0,0,0,0,0,0,0,0,0,0,1,0,0,0,0
1126,4,cn-server-capture,1.1,2000,1.31,500,350,2,2,1,1,0,1,100,3,0.67,2300,1825,2070,1415,10,25.19,5,5,0.2,0.2,0.2,4610,0.254,0.06,0.01,1,3065,3000,4400,4000,3500,1.8536999,1.5289999,1000,1400,2300,3948.356,0.7,0,1.5,0.92,0,40,60,1.1,100,0,0,0,0,0,0,0.02,0.02,0.2,1.25,0,0,0,200,50,0,0,200,200,50,0,0,0,0,0,0,0,0,0,0,0,0,0,1,0,0,0,0
1126,7,cn-server-capture,1.1,2000,1.31,500,350,2,2,1,1,0,1,100,3,0.67,2300,1825,2070,1415,10,25.19,5,5,0.2,0.2,0.2,4610,0.254,0.06,0.01,3730,3065,3000,4400,4000,3500,1.8536999,1.5289999,1000,1400,2300,3948.356,0.7,0,1.5,0.92,0,40,60,1.1,100,0,0,0,0,0,0,0.02,0.02,0.2,1.25,0,0,0,200,50,0,0,200,200,50,0,0,0,0,0,0,0,0,0,0,0,0,0,1,0,0,0,0
1128,4,cn-server-capture,1.15,2000,1.31,500,300,2,2,2,1,0,1,100,3,0.671,2300,1825,2070,1415,10,24.75,5,5,0.2,0.2,0.2,4100,0.25100002,0.06,0.01,1,2800,3000,4000,4000,3500,1.8455,1.494,1450,1000,3636.321,2300,0,1,1.5,1,0,40,60,1.1,100,0,0,0,0,0,0,0.02,0.02,0.2,1.25,0,0,0,200,50,0,0,200,200,50,0,0,0,0,0,0,0,0,0,0,0,0,0,1,0,0,0,0
1128,7,cn-server-capture,1.15,2000,1.31,500,300,2,2,2,1,0,1,100,3,0.671,2300,1825,2070,1415,10,24.75,5,5,0.2,0.2,0.2,4100,0.25100002,0.06,0.01,4000,2800,3000,4000,4000,3500,1.8455,1.494,1450,1000,3636.321,2300,0,1,1.5,1,0,40,60,1.1,100,0,0,0,0,0,0,0.02,0.02,0.2,1.25,0,0,0,200,50,0,0,200,200,50,0,0,0,0,0,0,0,0,0,0,0,0,0,1,0,0,0,0
1129,4,cn-server-capture,1.15,2000,1.31,500,300,2,3,2,1,0,1,100,3,0.67,2302,1825,2070,1415,10,25.19,5,5,0.2,0.2,0.2,4420,0.252,0.06,0.01,1,2970,3000,4100,4000,3500,1.8499,1.494,1400,1000,3936.0186,2302,0,1,1.5,1,0,40,60,1.1,100,0,0,0,0,0,0,0.02,0.02,0.2,1.25,0,0,0,200,50,0,0,200,200,50,0,0,0,0,0,0,0,0,0,0,0,0,0,1,0,0,0,0
1129,7,cn-server-capture,1.15,2000,1.31,500,300,2,3,2,1,0,1,100,3,0.67,2302,1825,2070,1415,10,25.19,5,5,0.2,0.2,0.2,4420,0.252,0.06,0.01,4000,2970,3000,4100,4000,3500,1.8499,1.494,1400,1000,3936.0186,2302,0,1,1.5,1,0,40,60,1.1,100,0,0,0,0,0,0,0.02,0.02,0.2,1.25,0,0,0,200,50,0,0,200,200,50,0,0,0,0,0,0,0,0,0,0,0,0,0,1,0,0,0,0
1130,4,cn-server-capture,1.15,2000,1.31,500,300,2,2,2,1,0,1,100,3,0.67,2302,1825,2070,1415,10,24.85,5,5,0.2,0.2,0.2,4100,0.25,0.06,0.01,1,2800,3000,4000,4000,3500,1.8455,1.494,1450,1000,3639.621,2302,0,1,1.5,0.92,0,40,60,1.1,100,0,0,0,0,0,0,0.02,0.02,0.2,1.25,0,0,0,200,50,0,0,200,200,50,0,0,0,0,0,0,0,0,0,0,0,0,0,1,0,0,0,0
1130,7,cn-server-capture,1.15,2000,1.31,500,300,2,2,2,1,0,1,100,3,0.67,2302,1825,2070,1415,10,24.85,5,5,0.2,0.2,0.2,4100,0.25,0.06,0.01,4000,2800,3000,4000,4000,3500,1.8455,1.494,1450,1000,3639.621,2302,0,1,1.5,0.92,0,40,60,1.1,100,0,0,0,0,0,0,0.02,0.02,0.2,1.25,0,0,0,200,50,0,0,200,200,50,0,0,0,0,0,0,0,0,0,0,0,0,0,1,0,0,0,0
1131,4,cn-server-capture,1,0,1.31,500,0,2,2,1,1,0,1,100,3,0.78,2298,1825,2070,1415,10,25.21,5,5,0.2,0.2,0.2,4610,0.25,0.06,0.01,1,3065,3000,4400,4000,3500,1.8536999,1.494,1000,1000,2298,3101.952,0,0,1.5,1,0,40,90,1.1,100,1,1,1,1,0,0,0.02,0.02,0.2,1.25,0,0,0,200,50,0,0,200,200,50,0,0,0,0,0,0,0,0,0,0,0,0,0,1,0,0,0,0
1131,7,cn-server-capture,1,0,1.31,500,0,2,2,1,1,0,1,100,3,0.78,2298,1825,2070,1415,10,25.21,5,5,0.2,0.2,0.2,4610,0.25,0.06,0.01,4800,3065,3000,4400,4000,3500,1.8536999,1.494,1000,1000,2298,3101.952,0,0,1.5,1,0,40,90,1.1,100,1,1,1,1,0,0,0.02,0.02,0.2,1.25,0,0,0,200,50,0,0,200,200,50,0,0,0,0,0,0,0,0,0,0,0,0,0,1,0,0,0,0
1132,4,cn-server-capture,1.1,2000,1.31,500,350,2,2,1,1,0,1,100,3,0.669,2300,1825,2070,1415,10,25.05,5,5,0.2,0.2,0.2,4480,0.254,0.06,0.01,1,2970,3000,4350,4000,3500,1.8500999,1.494,1000,1500,2300,3738.788,0.6,0,1.5,0.93,0,40,60,1.1,100,0,0,0,0,0,0,0.02,0.02,0.2,1.25,0,0,0,200,50,0,0,200,200,50,0,0,0,0,0,0,0,0,0,0,0,0,0,1,0,0,0,0
1132,7,cn-server-capture,1.1,2000,1.31,500,350,2,2,1,1,0,1,100,3,0.669,2300,1825,2070,1415,10,25.05,5,5,0.2,0.2,0.2,4480,0.254,0.06,0.01,3690,2970,3000,4350,4000,3500,1.8500999,1.494,1000,1500,2300,3738.788,0.6,0,1.5,0.93,0,40,60,1.1,100,0,0,0,0,0,0,0.02,0.02,0.2,1.25,0,0,0,200,50,0,0,200,200,50,0,0,0,0,0,0,0,0,0,0,0,0,0,1,0,0,0,0
1133,4,cn-server-capture,1.1,2000,1.31,500,350,2,2,1,1,0,1,100,3,0.669,2300,1825,2070,1415,10,25.29,5,5,0.2,0.2,0.2,4610,0.25,0.06,0.01,1,3065,3000,4400,4000,3500,1.854,1.5289999,1000,1400,2300,3948.356,0.7,0,1.5,0.9,0,40,60,1.1,100,0,0,0,0,0,0,0.02,0.02,0.2,1.25,0,0,0,200,50,0,0,200,200,50,0,0,0,0,0,0,0,0,0,0,0,0,0,1,0,0,0,0
1133,7,cn-server-capture,1.1,2000,1.31,500,350,2,2,1,1,0,1,100,3,0.669,2300,1825,2070,1415,10,25.29,5,5,0.2,0.2,0.2,4610,0.25,0.06,0.01,3650,3065,3000,4400,4000,3500,1.854,1.5289999,1000,1400,2300,3948.356,0.7,0,1.5,0.9,0,40,60,1.1,100,0,0,0,0,0,0,0.02,0.02,0.2,1.25,0,0,0,200,50,0,0,200,200,50,0,0,0,0,0,0,0,0,0,0,0,0,0,1,0,0,0,0
1135,4,cn-server-capture,1.1,2000,1.31,500,350,2,2,1,1,0,1,100,3,0.669,2300,1825,2070,1415,10,24.61,5,5,0.2,0.2,0.2,4200,0.25,0.06,0.01,1,2930,3000,4340,4000,3500,1.8485,1.494,1000,1500,2300,3738.788,0.5,0,1.5,0.82,0,40,60,1.1,100,0,0,0,0,0,0,0.02,0.02,0.2,1.25,0,0,0,200,50,0,0,200,200,50,0,0,0,0,0,0,0,0,0,0,0,0,0,1,0,0,0,0
1135,7,cn-server-capture,1.1,2000,1.31,500,350,2,2,1,1,0,1,100,3,0.669,2300,1825,2070,1415,10,24.61,5,5,0.2,0.2,0.2,4200,0.25,0.06,0.01,3790,2930,3000,4340,4000,3500,1.8485,1.494,1000,1500,2300,3738.788,0.5,0,1.5,0.82,0,40,60,1.1,100,0,0,0,0,0,0,0.02,0.02,0.2,1.25,0,0,0,200,50,0,0,200,200,50,0,0,0,0,0,0,0,0,0,0,0,0,0,1,0,0,0,0
1138,4,cn-server-capture,1.1,2000,1.31,500,350,2,2,1,1,0,1,100,3,0.669,2300,1825,2070,1415,10,25.01,5,5,0.2,0.2,0.2,4510,0.254,0.06,0.01,1,2970,3000,4370,4000,3500,1.8501999,1.494,1000,1500,2300,3738.788,0.6,0,1.5,0.91,0,40,60,1.1,100,0,0,0,0,0,0,0.02,0.02,0.2,1.25,0,0,0,200,50,0,0,200,200,50,0,0,0,0,0,0,0,0,0,0,0,0,0,1,0,0,0,0
1138,7,cn-server-capture,1.1,2000,1.31,500,350,2,2,1,1,0,1,100,3,0.669,2300,1825,2070,1415,10,25.01,5,5,0.2,0.2,0.2,4510,0.254,0.06,0.01,3720,2970,3000,4370,4000,3500,1.8501999,1.494,1000,1500,2300,3738.788,0.6,0,1.5,0.91,0,40,60,1.1,100,0,0,0,0,0,0,0.02,0.02,0.2,1.25,0,0,0,200,50,0,0,200,200,50,0,0,0,0,0,0,0,0,0,0,0,0,0,1,0,0,0,0
1139,4,cn-server-capture,1.15,2000,1.31,500,300,2,3,2,1,0,1,100,3,0.67,2302,1825,2070,1415,10,24.95,5,5,0.2,0.2,0.2,4420,0.252,0.06,0.01,1,2940,3000,4100,4000,3500,1.8499,1.494,1400,1000,3936.0186,2302,0,1,1.5,1,0,40,60,1.1,100,0,0,0,0,0,0,0.02,0.02,0.2,1.25,0,0,0,200,50,0,0,200,200,50,0,0,0,0,0,0,0,0,0,0,0,0,0,1,0,0,0,0
1139,7,cn-server-capture,1.15,2000,1.31,500,300,2,3,2,1,0,1,100,3,0.67,2302,1825,2070,1415,10,24.95,5,5,0.2,0.2,0.2,4420,0.252,0.06,0.01,4000,2940,3000,4100,4000,3500,1.8499,1.494,1400,1000,3936.0186,2302,0,1,1.5,1,0,40,60,1.1,100,0,0,0,0,0,0,0.02,0.02,0.2,1.25,0,0,0,200,50,0,0,200,200,50,0,0,0,0,0,0,0,0,0,0,0,0,0,1,0,0,0,0
1140,4,cn-server-capture,1.1,2000,1.31,500,350,2,2,1,1,0,1,100,3,0.671,2302,1825,2070,1415,10,25.17,5,5,0.2,0.2,0.2,4610,0.25,0.06,0.01,1,3065,3000,4330,4000,3500,1.8544999,1.5289999,1000,1400,2302,3936.0186,0.7,0,1.5,0.96,0,40,60,1.1,100,0,0,0,0,0,0,0.02,0.02,0.2,1.25,0,0,0,200,50,0,0,200,200,50,0,0,0,0,0,0,0,0,0,0,0,0,0,1,0,0,0,0
1140,7,cn-server-capture,1.1,2000,1.31,500,350,2,2,1,1,0,1,100,3,0.671,2302,1825,2070,1415,10,25.17,5,5,0.2,0.2,0.2,4610,0.25,0.06,0.01,3800,3065,3000,4330,4000,3500,1.8544999,1.5289999,1000,1400,2302,3936.0186,0.7,0,1.5,0.96,0,40,60,1.1,100,0,0,0,0,0,0,0.02,0.02,0.2,1.25,0,0,0,200,50,0,0,200,200,50,0,0,0,0,0,0,0,0,0,0,0,0,0,1,0,0,0,0
1141,4,cn-server-capture,1.15,2000,1.31,500,300,2,3,2,1,0,1,100,3,0.67,2302,1825,2070,1415,10,25.05,5,5,0.2,0.2,0.2,4430,0.252,0.06,0.01,1,2900,3000,4100,4000,3500,1.8499,1.494,1400,1000,3936.0186,2302,0,1,1.5,1,0,40,60,1.1,100,0,0,0,0,0,0,0.02,0.02,0.2,1.25,0,0,0,200,50,0,0,200,200,50,0,0,0,0,0,0,0,0,0,0,0,0,0,1,0,0,0,0
1141,7,cn-server-capture,1.15,2000,1.31,500,300,2,3,2,1,0,1,100,3,0.67,2302,1825,2070,1415,10,25.05,5,5,0.2,0.2,0.2,4430,0.252,0.06,0.01,4000,2900,3000,4100,4000,3500,1.8499,1.494,1400,1000,3936.0186,2302,0,1,1.5,1,0,40,60,1.1,100,0,0,0,0,0,0,0.02,0.02,0.2,1.25,0,0,0,200,50,0,0,200,200,50,0,0,0,0,0,0,0,0,0,0,0,0,0,1,0,0,0,0
1142,4,cn-server-capture,1.1,2000,1.31,500,350,2,2,1,1,0,1,100,3,0.67,2300,1825,2070,1415,10,24.65,5,5,0.2,0.2,0.2,4360,0.25,0.06,0.01,1,2930,3000,4280,4000,3500,1.8495,1.494,1000,1500,2300,3738.788,0.5,0,1.5,0.94,0,40,60,1.1,100,0,0,0,0,0,0,0.02,0.02,0.2,1.25,0,0,0,200,50,0,0,200,200,50,0,0,0,0,0,0,0,0,0,0,0,0,0,1,0,0,0,0
1142,7,cn-server-capture,1.1,2000,1.31,500,350,2,2,1,1,0,1,100,3,0.67,2300,1825,2070,1415,10,24.65,5,5,0.2,0.2,0.2,4360,0.25,0.06,0.01,3840,2930,3000,4280,4000,3500,1.8495,1.494,1000,1500,2300,3738.788,0.5,0,1.5,0.94,0,40,60,1.1,100,0,0,0,0,0,0,0.02,0.02,0.2,1.25,0,0,0,200,50,0,0,200,200,50,0,0,0,0,0,0,0,0,0,0,0,0,0,1,0,0,0,0
1143,4,cn-server-capture,1.15,2000,1.31,500,300,2,2,2,1,0,1,100,3,0.671,2300,1825,2070,1415,10,24.55,5,5,0.2,0.2,0.2,4100,0.25100002,0.06,0.01,1,2800,3000,4000,4000,3500,1.8455,1.494,1450,1000,3636.321,2300,0,1,1.5,1,0,40,60,1.1,100,0,0,0,0,0,0,0.02,0.02,0.2,1.25,0,0,0,200,50,0,0,200,200,50,0,0,0,0,0,0,0,0,0,0,0,0,0,1,0,0,0,0
1143,7,cn-server-capture,1.15,2000,1.31,500,300,2,2,2,1,0,1,100,3,0.671,2300,1825,2070,1415,10,24.55,5,5,0.2,0.2,0.2,4100,0.25100002,0.06,0.01,4000,2800,3000,4000,4000,3500,1.8455,1.494,1450,1000,3636.321,2300,0,1,1.5,1,0,40,60,1.1,100,0,0,0,0,0,0,0.02,0.02,0.2,1.25,0,0,0,200,50,0,0,200,200,50,0,0,0,0,0,0,0,0,0,0,0,0,0,1,0,0,0,0
1146,4,cn-server-capture,1.1,2000,1.31,500,350,2,2,1,1,0,1,100,3,0.669,2300,1825,2070,1415,10,25.07,5,5,0.2,0.2,0.2,4440,0.252,0.06,0.01,1,2970,3000,4350,4000,3500,1.8500999,1.494,1000,1500,2300,3738.788,0.6,0,1.5,0.9,0,40,60,1.1,100,0,0,0,0,0,0,0.02,0.02,0.2,1.25,0,0,0,200,50,0,0,200,200,50,0,0,0,0,0,0,0,0,0,0,0,0,0,1,0,0,0,0
1146,7,cn-server-capture,1.1,2000,1.31,500,350,2,2,1,1,0,1,100,3,0.669,2300,1825,2070,1415,10,25.07,5,5,0.2,0.2,0.2,4440,0.252,0.06,0.01,3730,2970,3000,4350,4000,3500,1.8500999,1.494,1000,1500,2300,3738.788,0.6,0,1.5,0.9,0,40,60,1.1,100,0,0,0,0,0,0,0.02,0.02,0.2,1.25,0,0,0,200,50,0,0,200,200,50,0,0,0,0,0,0,0,0,0,0,0,0,0,1,0,0,0,0
1147,4,cn-server-capture,1.15,2000,1.31,500,300,2,2,2,1,0,1,100,3,0.671,2300,1825,2070,1415,10,24.85,5,5,0.2,0.2,0.2,4100,0.25100002,0.06,0.01,1,2800,3000,4000,4000,3500,1.8455,1.494,1450,1000,3636.321,2300,0,1,1.5,1,0,40,60,1.1,100,0,0,0,0,0,0,0.02,0.02,0.2,1.25,0,0,0,200,50,0,0,200,200,50,0,0,0,0,0,0,0,0,0,0,0,0,0,1,0,0,0,0
1147,7,cn-server-capture,1.15,2000,1.31,500,300,2,2,2,1,0,1,100,3,0.671,2300,1825,2070,1415,10,24.85,5,5,0.2,0.2,0.2,4100,0.25100002,0.06,0.01,4000,2800,3000,4000,4000,3500,1.8455,1.494,1450,1000,3636.321,2300,0,1,1.5,1,0,40,60,1.1,100,0,0,0,0,0,0,0.02,0.02,0.2,1.25,0,0,0,200,50,0,0,200,200,50,0,0,0,0,0,0,0,0,0,0,0,0,0,1,0,0,0,0
1148,4,cn-server-capture,1.1,2000,1.31,500,350,2,2,1,1,0,1,100,3,0.67,2299,1825,2070,1415,10,25.3,5,5,0.2,0.2,0.2,4620,0.25,0.06,0.01,1,3065,3000,4400,4000,3500,1.8537999,1.494,1000,1350,2299,3946.556,0.7,0,1.5,0.94,0,40,60,1.1,100,0,0,0,0,0,0,0.02,0.02,0.2,1.25,0,0,0,200,50,0,0,200,200,50,0,0,0,0,0,0,0,0,0,0,0,0,0,1,0,0,0,0
1148,7,cn-server-capture,1.1,2000,1.31,500,350,2,2,1,1,0,1,100,3,0.67,2299,1825,2070,1415,10,25.3,5,5,0.2,0.2,0.2,4620,0.25,0.06,0.01,3710,3065,3000,4400,4000,3500,1.8537999,1.494,1000,1350,2299,3946.556,0.7,0,1.5,0.94,0,40,60,1.1,100,0,0,0,0,0,0,0.02,0.02,0.2,1.25,0,0,0,200,50,0,0,200,200,50,0,0,0,0,0,0,0,0,0,0,0,0,0,1,0,0,0,0
1149,4,cn-server-capture,1.15,2000,1.31,500,300,2,3,2,1,0,1,100,3,0.67,2301,1825,2070,1415,10,25.21,5,5,0.2,0.2,0.2,4420,0.252,0.06,0.01,1,2970,3000,4100,4000,3500,1.8499,1.494,1400,1000,3950.156,2301,0,1,1.5,1,0,40,60,1.1,100,0,0,0,0,0,0,0.02,0.02,0.2,1.25,0,0,0,200,50,0,0,200,200,50,0,0,0,0,0,0,0,0,0,0,0,0,0,1,0,0,0,0
1149,7,cn-server-capture,1.15,2000,1.31,500,300,2,3,2,1,0,1,100,3,0.67,2301,1825,2070,1415,10,25.21,5,5,0.2,0.2,0.2,4420,0.252,0.06,0.01,4000,2970,3000,4100,4000,3500,1.8499,1.494,1400,1000,3950.156,2301,0,1,1.5,1,0,40,60,1.1,100,0,0,0,0,0,0,0.02,0.02,0.2,1.25,0,0,0,200,50,0,0,200,200,50,0,0,0,0,0,0,0,0,0,0,0,0,0,1,0,0,0,0
1159,4,cn-server-capture,1.1,2000,1.31,500,350,2,2,1,1,0,1,100,3,0.67,2300,1825,2070,1415,10,24.55,5,5,0.2,0.2,0.2,4230,0.252,0.06,0.01,1,3020,3000,4420,4000,3500,1.8455,1.494,1000,1500,2300,3738.788,0.5,0,1.5,0.92,0,40,60,1.1,100,0,0,0,0,0,0,0.02,0.02,0.2,1.25,0,0,0,200,50,0,0,200,200,50,0,0,0,0,0,0,0,0,0,0,0,0,0,1,0,0,0,0
1159,7,cn-server-capture,1.1,2000,1.31,500,350,2,2,1,1,0,1,100,3,0.67,2300,1825,2070,1415,10,24.55,5,5,0.2,0.2,0.2,4230,0.252,0.06,0.01,3690,3020,3000,4420,4000,3500,1.8455,1.494,1000,1500,2300,3738.788,0.5,0,1.5,0.92,0,40,60,1.1,100,0,0,0,0,0,0,0.02,0.02,0.2,1.25,0,0,0,200,50,0,0,200,200,50,0,0,0,0,0,0,0,0,0,0,0,0,0,1,0,0,0,0
1160,4,cn-server-capture,1.1,2000,1.31,500,350,2,2,1,1,0,1,100,3,0.669,2300,1825,2070,1415,10,25.19,5,5,0.2,0.2,0.2,4620,0.252,0.06,0.01,1,3065,3000,4380,4000,3500,1.8537999,1.5289999,1000,1400,2300,3948.356,0.7,0,1.5,0.91,0,40,60,1.1,100,0,0,0,0,0,0,0.02,0.02,0.2,1.25,0,0,0,200,50,0,0,200,200,50,0,0,0,0,0,0,0,0,0,0,0,0,0,1,0,0,0,0
1160,7,cn-server-capture,1.1,2000,1.31,500,350,2,2,1,1,0,1,100,3,0.669,2300,1825,2070,1415,10,25.19,5,5,0.2,0.2,0.2,4620,0.252,0.06,0.01,3750,3065,3000,4380,4000,3500,1.8537999,1.5289999,1000,1400,2300,3948.356,0.7,0,1.5,0.91,0,40,60,1.1,100,0,0,0,0,0,0,0.02,0.02,0.2,1.25,0,0,0,200,50,0,0,200,200,50,0,0,0,0,0,0,0,0,0,0,0,0,0,1,0,0,0,0
1161,4,cn-server-capture,1.1,2000,1.31,500,350,2,2,1,1,0,1,100,3,0.669,2300,1825,2070,1415,10,24.79,5,5,0.2,0.2,0.2,4450,0.254,0.06,0.01,1,2970,3000,4360,4000,3500,1.8514999,1.494,1000,1500,2300,3738.788,0.6,0,1.5,0.9,0,40,60,1.1,100,0,0,0,0,0,0,0.02,0.02,0.2,1.25,0,0,0,200,50,0,0,200,200,50,0,0,0,0,0,0,0,0,0,0,0,0,0,1,0,0,0,0
1161,7,cn-server-capture,1.1,2000,1.31,500,350,2,2,1,1,0,1,100,3,0.669,2300,1825,2070,1415,10,24.79,5,5,0.2,0.2,0.2,4450,0.254,0.06,0.01,3720,2970,3000,4360,4000,3500,1.8514999,1.494,1000,1500,2300,3738.788,0.6,0,1.5,0.9,0,40,60,1.1,100,0,0,0,0,0,0,0.02,0.02,0.2,1.25,0,0,0,200,50,0,0,200,200,50,0,0,0,0,0,0,0,0,0,0,0,0,0,1,0,0,0,0
1162,4,cn-server-capture,1.15,2000,1.31,500,300,2,3,2,1,0,1,100,3,0.671,2300,1825,2070,1415,10,24.65,5,5,0.2,0.2,0.2,4100,0.25100002,0.06,0.01,1,2800,3000,4000,4000,3500,1.8455,1.494,1450,1000,3636.321,2300,0,1,1.5,1,0,40,60,1.1,100,0,0,0,0,0,0,0.02,0.02,0.2,1.25,0,0,0,200,50,0,0,200,200,50,0,0,0,0,0,0,0,0,0,0,0,0,0,1,0,0,0,0
1162,7,cn-server-capture,1.15,2000,1.31,500,300,2,3,2,1,0,1,100,3,0.671,2300,1825,2070,1415,10,24.65,5,5,0.2,0.2,0.2,4100,0.25100002,0.06,0.01,4000,2800,3000,4000,4000,3500,1.8455,1.494,1450,1000,3636.321,2300,0,1,1.5,1,0,40,60,1.1,100,0,0,0,0,0,0,0.02,0.02,0.2,1.25,0,0,0,200,50,0,0,200,200,50,0,0,0,0,0,0,0,0,0,0,0,0,0,1,0,0,0,0
1164,4,cn-server-capture,1.15,2000,1.31,500,300,2,3,2,1,0,1,100,3,0.67,2302,1825,2070,1415,10,24.85,5,5,0.2,0.2,0.2,4420,0.252,0.06,0.01,1,2940,3000,4100,4000,3500,1.8499,1.494,1400,1000,3936.0186,2302,0,1,1.5,1,0,40,60,1.1,100,0,0,0,0,0,0,0.02,0.02,0.2,1.25,0,0,0,200,50,0,0,200,200,50,0,0,0,0,0,0,0,0,0,0,0,0,0,1,0,0,0,0
1164,7,cn-server-capture,1.15,2000,1.31,500,300,2,3,2,1,0,1,100,3,0.67,2302,1825,2070,1415,10,24.85,5,5,0.2,0.2,0.2,4420,0.252,0.06,0.01,4000,2940,3000,4100,4000,3500,1.8499,1.494,1400,1000,3936.0186,2302,0,1,1.5,1,0,40,60,1.1,100,0,0,0,0,0,0,0.02,0.02,0.2,1.25,0,0,0,200,50,0,0,200,200,50,0,0,0,0,0,0,0,0,0,0,0,0,0,1,0,0,0,0
1165,4,cn-server-capture,1.1,2000,1.31,500,350,2,2,1,1,0,1,100,3,0.67,2300,1825,2070,1415,10,24.83,5,5,0.2,0.2,0.2,4270,0.252,0.06,0.01,1,2950,3000,4360,4000,3500,1.8455,1.494,1000,1500,2300,3738.788,0.5,0,1.5,0.92,0,40,60,1.1,100,0,0,0,0,0,0,0.02,0.02,0.2,1.25,0,0,0,200,50,0,0,200,200,50,0,0,0,0,0,0,0,0,0,0,0,0,0,1,0,0,0,0
1165,7,cn-server-capture,1.1,2000,1.31,500,350,2,2,1,1,0,1,100,3,0.67,2300,1825,2070,1415,10,24.83,5,5,0.2,0.2,0.2,4270,0.252,0.06,0.01,3730,2950,3000,4360,4000,3500,1.8455,1.494,1000,1500,2300,3738.788,0.5,0,1.5,0.92,0,40,60,1.1,100,0,0,0,0,0,0,0.02,0.02,0.2,1.25,0,0,0,200,50,0,0,200,200,50,0,0,0,0,0,0,0,0,0,0,0,0,0,1,0,0,0,0
1168,4,cn-server-capture,1.1,2000,1.31,500,350,2,2,1,1,0,1,100,3,0.672,2299,1825,2070,1415,10,25.05,5,5,0.2,0.2,0.2,4420,0.24900001,0.06,0.01,1,2970,3000,4260,4000,3500,1.8501999,1.494,1000,1500,2299,3737.088,0.6,0,1.5,1,0,40,60,1.1,100,0,0,0,0,0,0,0.02,0.02,0.2,1.25,0,0,0,200,50,0,0,200,200,50,0,0,0,0,0,0,0,0,0,0,0,0,0,1,0,0,0,0
1168,7,cn-server-capture,1.1,2000,1.31,500,350,2,2,1,1,0,1,100,3,0.672,2299,1825,2070,1415,10,25.05,5,5,0.2,0.2,0.2,4420,0.24900001,0.06,0.01,3860,2970,3000,4260,4000,3500,1.8501999,1.494,1000,1500,2299,3737.088,0.6,0,1.5,1,0,40,60,1.1,100,0,0,0,0,0,0,0.02,0.02,0.2,1.25,0,0,0,200,50,0,0,200,200,50,0,0,0,0,0,0,0,0,0,0,0,0,0,1,0,0,0,0
1169,4,cn-server-capture,1.1,2000,1.31,500,350,2,2,1,1,0,1,100,3,0.67,2300,1825,2070,1415,10,24.65,5,5,0.2,0.2,0.2,4400,0.252,0.06,0.01,1,2920,3000,4330,4000,3500,1.8455,1.494,1000,1500,2300,3738.788,0.5,0,1.5,0.91,0,40,60,1.1,100,0,0,0,0,0,0,0.02,0.02,0.2,1.25,0,0,0,200,50,0,0,200,200,50,0,0,0,0,0,0,0,0,0,0,0,0,0,1,0,0,0,0
1169,7,cn-server-capture,1.1,2000,1.31,500,350,2,2,1,1,0,1,100,3,0.67,2300,1825,2070,1415,10,24.65,5,5,0.2,0.2,0.2,4400,0.252,0.06,0.01,3710,2920,3000,4330,4000,3500,1.8455,1.494,1000,1500,2300,3738.788,0.5,0,1.5,0.91,0,40,60,1.1,100,0,0,0,0,0,0,0.02,0.02,0.2,1.25,0,0,0,200,50,0,0,200,200,50,0,0,0,0,0,0,0,0,0,0,0,0,0,1,0,0,0,0
1170,4,cn-server-capture,1.1,2000,1.31,500,350,2,2,1,1,0,1,100,3,0.67,2300,1825,2070,1415,10,25.19,5,5,0.2,0.2,0.2,4630,0.252,0.06,0.01,1,3065,3000,4400,4000,3500,1.8536999,1.5289999,1000,1400,2300,3948.356,0.7,0,1.5,0.9,0,40,60,1.1,100,0,0,0,0,0,0,0.02,0.02,0.2,1.25,0,0,0,200,50,0,0,200,200,50,0,0,0,0,0,0,0,0,0,0,0,0,0,1,0,0,0,0
1170,7,cn-server-capture,1.1,2000,1.31,500,350,2,2,1,1,0,1,100,3,0.67,2300,1825,2070,1415,10,25.19,5,5,0.2,0.2,0.2,4630,0.252,0.06,0.01,3680,3065,3000,4400,4000,3500,1.8536999,1.5289999,1000,1400,2300,3948.356,0.7,0,1.5,0.9,0,40,60,1.1,100,0,0,0,0,0,0,0.02,0.02,0.2,1.25,0,0,0,200,50,0,0,200,200,50,0,0,0,0,0,0,0,0,0,0,0,0,0,1,0,0,0,0
1172,4,cn-server-capture,1.1,2000,1.31,500,350,2,2,1,1,0,1,100,3,0.671,2302,1825,2070,1415,10,25.17,5,5,0.2,0.2,0.2,4610,0.25,0.06,0.01,1,3065,3000,4330,4000,3500,1.8544999,1.5289999,1000,1400,2302,3936.0186,0.7,0,1.5,0.96,0,40,60,1.1,100,0,0,0,0,0,0,0.02,0.02,0.2,1.25,0,0,0,200,50,0,0,200,200,50,0,0,0,0,0,0,0,0,0,0,0,0,0,1,0,0,0,0
1172,7,cn-server-capture,1.1,2000,1.31,500,350,2,2,1,1,0,1,100,3,0.671,2302,1825,2070,1415,10,25.17,5,5,0.2,0.2,0.2,4610,0.25,0.06,0.01,3800,3065,3000,4330,4000,3500,1.8544999,1.5289999,1000,1400,2302,3936.0186,0.7,0,1.5,0.96,0,40,60,1.1,100,0,0,0,0,0,0,0.02,0.02,0.2,1.25,0,0,0,200,50,0,0,200,200,50,0,0,0,0,0,0,0,0,0,0,0,0,0,1,0,0,0,0
1173,4,cn-server-capture,1.15,2000,1.31,500,300,2,2,2,1,0,1,100,3,0.671,2300,1825,2070,1415,10,24.74,5,5,0.2,0.2,0.2,4100,0.25300002,0.06,0.01,1,2800,3000,4000,4000,3500,1.8455,1.494,1450,1000,3636.321,2300,0,1,1.5,1,0,40,60,1.1,100,0,0,0,0,0,0,0.02,0.02,0.2,1.25,0,0,0,200,50,0,0,200,200,50,0,0,0,0,0,0,0,0,0,0,0,0,0,1,0,0,0,0
1173,7,cn-server-capture,1.15,2000,1.31,500,300,2,2,2,1,0,1,100,3,0.671,2300,1825,2070,1415,10,24.74,5,5,0.2,0.2,0.2,4100,0.25300002,0.06,0.01,4000,2800,3000,4000,4000,3500,1.8455,1.494,1450,1000,3636.321,2300,0,1,1.5,1,0,40,60,1.1,100,0,0,0,0,0,0,0.02,0.02,0.2,1.25,0,0,0,200,50,0,0,200,200,50,0,0,0,0,0,0,0,0,0,0,0,0,0,1,0,0,0,0
1174,4,cn-server-capture,1.15,2000,1.31,500,300,2,2,2,1,0,1,100,3,0.671,2300,1825,2070,1415,10,24.61,5,5,0.2,0.2,0.2,4100,0.25,0.06,0.01,1,2800,3000,4000,4000,3500,1.8455,1.494,1450,1000,3636.321,2300,0,1,1.5,0.8,0,40,60,1.1,100,0,0,0,0,0,0,0.02,0.02,0.2,1.25,0,0,0,200,50,0,0,200,200,50,0,0,0,0,0,0,0,0,0,0,0,0,0,1,0,0,0,0
1174,7,cn-server-capture,1.15,2000,1.31,500,300,2,2,2,1,0,1,100,3,0.671,2300,1825,2070,1415,10,24.61,5,5,0.2,0.2,0.2,4100,0.25,0.06,0.01,4000,2800,3000,4000,4000,3500,1.8455,1.494,1450,1000,3636.321,2300,0,1,1.5,0.8,0,40,60,1.1,100,0,0,0,0,0,0,0.02,0.02,0.2,1.25,0,0,0,200,50,0,0,200,200,50,0,0,0,0,0,0,0,0,0,0,0,0,0,1,0,0,0,0
1175,4,cn-server-capture,1.1,2000,1.31,500,350,2,2,1,1,0,1,100,3,0.67,2300,1825,2070,1415,10,24.73,5,5,0.2,0.2,0.2,4340,0.252,0.06,0.01,1,2900,3000,4330,4000,3500,1.8495,1.494,1000,1500,2300,3738.788,0.5,0,1.5,0.91,0,40,60,1.1,100,0,0,0,0,0,0,0.02,0.02,0.2,1.25,0,0,0,200,50,0,0,200,200,50,0,0,0,0,0,0,0,0,0,0,0,0,0,1,0,0,0,0
1175,7,cn-server-capture,1.1,2000,1.31,500,350,2,2,1,1,0,1,100,3,0.67,2300,1825,2070,1415,10,24.73,5,5,0.2,0.2,0.2,4340,0.252,0.06,0.01,3730,2900,3000,4330,4000,3500,1.8495,1.494,1000,1500,2300,3738.788,0.5,0,1.5,0.91,0,40,60,1.1,100,0,0,0,0,0,0,0.02,0.02,0.2,1.25,0,0,0,200,50,0,0,200,200,50,0,0,0,0,0,0,0,0,0,0,0,0,0,1,0,0,0,0
1176,4,cn-server-capture,1.1,2000,1.31,500,350,2,2,1,1,0,1,100,3,0.671,2302,1825,2070,1415,10,25.23,5,5,0.2,0.2,0.2,4610,0.252,0.06,0.01,1,3065,3000,4290,4000,3500,1.854,1.5289999,1000,1400,2302,3936.0186,0.7,0,1.5,0.99,0,40,60,1.1,100,0,0,0,0,0,0,0.02,0.02,0.2,1.25,0,0,0,200,50,0,0,200,200,50,0,0,0,0,0,0,0,0,0,0,0,0,0,1,0,0,0,0
1176,7,cn-server-capture,1.1,2000,1.31,500,350,2,2,1,1,0,1,100,3,0.671,2302,1825,2070,1415,10,25.23,5,5,0.2,0.2,0.2,4610,0.252,0.06,0.01,3780,3065,3000,4290,4000,3500,1.854,1.5289999,1000,1400,2302,3936.0186,0.7,0,1.5,0.99,0,40,60,1.1,100,0,0,0,0,0,0,0.02,0.02,0.2,1.25,0,0,0,200,50,0,0,200,200,50,0,0,0,0,0,0,0,0,0,0,0,0,0,1,0,0,0,0
1177,4,cn-server-capture,1.15,2000,1.31,500,300,2,3,2,1,0,1,100,3,0.671,2302,1825,2070,1415,10,24.55,5,5,0.2,0.2,0.2,4100,0.25100002,0.06,0.01,1,2800,3000,4000,4000,3500,1.8455,1.494,1450,1000,3639.621,2302,0,1,1.5,1,0,40,60,1.1,100,0,0,0,0,0,0,0.02,0.02,0.2,1.25,0,0,0,200,50,0,0,200,200,50,0,0,0,0,0,0,0,0,0,0,0,0,0,1,0,0,0,0
1177,7,cn-server-capture,1.15,2000,1.31,500,300,2,3,2,1,0,1,100,3,0.671,2302,1825,2070,1415,10,24.55,5,5,0.2,0.2,0.2,4100,0.25100002,0.06,0.01,4000,2800,3000,4000,4000,3500,1.8455,1.494,1450,1000,3639.621,2302,0,1,1.5,1,0,40,60,1.1,100,0,0,0,0,0,0,0.02,0.02,0.2,1.25,0,0,0,200,50,0,0,200,200,50,0,0,0,0,0,0,0,0,0,0,0,0,0,1,0,0,0,0
1178,4,cn-server-capture,1.1,2000,1.32,500,350,2,2,1,1,0,1,100,3,0.667,2304,1825,2070,1415,10,25.31,5,5,0.2,0.2,0.2,4630,0.254,0.06,0.01,1,3065,3000,4380,4000,3500,1.8539,1.5339999,1000,1400,2304,3955.556,0.7,0,1.5,0.88,0,40,60,1.1,100,0,0,0,0,0,0,0.02,0.02,0.2,1.25,0,0,0,200,50,0,0,200,200,50,0,0,0,0,0,0,0,0,0,0,0,0,0,1,0,0,0,0
1178,7,cn-server-capture,1.1,2000,1.32,500,350,2,2,1,1,0,1,100,3,0.667,2304,1825,2070,1415,10,25.31,5,5,0.2,0.2,0.2,4630,0.254,0.06,0.01,3720,3065,3000,4380,4000,3500,1.8539,1.5339999,1000,1400,2304,3955.556,0.7,0,1.5,0.88,0,40,60,1.1,100,0,0,0,0,0,0,0.02,0.02,0.2,1.25,0,0,0,200,50,0,0,200,200,50,0,0,0,0,0,0,0,0,0,0,0,0,0,1,0,0,0,0
1184,4,cn-server-capture,1.15,2000,1.31,500,300,2,3,2,1,0,1,100,3,0.67,2302,1825,2070,1415,10,25.23,5,5,0.2,0.2,0.2,4420,0.252,0.06,0.01,1,2970,3000,4200,4000,3500,1.8499,1.494,1400,1000,3936.0186,2302,0,1,1.5,1,0,40,60,1.1,100,0,0,0,0,0,0,0.02,0.02,0.2,1.25,0,0,0,200,50,0,0,200,200,50,0,0,0,0,0,0,0,0,0,0,0,0,0,1,0,0,0,0
1184,7,cn-server-capture,1.15,2000,1.31,500,300,2,3,2,1,0,1,100,3,0.67,2302,1825,2070,1415,10,25.23,5,5,0.2,0.2,0.2,4420,0.252,0.06,0.01,4000,2970,3000,4200,4000,3500,1.8499,1.494,1400,1000,3936.0186,2302,0,1,1.5,1,0,40,60,1.1,100,0,0,0,0,0,0,0.02,0.02,0.2,1.25,0,0,0,200,50,0,0,200,200,50,0,0,0,0,0,0,0,0,0,0,0,0,0,1,0,0,0,0
1185,4,cn-server-capture,1.1,2000,1.31,500,350,2,2,1,1,0,1,100,3,0.669,2300,1825,2070,1415,10,25.05,5,5,0.2,0.2,0.2,4440,0.252,0.06,0.01,1,2970,3000,4350,4000,3500,1.8500999,1.494,1000,1500,2300,3738.788,0.6,0,1.5,0.94,0,40,60,1.1,100,0,0,0,0,0,0,0.02,0.02,0.2,1.25,0,0,0,200,50,0,0,200,200,50,0,0,0,0,0,0,0,0,0,0,0,0,0,1,0,0,0,0
1185,7,cn-server-capture,1.1,2000,1.31,500,350,2,2,1,1,0,1,100,3,0.669,2300,1825,2070,1415,10,25.05,5,5,0.2,0.2,0.2,4440,0.252,0.06,0.01,3800,2970,3000,4350,4000,3500,1.8500999,1.494,1000,1500,2300,3738.788,0.6,0,1.5,0.94,0,40,60,1.1,100,0,0,0,0,0,0,0.02,0.02,0.2,1.25,0,0,0,200,50,0,0,200,200,50,0,0,0,0,0,0,0,0,0,0,0,0,0,1,0,0,0,0
1186,4,cn-server-capture,1.15,2000,1.31,500,300,2,2,2,1,0,1,100,3,0.671,2300,1825,2070,1415,10,24.57,5,5,0.2,0.2,0.2,4100,0.25100002,0.06,0.01,1,2800,3000,4000,4000,3500,1.8455,1.494,1450,1000,3636.321,2300,0,1,1.5,1,0,40,60,1.1,100,0,0,0,0,0,0,0.02,0.02,0.2,1.25,0,0,0,200,50,0,0,200,200,50,0,0,0,0,0,0,0,0,0,0,0,0,0,1,0,0,0,0
1186,7,cn-server-capture,1.15,2000,1.31,500,300,2,2,2,1,0,1,100,3,0.671,2300,1825,2070,1415,10,24.57,5,5,0.2,0.2,0.2,4100,0.25100002,0.06,0.01,4000,2800,3000,4000,4000,3500,1.8455,1.494,1450,1000,3636.321,2300,0,1,1.5,1,0,40,60,1.1,100,0,0,0,0,0,0,0.02,0.02,0.2,1.25,0,0,0,200,50,0,0,200,200,50,0,0,0,0,0,0,0,0,0,0,0,0,0,1,0,0,0,0
1187,4,cn-server-capture,1.1,2000,1.4,500,350,2,2,1,1,0,1,100,3,0.67,2304,1825,2070,1415,10,24.45,5,5,0.2,0.2,0.2,4380,0.252,0.06,0.01,1,3560,3000,4900,4000,3500,1.8455,1.494,1000,1500,2304,3745.588,0.5,0,1.5,0.91,0,40,60,1.1,100,0,0,0,1,0,0,0.02,0.02,0.2,1.25,0,0,0,200,50,0,0,200,200,50,0,0,0,0,0,0,0,0,0,0,0,0,0,1,0,0,0,0
1187,7,cn-server-capture,1.1,2000,1.4,500,350,2,2,1,1,0,1,100,3,0.67,2304,1825,2070,1415,10,24.45,5,5,0.2,0.2,0.2,4380,0.252,0.06,0.01,4450,3560,3000,4900,4000,3500,1.8455,1.494,1000,1500,2304,3745.588,0.5,0,1.5,0.91,0,40,60,1.1,100,0,0,0,1,0,0,0.02,0.02,0.2,1.25,0,0,0,200,50,0,0,200,200,50,0,0,0,0,0,0,0,0,0,0,0,0,0,1,0,0,0,0
1188,4,cn-server-capture,1.1,2000,1.31,500,350,2,2,1,1,0,1,100,3,0.67,2300,1825,2070,1415,10,24.57,5,5,0.2,0.2,0.2,4360,0.252,0.06,0.01,1,2660,3000,3800,4000,3500,1.8455,1.494,1000,1500,2300,3738.788,0.5,0,1.5,0.91,0,40,60,1.1,100,0,0,0,1,0,0,0.02,0.02,0.2,1.25,0,0,0,200,50,0,0,200,200,50,0,0,0,0,0,0,0,0,0,0,0,0,0,1,0,0,0,0
1188,7,cn-server-capture,1.1,2000,1.31,500,350,2,2,1,1,0,1,100,3,0.67,2300,1825,2070,1415,10,24.57,5,5,0.2,0.2,0.2,4360,0.252,0.06,0.01,3050,2660,3000,3800,4000,3500,1.8455,1.494,1000,1500,2300,3738.788,0.5,0,1.5,0.91,0,40,60,1.1,100,0,0,0,1,0,0,0.02,0.02,0.2,1.25,0,0,0,200,50,0,0,200,200,50,0,0,0,0,0,0,0,0,0,0,0,0,0,1,0,0,0,0
1189,4,cn-server-capture,1.15,2000,1.31,500,300,2,2,2,1,0,1,100,3,0.67,2302,1825,2070,1415,10,24.95,5,5,0.2,0.2,0.2,4420,0.252,0.06,0.01,1,2940,3000,4100,4000,3500,1.8499,1.494,1400,1000,3936.0186,2302,0,1,1.5,1,0,40,60,1.1,100,0,0,0,0,0,0,0.02,0.02,0.2,1.25,0,0,0,200,50,0,0,200,200,50,0,0,0,0,0,0,0,0,0,0,0,0,0,1,0,0,0,0
1189,7,cn-server-capture,1.15,2000,1.31,500,300,2,2,2,1,0,1,100,3,0.67,2302,1825,2070,1415,10,24.95,5,5,0.2,0.2,0.2,4420,0.252,0.06,0.01,4000,2940,3000,4100,4000,3500,1.8499,1.494,1400,1000,3936.0186,2302,0,1,1.5,1,0,40,60,1.1,100,0,0,0,0,0,0,0.02,0.02,0.2,1.25,0,0,0,200,50,0,0,200,200,50,0,0,0,0,0,0,0,0,0,0,0,0,0,1,0,0,0,0
1190,4,cn-server-capture,1.15,2000,1.32,500,300,2,2,2,1,0,1,100,3,0.67,2302,1825,2070,1415,10,24.55,5,5,0.2,0.2,0.2,4100,0.252,0.06,0.01,1,2800,3000,4000,4000,3500,1.8455,1.494,1450,1000,3639.621,2302,0,1,1.5,1,0,40,60,1.1,100,0,0,0,0,0,0,0.02,0.02,0.2,1.25,0,0,0,200,50,0,0,200,200,50,0,0,0,0,0,0,0,0,0,0,0,0,0,1,0,0,0,0
1190,7,cn-server-capture,1.15,2000,1.32,500,300,2,2,2,1,0,1,100,3,0.67,2302,1825,2070,1415,10,24.55,5,5,0.2,0.2,0.2,4100,0.252,0.06,0.01,4000,2800,3000,4000,4000,3500,1.8455,1.494,1450,1000,3639.621,2302,0,1,1.5,1,0,40,60,1.1,100,0,0,0,0,0,0,0.02,0.02,0.2,1.25,0,0,0,200,50,0,0,200,200,50,0,0,0,0,0,0,0,0,0,0,0,0,0,1,0,0,0,0
1191,4,cn-server-capture,1.1,2000,1.31,500,350,2,2,1,1,0,1,100,3,0.669,2300,1825,2070,1415,10,24.85,5,5,0.2,0.2,0.2,4440,0.254,0.06,0.01,1,2970,3000,4360,4000,3500,1.8505,1.494,1000,1500,2300,3738.788,0.6,0,1.5,1,0,40,60,1.1,100,0,0,0,0,0,0,0.02,0.02,0.2,1.25,0,0,0,200,50,0,0,200,200,50,0,0,0,0,0,0,0,0,0,0,0,0,0,1,0,0,0,0
1191,7,cn-server-capture,1.1,2000,1.31,500,350,2,2,1,1,0,1,100,3,0.669,2300,1825,2070,1415,10,24.85,5,5,0.2,0.2,0.2,4440,0.254,0.06,0.01,3710,2970,3000,4360,4000,3500,1.8505,1.494,1000,1500,2300,3738.788,0.6,0,1.5,1,0,40,60,1.1,100,0,0,0,0,0,0,0.02,0.02,0.2,1.25,0,0,0,200,50,0,0,200,200,50,0,0,0,0,0,0,0,0,0,0,0,0,0,1,0,0,0,0
1192,4,cn-server-capture,1.1,2000,1.31,500,350,2,2,1,1,0,1,100,3,0.67,2300,1825,2070,1415,10,24.6,5,5,0.2,0.2,0.2,4360,0.252,0.06,0.01,1,2920,3000,4330,4000,3500,1.8464999,1.494,1000,1500,2300,3738.788,0.5,0,1.5,1,0,40,60,1.1,100,0,0,0,0,0,0,0.02,0.02,0.2,1.25,0,0,0,200,50,0,0,200,200,50,0,0,0,0,0,0,0,0,0,0,0,0,0,1,0,0,0,0
1192,7,cn-server-capture,1.1,2000,1.31,500,350,2,2,1,1,0,1,100,3,0.67,2300,1825,2070,1415,10,24.6,5,5,0.2,0.2,0.2,4360,0.252,0.06,0.01,3730,2920,3000,4330,4000,3500,1.8464999,1.494,1000,1500,2300,3738.788,0.5,0,1.5,1,0,40,60,1.1,100,0,0,0,0,0,0,0.02,0.02,0.2,1.25,0,0,0,200,50,0,0,200,200,50,0,0,0,0,0,0,0,0,0,0,0,0,0,1,0,0,0,0
1193,4,cn-server-capture,1,0,1.31,0,0,2,2,1,0,0,1,100,3,0.667,2300,1825,2070,1415,10,25.05,5,5,0.2,0.2,0.2,4400,0.252,0.06,0.01,1,2970,3000,4350,4000,3500,1.8555,1.854,1000,1400,2300,3738.788,0,0,1.5,1,0,40,60,1.1,100,0,0,0,0,0,0,0.02,0.02,0.2,1.25,0,0,0,200,50,0,0,200,200,50,0,0,0,0,0,0,0,0,0,0,0,0,0,1,0,0,0,0
1193,7,cn-server-capture,1,0,1.31,0,0,2,2,1,0,0,1,100,3,0.667,2300,1825,2070,1415,10,25.05,5,5,0.2,0.2,0.2,4400,0.252,0.06,0.01,3640,2970,3000,4350,4000,3500,1.8555,1.854,1000,1400,2300,3738.788,0,0,1.5,1,0,40,60,1.1,100,0,0,0,0,0,0,0.02,0.02,0.2,1.25,0,0,0,200,50,0,0,200,200,50,0,0,0,0,0,0,0,0,0,0,0,0,0,1,0,0,0,0
1194,4,cn-server-capture,1,0,1.31,0,0,2,3,2,0,0,1,100,3,0.669,2302,1825,2070,1415,10,24.65,5,5,0.2,0.2,0.2,4100,0.25100002,0.06,0.01,1,2800,3000,4000,4000,3500,1.8455,1.844,1400,1000,3639.621,2302,0,1,1.5,1,0,40,60,1.1,100,0,0,0,0,0,0,0.02,0.02,0.2,1.25,0,0,0,200,50,0,0,200,200,50,0,0,0,0,0,0,0,0,0,0,0,0,0,1,0,0,0,0
1194,7,cn-server-capture,1,0,1.31,0,0,2,3,2,0,0,1,100,3,0.669,2302,1825,2070,1415,10,24.65,5,5,0.2,0.2,0.2,4100,0.25100002,0.06,0.01,4000,2800,3000,4000,4000,3500,1.8455,1.844,1400,1000,3639.621,2302,0,1,1.5,1,0,40,60,1.1,100,0,0,0,0,0,0,0.02,0.02,0.2,1.25,0,0,0,200,50,0,0,200,200,50,0,0,0,0,0,0,0,0,0,0,0,0,0,1,0,0,0,0
1196,4,cn-server-capture,1.1,2000,1.31,500,350,2,2,1,1,0,1,100,3,0.67,2302,1825,2070,1415,10,25.18,5,5,0.2,0.2,0.2,4620,0.252,0.06,0.01,1,3065,3000,4290,4000,3500,1.8539,1.5289999,1000,1400,2302,3936.0186,0.7,0,1.5,0.99,0,40,60,1.1,100,0,0,0,0,0,0,0.02,0.02,0.2,1.25,0,0,0,200,50,0,0,200,200,50,0,0,0,0,0,0,0,0,0,0,0,0,0,1,0,0,0,0
1196,7,cn-server-capture,1.1,2000,1.31,500,350,2,2,1,1,0,1,100,3,0.67,2302,1825,2070,1415,10,25.18,5,5,0.2,0.2,0.2,4620,0.252,0.06,0.01,3750,3065,3000,4290,4000,3500,1.8539,1.5289999,1000,1400,2302,3936.0186,0.7,0,1.5,0.99,0,40,60,1.1,100,0,0,0,0,0,0,0.02,0.02,0.2,1.25,0,0,0,200,50,0,0,200,200,50,0,0,0,0,0,0,0,0,0,0,0,0,0,1,0,0,0,0
1197,4,cn-server-capture,1.15,2000,1.31,500,300,2,3,2,1,0,1,100,3,0.67,2302,1825,2070,1415,10,24.97,5,5,0.2,0.2,0.2,4420,0.252,0.06,0.01,1,2940,3000,4100,4000,3500,1.8499,1.494,1400,1000,3936.0186,2302,0,1,1.5,1,0,40,60,1.1,100,0,0,0,0,0,0,0.02,0.02,0.2,1.25,0,0,0,200,50,0,0,200,200,50,0,0,0,0,0,0,0,0,0,0,0,0,0,1,0,0,0,0
1197,7,cn-server-capture,1.15,2000,1.31,500,300,2,3,2,1,0,1,100,3,0.67,2302,1825,2070,1415,10,24.97,5,5,0.2,0.2,0.2,4420,0.252,0.06,0.01,4000,2940,3000,4100,4000,3500,1.8499,1.494,1400,1000,3936.0186,2302,0,1,1.5,1,0,40,60,1.1,100,0,0,0,0,0,0,0.02,0.02,0.2,1.25,0,0,0,200,50,0,0,200,200,50,0,0,0,0,0,0,0,0,0,0,0,0,0,1,0,0,0,0
1198,4,cn-server-capture,1,0,1.31,0,0,2,2,2,1,0,1,100,3,0.669,2302,1825,2070,1415,10,24.85,5,5,0.2,0.2,0.2,4100,0.25100002,0.06,0.01,1,2800,3000,4000,4000,3500,1.8455,1.844,1400,1000,3639.621,2302,0,1,1.5,1,0,40,60,1.1,100,0,0,0,0,0,0,0.02,0.02,0.2,1.25,0,0,0,200,50,0,0,200,200,50,0,0,0,0,0,0,0,0,0,0,0,0,0,1,0,0,0,0
1198,7,cn-server-capture,1,0,1.31,0,0,2,2,2,1,0,1,100,3,0.669,2302,1825,2070,1415,10,24.85,5,5,0.2,0.2,0.2,4100,0.25100002,0.06,0.01,4000,2800,3000,4000,4000,3500,1.8455,1.844,1400,1000,3639.621,2302,0,1,1.5,1,0,40,60,1.1,100,0,0,0,0,0,0,0.02,0.02,0.2,1.25,0,0,0,200,50,0,0,200,200,50,0,0,0,0,0,0,0,0,0,0,0,0,0,1,0,0,0,0
1199,4,cn-server-capture,1,0,1.31,0,0,2,2,1,0,0,1,100,3,0.665,2300,1825,2070,1415,10,25.05,5,5,0.2,0.2,0.2,4620,0.256,0.06,0.01,1,2700,3000,3900,4000,3500,1.8625,1.861,1000,1400,2300,3948.356,0,0,1.5,1,0,40,60,1.1,100,0,0,0,0,0,0,0.02,0.02,0.2,1.25,0,0,0,200,50,0,0,200,200,50,0,0,0,0,0,0,0,0,0,0,0,0,0,1,0,0,0,0
1199,7,cn-server-capture,1,0,1.31,0,0,2,2,1,0,0,1,100,3,0.665,2300,1825,2070,1415,10,25.05,5,5,0.2,0.2,0.2,4620,0.256,0.06,0.01,3200,2700,3000,3900,4000,3500,1.8625,1.861,1000,1400,2300,3948.356,0,0,1.5,1,0,40,60,1.1,100,0,0,0,0,0,0,0.02,0.02,0.2,1.25,0,0,0,200,50,0,0,200,200,50,0,0,0,0,0,0,0,0,0,0,0,0,0,1,0,0,0,0
1200,4,cn-server-capture,1.1,2000,1.31,500,350,2,2,1,1,0,1,100,3,0.67,2300,1825,2070,1415,10,24.66,5,5,0.2,0.2,0.2,4360,0.252,0.06,0.01,1,2940,3000,4310,4000,3500,1.8475,1.494,1000,1500,2300,3738.788,0.5,0,1.5,0.9,0,40,60,1.1,100,0,0,0,0,0,0,0.02,0.02,0.2,1.25,0,0,0,200,50,0,0,200,200,50,0,0,0,0,0,0,0,0,0,0,0,0,0,1,0,0,0,0
1200,7,cn-server-capture,1.1,2000,1.31,500,350,2,2,1,1,0,1,100,3,0.67,2300,1825,2070,1415,10,24.66,5,5,0.2,0.2,0.2,4360,0.252,0.06,0.01,3720,2940,3000,4310,4000,3500,1.8475,1.494,1000,1500,2300,3738.788,0.5,0,1.5,0.9,0,40,60,1.1,100,0,0,0,0,0,0,0.02,0.02,0.2,1.25,0,0,0,200,50,0,0,200,200,50,0,0,0,0,0,0,0,0,0,0,0,0,0,1,0,0,0,0
1201,4,cn-server-capture,1.15,2000,1.31,500,300,2,3,2,1,0,1,100,3,0.671,2302,1825,2070,1415,10,24.57,5,5,0.2,0.2,0.2,4100,0.252,0.06,0.01,1,2800,3000,4000,4000,3500,1.8455,1.494,1450,1000,3639.621,2302,0,1,1.5,1,0,40,60,1.1,100,0,0,0,0,0,0,0.02,0.02,0.2,1.25,0,0,0,200,50,0,0,200,200,50,0,0,0,0,0,0,0,0,0,0,0,0,0,1,0,0,0,0
1201,7,cn-server-capture,1.15,2000,1.31,500,300,2,3,2,1,0,1,100,3,0.671,2302,1825,2070,1415,10,24.57,5,5,0.2,0.2,0.2,4100,0.252,0.06,0.01,4000,2800,3000,4000,4000,3500,1.8455,1.494,1450,1000,3639.621,2302,0,1,1.5,1,0,40,60,1.1,100,0,0,0,0,0,0,0.02,0.02,0.2,1.25,0,0,0,200,50,0,0,200,200,50,0,0,0,0,0,0,0,0,0,0,0,0,0,1,0,0,0,0
1203,4,cn-server-capture,1.1,2000,1.34,500,350,2,2,1,1,0,1,100,3,0.667,2304,1825,2070,1415,10,25.365,5,5,0.2,0.2,0.2,4706,0.254,0.06,0.01,1,3113,3000,4410,4000,3500,1.8556,1.5339999,1000,1450,2304,3955.556,0.7,0,1.5,0.98,0,40,60,1.1,100,0,0,0,0,0,0,0.02,0.02,0.2,1.25,0,0,0,200,50,0,0,200,200,50,0,0,0,0,0,0,0,0,0,0,0,0,0,1,0,0,0,0
1203,7,cn-server-capture,1.1,2000,1.34,500,350,2,2,1,1,0,1,100,3,0.667,2304,1825,2070,1415,10,25.365,5,5,0.2,0.2,0.2,4706,0.254,0.06,0.01,3700,3113,3000,4410,4000,3500,1.8556,1.5339999,1000,1450,2304,3955.556,0.7,0,1.5,0.98,0,40,60,1.1,100,0,0,0,0,0,0,0.02,0.02,0.2,1.25,0,0,0,200,50,0,0,200,200,50,0,0,0,0,0,0,0,0,0,0,0,0,0,1,0,0,0,0
1204,4,cn-server-capture,1.1,2000,1.34,500,350,2,2,1,1,0,1,100,3,0.667,2304,1825,2070,1415,10,25.365,5,5,0.2,0.2,0.2,4706,0.254,0.06,0.01,1,3113,3000,4410,4000,3500,1.8556,1.5339999,1000,1450,2304,3955.556,0.7,0,1.5,0.98,0,40,60,1.1,100,0,0,0,0,0,0,0.02,0.02,0.2,1.25,0,0,0,200,50,0,0,200,200,50,0,0,0,0,0,0,0,0,0,0,0,0,0,1,0,0,0,0
1204,7,cn-server-capture,1.1,2000,1.34,500,350,2,2,1,1,0,1,100,3,0.667,2304,1825,2070,1415,10,25.365,5,5,0.2,0.2,0.2,4706,0.254,0.06,0.01,3700,3113,3000,4410,4000,3500,1.8556,1.5339999,1000,1450,2304,3955.556,0.7,0,1.5,0.98,0,40,60,1.1,100,0,0,0,0,0,0,0.02,0.02,0.2,1.25,0,0,0,200,50,0,0,200,200,50,0,0,0,0,0,0,0,0,0,0,0,0,0,1,0,0,0,0
1208,4,cn-server-capture,1,0,1.31,0,0,2,2,1,1,0,1,100,3,0.665,2300,1825,2070,1415,10,25.15,5,5,0.2,0.2,0.2,4640,0.256,0.06,0.01,1,2980,3000,4380,4000,3500,1.8625,1.861,1000,1400,2300,3948.356,0,0,1.5,1,0,40,60,1.1,100,0,0,0,0,0,0,0.02,0.02,0.2,1.25,0,0,0,200,50,0,0,200,200,50,0,0,0,0,0,0,0,0,0,0,0,0,0,1,0,0,0,0
1208,7,cn-server-capture,1,0,1.31,0,0,2,2,1,1,0,1,100,3,0.665,2300,1825,2070,1415,10,25.15,5,5,0.2,0.2,0.2,4640,0.256,0.06,0.01,3620,2980,3000,4380,4000,3500,1.8625,1.861,1000,1400,2300,3948.356,0,0,1.5,1,0,40,60,1.1,100,0,0,0,0,0,0,0.02,0.02,0.2,1.25,0,0,0,200,50,0,0,200,200,50,0,0,0,0,0,0,0,0,0,0,0,0,0,1,0,0,0,0
1209,4,cn-server-capture,1.1,2000,1.32,500,350,3,2,1,1,1,1,100,3,0.669,2300,1825,2070,1415,10,24.65,5,5,0.2,0.2,0.2,4360,0.252,0.06,0.01,1,2720,3000,4000,4000,3500,1.8495,1.5239999,1000,1500,2300,3738.788,0.5,0,1.5,0.91,0,40,60,1.11,100,1,1,1,1,0,0,0.02,0.02,0.2,1.25,0,0,0,200,50,0,0,200,200,50,0,0,0,0,0,0,0,0,0,0,0,0,0,1,0,0,0,0
1209,7,cn-server-capture,1.1,2000,1.32,500,350,3,2,1,1,1,1,100,3,0.669,2300,1825,2070,1415,10,24.65,5,5,0.2,0.2,0.2,4360,0.252,0.06,0.01,3310,2720,3000,4000,4000,3500,1.8495,1.5239999,1000,1500,2300,3738.788,0.5,0,1.5,0.91,0,40,60,1.11,100,1,1,1,1,0,0,0.02,0.02,0.2,1.25,0,0,0,200,50,0,0,200,200,50,0,0,0,0,0,0,0,0,0,0,0,0,0,1,0,0,0,0
1210,4,cn-server-capture,1,0,1.31,0,0,2,3,2,1,0,1,100,3,0.669,2302,1825,2070,1415,10,24.95,5,5,0.2,0.2,0.2,4100,0.25100002,0.06,0.01,1,2800,3000,4000,4000,3500,1.8455,1.844,1400,1000,3936.0186,2302,0,1,1.5,1,0,40,60,1.1,100,0,0,0,0,0,0,0.02,0.02,0.2,1.25,0,0,0,200,50,0,0,200,200,50,0,0,0,0,0,0,0,0,0,0,0,0,0,1,0,0,0,0
1210,7,cn-server-capture,1,0,1.31,0,0,2,3,2,1,0,1,100,3,0.669,2302,1825,2070,1415,10,24.95,5,5,0.2,0.2,0.2,4100,0.25100002,0.06,0.01,4000,2800,3000,4000,4000,3500,1.8455,1.844,1400,1000,3936.0186,2302,0,1,1.5,1,0,40,60,1.1,100,0,0,0,0,0,0,0.02,0.02,0.2,1.25,0,0,0,200,50,0,0,200,200,50,0,0,0,0,0,0,0,0,0,0,0,0,0,1,0,0,0,0
1211,4,cn-server-capture,1.1,2000,1.31,500,300,2,3,2,1,0,1,100,3,0.67,2302,1825,2070,1415,10,25.05,5,5,0.2,0.2,0.2,4500,0.252,0.06,0.01,1,2970,3000,4300,4000,3500,1.8501999,1.494,1400,1500,3936.0186,3742.188,0.6,1,1.5,0.9,0,40,60,1.1,100,0,0,0,0,0,0,0.02,0.02,0.2,1.25,0,0,0,200,50,0,0,200,200,50,0,0,0,0,0,0,0,0,0,0,0,0,0,1,0,0,0,0
1211,7,cn-server-capture,1.1,2000,1.31,500,300,2,3,2,1,0,1,100,3,0.67,2302,1825,2070,1415,10,25.05,5,5,0.2,0.2,0.2,4500,0.252,0.06,0.01,3740,2970,3000,4300,4000,3500,1.8501999,1.494,1400,1500,3936.0186,3742.188,0.6,1,1.5,0.9,0,40,60,1.1,100,0,0,0,0,0,0,0.02,0.02,0.2,1.25,0,0,0,200,50,0,0,200,200,50,0,0,0,0,0,0,0,0,0,0,0,0,0,1,0,0,0,0
1213,4,cn-server-capture,1.15,2000,1.31,500,300,2,3,2,1,0,1,100,3,0.67,2302,1825,2070,1415,10,25.3,5,5,0.2,0.2,0.2,4420,0.252,0.06,0.01,1,2970,3000,4200,4000,3500,1.8499,1.494,1400,1000,3936.0186,2302,0,1,1.5,1,0,40,60,1.1,100,0,0,0,0,0,0,0.02,0.02,0.2,1.25,0,0,0,200,50,0,0,200,200,50,0,0,0,0,0,0,0,0,0,0,0,0,0,1,0,0,0,0
1213,7,cn-server-capture,1.15,2000,1.31,500,300,2,3,2,1,0,1,100,3,0.67,2302,1825,2070,1415,10,25.3,5,5,0.2,0.2,0.2,4420,0.252,0.06,0.01,4000,2970,3000,4200,4000,3500,1.8499,1.494,1400,1000,3936.0186,2302,0,1,1.5,1,0,40,60,1.1,100,0,0,0,0,0,0,0.02,0.02,0.2,1.25,0,0,0,200,50,0,0,200,200,50,0,0,0,0,0,0,0,0,0,0,0,0,0,1,0,0,0,0
1214,4,cn-server-capture,1.1,2000,1.31,500,350,2,2,1,1,0,1,100,3,0.669,2300,1825,2070,1415,10,24.99,5,5,0.2,0.2,0.2,4500,0.252,0.06,0.01,1,2970,3000,4350,4000,3500,1.8500999,1.494,1000,1500,2300,3738.788,0.6,0,1.5,0.94,0,40,60,1.1,100,0,0,0,0,0,0,0.02,0.02,0.2,1.25,0,0,0,200,50,0,0,200,200,50,0,0,0,0,0,0,0,0,0,0,0,0,0,1,0,0,0,0
1214,7,cn-server-capture,1.1,2000,1.31,500,350,2,2,1,1,0,1,100,3,0.669,2300,1825,2070,1415,10,24.99,5,5,0.2,0.2,0.2,4500,0.252,0.06,0.01,3740,2970,3000,4350,4000,3500,1.8500999,1.494,1000,1500,2300,3738.788,0.6,0,1.5,0.94,0,40,60,1.1,100,0,0,0,0,0,0,0.02,0.02,0.2,1.25,0,0,0,200,50,0,0,200,200,50,0,0,0,0,0,0,0,0,0,0,0,0,0,1,0,0,0,0
1215,4,cn-server-capture,1,0,1.31,0,0,2,2,1,1,0,1,100,3,0.665,2300,1825,2070,1415,10,25.3,5,5,0.2,0.2,0.2,4620,0.256,0.06,0.01,1,2950,3000,4350,4000,3500,1.8625,1.862,1000,1400,2300,3948.356,0,0,1.5,1,0,40,60,1.1,100,0,0,0,0,0,0,0.02,0.02,0.2,1.25,0,0,0,200,50,0,0,200,200,50,0,0,0,0,0,0,0,0,0,0,0,0,0,1,0,0,0,0
1215,7,cn-server-capture,1,0,1.31,0,0,2,2,1,1,0,1,100,3,0.665,2300,1825,2070,1415,10,25.3,5,5,0.2,0.2,0.2,4620,0.256,0.06,0.01,3600,2950,3000,4350,4000,3500,1.8625,1.862,1000,1400,2300,3948.356,0,0,1.5,1,0,40,60,1.1,100,0,0,0,0,0,0,0.02,0.02,0.2,1.25,0,0,0,200,50,0,0,200,200,50,0,0,0,0,0,0,0,0,0,0,0,0,0,1,0,0,0,0
1217,4,cn-server-capture,1.1,2000,1.32,500,350,3,2,1,1,1,1,100,3,0.669,2300,1825,2070,1415,10,24.67,5,5,0.2,0.2,0.2,4380,0.252,0.06,0.01,1,2720,3000,4000,4000,3500,1.8496,1.5239999,1000,1500,2300,3738.788,0.5,0,1.5,0.91,0,40,60,1.11,100,0,0,0,1,0,0,0.02,0.02,0.2,1.25,0,0,0,200,50,0,0,200,200,50,0,0,0,0,0,0,0,0,0,0,0,0,0,1,0,0,0,0
1217,7,cn-server-capture,1.1,2000,1.32,500,350,3,2,1,1,1,1,100,3,0.669,2300,1825,2070,1415,10,24.67,5,5,0.2,0.2,0.2,4380,0.252,0.06,0.01,3300,2720,3000,4000,4000,3500,1.8496,1.5239999,1000,1500,2300,3738.788,0.5,0,1.5,0.91,0,40,60,1.11,100,0,0,0,1,0,0,0.02,0.02,0.2,1.25,0,0,0,200,50,0,0,200,200,50,0,0,0,0,0,0,0,0,0,0,0,0,0,1,0,0,0,0
1218,4,cn-server-capture,1.1,2000,1.32,500,350,3,2,1,1,1,1,100,3,0.669,2300,1825,2070,1415,10,25.01,5,5,0.2,0.2,0.2,4520,0.252,0.06,0.01,1,2720,3000,4000,4000,3500,1.8503,1.5289999,1000,1400,2300,3948.356,0.6,0,1.5,0.91,0,40,60,1.11,100,0,0,0,1,0,0,0.02,0.02,0.2,1.25,0,0,0,200,50,0,0,200,200,50,0,0,0,0,0,0,0,0,0,0,0,0,0,1,0,0,0,0
1218,7,cn-server-capture,1.1,2000,1.32,500,350,3,2,1,1,1,1,100,3,0.669,2300,1825,2070,1415,10,25.01,5,5,0.2,0.2,0.2,4520,0.252,0.06,0.01,3300,2720,3000,4000,4000,3500,1.8503,1.5289999,1000,1400,2300,3948.356,0.6,0,1.5,0.91,0,40,60,1.11,100,0,0,0,1,0,0,0.02,0.02,0.2,1.25,0,0,0,200,50,0,0,200,200,50,0,0,0,0,0,0,0,0,0,0,0,0,0,1,0,0,0,0
1219,4,cn-server-capture,1.1,2000,1.31,500,350,2,2,1,1,0,1,100,3,0.67,2300,1825,2070,1415,10,24.85,5,5,0.2,0.2,0.2,4400,0.252,0.06,0.01,1,2900,3000,4330,4000,3500,1.8475,1.494,1000,1500,2300,3738.788,0.5,0,1.5,0.9,0,40,60,1.1,100,0,0,0,0,0,0,0.02,0.02,0.2,1.25,0,0,0,200,50,0,0,200,200,50,0,0,0,0,0,0,0,0,0,0,0,0,0,1,0,0,0,0
1219,7,cn-server-capture,1.1,2000,1.31,500,350,2,2,1,1,0,1,100,3,0.67,2300,1825,2070,1415,10,24.85,5,5,0.2,0.2,0.2,4400,0.252,0.06,0.01,3700,2900,3000,4330,4000,3500,1.8475,1.494,1000,1500,2300,3738.788,0.5,0,1.5,0.9,0,40,60,1.1,100,0,0,0,0,0,0,0.02,0.02,0.2,1.25,0,0,0,200,50,0,0,200,200,50,0,0,0,0,0,0,0,0,0,0,0,0,0,1,0,0,0,0
1220,4,cn-server-capture,1.15,2000,1.31,500,300,2,3,2,1,0,1,100,3,0.671,2302,1825,2070,1415,10,24.58,5,5,0.2,0.2,0.2,4100,0.252,0.06,0.01,1,2800,3000,4000,4000,3500,1.8455,1.494,1450,1000,3639.621,2302,0,1,1.5,1,0,40,60,1.1,100,0,0,0,0,0,0,0.02,0.02,0.2,1.25,0,0,0,200,50,0,0,200,200,50,0,0,0,0,0,0,0,0,0,0,0,0,0,1,0,0,0,0
1220,7,cn-server-capture,1.15,2000,1.31,500,300,2,3,2,1,0,1,100,3,0.671,2302,1825,2070,1415,10,24.58,5,5,0.2,0.2,0.2,4100,0.252,0.06,0.01,4000,2800,3000,4000,4000,3500,1.8455,1.494,1450,1000,3639.621,2302,0,1,1.5,1,0,40,60,1.1,100,0,0,0,0,0,0,0.02,0.02,0.2,1.25,0,0,0,200,50,0,0,200,200,50,0,0,0,0,0,0,0,0,0,0,0,0,0,1,0,0,0,0
1223,4,cn-server-capture,1.1,2000,1.31,500,350,2,2,1,1,0,1,100,3,0.669,2300,1825,2070,1415,10,25.05,5,5,0.2,0.2,0.2,4460,0.252,0.06,0.01,1,2970,3000,4350,4000,3500,1.8500999,1.494,1000,1500,2300,3738.788,0.6,0,1.5,0.89,0,40,60,1.1,100,0,0,0,0,0,0,0.02,0.02,0.2,1.25,0,0,0,200,50,0,0,200,200,50,0,0,0,0,0,0,0,0,0,0,0,0,0,1,0,0,0,0
1223,7,cn-server-capture,1.1,2000,1.31,500,350,2,2,1,1,0,1,100,3,0.669,2300,1825,2070,1415,10,25.05,5,5,0.2,0.2,0.2,4460,0.252,0.06,0.01,3720,2970,3000,4350,4000,3500,1.8500999,1.494,1000,1500,2300,3738.788,0.6,0,1.5,0.89,0,40,60,1.1,100,0,0,0,0,0,0,0.02,0.02,0.2,1.25,0,0,0,200,50,0,0,200,200,50,0,0,0,0,0,0,0,0,0,0,0,0,0,1,0,0,0,0
1224,4,cn-server-capture,1.1,2000,1.31,500,350,2,2,1,1,0,1,100,3,0.67,2300,1825,2070,1415,10,24.55,5,5,0.2,0.2,0.2,4360,0.252,0.06,0.01,1,2920,3000,4330,4000,3500,1.8464999,1.494,1000,1500,2300,3738.788,0.5,0,1.5,0.91,0,40,60,1.1,100,0,0,0,0,0,0,0.02,0.02,0.2,1.25,0,0,0,200,50,0,0,200,200,50,0,0,0,0,0,0,0,0,0,0,0,0,0,1,0,0,0,0
1224,7,cn-server-capture,1.1,2000,1.31,500,350,2,2,1,1,0,1,100,3,0.67,2300,1825,2070,1415,10,24.55,5,5,0.2,0.2,0.2,4360,0.252,0.06,0.01,3740,2920,3000,4330,4000,3500,1.8464999,1.494,1000,1500,2300,3738.788,0.5,0,1.5,0.91,0,40,60,1.1,100,0,0,0,0,0,0,0.02,0.02,0.2,1.25,0,0,0,200,50,0,0,200,200,50,0,0,0,0,0,0,0,0,0,0,0,0,0,1,0,0,0,0
1227,4,cn-server-capture,1,0,1.31,500,0,2,2,1,1,0,1,100,3,0.69,2298,1825,2070,1415,10,25.362,5,5,0.2,0.2,0.2,4706,0.25,0.06,0.01,1,3113,3000,4400,4000,3500,1.8556,1.494,1000,1350,2298,3944.756,0,0,1.5,1,0,40,90,1.1,100,1,1,1,1,0,0,0.02,0.02,0.2,1.25,0,0,0,200,50,0,0,200,200,50,0,0,0,0,0,0,0,0,0,0,0,0,0,1,0,0,0,0
1227,7,cn-server-capture,1,0,1.31,500,0,2,2,1,1,0,1,100,3,0.69,2298,1825,2070,1415,10,25.362,5,5,0.2,0.2,0.2,4706,0.25,0.06,0.01,4800,3113,3000,4400,4000,3500,1.8556,1.494,1000,1350,2298,3944.756,0,0,1.5,1,0,40,90,1.1,100,1,1,1,1,0,0,0.02,0.02,0.2,1.25,0,0,0,200,50,0,0,200,200,50,0,0,0,0,0,0,0,0,0,0,0,0,0,1,0,0,0,0
1228,4,cn-server-capture,1.1,2000,1.31,500,350,2,2,1,1,0,1,100,3,0.67,2300,1825,2070,1415,10,24.85,5,5,0.2,0.2,0.2,4460,0.252,0.06,0.01,1,3060,3000,4700,4000,3500,1.8503,1.494,1000,1500,2300,3738.788,0.6,0,1.5,0.82,0,40,60,1.1,100,0,0,0,0,0,0,0.02,0.02,0.2,1.25,0,0,0,200,50,0,0,200,200,50,0,0,0,0,0,0,0,0,0,0,0,0,0,1,0,0,0,0
1228,7,cn-server-capture,1.1,2000,1.31,500,350,2,2,1,1,0,1,100,3,0.67,2300,1825,2070,1415,10,24.85,5,5,0.2,0.2,0.2,4460,0.252,0.06,0.01,3740,3060,3000,4700,4000,3500,1.8503,1.494,1000,1500,2300,3738.788,0.6,0,1.5,0.82,0,40,60,1.1,100,0,0,0,0,0,0,0.02,0.02,0.2,1.25,0,0,0,200,50,0,0,200,200,50,0,0,0,0,0,0,0,0,0,0,0,0,0,1,0,0,0,0
1229,4,cn-server-capture,1,0,1.31,0,0,2,2,1,1,0,1,100,3,0.665,2300,1825,3070,1215,10,24.95,5,5,0.2,0.2,0.2,4520,0.256,0.06,0.01,1,2960,3000,4380,4000,3500,1.8615,1.86,1000,1400,2300,3948.356,0.5,0,1.5,0.88,0,40,60,1.1,100,0,0,0,0,0,0,0.02,0.02,0.2,1.25,0,0,0,200,50,0,0,200,200,50,0,0,0,0,0,0,0,0,0,0,0,0,0,1,0,0,0,0
1229,7,cn-server-capture,1,0,1.31,0,0,2,2,1,1,0,1,100,3,0.665,2300,1825,3070,1215,10,24.95,5,5,0.2,0.2,0.2,4520,0.256,0.06,0.01,3600,2960,3000,4380,4000,3500,1.8615,1.86,1000,1400,2300,3948.356,0.5,0,1.5,0.88,0,40,60,1.1,100,0,0,0,0,0,0,0.02,0.02,0.2,1.25,0,0,0,200,50,0,0,200,200,50,0,0,0,0,0,0,0,0,0,0,0,0,0,1,0,0,0,0
1230,4,cn-server-capture,1,0,1.31,0,0,2,3,2,1,0,1,100,3,0.669,2302,1825,2070,1415,10,25.05,5,5,0.2,0.2,0.2,4100,0.252,0.06,0.01,1,2800,3000,4000,4000,3500,1.8455,1.844,1400,1000,3639.621,2302,0,1,1.5,1,0,40,60,1.1,100,0,0,0,0,0,0,0.02,0.02,0.2,1.25,0,0,0,200,50,0,0,200,200,50,0,0,0,0,0,0,0,0,0,0,0,0,0,1,0,0,0,0
1230,7,cn-server-capture,1,0,1.31,0,0,2,3,2,1,0,1,100,3,0.669,2302,1825,2070,1415,10,25.05,5,5,0.2,0.2,0.2,4100,0.252,0.06,0.01,4000,2800,3000,4000,4000,3500,1.8455,1.844,1400,1000,3639.621,2302,0,1,1.5,1,0,40,60,1.1,100,0,0,0,0,0,0,0.02,0.02,0.2,1.25,0,0,0,200,50,0,0,200,200,50,0,0,0,0,0,0,0,0,0,0,0,0,0,1,0,0,0,0
1231,4,cn-server-capture,1.1,2000,1.32,500,350,3,2,1,1,1,1,100,3,0.669,2300,1825,2070,1415,10,24.630001,5,5,0.2,0.2,0.2,4390,0.252,0.06,0.01,1,2740,3000,4100,4000,3500,1.8497,1.5239999,1000,1500,2300,3738.788,0.5,0,1.5,0.91,0,40,60,1.11,100,0,0,0,1,0,0,0.02,0.02,0.2,1.25,0,0,0,200,50,0,0,200,200,50,0,0,0,0,0,0,0,0,0,0,0,0,0,1,0,0,0,0
1231,7,cn-server-capture,1.1,2000,1.32,500,350,3,2,1,1,1,1,100,3,0.669,2300,1825,2070,1415,10,24.630001,5,5,0.2,0.2,0.2,4390,0.252,0.06,0.01,3300,2740,3000,4100,4000,3500,1.8497,1.5239999,1000,1500,2300,3738.788,0.5,0,1.5,0.91,0,40,60,1.11,100,0,0,0,1,0,0,0.02,0.02,0.2,1.25,0,0,0,200,50,0,0,200,200,50,0,0,0,0,0,0,0,0,0,0,0,0,0,1,0,0,0,0
1232,4,cn-server-capture,1.1,2000,1.32,500,350,3,2,1,1,1,1,100,3,0.668,2300,1825,2070,1415,10,24.96,5,5,0.2,0.2,0.2,4530,0.252,0.06,0.01,1,2740,3000,4100,4000,3500,1.8505,1.5289999,1000,1400,2300,3948.356,0.6,0,1.5,0.91,0,40,60,1.11,100,0,0,0,1,0,0,0.02,0.02,0.2,1.25,0,0,0,200,50,0,0,200,200,50,0,0,0,0,0,0,0,0,0,0,0,0,0,1,0,0,0,0
1232,7,cn-server-capture,1.1,2000,1.32,500,350,3,2,1,1,1,1,100,3,0.668,2300,1825,2070,1415,10,24.96,5,5,0.2,0.2,0.2,4530,0.252,0.06,0.01,3300,2740,3000,4100,4000,3500,1.8505,1.5289999,1000,1400,2300,3948.356,0.6,0,1.5,0.91,0,40,60,1.11,100,0,0,0,1,0,0,0.02,0.02,0.2,1.25,0,0,0,200,50,0,0,200,200,50,0,0,0,0,0,0,0,0,0,0,0,0,0,1,0,0,0,0
1233,4,cn-server-capture,1.1,2000,1.32,500,350,2,2,1,1,0,1,100,3,0.666,2302,1825,2070,1415,10,25.2,5,5,0.2,0.2,0.2,4640,0.254,0.06,0.01,1,2970,3000,4320,4000,3500,1.8539,1.5289999,1000,1400,2302,3936.0186,0.7,0,1.5,0.9,0,40,60,1.1,100,0,0,0,1,0,0,0.02,0.02,0.2,1.25,0,0,0,200,50,0,0,200,200,50,0,0,0,0,0,0,0,0,0,0,0,0,0,1,0,0,0,0
1233,7,cn-server-capture,1.1,2000,1.32,500,350,2,2,1,1,0,1,100,3,0.666,2302,1825,2070,1415,10,25.2,5,5,0.2,0.2,0.2,4640,0.254,0.06,0.01,3400,2970,3000,4320,4000,3500,1.8539,1.5289999,1000,1400,2302,3936.0186,0.7,0,1.5,0.9,0,40,60,1.1,100,0,0,0,1,0,0,0.02,0.02,0.2,1.25,0,0,0,200,50,0,0,200,200,50,0,0,0,0,0,0,0,0,0,0,0,0,0,1,0,0,0,0
1234,4,cn-server-capture,1,0,1.31,0,0,2,2,1,1,0,1,100,3,0.666,2300,1825,2070,1415,10,24.85,5,5,0.2,0.2,0.2,4500,0.254,0.06,0.01,1,3010,3000,4400,4000,3500,1.8615,1.86,1000,1400,2300,3948.356,0,0,1.5,1,0,40,60,1.1,100,0,0,0,0,0,0,0.02,0.02,0.2,1.25,0,0,0,200,50,0,0,200,200,50,0,0,0,0,0,0,0,0,0,0,0,0,0,1,0,0,0,0
1234,7,cn-server-capture,1,0,1.31,0,0,2,2,1,1,0,1,100,3,0.666,2300,1825,2070,1415,10,24.85,5,5,0.2,0.2,0.2,4500,0.254,0.06,0.01,3640,3010,3000,4400,4000,3500,1.8615,1.86,1000,1400,2300,3948.356,0,0,1.5,1,0,40,60,1.1,100,0,0,0,0,0,0,0.02,0.02,0.2,1.25,0,0,0,200,50,0,0,200,200,50,0,0,0,0,0,0,0,0,0,0,0,0,0,1,0,0,0,0
1235,4,cn-server-capture,1.1,2000,1.31,500,350,2,2,1,1,0,1,100,3,0.67,2300,1825,2070,1415,10,25.04,5,5,0.2,0.2,0.2,4460,0.252,0.06,0.01,1,2970,3000,4350,4000,3500,1.8500999,1.494,1000,1500,2300,3738.788,0.6,0,1.5,0.9,0,40,60,1.1,100,0,0,0,0,0,0,0.02,0.02,0.2,1.25,0,0,0,200,50,0,0,200,200,50,0,0,0,0,0,0,0,0,0,0,0,0,0,1,0,0,0,0
1235,7,cn-server-capture,1.1,2000,1.31,500,350,2,2,1,1,0,1,100,3,0.67,2300,1825,2070,1415,10,25.04,5,5,0.2,0.2,0.2,4460,0.252,0.06,0.01,3730,2970,3000,4350,4000,3500,1.8500999,1.494,1000,1500,2300,3738.788,0.6,0,1.5,0.9,0,40,60,1.1,100,0,0,0,0,0,0,0.02,0.02,0.2,1.25,0,0,0,200,50,0,0,200,200,50,0,0,0,0,0,0,0,0,0,0,0,0,0,1,0,0,0,0
1236,4,cn-server-capture,1.1,2000,1.32,500,350,3,2,1,1,1,1,100,3,0.669,2300,1825,2070,1415,10,24.630001,5,5,0.2,0.2,0.2,4360,0.252,0.06,0.01,1,2740,3000,4100,4000,3500,1.8498,1.5239999,1000,1500,2300,3738.788,0.5,0,1.5,0.91,0,40,60,1.11,100,0,0,0,1,0,0,0.02,0.02,0.2,1.25,0,0,0,200,50,0,0,200,200,50,0,0,0,0,0,0,0,0,0,0,0,0,0,1,0,0,0,0
1236,7,cn-server-capture,1.1,2000,1.32,500,350,3,2,1,1,1,1,100,3,0.669,2300,1825,2070,1415,10,24.630001,5,5,0.2,0.2,0.2,4360,0.252,0.06,0.01,3300,2740,3000,4100,4000,3500,1.8498,1.5239999,1000,1500,2300,3738.788,0.5,0,1.5,0.91,0,40,60,1.11,100,0,0,0,1,0,0,0.02,0.02,0.2,1.25,0,0,0,200,50,0,0,200,200,50,0,0,0,0,0,0,0,0,0,0,0,0,0,1,0,0,0,0
1238,4,cn-server-capture,1,0,1.31,0,0,2,2,1,1,0,1,100,3,0.665,2300,1825,2070,1415,10,25.08,5,5,0.2,0.2,0.2,4640,0.256,0.06,0.01,1,2990,3000,4380,4000,3500,1.8625,1.862,1000,1400,2300,3948.356,0,0,1.5,1,0,40,60,1.1,100,0,0,0,0,0,0,0.02,0.02,0.2,1.25,0,0,0,200,50,0,0,200,200,50,0,0,0,0,0,0,0,0,0,0,0,0,0,1,0,0,0,0
1238,7,cn-server-capture,1,0,1.31,0,0,2,2,1,1,0,1,100,3,0.665,2300,1825,2070,1415,10,25.08,5,5,0.2,0.2,0.2,4640,0.256,0.06,0.01,3570,2990,3000,4380,4000,3500,1.8625,1.862,1000,1400,2300,3948.356,0,0,1.5,1,0,40,60,1.1,100,0,0,0,0,0,0,0.02,0.02,0.2,1.25,0,0,0,200,50,0,0,200,200,50,0,0,0,0,0,0,0,0,0,0,0,0,0,1,0,0,0,0
1246,4,cn-server-capture,1.1,2000,1.32,500,350,3,2,1,1,1,1,100,3,0.668,2300,1825,2070,1415,10,25.03,5,5,0.2,0.2,0.2,4490,0.252,0.06,0.01,1,2760,3000,4120,4000,3500,1.8514999,1.5289999,1000,1400,2300,3948.356,0.6,0,1.5,0.91,0,40,60,1.11,100,0,0,0,1,0,0,0.02,0.02,0.2,1.25,0,0,0,200,50,0,0,200,200,50,0,0,0,0,0,0,0,0,0,0,0,0,0,1,0,0,0,0
1246,7,cn-server-capture,1.1,2000,1.32,500,350,3,2,1,1,1,1,100,3,0.668,2300,1825,2070,1415,10,25.03,5,5,0.2,0.2,0.2,4490,0.252,0.06,0.01,3300,2760,3000,4120,4000,3500,1.8514999,1.5289999,1000,1400,2300,3948.356,0.6,0,1.5,0.91,0,40,60,1.11,100,0,0,0,1,0,0,0.02,0.02,0.2,1.25,0,0,0,200,50,0,0,200,200,50,0,0,0,0,0,0,0,0,0,0,0,0,0,1,0,0,0,0
1247,4,cn-server-capture,1.15,2000,1.31,0,355,2,2,1,1,0,1,100,3,0.662,2300,1825,2070,1415,10,25.08,5,5,0.2,0.2,0.2,4680,0.256,0.06,0.01,1,2990,3000,4380,4000,3500,1.8655,1.864,1000,1400,2300,3948.356,0.7,0,1.5,1,0,40,60,1.1,100,0,0,0,0,0,0,0.02,0.02,0.2,1.25,0,0,0,200,50,0,0,200,200,50,0,0,0,0,0,0,0,0,0,0,0,0,0,1,0,0,0,0
1247,7,cn-server-capture,1.15,2000,1.31,0,355,2,2,1,1,0,1,100,3,0.662,2300,1825,2070,1415,10,25.08,5,5,0.2,0.2,0.2,4680,0.256,0.06,0.01,3610,2990,3000,4380,4000,3500,1.8655,1.864,1000,1400,2300,3948.356,0.7,0,1.5,1,0,40,60,1.1,100,0,0,0,0,0,0,0.02,0.02,0.2,1.25,0,0,0,200,50,0,0,200,200,50,0,0,0,0,0,0,0,0,0,0,0,0,0,1,0,0,0,0
1248,4,cn-server-capture,1.1,2000,1.32,500,350,2,2,1,1,0,1,100,3,0.667,2304,1825,2070,1415,10,25.24,5,5,0.2,0.2,0.2,4640,0.254,0.06,0.01,1,3065,3000,4400,4000,3500,1.8541,1.5339999,1000,1400,2304,3955.556,0.7,0,1.5,0.88,0,40,60,1.1,100,0,0,0,0,0,0,0.02,0.02,0.2,1.25,0,0,0,200,50,0,0,200,200,50,0,0,0,0,0,0,0,0,0,0,0,0,0,1,0,0,0,0
1248,7,cn-server-capture,1.1,2000,1.32,500,350,2,2,1,1,0,1,100,3,0.667,2304,1825,2070,1415,10,25.24,5,5,0.2,0.2,0.2,4640,0.254,0.06,0.01,3690,3065,3000,4400,4000,3500,1.8541,1.5339999,1000,1400,2304,3955.556,0.7,0,1.5,0.88,0,40,60,1.1,100,0,0,0,0,0,0,0.02,0.02,0.2,1.25,0,0,0,200,50,0,0,200,200,50,0,0,0,0,0,0,0,0,0,0,0,0,0,1,0,0,0,0
1249,4,cn-server-capture,1.1,2000,1.32,500,350,3,2,1,1,1,1,100,3,0.668,2300,1825,2070,1415,10,24.97,5,5,0.2,0.2,0.2,4540,0.254,0.06,0.01,1,2780,3000,4150,4000,3500,1.8525,1.5289999,1000,1400,2300,3948.356,0.6,0,1.5,0.9,0,40,60,1.11,100,0,0,0,1,0,0,0.02,0.02,0.2,1.25,0,0,0,200,50,0,0,200,200,50,0,0,0,0,0,0,0,0,0,0,0,0,0,1,0,0,0,0
1249,7,cn-server-capture,1.1,2000,1.32,500,350,3,2,1,1,1,1,100,3,0.668,2300,1825,2070,1415,10,24.97,5,5,0.2,0.2,0.2,4540,0.254,0.06,0.01,3300,2780,3000,4150,4000,3500,1.8525,1.5289999,1000,1400,2300,3948.356,0.6,0,1.5,0.9,0,40,60,1.11,100,0,0,0,1,0,0,0.02,0.02,0.2,1.25,0,0,0,200,50,0,0,200,200,50,0,0,0,0,0,0,0,0,0,0,0,0,0,1,0,0,0,0
1250,4,cn-server-capture,1.1,2000,1.34,500,350,2,2,1,1,0,1,100,3,0.667,2304,1825,2070,1415,10,25.364,5,5,0.2,0.2,0.2,4710,0.254,0.06,0.01,1,3113,3000,4410,4000,3500,1.8556,1.5339999,1000,1450,2304,3955.556,0.7,0,1.5,0.91,0,40,60,1.1,100,0,0,0,0,0,0,0.02,0.02,0.2,1.25,0,0,0,200,50,0,0,200,200,50,0,0,0,0,0,0,0,0,0,0,0,0,0,1,0,0,0,0
1250,7,cn-server-capture,1.1,2000,1.34,500,350,2,2,1,1,0,1,100,3,0.667,2304,1825,2070,1415,10,25.364,5,5,0.2,0.2,0.2,4710,0.254,0.06,0.01,3720,3113,3000,4410,4000,3500,1.8556,1.5339999,1000,1450,2304,3955.556,0.7,0,1.5,0.91,0,40,60,1.1,100,0,0,0,0,0,0,0.02,0.02,0.2,1.25,0,0,0,200,50,0,0,200,200,50,0,0,0,0,0,0,0,0,0,0,0,0,0,1,0,0,0,0
1258,4,cn-server-capture,1,0,1.31,0,0,2,2,2,0,0,1,100,3,0.669,2302,1825,2070,1415,10,24.65,5,5,0.2,0.2,0.2,4100,0.25100002,0.06,0.01,1,2800,3000,4000,4000,3500,1.8455,1.844,1400,1000,3639.621,2302,0,1,1.5,1,0,40,60,1.1,100,0,0,0,0,0,0,0.02,0.02,0.2,1.25,0,0,0,200,50,0,0,200,200,50,0,0,0,0,0,0,0,0,0,0,0,0,0,1,0,0,0,0
1258,7,cn-server-capture,1,0,1.31,0,0,2,2,2,0,0,1,100,3,0.669,2302,1825,2070,1415,10,24.65,5,5,0.2,0.2,0.2,4100,0.25100002,0.06,0.01,4000,2800,3000,4000,4000,3500,1.8455,1.844,1400,1000,3639.621,2302,0,1,1.5,1,0,40,60,1.1,100,0,0,0,0,0,0,0.02,0.02,0.2,1.25,0,0,0,200,50,0,0,200,200,50,0,0,0,0,0,0,0,0,0,0,0,0,0,1,0,0,0,0
1259,4,cn-server-capture,1.1,2000,1.32,500,350,2,2,1,1,0,1,100,3,0.667,2304,1825,2070,1415,10,25.27,5,5,0.2,0.2,0.2,4630,0.254,0.06,0.01,1,3065,3000,4390,4000,3500,1.8539,1.5339999,1000,1400,2304,3955.556,0.7,0,1.5,0.88,0,40,60,1.1,100,0,0,0,0,0,0,0.02,0.02,0.2,1.25,0,0,0,200,50,0,0,200,200,50,0,0,0,0,0,0,0,0,0,0,0,0,0,1,0,0,0,0
1259,7,cn-server-capture,1.1,2000,1.32,500,350,2,2,1,1,0,1,100,3,0.667,2304,1825,2070,1415,10,25.27,5,5,0.2,0.2,0.2,4630,0.254,0.06,0.01,3710,3065,3000,4390,4000,3500,1.8539,1.5339999,1000,1400,2304,3955.556,0.7,0,1.5,0.88,0,40,60,1.1,100,0,0,0,0,0,0,0.02,0.02,0.2,1.25,0,0,0,200,50,0,0,200,200,50,0,0,0,0,0,0,0,0,0,0,0,0,0,1,0,0,0,0
1260,4,cn-server-capture,1,0,1.31,0,0,2,3,2,1,0,1,100,3,0.669,2302,1825,2070,1415,10,25.17,5,5,0.2,0.2,0.2,4100,0.252,0.06,0.01,1,2800,3000,4000,4000,3500,1.8455,1.844,1400,1000,3936.0186,2302,0,1,1.5,1,0,40,60,1.1,100,0,0,0,0,0,0,0.02,0.02,0.2,1.25,0,0,0,200,50,0,0,200,200,50,0,0,0,0,0,0,0,0,0,0,0,0,0,1,0,0,0,0
1260,7,cn-server-capture,1,0,1.31,0,0,2,3,2,1,0,1,100,3,0.669,2302,1825,2070,1415,10,25.17,5,5,0.2,0.2,0.2,4100,0.252,0.06,0.01,4000,2800,3000,4000,4000,3500,1.8455,1.844,1400,1000,3936.0186,2302,0,1,1.5,1,0,40,60,1.1,100,0,0,0,0,0,0,0.02,0.02,0.2,1.25,0,0,0,200,50,0,0,200,200,50,0,0,0,0,0,0,0,0,0,0,0,0,0,1,0,0,0,0
1262,4,cn-server-capture,1.1,2000,1.31,500,350,2,2,1,1,0,1,100,3,0.669,2300,1825,2070,1415,10,24.85,5,5,0.2,0.2,0.2,4400,0.252,0.06,0.01,1,2920,3000,4350,4000,3500,1.8464999,1.494,1000,1500,2300,3738.788,0.5,0,1.5,0.9,0,40,60,1.1,100,0,0,0,0,0,0,0.02,0.02,0.2,1.25,0,0,0,200,50,0,0,200,200,50,0,0,0,0,0,0,0,0,0,0,0,0,0,1,0,0,0,0
1262,7,cn-server-capture,1.1,2000,1.31,500,350,2,2,1,1,0,1,100,3,0.669,2300,1825,2070,1415,10,24.85,5,5,0.2,0.2,0.2,4400,0.252,0.06,0.01,3690,2920,3000,4350,4000,3500,1.8464999,1.494,1000,1500,2300,3738.788,0.5,0,1.5,0.9,0,40,60,1.1,100,0,0,0,0,0,0,0.02,0.02,0.2,1.25,0,0,0,200,50,0,0,200,200,50,0,0,0,0,0,0,0,0,0,0,0,0,0,1,0,0,0,0
1263,4,cn-server-capture,1,0,1.31,0,0,2,3,2,1,0,1,100,3,0.669,2302,1825,2070,1415,10,24.85,5,5,0.2,0.2,0.2,4100,0.252,0.06,0.01,1,2800,3000,4000,4000,3500,1.8455,1.844,1400,1000,3639.621,2302,0,1,1.5,1,0,40,60,1.1,100,0,0,0,0,0,0,0.02,0.02,0.2,1.25,0,0,0,200,50,0,0,200,200,50,0,0,0,0,0,0,0,0,0,0,0,0,0,1,0,0,0,0
1263,7,cn-server-capture,1,0,1.31,0,0,2,3,2,1,0,1,100,3,0.669,2302,1825,2070,1415,10,24.85,5,5,0.2,0.2,0.2,4100,0.252,0.06,0.01,4000,2800,3000,4000,4000,3500,1.8455,1.844,1400,1000,3639.621,2302,0,1,1.5,1,0,40,60,1.1,100,0,0,0,0,0,0,0.02,0.02,0.2,1.25,0,0,0,200,50,0,0,200,200,50,0,0,0,0,0,0,0,0,0,0,0,0,0,1,0,0,0,0
1265,4,cn-server-capture,1,0,1.31,0,0,2,2,1,0,0,1,100,3,0.665,2300,1825,2070,1415,10,25.23,5,5,0.2,0.2,0.2,4630,0.256,0.06,0.01,1,2950,3000,4370,4000,3500,1.8625,1.861,1000,1400,2300,3948.356,0,0,1.5,1,0,40,60,1.1,100,0,0,0,0,0,0,0.02,0.02,0.2,1.25,0,0,0,200,50,0,0,200,200,50,0,0,0,0,0,0,0,0,0,0,0,0,0,1,0,0,0,0
1265,7,cn-server-capture,1,0,1.31,0,0,2,2,1,0,0,1,100,3,0.665,2300,1825,2070,1415,10,25.23,5,5,0.2,0.2,0.2,4630,0.256,0.06,0.01,3630,2950,3000,4370,4000,3500,1.8625,1.861,1000,1400,2300,3948.356,0,0,1.5,1,0,40,60,1.1,100,0,0,0,0,0,0,0.02,0.02,0.2,1.25,0,0,0,200,50,0,0,200,200,50,0,0,0,0,0,0,0,0,0,0,0,0,0,1,0,0,0,0
1266,4,cn-server-capture,1,0,1.31,0,0,2,2,1,0,0,1,100,3,0.667,2300,1825,2070,1415,10,25.15,5,5,0.2,0.2,0.2,4390,0.252,0.06,0.01,1,2980,3000,4350,4000,3500,1.8555,1.854,1000,1400,2300,3738.788,0,0,1.5,1,0,40,60,1.1,100,0,0,0,0,0,0,0.02,0.02,0.2,1.25,0,0,0,200,50,0,0,200,200,50,0,0,0,0,0,0,0,0,0,0,0,0,0,1,0,0,0,0
1266,7,cn-server-capture,1,0,1.31,0,0,2,2,1,0,0,1,100,3,0.667,2300,1825,2070,1415,10,25.15,5,5,0.2,0.2,0.2,4390,0.252,0.06,0.01,3620,2980,3000,4350,4000,3500,1.8555,1.854,1000,1400,2300,3738.788,0,0,1.5,1,0,40,60,1.1,100,0,0,0,0,0,0,0.02,0.02,0.2,1.25,0,0,0,200,50,0,0,200,200,50,0,0,0,0,0,0,0,0,0,0,0,0,0,1,0,0,0,0
1267,4,cn-server-capture,1,0,1,0,0,2,3,2,1,0,1,100,3,0.669,2302,1825,2070,1415,10,24.95,5,5,0.2,0.2,0.2,4100,0.254,0.07,0.01,1,2800,3000,4000,4000,3500,1.8455,1.844,1400,1000,3639.621,2302,0,1,1.5,1,0,40,60,1.1,100,0,0,0,0,0,0,0.02,0.02,0.2,1.25,0,0,0,200,50,0,0,200,200,50,0,0,0,0,0,0,0,0,0,0,0,0,0,1,0,0,0,0
1267,7,cn-server-capture,1,0,1,0,0,2,3,2,1,0,1,100,3,0.669,2302,1825,2070,1415,10,24.95,5,5,0.2,0.2,0.2,4100,0.254,0.07,0.01,4000,2800,3000,4000,4000,3500,1.8455,1.844,1400,1000,3639.621,2302,0,1,1.5,1,0,40,60,1.1,100,0,0,0,0,0,0,0.02,0.02,0.2,1.25,0,0,0,200,50,0,0,200,200,50,0,0,0,0,0,0,0,0,0,0,0,0,0,1,0,0,0,0
1269,4,cn-server-capture,1.1,2000,1.34,500,350,3,2,1,1,1,1,100,3,0.666,2300,1825,2070,1415,10,25.21,5,5,0.2,0.2,0.2,4620,0.256,0.06,0.01,1,2850,3000,4200,4000,3500,1.8544999,1.5339999,1000,1400,2300,4050.724,0.7,0,1.5,0.88,0,40,60,1.11,100,0,0,0,1,0,0,0.02,0.02,0.2,1.25,0,0,0,200,50,0,0,200,200,50,0,0,0,0,0,0,0,0,0,0,0,0,0,1,0,0,0,0
1269,7,cn-server-capture,1.1,2000,1.34,500,350,3,2,1,1,1,1,100,3,0.666,2300,1825,2070,1415,10,25.21,5,5,0.2,0.2,0.2,4620,0.256,0.06,0.01,3100,2850,3000,4200,4000,3500,1.8544999,1.5339999,1000,1400,2300,4050.724,0.7,0,1.5,0.88,0,40,60,1.11,100,0,0,0,1,0,0,0.02,0.02,0.2,1.25,0,0,0,200,50,0,0,200,200,50,0,0,0,0,0,0,0,0,0,0,0,0,0,1,0,0,0,0
1270,4,cn-server-capture,1,0,1.31,0,0,2,3,2,1,0,1,100,3,0.669,2302,1825,2070,1415,10,25.05,5,5,0.2,0.2,0.2,4100,0.252,0.06,0.01,1,2800,3000,4000,4000,3500,1.8455,1.844,1400,1000,3639.621,2302,0,1,1.5,1,0,40,60,1.1,100,0,0,0,0,0,0,0.02,0.02,0.2,1.25,0,0,0,200,50,0,0,200,200,50,0,0,0,0,0,0,0,0,0,0,0,0,0,1,0,0,0,0
1270,7,cn-server-capture,1,0,1.31,0,0,2,3,2,1,0,1,100,3,0.669,2302,1825,2070,1415,10,25.05,5,5,0.2,0.2,0.2,4100,0.252,0.06,0.01,4000,2800,3000,4000,4000,3500,1.8455,1.844,1400,1000,3639.621,2302,0,1,1.5,1,0,40,60,1.1,100,0,0,0,0,0,0,0.02,0.02,0.2,1.25,0,0,0,200,50,0,0,200,200,50,0,0,0,0,0,0,0,0,0,0,0,0,0,1,0,0,0,0
1271,4,cn-server-capture,1,0,1.31,0,0,3,2,1,1,1,1,100,3,0.666,2302,1825,2070,1415,10,24.95,5,5,0.2,0.2,0.2,4440,0.256,0.06,0.01,1,2900,3000,4150,4000,3500,1.8555,1.854,1000,1400,2302,3936.0186,0,0,1.5,1,0,40,60,1.1,100,0,0,0,0,0,0,0.02,0.02,0.2,1.25,0,0,0,200,50,0,0,200,200,50,0,0,0,0,0,0,0,0,0,0,0,0,0,1,0,0,0,0
1271,7,cn-server-capture,1,0,1.31,0,0,3,2,1,1,1,1,100,3,0.666,2302,1825,2070,1415,10,24.95,5,5,0.2,0.2,0.2,4440,0.256,0.06,0.01,3200,2900,3000,4150,4000,3500,1.8555,1.854,1000,1400,2302,3936.0186,0,0,1.5,1,0,40,60,1.1,100,0,0,0,0,0,0,0.02,0.02,0.2,1.25,0,0,0,200,50,0,0,200,200,50,0,0,0,0,0,0,0,0,0,0,0,0,0,1,0,0,0,0
1272,4,cn-server-capture,1.1,2000,1.31,500,300,2,3,2,1,0,1,100,3,0.67,2302,1825,2070,1415,10,25.05,5,5,0.2,0.2,0.2,4420,0.252,0.06,0.01,1,2970,3000,4300,4000,3500,1.8501999,1.494,1400,1500,3936.0186,3742.188,0.6,1,1.5,0.9,0,40,60,1.1,100,0,0,0,0,0,0,0.02,0.02,0.2,1.25,0,0,0,200,50,0,0,200,200,50,0,0,0,0,0,0,0,0,0,0,0,0,0,1,0,0,0,0
1272,7,cn-server-capture,1.1,2000,1.31,500,300,2,3,2,1,0,1,100,3,0.67,2302,1825,2070,1415,10,25.05,5,5,0.2,0.2,0.2,4420,0.252,0.06,0.01,3700,2970,3000,4300,4000,3500,1.8501999,1.494,1400,1500,3936.0186,3742.188,0.6,1,1.5,0.9,0,40,60,1.1,100,0,0,0,0,0,0,0.02,0.02,0.2,1.25,0,0,0,200,50,0,0,200,200,50,0,0,0,0,0,0,0,0,0,0,0,0,0,1,0,0,0,0
1273,4,cn-server-capture,1.1,2000,1.31,500,350,2,2,1,1,0,1,100,3,0.668,2300,1825,2070,1415,10,24.95,5,5,0.2,0.2,0.2,4470,0.252,0.06,0.01,1,2970,3000,4350,4000,3500,1.8500999,1.494,1000,1500,2300,3738.788,0.6,0,1.5,0.86,0,40,60,1.1,100,0,0,0,0,0,0,0.02,0.02,0.2,1.25,0,0,0,200,50,0,0,200,200,50,0,0,0,0,0,0,0,0,0,0,0,0,0,1,0,0,0,0
1273,7,cn-server-capture,1.1,2000,1.31,500,350,2,2,1,1,0,1,100,3,0.668,2300,1825,2070,1415,10,24.95,5,5,0.2,0.2,0.2,4470,0.252,0.06,0.01,3620,2970,3000,4350,4000,3500,1.8500999,1.494,1000,1500,2300,3738.788,0.6,0,1.5,0.86,0,40,60,1.1,100,0,0,0,0,0,0,0.02,0.02,0.2,1.25,0,0,0,200,50,0,0,200,200,50,0,0,0,0,0,0,0,0,0,0,0,0,0,1,0,0,0,0
1274,4,cn-server-capture,1,0,1.31,0,0,2,3,2,1,0,1,100,3,0.669,2302,1825,2070,1415,10,25.09,5,5,0.2,0.2,0.2,4100,0.252,0.06,0.01,1,2800,3000,4000,4000,3500,1.8455,1.844,1400,1000,3639.621,2302,0,1,1.5,1,0,40,60,1.1,100,0,0,0,0,0,0,0.02,0.02,0.2,1.25,0,0,0,200,50,0,0,200,200,50,0,0,0,0,0,0,0,0,0,0,0,0,0,1,0,0,0,0
1274,7,cn-server-capture,1,0,1.31,0,0,2,3,2,1,0,1,100,3,0.669,2302,1825,2070,1415,10,25.09,5,5,0.2,0.2,0.2,4100,0.252,0.06,0.01,4000,2800,3000,4000,4000,3500,1.8455,1.844,1400,1000,3639.621,2302,0,1,1.5,1,0,40,60,1.1,100,0,0,0,0,0,0,0.02,0.02,0.2,1.25,0,0,0,200,50,0,0,200,200,50,0,0,0,0,0,0,0,0,0,0,0,0,0,1,0,0,0,0
1275,4,cn-server-capture,1,0,1.31,0,0,2,2,1,1,1,1,100,3,0.666,2300,1825,2070,1415,10,25.119999,5,5,0.2,0.2,0.2,4490,0.256,0.06,0.01,1,2900,3000,4200,4000,3500,1.8555,1.854,1000,1400,2300,3948.356,0,0,1.5,1,0,40,60,1.1,100,0,0,0,0,0,0,0.02,0.02,0.2,1.25,0,0,0,200,50,0,0,200,200,50,0,0,0,0,0,0,0,0,0,0,0,0,0,1,0,0,0,0
1275,7,cn-server-capture,1,0,1.31,0,0,2,2,1,1,1,1,100,3,0.666,2300,1825,2070,1415,10,25.119999,5,5,0.2,0.2,0.2,4490,0.256,0.06,0.01,2750,2900,3000,4200,4000,3500,1.8555,1.854,1000,1400,2300,3948.356,0,0,1.5,1,0,40,60,1.1,100,0,0,0,0,0,0,0.02,0.02,0.2,1.25,0,0,0,200,50,0,0,200,200,50,0,0,0,0,0,0,0,0,0,0,0,0,0,1,0,0,0,0
1276,4,cn-server-capture,1.1,2000,1.34,500,350,2,2,1,1,0,1,100,3,0.666,2304,1825,2070,1415,10,25.45,5,5,0.2,0.2,0.2,4715,0.254,0.06,0.01,1,3113,3000,4410,4000,3500,1.8557999,1.5339999,1000,1450,2304,3955.556,0.7,0,1.5,0.98,0,40,60,1.1,100,0,0,0,0,0,0,0.02,0.02,0.2,1.25,0,0,0,200,50,0,0,200,200,50,0,0,0,0,0,0,0,0,0,0,0,0,0,1,0,0,0,0
1276,7,cn-server-capture,1.1,2000,1.34,500,350,2,2,1,1,0,1,100,3,0.666,2304,1825,2070,1415,10,25.45,5,5,0.2,0.2,0.2,4715,0.254,0.06,0.01,3700,3113,3000,4410,4000,3500,1.8557999,1.5339999,1000,1450,2304,3955.556,0.7,0,1.5,0.98,0,40,60,1.1,100,0,0,0,0,0,0,0.02,0.02,0.2,1.25,0,0,0,200,50,0,0,200,200,50,0,0,0,0,0,0,0,0,0,0,0,0,0,1,0,0,0,0
1277,4,cn-server-capture,1.1,2000,1.31,500,350,2,2,1,1,0,1,100,3,0.667,2300,1825,2070,1415,10,25.17,5,5,0.2,0.2,0.2,4630,0.252,0.06,0.01,1,3065,3000,4400,4000,3500,1.8536999,1.5289999,1000,1400,2300,3948.356,0.7,0,1.5,0.84,0,40,60,1.1,100,0,0,0,0,0,0,0.02,0.02,0.2,1.25,0,0,0,200,50,0,0,200,200,50,0,0,0,0,0,0,0,0,0,0,0,0,0,1,0,0,0,0
1277,7,cn-server-capture,1.1,2000,1.31,500,350,2,2,1,1,0,1,100,3,0.667,2300,1825,2070,1415,10,25.17,5,5,0.2,0.2,0.2,4630,0.252,0.06,0.01,3670,3065,3000,4400,4000,3500,1.8536999,1.5289999,1000,1400,2300,3948.356,0.7,0,1.5,0.84,0,40,60,1.1,100,0,0,0,0,0,0,0.02,0.02,0.2,1.25,0,0,0,200,50,0,0,200,200,50,0,0,0,0,0,0,0,0,0,0,0,0,0,1,0,0,0,0
1278,4,cn-server-capture,1.1,2000,1.31,500,350,2,2,1,1,0,1,100,3,0.668,2300,1825,2070,1415,10,24.83,5,5,0.2,0.2,0.2,4360,0.252,0.06,0.01,1,2920,3000,4350,4000,3500,1.8464999,1.494,1000,1500,2300,3738.788,0.5,0,1.5,0.9,0,40,60,1.1,100,0,0,0,0,0,0,0.02,0.02,0.2,1.25,0,0,0,200,50,0,0,200,200,50,0,0,0,0,0,0,0,0,0,0,0,0,0,1,0,0,0,0
1278,7,cn-server-capture,1.1,2000,1.31,500,350,2,2,1,1,0,1,100,3,0.668,2300,1825,2070,1415,10,24.83,5,5,0.2,0.2,0.2,4360,0.252,0.06,0.01,3690,2920,3000,4350,4000,3500,1.8464999,1.494,1000,1500,2300,3738.788,0.5,0,1.5,0.9,0,40,60,1.1,100,0,0,0,0,0,0,0.02,0.02,0.2,1.25,0,0,0,200,50,0,0,200,200,50,0,0,0,0,0,0,0,0,0,0,0,0,0,1,0,0,0,0
1279,4,cn-server-capture,1.1,2000,1.31,500,350,2,2,1,1,0,1,100,3,0.67,2300,1825,2070,1415,10,24.66,5,5,0.2,0.2,0.2,4400,0.252,0.06,0.01,1,2920,3000,4330,4000,3500,1.8455,1.494,1000,1500,2300,3738.788,0.5,0,1.5,0.91,0,40,60,1.1,100,0,0,0,0,0,0,0.02,0.02,0.2,1.25,0,0,0,200,50,0,0,200,200,50,0,0,0,0,0,0,0,0,0,0,0,0,0,1,0,0,0,0
1279,7,cn-server-capture,1.1,2000,1.31,500,350,2,2,1,1,0,1,100,3,0.67,2300,1825,2070,1415,10,24.66,5,5,0.2,0.2,0.2,4400,0.252,0.06,0.01,3760,2920,3000,4330,4000,3500,1.8455,1.494,1000,1500,2300,3738.788,0.5,0,1.5,0.91,0,40,60,1.1,100,0,0,0,0,0,0,0.02,0.02,0.2,1.25,0,0,0,200,50,0,0,200,200,50,0,0,0,0,0,0,0,0,0,0,0,0,0,1,0,0,0,0
1280,4,cn-server-capture,1.15,2000,1.31,500,300,2,3,2,1,0,1,100,3,0.671,2302,1825,2070,1415,10,24.61,5,5,0.2,0.2,0.2,4100,0.252,0.06,0.01,1,2800,3000,4000,4000,3500,1.8455,1.494,1450,1000,3639.621,2302,0,1,1.5,1,0,40,60,1.1,100,0,0,0,0,0,0,0.02,0.02,0.2,1.25,0,0,0,200,50,0,0,200,200,50,0,0,0,0,0,0,0,0,0,0,0,0,0,1,0,0,0,0
1280,7,cn-server-capture,1.15,2000,1.31,500,300,2,3,2,1,0,1,100,3,0.671,2302,1825,2070,1415,10,24.61,5,5,0.2,0.2,0.2,4100,0.252,0.06,0.01,4000,2800,3000,4000,4000,3500,1.8455,1.494,1450,1000,3639.621,2302,0,1,1.5,1,0,40,60,1.1,100,0,0,0,0,0,0,0.02,0.02,0.2,1.25,0,0,0,200,50,0,0,200,200,50,0,0,0,0,0,0,0,0,0,0,0,0,0,1,0,0,0,0
1281,4,cn-server-capture,1.15,2000,1.31,500,300,2,3,2,1,0,1,100,3,0.671,2302,1825,2070,1415,10,24.61,5,5,0.2,0.2,0.2,4100,0.252,0.06,0.01,1,2800,3000,4000,4000,3500,1.8455,1.494,1450,1000,3639.621,2302,0,1,1.5,1,0,40,60,1.1,100,0,0,0,0,0,0,0.02,0.02,0.2,1.25,0,0,0,200,50,0,0,200,200,50,0,0,0,0,0,0,0,0,0,0,0,0,0,1,0,0,0,0
1281,7,cn-server-capture,1.15,2000,1.31,500,300,2,3,2,1,0,1,100,3,0.671,2302,1825,2070,1415,10,24.61,5,5,0.2,0.2,0.2,4100,0.252,0.06,0.01,4000,2800,3000,4000,4000,3500,1.8455,1.494,1450,1000,3639.621,2302,0,1,1.5,1,0,40,60,1.1,100,0,0,0,0,0,0,0.02,0.02,0.2,1.25,0,0,0,200,50,0,0,200,200,50,0,0,0,0,0,0,0,0,0,0,0,0,0,1,0,0,0,0
1282,4,cn-server-capture,1.15,2000,1.31,500,300,2,3,2,1,0,1,100,3,0.671,2302,1825,2070,1415,10,24.61,5,5,0.2,0.2,0.2,4100,0.252,0.06,0.01,1,2800,3000,4000,4000,3500,1.8455,1.494,1450,1000,3639.621,2302,0,1,1.5,1,0,40,60,1.1,100,0,0,0,0,0,0,0.02,0.02,0.2,1.25,0,0,0,200,50,0,0,200,200,50,0,0,0,0,0,0,0,0,0,0,0,0,0,1,0,0,0,0
1282,7,cn-server-capture,1.15,2000,1.31,500,300,2,3,2,1,0,1,100,3,0.671,2302,1825,2070,1415,10,24.61,5,5,0.2,0.2,0.2,4100,0.252,0.06,0.01,4000,2800,3000,4000,4000,3500,1.8455,1.494,1450,1000,3639.621,2302,0,1,1.5,1,0,40,60,1.1,100,0,0,0,0,0,0,0.02,0.02,0.2,1.25,0,0,0,200,50,0,0,200,200,50,0,0,0,0,0,0,0,0,0,0,0,0,0,1,0,0,0,0
1283,4,cn-server-capture,1.15,2000,1.31,500,300,2,3,2,1,0,1,100,3,0.671,2302,1825,2070,1415,10,24.61,5,5,0.2,0.2,0.2,4100,0.252,0.06,0.01,1,2800,3000,4000,4000,3500,1.8455,1.494,1450,1000,3639.621,2302,0,1,1.5,1,0,40,60,1.1,100,0,0,0,0,0,0,0.02,0.02,0.2,1.25,0,0,0,200,50,0,0,200,200,50,0,0,0,0,0,0,0,0,0,0,0,0,0,1,0,0,0,0
1283,7,cn-server-capture,1.15,2000,1.31,500,300,2,3,2,1,0,1,100,3,0.671,2302,1825,2070,1415,10,24.61,5,5,0.2,0.2,0.2,4100,0.252,0.06,0.01,4000,2800,3000,4000,4000,3500,1.8455,1.494,1450,1000,3639.621,2302,0,1,1.5,1,0,40,60,1.1,100,0,0,0,0,0,0,0.02,0.02,0.2,1.25,0,0,0,200,50,0,0,200,200,50,0,0,0,0,0,0,0,0,0,0,0,0,0,1,0,0,0,0
1284,4,cn-server-capture,1,0,1.31,0,0,2,3,2,0,0,1,100,3,0.668,2302,1825,2070,1415,10,25.15,5,5,0.2,0.2,0.2,4100,0.252,0.06,0.01,1,2800,3000,4000,4000,3500,1.8455,1.844,1400,1000,3639.621,2302,0,1,1.5,1,0,40,60,1.1,100,0,0,0,0,0,0,0.02,0.02,0.2,1.25,0,0,0,200,50,0,0,200,200,50,0,0,0,0,0,0,0,0,0,0,0,0,0,1,0,0,0,0
1284,7,cn-server-capture,1,0,1.31,0,0,2,3,2,0,0,1,100,3,0.668,2302,1825,2070,1415,10,25.15,5,5,0.2,0.2,0.2,4100,0.252,0.06,0.01,4000,2800,3000,4000,4000,3500,1.8455,1.844,1400,1000,3639.621,2302,0,1,1.5,1,0,40,60,1.1,100,0,0,0,0,0,0,0.02,0.02,0.2,1.25,0,0,0,200,50,0,0,200,200,50,0,0,0,0,0,0,0,0,0,0,0,0,0,1,0,0,0,0
1285,4,cn-server-capture,1,0,1.31,0,0,2,2,1,1,0,1,100,3,0.665,2300,1825,2070,1415,10,24.95,5,5,0.2,0.2,0.2,4640,0.256,0.06,0.01,1,2960,3000,4380,4000,3500,1.8625,1.861,1000,1400,2300,3948.356,0,0,1.5,0.88,0,40,60,1.1,100,0,0,0,0,0,0,0.02,0.02,0.2,1.25,0,0,0,200,50,0,0,200,200,50,0,0,0,0,0,0,0,0,0,0,0,0,0,1,0,0,0,0
1285,7,cn-server-capture,1,0,1.31,0,0,2,2,1,1,0,1,100,3,0.665,2300,1825,2070,1415,10,24.95,5,5,0.2,0.2,0.2,4640,0.256,0.06,0.01,3660,2960,3000,4380,4000,3500,1.8625,1.861,1000,1400,2300,3948.356,0,0,1.5,0.88,0,40,60,1.1,100,0,0,0,0,0,0,0.02,0.02,0.2,1.25,0,0,0,200,50,0,0,200,200,50,0,0,0,0,0,0,0,0,0,0,0,0,0,1,0,0,0,0
1286,4,cn-server-capture,1.1,2000,1.31,500,350,2,2,1,1,0,1,100,3,0.671,2300,1825,2070,1415,10,25.19,5,5,0.2,0.2,0.2,4610,0.252,0.06,0.01,1,3080,3000,4400,4000,3500,1.8544999,1.5289999,1000,1400,2300,3948.356,0.7,0,1.5,0.99,0,40,60,1.1,100,0,0,0,0,0,0,0.02,0.02,0.2,1.25,0,0,0,200,50,0,0,200,200,50,0,0,0,0,0,0,0,0,0,0,0,0,0,1,0,0,0,0
1286,7,cn-server-capture,1.1,2000,1.31,500,350,2,2,1,1,0,1,100,3,0.671,2300,1825,2070,1415,10,25.19,5,5,0.2,0.2,0.2,4610,0.252,0.06,0.01,3850,3080,3000,4400,4000,3500,1.8544999,1.5289999,1000,1400,2300,3948.356,0.7,0,1.5,0.99,0,40,60,1.1,100,0,0,0,0,0,0,0.02,0.02,0.2,1.25,0,0,0,200,50,0,0,200,200,50,0,0,0,0,0,0,0,0,0,0,0,0,0,1,0,0,0,0
1287,4,cn-server-capture,1.1,2000,1.31,500,350,2,2,1,1,0,1,100,3,0.669,2300,1825,2070,1415,10,25.07,5,5,0.2,0.2,0.2,4510,0.252,0.06,0.01,1,2970,3000,4350,4000,3500,1.8500999,1.494,1000,1500,2300,3738.788,0.6,0,1.5,0.89,0,40,60,1.1,100,0,0,0,0,0,0,0.02,0.02,0.2,1.25,0,0,0,200,50,0,0,200,200,50,0,0,0,0,0,0,0,0,0,0,0,0,0,1,0,0,0,0
1287,7,cn-server-capture,1.1,2000,1.31,500,350,2,2,1,1,0,1,100,3,0.669,2300,1825,2070,1415,10,25.07,5,5,0.2,0.2,0.2,4510,0.252,0.06,0.01,3730,2970,3000,4350,4000,3500,1.8500999,1.494,1000,1500,2300,3738.788,0.6,0,1.5,0.89,0,40,60,1.1,100,0,0,0,0,0,0,0.02,0.02,0.2,1.25,0,0,0,200,50,0,0,200,200,50,0,0,0,0,0,0,0,0,0,0,0,0,0,1,0,0,0,0
1288,4,cn-server-capture,1,0,1.31,0,0,2,2,1,1,0,1,100,3,0.665,2300,1825,3070,1415,10,24.85,5,5,0.2,0.2,0.2,4540,0.256,0.06,0.01,1,2960,3000,4380,4000,3500,1.8615,1.86,1000,1400,2300,3948.356,0.7,0,1.5,0.8,0,40,60,1.1,100,0,0,0,0,0,0,0.02,0.02,0.2,1.25,0,0,0,200,50,0,0,200,200,50,0,0,0,0,0,0,0,0,0,0,0,0,0,1,0,0,0,0
1288,7,cn-server-capture,1,0,1.31,0,0,2,2,1,1,0,1,100,3,0.665,2300,1825,3070,1415,10,24.85,5,5,0.2,0.2,0.2,4540,0.256,0.06,0.01,3660,2960,3000,4380,4000,3500,1.8615,1.86,1000,1400,2300,3948.356,0.7,0,1.5,0.8,0,40,60,1.1,100,0,0,0,0,0,0,0.02,0.02,0.2,1.25,0,0,0,200,50,0,0,200,200,50,0,0,0,0,0,0,0,0,0,0,0,0,0,1,0,0,0,0
1289,4,cn-server-capture,1,0,1.31,0,0,2,3,2,1,0,1,100,3,0.669,2302,1825,2070,1415,10,24.95,5,5,0.2,0.2,0.2,4100,0.252,0.06,0.01,1,2800,3000,4000,4000,3500,1.8455,1.844,1400,1000,3639.621,2302,0,1,1.5,1,0,40,60,1.1,100,0,0,0,0,0,0,0.02,0.02,0.2,1.25,0,0,0,200,50,0,0,200,200,50,0,0,0,0,0,0,0,0,0,0,0,0,0,1,0,0,0,0
1289,7,cn-server-capture,1,0,1.31,0,0,2,3,2,1,0,1,100,3,0.669,2302,1825,2070,1415,10,24.95,5,5,0.2,0.2,0.2,4100,0.252,0.06,0.01,4000,2800,3000,4000,4000,3500,1.8455,1.844,1400,1000,3639.621,2302,0,1,1.5,1,0,40,60,1.1,100,0,0,0,0,0,0,0.02,0.02,0.2,1.25,0,0,0,200,50,0,0,200,200,50,0,0,0,0,0,0,0,0,0,0,0,0,0,1,0,0,0,0
1299,4,cn-server-capture,1.1,2000,1.31,500,350,2,2,1,1,0,1,100,3,0.668,2300,1825,2070,1415,10,24.95,5,5,0.2,0.2,0.2,4540,0.252,0.06,0.01,1,2970,3000,4350,4000,3500,1.8500999,1.494,1000,1500,2300,3738.788,0.6,0,1.5,0.89,0,40,60,1.1,100,0,0,0,0,0,0,0.02,0.02,0.2,1.25,0,0,0,200,50,0,0,200,200,50,0,0,0,0,0,0,0,0,0,0,0,0,0,1,0,0,0,0
1299,7,cn-server-capture,1.1,2000,1.31,500,350,2,2,1,1,0,1,100,3,0.668,2300,1825,2070,1415,10,24.95,5,5,0.2,0.2,0.2,4540,0.252,0.06,0.01,3770,2970,3000,4350,4000,3500,1.8500999,1.494,1000,1500,2300,3738.788,0.6,0,1.5,0.89,0,40,60,1.1,100,0,0,0,0,0,0,0.02,0.02,0.2,1.25,0,0,0,200,50,0,0,200,200,50,0,0,0,0,0,0,0,0,0,0,0,0,0,1,0,0,0,0
1300,4,cn-server-capture,1.15,2000,1.31,500,300,2,3,2,1,0,1,100,3,0.67,2302,1825,2070,1415,10,25.21,5,5,0.2,0.2,0.2,4440,0.252,0.06,0.01,1,2970,3000,4200,4000,3500,1.8499,1.494,1400,1000,3936.0186,2302,0,1,1.5,1,0,40,60,1.1,100,0,0,0,0,0,0,0.02,0.02,0.2,1.25,0,0,0,200,50,0,0,200,200,50,0,0,0,0,0,0,0,0,0,0,0,0,0,1,0,0,0,0
1300,7,cn-server-capture,1.15,2000,1.31,500,300,2,3,2,1,0,1,100,3,0.67,2302,1825,2070,1415,10,25.21,5,5,0.2,0.2,0.2,4440,0.252,0.06,0.01,4000,2970,3000,4200,4000,3500,1.8499,1.494,1400,1000,3936.0186,2302,0,1,1.5,1,0,40,60,1.1,100,0,0,0,0,0,0,0.02,0.02,0.2,1.25,0,0,0,200,50,0,0,200,200,50,0,0,0,0,0,0,0,0,0,0,0,0,0,1,0,0,0,0
1302,4,cn-server-capture,1,0,1.31,0,0,2,2,1,1,0,1,100,3,0.666,2300,1825,2070,1415,10,24.85,5,5,0.2,0.2,0.2,4500,0.254,0.06,0.01,1,3010,3000,4400,4000,3500,1.8615,1.86,1000,1400,2300,3948.356,0,0,1.5,0.82,0,40,60,1.1,100,0,0,0,0,0,0,0.02,0.02,0.2,1.25,0,0,0,200,50,0,0,200,200,50,0,0,0,0,0,0,0,0,0,0,0,0,0,1,0,0,0,0
1302,7,cn-server-capture,1,0,1.31,0,0,2,2,1,1,0,1,100,3,0.666,2300,1825,2070,1415,10,24.85,5,5,0.2,0.2,0.2,4500,0.254,0.06,0.01,3640,3010,3000,4400,4000,3500,1.8615,1.86,1000,1400,2300,3948.356,0,0,1.5,0.82,0,40,60,1.1,100,0,0,0,0,0,0,0.02,0.02,0.2,1.25,0,0,0,200,50,0,0,200,200,50,0,0,0,0,0,0,0,0,0,0,0,0,0,1,0,0,0,0
1303,4,cn-server-capture,1.1,2000,1.32,500,350,2,2,1,1,0,1,100,3,0.668,2304,1825,2070,1415,10,25.18,5,5,0.2,0.2,0.2,4620,0.254,0.06,0.01,1,3065,3000,4400,4000,3500,1.8541,1.5339999,1000,1400,2304,3955.556,0.7,0,1.5,0.88,0,40,60,1.1,100,0,0,0,0,0,0,0.02,0.02,0.2,1.25,0,0,0,200,50,0,0,200,200,50,0,0,0,0,0,0,0,0,0,0,0,0,0,1,0,0,0,0
1303,7,cn-server-capture,1.1,2000,1.32,500,350,2,2,1,1,0,1,100,3,0.668,2304,1825,2070,1415,10,25.18,5,5,0.2,0.2,0.2,4620,0.254,0.06,0.01,3700,3065,3000,4400,4000,3500,1.8541,1.5339999,1000,1400,2304,3955.556,0.7,0,1.5,0.88,0,40,60,1.1,100,0,0,0,0,0,0,0.02,0.02,0.2,1.25,0,0,0,200,50,0,0,200,200,50,0,0,0,0,0,0,0,0,0,0,0,0,0,1,0,0,0,0
1304,4,cn-server-capture,1,0,1.31,0,0,2,2,1,1,0,1,100,3,0.665,2300,1825,2070,1415,10,24.85,5,5,0.2,0.2,0.2,4615,0.256,0.06,0.01,1,2960,3000,4380,4000,3500,1.8615,1.86,1000,1400,2300,3948.356,0.6,0,1.5,0.88,0,40,60,1.1,100,0,0,0,0,0,0,0.02,0.02,0.2,1.25,0,0,0,200,50,0,0,200,200,50,0,0,0,0,0,0,0,0,0,0,0,0,0,1,0,0,0,0
1304,7,cn-server-capture,1,0,1.31,0,0,2,2,1,1,0,1,100,3,0.665,2300,1825,2070,1415,10,24.85,5,5,0.2,0.2,0.2,4615,0.256,0.06,0.01,3610,2960,3000,4380,4000,3500,1.8615,1.86,1000,1400,2300,3948.356,0.6,0,1.5,0.88,0,40,60,1.1,100,0,0,0,0,0,0,0.02,0.02,0.2,1.25,0,0,0,200,50,0,0,200,200,50,0,0,0,0,0,0,0,0,0,0,0,0,0,1,0,0,0,0
1305,4,cn-server-capture,1.1,2000,1.4,500,350,2,2,1,1,0,1,100,3,0.667,2304,1825,2070,1415,10,24.64,5,5,0.2,0.2,0.2,4460,0.254,0.06,0.01,1,2920,3000,4330,4000,3500,1.8500999,1.494,1000,1500,2304,3745.588,0.5,0,1.5,0.92,0,20,30,1.07,100,1,1,1,1,1,1,0.02,0.06,0.15,1.13,3000,2500,750,0,50,0,3000,200,200,50,0,0,0,0,0,0,0,0,0,0,0,0,0,1,0,0,0,0
1305,7,cn-server-capture,1.1,2000,1.4,500,350,2,2,1,1,0,1,100,3,0.667,2304,1825,2070,1415,10,24.64,5,5,0.2,0.2,0.2,4460,0.254,0.06,0.01,3720,2920,3000,4330,4000,3500,1.8500999,1.494,1000,1500,2304,3745.588,0.5,0,1.5,0.92,0,20,30,1.07,100,1,1,1,1,1,1,0.02,0.06,0.15,1.13,3000,2500,750,0,50,0,3000,200,200,50,0,0,0,0,0,0,0,0,0,0,0,0,0,1,0,0,0,0
1306,4,cn-server-capture,1.1,2000,1.31,500,350,2,2,1,1,0,1,100,3,0.669,2300,1825,2070,1415,10,24.65,5,5,0.2,0.2,0.2,4460,0.252,0.06,0.01,1,2920,3000,4330,4000,3500,1.8464999,1.494,1000,1500,2300,3738.788,0.5,0,1.5,0.91,0,40,60,1.1,100,0,0,0,0,0,0,0.02,0.02,0.2,1.25,0,0,0,200,50,0,0,200,200,50,0,0,0,0,0,0,0,0,0,0,0,0,0,1,0,0,0,0
1306,7,cn-server-capture,1.1,2000,1.31,500,350,2,2,1,1,0,1,100,3,0.669,2300,1825,2070,1415,10,24.65,5,5,0.2,0.2,0.2,4460,0.252,0.06,0.01,3660,2920,3000,4330,4000,3500,1.8464999,1.494,1000,1500,2300,3738.788,0.5,0,1.5,0.91,0,40,60,1.1,100,0,0,0,0,0,0,0.02,0.02,0.2,1.25,0,0,0,200,50,0,0,200,200,50,0,0,0,0,0,0,0,0,0,0,0,0,0,1,0,0,0,0
1307,4,cn-server-capture,1.1,2000,1.32,500,350,3,2,1,1,0,1,100,3,0.668,2304,1825,2070,1415,10,25.3,5,5,0.2,0.2,0.2,4630,0.254,0.06,0.01,1,2900,3000,4300,4000,3500,1.8539,1.5339999,1000,1400,2304,3955.556,0.7,0,1.5,0.94,0,40,60,1.1,100,0,0,0,1,0,0,0.02,0.02,0.2,1.25,0,0,0,200,50,0,0,200,200,50,0,0,0,0,0,0,0,0,0,0,0,0,0,1,0,0,0,0
1307,7,cn-server-capture,1.1,2000,1.32,500,350,3,2,1,1,0,1,100,3,0.668,2304,1825,2070,1415,10,25.3,5,5,0.2,0.2,0.2,4630,0.254,0.06,0.01,3600,2900,3000,4300,4000,3500,1.8539,1.5339999,1000,1400,2304,3955.556,0.7,0,1.5,0.94,0,40,60,1.1,100,0,0,0,1,0,0,0.02,0.02,0.2,1.25,0,0,0,200,50,0,0,200,200,50,0,0,0,0,0,0,0,0,0,0,0,0,0,1,0,0,0,0
1308,4,cn-server-capture,1.1,2000,1.31,500,350,2,2,1,1,0,1,100,3,0.668,2300,1825,2070,1415,10,24.75,5,5,0.2,0.2,0.2,4380,0.252,0.06,0.01,1,2920,3000,4350,4000,3500,1.8475,1.494,1000,1500,2300,3738.788,0.5,0,1.5,0.9,0,40,60,1.1,100,0,0,0,0,0,0,0.02,0.02,0.2,1.25,0,0,0,200,50,0,0,200,200,50,0,0,0,0,0,0,0,0,0,0,0,0,0,1,0,0,0,0
1308,7,cn-server-capture,1.1,2000,1.31,500,350,2,2,1,1,0,1,100,3,0.668,2300,1825,2070,1415,10,24.75,5,5,0.2,0.2,0.2,4380,0.252,0.06,0.01,3640,2920,3000,4350,4000,3500,1.8475,1.494,1000,1500,2300,3738.788,0.5,0,1.5,0.9,0,40,60,1.1,100,0,0,0,0,0,0,0.02,0.02,0.2,1.25,0,0,0,200,50,0,0,200,200,50,0,0,0,0,0,0,0,0,0,0,0,0,0,1,0,0,0,0
1309,4,cn-server-capture,1.1,2000,1.32,500,350,3,2,1,1,0,1,100,3,0.668,2304,1825,2070,1415,10,25.21,5,5,0.2,0.2,0.2,4630,0.254,0.06,0.01,1,2970,3000,4300,4000,3500,1.8539,1.5339999,1000,1400,2304,3955.556,0.7,0,1.5,0.94,0,40,60,1.1,100,0,0,0,1,0,0,0.02,0.02,0.2,1.25,0,0,0,200,50,0,0,200,200,50,0,0,0,0,0,0,0,0,0,0,0,0,0,1,0,0,0,0
1309,7,cn-server-capture,1.1,2000,1.32,500,350,3,2,1,1,0,1,100,3,0.668,2304,1825,2070,1415,10,25.21,5,5,0.2,0.2,0.2,4630,0.254,0.06,0.01,3700,2970,3000,4300,4000,3500,1.8539,1.5339999,1000,1400,2304,3955.556,0.7,0,1.5,0.94,0,40,60,1.1,100,0,0,0,1,0,0,0.02,0.02,0.2,1.25,0,0,0,200,50,0,0,200,200,50,0,0,0,0,0,0,0,0,0,0,0,0,0,1,0,0,0,0
1310,4,cn-server-capture,1.1,2000,1.4,500,350,2,2,1,1,0,1,100,3,0.667,2304,1825,2070,1415,10,24.64,5,5,0.2,0.2,0.2,4460,0.254,0.06,0.01,1,2920,3000,4330,4000,3500,1.8500999,1.494,1000,1500,2304,3745.588,0.5,0,1.5,0.92,0,20,30,1.07,100,1,1,1,1,1,1,0.02,0.06,0.15,1.13,3000,2500,750,0,50,0,3000,200,200,50,0,0,0,0,0,0,0,0,0,0,0,0,0,1,0,0,0,0
1310,7,cn-server-capture,1.1,2000,1.4,500,350,2,2,1,1,0,1,100,3,0.667,2304,1825,2070,1415,10,24.64,5,5,0.2,0.2,0.2,4460,0.254,0.06,0.01,3720,2920,3000,4330,4000,3500,1.8500999,1.494,1000,1500,2304,3745.588,0.5,0,1.5,0.92,0,20,30,1.07,100,1,1,1,1,1,1,0.02,0.06,0.15,1.13,3000,2500,750,0,50,0,3000,200,200,50,0,0,0,0,0,0,0,0,0,0,0,0,0,1,0,0,0,0
1311,4,cn-server-capture,1.1,2000,1.4,500,350,2,2,1,1,0,1,100,3,0.667,2304,1825,2070,1415,10,24.64,5,5,0.2,0.2,0.2,4460,0.254,0.06,0.01,1,2920,3000,4330,4000,3500,1.8500999,1.494,1000,1500,2304,3745.588,0.5,0,1.5,0.92,0,20,30,1.07,100,1,1,1,1,1,1,0.02,0.06,0.15,1.3,3000,1000,300,0,50,0,3000,200,200,50,0,0,0,0,0,0,0,0,0,0,0,0,0,1,0,0,0,0
1311,7,cn-server-capture,1.1,2000,1.4,500,350,2,2,1,1,0,1,100,3,0.667,2304,1825,2070,1415,10,24.64,5,5,0.2,0.2,0.2,4460,0.254,0.06,0.01,3720,2920,3000,4330,4000,3500,1.8500999,1.494,1000,1500,2304,3745.588,0.5,0,1.5,0.92,0,20,30,1.07,100,1,1,1,1,1,1,0.02,0.06,0.15,1.3,3000,1000,300,0,50,0,3000,200,200,50,0,0,0,0,0,0,0,0,0,0,0,0,0,1,0,0,0,0
1336,4,cn-server-capture,1.1,2000,1.4,500,350,2,2,1,1,0,1,100,3,0.667,2304,1825,2070,1415,10,24.61,5,5,0.2,0.2,0.2,4500,0.254,0.06,0.01,1,2920,3000,4350,4000,3500,1.8505,1.494,1000,1500,2304,3745.588,0.5,0,1.5,0.91,0,20,30,1.07,100,0,0,0,0,0,0,0.02,0.06,0.15,1.13,3000,2500,750,0,50,0,3000,200,200,50,0,0,0,0,0,0,0,0,0,0,0,0,0,1,0,0,0,0
1336,7,cn-server-capture,1.1,2000,1.4,500,350,2,2,1,1,0,1,100,3,0.667,2304,1825,2070,1415,10,24.61,5,5,0.2,0.2,0.2,4500,0.254,0.06,0.01,3710,2920,3000,4350,4000,3500,1.8505,1.494,1000,1500,2304,3745.588,0.5,0,1.5,0.91,0,20,30,1.07,100,0,0,0,0,0,0,0.02,0.06,0.15,1.13,3000,2500,750,0,50,0,3000,200,200,50,0,0,0,0,0,0,0,0,0,0,0,0,0,1,0,0,0,0
1337,4,cn-server-capture,1.1,2000,1.4,500,350,2,2,1,1,0,1,100,3,0.667,2304,1825,2070,1415,10,24.95,5,5,0.2,0.2,0.2,4540,0.254,0.06,0.01,1,2920,3000,4350,4000,3500,1.8514999,1.494,1000,1500,2304,3745.588,0.5,0,1.5,0.91,0,20,30,1.07,100,0,0,0,0,0,0,0.02,0.06,0.15,1.13,3000,2500,750,0,50,0,3000,200,200,50,0,0,0,0,0,0,0,0,0,0,0,0,0,1,0,0,0,0
1337,7,cn-server-capture,1.1,2000,1.4,500,350,2,2,1,1,0,1,100,3,0.667,2304,1825,2070,1415,10,24.95,5,5,0.2,0.2,0.2,4540,0.254,0.06,0.01,3700,2920,3000,4350,4000,3500,1.8514999,1.494,1000,1500,2304,3745.588,0.5,0,1.5,0.91,0,20,30,1.07,100,0,0,0,0,0,0,0.02,0.06,0.15,1.13,3000,2500,750,0,50,0,3000,200,200,50,0,0,0,0,0,0,0,0,0,0,0,0,0,1,0,0,0,0
1338,4,cn-server-capture,1.1,2000,1.34,500,350,2,2,1,1,0,1,100,3,0.666,2304,1825,2070,1415,10,25.49,5,5,0.2,0.2,0.2,4720,0.254,0.06,0.01,1,3115,3000,4390,4000,3500,1.8557999,1.5339999,1000,1450,2304,3955.556,0.7,0,1.5,0.98,0,40,60,1.1,100,0,0,0,0,0,0,0.02,0.02,0.2,1.25,0,0,0,200,50,0,0,200,200,50,0,0,0,0,0,0,0,0,0,0,0,0,0,1,0,0,0,0
1338,7,cn-server-capture,1.1,2000,1.34,500,350,2,2,1,1,0,1,100,3,0.666,2304,1825,2070,1415,10,25.49,5,5,0.2,0.2,0.2,4720,0.254,0.06,0.01,3700,3115,3000,4390,4000,3500,1.8557999,1.5339999,1000,1450,2304,3955.556,0.7,0,1.5,0.98,0,40,60,1.1,100,0,0,0,0,0,0,0.02,0.02,0.2,1.25,0,0,0,200,50,0,0,200,200,50,0,0,0,0,0,0,0,0,0,0,0,0,0,1,0,0,0,0
1340,4,cn-server-capture,1.1,2000,1.4,500,350,2,2,1,1,0,1,100,3,0.667,2304,1825,2070,1415,10,24.56,5,5,0.2,0.2,0.2,4450,0.254,0.06,0.01,1,2920,3000,4320,4000,3500,1.8535,1.494,1000,1500,2304,3745.588,0.5,0,1.5,0.89,0,20,30,1.07,100,0,0,0,0,0,0,0.02,0.06,0.15,1.27,3000,1000,300,0,50,0,3000,200,200,50,0,0,0,0,0,0,0,0,0,0,0,0,0,1,0,0,0,0
1340,7,cn-server-capture,1.1,2000,1.4,500,350,2,2,1,1,0,1,100,3,0.667,2304,1825,2070,1415,10,24.56,5,5,0.2,0.2,0.2,4450,0.254,0.06,0.01,3700,2920,3000,4320,4000,3500,1.8535,1.494,1000,1500,2304,3745.588,0.5,0,1.5,0.89,0,20,30,1.07,100,0,0,0,0,0,0,0.02,0.06,0.15,1.27,3000,1000,300,0,50,0,3000,200,200,50,0,0,0,0,0,0,0,0,0,0,0,0,0,1,0,0,0,0
1341,4,cn-server-capture,1.1,2000,1.4,500,350,2,2,1,1,0,1,100,3,0.667,2304,1825,2070,1415,10,24.67,5,5,0.2,0.2,0.2,4480,0.254,0.06,0.01,1,2920,3000,4320,4000,3500,1.8555,1.494,1000,1500,2304,3745.588,0.5,0,1.5,0.89,0,20,30,1.07,100,0,0,0,0,0,0,0.02,0.06,0.15,1.27,3000,1000,300,0,50,0,3000,200,200,50,0,0,0,0,0,0,0,0,0,0,0,0,0,1,0,0,0,0
1341,7,cn-server-capture,1.1,2000,1.4,500,350,2,2,1,1,0,1,100,3,0.667,2304,1825,2070,1415,10,24.67,5,5,0.2,0.2,0.2,4480,0.254,0.06,0.01,3700,2920,3000,4320,4000,3500,1.8555,1.494,1000,1500,2304,3745.588,0.5,0,1.5,0.89,0,20,30,1.07,100,0,0,0,0,0,0,0.02,0.06,0.15,1.27,3000,1000,300,0,50,0,3000,200,200,50,0,0,0,0,0,0,0,0,0,0,0,0,0,1,0,0,0,0
1342,4,cn-server-capture,1,0,1.31,0,0,2,3,2,0,0,1,100,3,0.669,2302,1825,2070,1415,10,24.75,5,5,0.2,0.2,0.2,4100,0.25100002,0.06,0.01,1,2800,3000,4500,4000,3500,1.8455,1.844,1400,1000,3639.621,2302,0,1,1.5,1,0,40,60,1.1,100,0,0,0,0,0,0,0.02,0.02,0.2,1.25,0,0,0,200,50,0,0,200,200,50,0,0,0,0,0,0,0,0,0,0,0,0,0,1,0,0,0,0
1342,7,cn-server-capture,1,0,1.31,0,0,2,3,2,0,0,1,100,3,0.669,2302,1825,2070,1415,10,24.75,5,5,0.2,0.2,0.2,4100,0.25100002,0.06,0.01,4000,2800,3000,4500,4000,3500,1.8455,1.844,1400,1000,3639.621,2302,0,1,1.5,1,0,40,60,1.1,100,0,0,0,0,0,0,0.02,0.02,0.2,1.25,0,0,0,200,50,0,0,200,200,50,0,0,0,0,0,0,0,0,0,0,0,0,0,1,0,0,0,0
1343,4,cn-server-capture,1.1,2000,1.31,500,350,2,2,1,1,0,1,100,3,0.67,2298,1825,2070,1415,10,24.630001,5,5,0.2,0.2,0.2,4280,0.252,0.06,0.01,1,2960,3000,4360,4000,3500,1.8455,1.494,1000,1500,2298,3735.388,0.5,0,1.5,1,0,40,60,1.1,100,0,0,0,0,0,0,0.02,0.02,0.2,1.25,0,0,0,200,50,0,0,200,200,50,0,0,0,0,0,0,0,0,0,0,0,0,0,1,0,0,0,0
1343,7,cn-server-capture,1.1,2000,1.31,500,350,2,2,1,1,0,1,100,3,0.67,2298,1825,2070,1415,10,24.630001,5,5,0.2,0.2,0.2,4280,0.252,0.06,0.01,3750,2960,3000,4360,4000,3500,1.8455,1.494,1000,1500,2298,3735.388,0.5,0,1.5,1,0,40,60,1.1,100,0,0,0,0,0,0,0.02,0.02,0.2,1.25,0,0,0,200,50,0,0,200,200,50,0,0,0,0,0,0,0,0,0,0,0,0,0,1,0,0,0,0
1344,4,cn-server-capture,1.1,2000,1.31,500,350,2,2,1,1,0,1,100,3,0.67,2300,1825,2070,1415,10,25.01,5,5,0.2,0.2,0.2,4460,0.252,0.06,0.01,1,2970,3000,4290,4000,3500,1.8499,1.494,1000,1500,2300,3738.788,0.6,0,1.5,1,0,40,60,1.1,100,0,0,0,0,0,0,0.02,0.02,0.2,1.25,0,0,0,200,50,0,0,200,200,50,0,0,0,0,0,0,0,0,0,0,0,0,0,1,0,0,0,0
1344,7,cn-server-capture,1.1,2000,1.31,500,350,2,2,1,1,0,1,100,3,0.67,2300,1825,2070,1415,10,25.01,5,5,0.2,0.2,0.2,4460,0.252,0.06,0.01,3740,2970,3000,4290,4000,3500,1.8499,1.494,1000,1500,2300,3738.788,0.6,0,1.5,1,0,40,60,1.1,100,0,0,0,0,0,0,0.02,0.02,0.2,1.25,0,0,0,200,50,0,0,200,200,50,0,0,0,0,0,0,0,0,0,0,0,0,0,1,0,0,0,0
1345,4,cn-server-capture,1.1,2000,1.31,500,350,2,3,2,1,0,1,100,3,0.667,2304,1825,2070,1415,10,24.56,5,5,0.2,0.2,0.2,4420,0.254,0.06,0.01,1,2800,3000,4000,4000,3500,1.8499,1.494,1500,1000,4166.053,2304,0,0,1.5,1,0,20,30,1.07,100,0,0,0,0,0,0,0.02,0.04,0.15,1.27,3000,1000,300,0,50,1,3000,200,160,50,0,0,0,0,0,0,0,0,0,0,0,0,0,1,0,0,0,0
1345,7,cn-server-capture,1.1,2000,1.31,500,350,2,3,2,1,0,1,100,3,0.667,2304,1825,2070,1415,10,24.56,5,5,0.2,0.2,0.2,4420,0.254,0.06,0.01,4000,2800,3000,4000,4000,3500,1.8499,1.494,1500,1000,4166.053,2304,0,0,1.5,1,0,20,30,1.07,100,0,0,0,0,0,0,0.02,0.04,0.15,1.27,3000,1000,300,0,50,1,3000,200,160,50,0,0,0,0,0,0,0,0,0,0,0,0,0,1,0,0,0,0
1346,4,cn-server-capture,1.1,2000,1.31,500,350,2,3,2,1,0,1,100,3,0.667,2304,1825,2070,1415,10,24.93,5,5,0.2,0.2,0.2,4420,0.254,0.06,0.01,1,2800,3000,4000,4000,3500,1.8499,1.494,1500,1000,4166.053,2304,0,0,1.5,1,0,20,30,1.07,100,0,0,0,0,0,0,0.02,0.04,0.15,1.27,3000,1000,300,0,50,1,3000,200,160,50,0,0,0,0,0,0,0,0,0,0,0,0,0,1,0,0,0,0
1346,7,cn-server-capture,1.1,2000,1.31,500,350,2,3,2,1,0,1,100,3,0.667,2304,1825,2070,1415,10,24.93,5,5,0.2,0.2,0.2,4420,0.254,0.06,0.01,4000,2800,3000,4000,4000,3500,1.8499,1.494,1500,1000,4166.053,2304,0,0,1.5,1,0,20,30,1.07,100,0,0,0,0,0,0,0.02,0.04,0.15,1.27,3000,1000,300,0,50,1,3000,200,160,50,0,0,0,0,0,0,0,0,0,0,0,0,0,1,0,0,0,0
1347,4,cn-server-capture,1.1,2000,1.32,500,350,2,3,2,1,0,1,100,3,0.668,2304,1825,2070,1415,10,25.2,5,5,0.2,0.2,0.2,4620,0.254,0.06,0.01,1,3065,3000,4400,4000,3500,1.8541,1.5339999,1400,1400,3955.556,3955.556,0.7,1,1.5,1,0,40,60,1.1,100,1,1,1,1,0,0,0.02,0.02,0.2,1.25,0,0,0,200,50,0,0,200,200,50,0,0,0,0,0,0,0,0,0,0,0,0,0,1,0,0,0,0
1347,7,cn-server-capture,1.1,2000,1.32,500,350,2,3,2,1,0,1,100,3,0.668,2304,1825,2070,1415,10,25.2,5,5,0.2,0.2,0.2,4620,0.254,0.06,0.01,3720,3065,3000,4400,4000,3500,1.8541,1.5339999,1400,1400,3955.556,3955.556,0.7,1,1.5,1,0,40,60,1.1,100,1,1,1,1,0,0,0.02,0.02,0.2,1.25,0,0,0,200,50,0,0,200,200,50,0,0,0,0,0,0,0,0,0,0,0,0,0,1,0,0,0,0
1348,4,cn-server-capture,1.1,2000,1.34,500,350,2,2,1,1,0,1,100,3,0.666,2304,1825,2070,1415,10,25.36,5,5,0.2,0.2,0.2,4730,0.254,0.06,0.01,1,3113,3000,4400,4000,3500,1.8557999,1.5339999,1000,1450,2304,3955.556,0.7,0,1.5,0.91,0,40,60,1.1,100,0,0,0,0,0,0,0.02,0.02,0.2,1.25,0,0,0,200,50,0,0,200,200,50,0,0,0,0,0,0,0,0,0,0,0,0,0,1,0,0,0,0
1348,7,cn-server-capture,1.1,2000,1.34,500,350,2,2,1,1,0,1,100,3,0.666,2304,1825,2070,1415,10,25.36,5,5,0.2,0.2,0.2,4730,0.254,0.06,0.01,3700,3113,3000,4400,4000,3500,1.8557999,1.5339999,1000,1450,2304,3955.556,0.7,0,1.5,0.91,0,40,60,1.1,100,0,0,0,0,0,0,0.02,0.02,0.2,1.25,0,0,0,200,50,0,0,200,200,50,0,0,0,0,0,0,0,0,0,0,0,0,0,1,0,0,0,0
1349,4,cn-server-capture,1.1,2000,1.4,500,350,2,2,1,1,0,1,100,3,0.667,2304,1825,2070,1415,10,24.55,5,5,0.2,0.2,0.2,4460,0.252,0.06,0.01,1,2920,3000,4350,4000,3500,1.8505,1.494,1000,1500,2304,3745.588,0.5,0,1.5,0.75,0,20,30,1.07,100,0,0,0,0,0,0,0.018,0.06,0.2,1.13,3000,2500,750,0,50,0,3000,150,180,50,0,0,0,0,0,0,0,0,0,0,0,0,0,1,0,0,0,0
1349,7,cn-server-capture,1.1,2000,1.4,500,350,2,2,1,1,0,1,100,3,0.667,2304,1825,2070,1415,10,24.55,5,5,0.2,0.2,0.2,4460,0.252,0.06,0.01,3740,2920,3000,4350,4000,3500,1.8505,1.494,1000,1500,2304,3745.588,0.5,0,1.5,0.75,0,20,30,1.07,100,0,0,0,0,0,0,0.018,0.06,0.2,1.13,3000,2500,750,0,50,0,3000,150,180,50,0,0,0,0,0,0,0,0,0,0,0,0,0,1,0,0,0,0
1350,4,cn-server-capture,1.1,2000,1.4,500,350,2,2,1,1,0,1,100,3,0.667,2304,1825,2070,1415,10,24.85,5,5,0.2,0.2,0.2,4620,0.252,0.06,0.01,1,2970,3000,4350,4000,3500,1.8543,1.494,1000,1500,2304,3745.588,0.6,0,1.5,0.75,0,20,30,1.07,100,0,0,0,0,0,0,0.018,0.06,0.2,1.14,3000,2500,500,0,50,0,3000,150,180,50,0,0,0,0,0,0,0,0,0,0,0,0,0,1,0,0,0,0
1350,7,cn-server-capture,1.1,2000,1.4,500,350,2,2,1,1,0,1,100,3,0.667,2304,1825,2070,1415,10,24.85,5,5,0.2,0.2,0.2,4620,0.252,0.06,0.01,3730,2970,3000,4350,4000,3500,1.8543,1.494,1000,1500,2304,3745.588,0.6,0,1.5,0.75,0,20,30,1.07,100,0,0,0,0,0,0,0.018,0.06,0.2,1.14,3000,2500,500,0,50,0,3000,150,180,50,0,0,0,0,0,0,0,0,0,0,0,0,0,1,0,0,0,0
1351,4,cn-server-capture,1.1,2000,1.4,500,350,2,2,1,1,0,1,100,3,0.666,2304,1825,2070,1415,10,24.85,5,5,0.2,0.2,0.2,4640,0.252,0.06,0.01,1,2970,3000,4350,4000,3500,1.8544999,1.494,1000,1500,2304,3745.588,0.6,0,1.5,0.9,0,20,30,1.07,100,0,0,0,0,0,0,0.02,0.06,0.15,1.14,3000,2500,500,0,50,0,3000,200,200,50,0,0,0,0,0,0,0,0,0,0,0,0,0,1,0,0,0,0
1351,7,cn-server-capture,1.1,2000,1.4,500,350,2,2,1,1,0,1,100,3,0.666,2304,1825,2070,1415,10,24.85,5,5,0.2,0.2,0.2,4640,0.252,0.06,0.01,3710,2970,3000,4350,4000,3500,1.8544999,1.494,1000,1500,2304,3745.588,0.6,0,1.5,0.9,0,20,30,1.07,100,0,0,0,0,0,0,0.02,0.06,0.15,1.14,3000,2500,500,0,50,0,3000,200,200,50,0,0,0,0,0,0,0,0,0,0,0,0,0,1,0,0,0,0
1352,4,cn-server-capture,1.1,2000,1.4,500,350,2,2,1,1,0,1,100,3,0.667,2304,1825,2070,1415,10,24.58,5,5,0.2,0.2,0.2,4450,0.254,0.06,0.01,1,2920,3000,4320,4000,3500,1.8525,1.494,1000,1500,2304,3745.588,0.5,0,1.5,0.89,0,20,30,1.07,100,0,0,0,0,0,0,0.02,0.06,0.15,1.27,3000,1000,300,0,50,0,3000,200,200,50,0,0,0,0,0,0,0,0,0,0,0,0,0,1,0,0,0,0
1352,7,cn-server-capture,1.1,2000,1.4,500,350,2,2,1,1,0,1,100,3,0.667,2304,1825,2070,1415,10,24.58,5,5,0.2,0.2,0.2,4450,0.254,0.06,0.01,3740,2920,3000,4320,4000,3500,1.8525,1.494,1000,1500,2304,3745.588,0.5,0,1.5,0.89,0,20,30,1.07,100,0,0,0,0,0,0,0.02,0.06,0.15,1.27,3000,1000,300,0,50,0,3000,200,200,50,0,0,0,0,0,0,0,0,0,0,0,0,0,1,0,0,0,0
1353,4,cn-server-capture,1.1,2000,1.31,500,350,2,3,2,1,0,1,100,3,0.667,2304,1825,2070,1415,10,24.56,5,5,0.2,0.2,0.2,4420,0.254,0.06,0.01,1,2900,3000,4300,4000,3500,1.8499,1.494,1500,1500,4166.053,3745.588,0.5,0,1.5,1,0,20,30,1.07,100,0,0,0,0,0,0,0.02,0.04,0.15,1.13,3000,2500,750,0,50,1,3000,200,160,50,0,0,0,0,0,0,0,0,0,0,0,0,0,1,0,0,0,0
1353,7,cn-server-capture,1.1,2000,1.31,500,350,2,3,2,1,0,1,100,3,0.667,2304,1825,2070,1415,10,24.56,5,5,0.2,0.2,0.2,4420,0.254,0.06,0.01,3680,2900,3000,4300,4000,3500,1.8499,1.494,1500,1500,4166.053,3745.588,0.5,0,1.5,1,0,20,30,1.07,100,0,0,0,0,0,0,0.02,0.04,0.15,1.13,3000,2500,750,0,50,1,3000,200,160,50,0,0,0,0,0,0,0,0,0,0,0,0,0,1,0,0,0,0
1356,4,cn-server-capture,1.1,2000,1.4,500,350,2,2,1,1,0,1,100,3,0.667,2304,1825,2070,1415,10,24.630001,5,5,0.2,0.2,0.2,4500,0.254,0.06,0.01,1,2980,3000,4380,4000,3500,1.8514999,1.494,1000,1500,2304,3745.588,0.5,0,1.5,0.91,0,20,30,1.07,100,0,0,0,0,0,0,0.017,0.06,0.15,1.13,3000,3000,900,0,50,0,3000,200,200,50,0,0,0,0,0,0,0,0,0,0,0,0,0,1,0,0,0,0
1356,7,cn-server-capture,1.1,2000,1.4,500,350,2,2,1,1,0,1,100,3,0.667,2304,1825,2070,1415,10,24.630001,5,5,0.2,0.2,0.2,4500,0.254,0.06,0.01,3740,2980,3000,4380,4000,3500,1.8514999,1.494,1000,1500,2304,3745.588,0.5,0,1.5,0.91,0,20,30,1.07,100,0,0,0,0,0,0,0.017,0.06,0.15,1.13,3000,3000,900,0,50,0,3000,200,200,50,0,0,0,0,0,0,0,0,0,0,0,0,0,1,0,0,0,0
1357,4,cn-server-capture,1.1,2000,1.4,500,350,2,2,1,1,0,1,100,3,0.666,2304,1825,2070,1415,10,24.95,5,5,0.2,0.2,0.2,4630,0.252,0.06,0.01,1,3060,3000,4400,4000,3500,1.8544999,1.494,1000,1500,2304,3745.588,0.6,0,1.5,0.9,0,20,30,1.07,100,0,0,0,0,0,0,0.017,0.06,0.15,1.14,3000,3000,600,0,50,0,3000,200,200,50,0,0,0,0,0,0,0,0,0,0,0,0,0,1,0,0,0,0
1357,7,cn-server-capture,1.1,2000,1.4,500,350,2,2,1,1,0,1,100,3,0.666,2304,1825,2070,1415,10,24.95,5,5,0.2,0.2,0.2,4630,0.252,0.06,0.01,3740,3060,3000,4400,4000,3500,1.8544999,1.494,1000,1500,2304,3745.588,0.6,0,1.5,0.9,0,20,30,1.07,100,0,0,0,0,0,0,0.017,0.06,0.15,1.14,3000,3000,600,0,50,0,3000,200,200,50,0,0,0,0,0,0,0,0,0,0,0,0,0,1,0,0,0,0
1358,4,cn-server-capture,1.1,2000,1.31,500,350,2,3,2,1,0,1,100,3,0.667,2304,1825,2070,1415,10,24.95,5,5,0.2,0.2,0.2,4420,0.254,0.06,0.01,1,2800,3000,4000,4000,3500,1.8499,1.494,1500,1000,4166.053,2304,0,0,1.5,1,0,20,30,1.07,100,0,0,0,0,0,1,0.02,0.04,0.15,1.27,3000,1000,300,0,50,1,3000,200,160,50,0,0,0,0,0,0,0,0,0,0,0,0,0,1,0,0,0,0
1358,7,cn-server-capture,1.1,2000,1.31,500,350,2,3,2,1,0,1,100,3,0.667,2304,1825,2070,1415,10,24.95,5,5,0.2,0.2,0.2,4420,0.254,0.06,0.01,4000,2800,3000,4000,4000,3500,1.8499,1.494,1500,1000,4166.053,2304,0,0,1.5,1,0,20,30,1.07,100,0,0,0,0,0,1,0.02,0.04,0.15,1.27,3000,1000,300,0,50,1,3000,200,160,50,0,0,0,0,0,0,0,0,0,0,0,0,0,1,0,0,0,0
1359,4,cn-server-capture,1.1,2000,1.4,500,350,2,2,1,1,0,1,100,3,0.666,2304,1825,2070,1415,10,24.869999,5,5,0.2,0.2,0.2,4720,0.252,0.08,0.01,1,3010,3000,4370,4000,3500,1.8544999,1.5339999,1000,1400,2304,3955.556,0.7,0,1.5,0.9,0,20,30,1.07,100,0,0,0,0,0,0,0.02,0.06,0.15,1.15,3000,2700,540,0,50,0,3000,200,200,50,0,0,0,0,0,0,0,0,0,0,0,0,0,1,0,0,0,0
1359,7,cn-server-capture,1.1,2000,1.4,500,350,2,2,1,1,0,1,100,3,0.666,2304,1825,2070,1415,10,24.869999,5,5,0.2,0.2,0.2,4720,0.252,0.08,0.01,3700,3010,3000,4370,4000,3500,1.8544999,1.5339999,1000,1400,2304,3955.556,0.7,0,1.5,0.9,0,20,30,1.07,100,0,0,0,0,0,0,0.02,0.06,0.15,1.15,3000,2700,540,0,50,0,3000,200,200,50,0,0,0,0,0,0,0,0,0,0,0,0,0,1,0,0,0,0
1360,4,cn-server-capture,1.1,2000,1.4,500,350,2,2,1,1,0,1,100,3,0.666,2304,1825,2070,1415,10,24.89,5,5,0.2,0.2,0.2,4620,0.252,0.06,0.01,1,2970,3000,4350,4000,3500,1.8544999,1.494,1000,1500,2304,3745.588,0.6,0,1.5,0.9,0,20,30,1.07,100,0,0,0,0,0,0,0.02,0.06,0.15,1.14,3000,2500,750,0,50,0,3000,200,200,50,0,0,0,0,0,0,0,0,0,0,0,0,0,1,0,0,0,0
1360,7,cn-server-capture,1.1,2000,1.4,500,350,2,2,1,1,0,1,100,3,0.666,2304,1825,2070,1415,10,24.89,5,5,0.2,0.2,0.2,4620,0.252,0.06,0.01,3720,2970,3000,4350,4000,3500,1.8544999,1.494,1000,1500,2304,3745.588,0.6,0,1.5,0.9,0,20,30,1.07,100,0,0,0,0,0,0,0.02,0.06,0.15,1.14,3000,2500,750,0,50,0,3000,200,200,50,0,0,0,0,0,0,0,0,0,0,0,0,0,1,0,0,0,0
1361,4,cn-server-capture,1.1,2000,1.32,500,350,2,2,1,1,0,1,100,3,0.669,2300,1825,2070,1415,10,25.21,5,5,0.2,0.2,0.2,4620,0.254,0.06,0.01,1,3065,3000,4400,4000,3500,1.8541,1.5339999,1000,1400,2300,3948.356,0.7,0,1.5,1,0,40,60,1.1,100,0,0,0,0,0,0,0.02,0.02,0.2,1.25,0,0,0,200,50,0,0,200,200,50,0,0,0,0,0,0,0,0,0,0,0,0,0,1,0,0,0,0
1361,7,cn-server-capture,1.1,2000,1.32,500,350,2,2,1,1,0,1,100,3,0.669,2300,1825,2070,1415,10,25.21,5,5,0.2,0.2,0.2,4620,0.254,0.06,0.01,3730,3065,3000,4400,4000,3500,1.8541,1.5339999,1000,1400,2300,3948.356,0.7,0,1.5,1,0,40,60,1.1,100,0,0,0,0,0,0,0.02,0.02,0.2,1.25,0,0,0,200,50,0,0,200,200,50,0,0,0,0,0,0,0,0,0,0,0,0,0,1,0,0,0,0
1362,4,cn-server-capture,1.15,2000,1.31,500,300,2,3,2,1,0,1,100,3,0.67,2302,1825,2070,1415,10,25.17,5,5,0.2,0.2,0.2,4440,0.252,0.06,0.01,1,2970,3000,4200,4000,3500,1.8499,1.494,1400,1000,3936.0186,2302,0,1,1.5,1,0,40,60,1.1,100,0,0,0,0,0,0,0.02,0.02,0.2,1.25,0,0,0,200,50,0,0,200,200,50,0,0,0,0,0,0,0,0,0,0,0,0,0,1,0,0,0,0
1362,7,cn-server-capture,1.15,2000,1.31,500,300,2,3,2,1,0,1,100,3,0.67,2302,1825,2070,1415,10,25.17,5,5,0.2,0.2,0.2,4440,0.252,0.06,0.01,4000,2970,3000,4200,4000,3500,1.8499,1.494,1400,1000,3936.0186,2302,0,1,1.5,1,0,40,60,1.1,100,0,0,0,0,0,0,0.02,0.02,0.2,1.25,0,0,0,200,50,0,0,200,200,50,0,0,0,0,0,0,0,0,0,0,0,0,0,1,0,0,0,0
1364,4,cn-server-capture,1.1,2000,1.4,500,350,2,2,1,1,0,1,100,3,0.667,2304,1825,2070,1415,10,24.68,5,5,0.2,0.2,0.2,4640,0.254,0.069,0.01,1,2950,3000,4350,4000,3500,1.8514999,1.494,1000,1500,2304,3745.588,0.5,0,1.5,0.91,0,20,30,1.07,100,0,0,0,0,0,0,0.02,0.06,0.15,1.17,3000,2000,600,0,50,0,3000,200,200,50,0,0,0,0,0,0,0,0,0,0,0,0,0,1,0,0,0,0
1364,7,cn-server-capture,1.1,2000,1.4,500,350,2,2,1,1,0,1,100,3,0.667,2304,1825,2070,1415,10,24.68,5,5,0.2,0.2,0.2,4640,0.254,0.069,0.01,3700,2950,3000,4350,4000,3500,1.8514999,1.494,1000,1500,2304,3745.588,0.5,0,1.5,0.91,0,20,30,1.07,100,0,0,0,0,0,0,0.02,0.06,0.15,1.17,3000,2000,600,0,50,0,3000,200,200,50,0,0,0,0,0,0,0,0,0,0,0,0,0,1,0,0,0,0
1365,4,cn-server-capture,1.1,2000,1.4,500,350,2,2,1,1,0,1,100,3,0.666,2304,1825,2070,1415,10,25.01,5,5,0.2,0.2,0.2,4700,0.254,0.069,0.01,1,3010,3000,4350,4000,3500,1.8544999,1.494,1000,1500,2304,3745.588,0.6,0,1.5,0.9,0,20,30,1.07,100,0,0,0,0,0,0,0.02,0.06,0.15,1.18,3000,2000,400,0,50,0,3000,200,200,50,0,0,0,0,0,0,0,0,0,0,0,0,0,1,0,0,0,0
1365,7,cn-server-capture,1.1,2000,1.4,500,350,2,2,1,1,0,1,100,3,0.666,2304,1825,2070,1415,10,25.01,5,5,0.2,0.2,0.2,4700,0.254,0.069,0.01,3700,3010,3000,4350,4000,3500,1.8544999,1.494,1000,1500,2304,3745.588,0.6,0,1.5,0.9,0,20,30,1.07,100,0,0,0,0,0,0,0.02,0.06,0.15,1.18,3000,2000,400,0,50,0,3000,200,200,50,0,0,0,0,0,0,0,0,0,0,0,0,0,1,0,0,0,0
1366,4,cn-server-capture,1.1,2000,1.4,500,350,2,2,1,1,0,1,100,3,0.667,2304,1825,2070,1415,10,24.59,5,5,0.2,0.2,0.2,4500,0.254,0.06,0.01,1,2920,3000,4350,4000,3500,1.8505,1.494,1000,1500,2304,3745.588,0.5,0,1.5,0.94,0,20,30,1.07,100,0,0,0,0,0,0,0.02,0.06,0.15,1.13,3000,2500,750,0,50,0,3000,200,200,50,0,0,0,0,0,0,0,0,0,0,0,0,0,1,0,0,0,0
1366,7,cn-server-capture,1.1,2000,1.4,500,350,2,2,1,1,0,1,100,3,0.667,2304,1825,2070,1415,10,24.59,5,5,0.2,0.2,0.2,4500,0.254,0.06,0.01,3700,2920,3000,4350,4000,3500,1.8505,1.494,1000,1500,2304,3745.588,0.5,0,1.5,0.94,0,20,30,1.07,100,0,0,0,0,0,0,0.02,0.06,0.15,1.13,3000,2500,750,0,50,0,3000,200,200,50,0,0,0,0,0,0,0,0,0,0,0,0,0,1,0,0,0,0
1367,4,cn-server-capture,1.1,2000,1.4,500,350,2,2,1,1,0,1,100,3,0.666,2304,1825,2070,1415,10,24.97,5,5,0.2,0.2,0.2,4620,0.252,0.06,0.01,1,2970,3000,4350,4000,3500,1.8544999,1.494,1000,1500,2304,3745.588,0.6,0,1.5,0.91,0,20,30,1.07,100,0,0,0,0,0,0,0.02,0.06,0.15,1.28,3000,1000,300,0,50,0,3000,200,200,50,0,0,0,0,0,0,0,0,0,0,0,0,0,1,0,0,0,0
1367,7,cn-server-capture,1.1,2000,1.4,500,350,2,2,1,1,0,1,100,3,0.666,2304,1825,2070,1415,10,24.97,5,5,0.2,0.2,0.2,4620,0.252,0.06,0.01,3690,2970,3000,4350,4000,3500,1.8544999,1.494,1000,1500,2304,3745.588,0.6,0,1.5,0.91,0,20,30,1.07,100,0,0,0,0,0,0,0.02,0.06,0.15,1.28,3000,1000,300,0,50,0,3000,200,200,50,0,0,0,0,0,0,0,0,0,0,0,0,0,1,0,0,0,0
1368,4,cn-server-capture,1.1,2000,1.31,500,350,2,3,2,1,0,1,100,3,0.667,2304,1825,2070,1415,10,24.93,5,5,0.2,0.2,0.2,4420,0.254,0.06,0.01,1,2800,3000,4000,4000,3500,1.8499,1.494,1550,1000,4166.053,2304,0,0,1.5,1,0,20,30,1.07,100,0,0,0,0,0,1,0,0.04,0.15,1.3,3000,1000,300,0,50,1,3000,200,160,50,0,0,0,0,0,0,0,0,0,0,0,0,0,1,0,0,0,0
1368,7,cn-server-capture,1.1,2000,1.31,500,350,2,3,2,1,0,1,100,3,0.667,2304,1825,2070,1415,10,24.93,5,5,0.2,0.2,0.2,4420,0.254,0.06,0.01,4000,2800,3000,4000,4000,3500,1.8499,1.494,1550,1000,4166.053,2304,0,0,1.5,1,0,20,30,1.07,100,0,0,0,0,0,1,0,0.04,0.15,1.3,3000,1000,300,0,50,1,3000,200,160,50,0,0,0,0,0,0,0,0,0,0,0,0,0,1,0,0,0,0
1369,4,cn-server-capture,1,0,1.4,500,350,2,2,1,1,0,1,100,3,0.69,2304,1825,2070,1415,10,24.869999,5,5,0.2,0.2,0.2,4620,0.252,0.06,0.01,1,2970,3000,4350,4000,3500,1.8544999,1.494,1000,1500,2304,3745.588,0,0,1.5,1,0,80,90,1.07,100,1,1,1,1,1,1,0.02,0.06,0.15,1.14,3000,1000,300,0,50,0,3000,200,200,50,0,0,0,0,0,0,0,0,0,0,0,0,0,1,0,0,0,0
1369,7,cn-server-capture,1,0,1.4,500,350,2,2,1,1,0,1,100,3,0.69,2304,1825,2070,1415,10,24.869999,5,5,0.2,0.2,0.2,4620,0.252,0.06,0.01,4800,2970,3000,4350,4000,3500,1.8544999,1.494,1000,1500,2304,3745.588,0,0,1.5,1,0,80,90,1.07,100,1,1,1,1,1,1,0.02,0.06,0.15,1.14,3000,1000,300,0,50,0,3000,200,200,50,0,0,0,0,0,0,0,0,0,0,0,0,0,1,0,0,0,0
1370,4,cn-server-capture,1.1,2000,1.4,500,350,2,2,1,1,0,1,100,3,0.666,2304,1825,2070,1415,10,24.99,5,5,0.2,0.2,0.2,4630,0.252,0.06,0.01,1,2990,3000,4370,4000,3500,1.8575,1.494,1000,1500,2304,3745.588,0.6,0,1.5,0.94,0,20,30,1.07,100,0,0,0,0,0,0,0.02,0.06,0.15,1.29,3000,1020,204,0,50,0,3000,200,200,50,0,0,0,0,0,0,0,0,0,0,0,0,0,1,0,0,0,0
1370,7,cn-server-capture,1.1,2000,1.4,500,350,2,2,1,1,0,1,100,3,0.666,2304,1825,2070,1415,10,24.99,5,5,0.2,0.2,0.2,4630,0.252,0.06,0.01,3780,2990,3000,4370,4000,3500,1.8575,1.494,1000,1500,2304,3745.588,0.6,0,1.5,0.94,0,20,30,1.07,100,0,0,0,0,0,0,0.02,0.06,0.15,1.29,3000,1020,204,0,50,0,3000,200,200,50,0,0,0,0,0,0,0,0,0,0,0,0,0,1,0,0,0,0
1371,4,cn-server-capture,1.1,2000,1.4,500,350,2,2,1,1,0,1,100,3,0.667,2304,1825,2070,1415,10,24.97,5,5,0.2,0.2,0.2,4610,0.254,0.06,0.01,1,2920,3000,4350,4000,3500,1.8514999,1.494,1000,1500,2304,3745.588,0.5,0,1.5,0.91,0,20,30,1.07,100,0,0,0,0,0,0,0.02,0.06,0.15,1.14,3000,2500,500,0,50,0,3000,200,200,50,0,0,0,0,0,0,0,0,0,0,0,0,0,1,0,0,0,0
1371,7,cn-server-capture,1.1,2000,1.4,500,350,2,2,1,1,0,1,100,3,0.667,2304,1825,2070,1415,10,24.97,5,5,0.2,0.2,0.2,4610,0.254,0.06,0.01,3740,2920,3000,4350,4000,3500,1.8514999,1.494,1000,1500,2304,3745.588,0.5,0,1.5,0.91,0,20,30,1.07,100,0,0,0,0,0,0,0.02,0.06,0.15,1.14,3000,2500,500,0,50,0,3000,200,200,50,0,0,0,0,0,0,0,0,0,0,0,0,0,1,0,0,0,0
1372,4,cn-server-capture,1.1,2000,1.4,500,350,2,2,1,1,0,1,100,3,0.666,2304,1825,2070,1415,10,24.98,5,5,0.2,0.2,0.2,4720,0.252,0.06,0.01,1,3010,3000,4400,4000,3500,1.8549,1.494,1000,1500,2304,3745.588,0.6,0,1.5,0.89,0,20,30,1.07,100,0,0,0,0,0,0,0.022,0.06,0.15,1.14,3000,2500,500,0,50,0,3000,200,200,50,0,0,0,0,0,0,0,0,0,0,0,0,0,1,0,0,0,0
1372,7,cn-server-capture,1.1,2000,1.4,500,350,2,2,1,1,0,1,100,3,0.666,2304,1825,2070,1415,10,24.98,5,5,0.2,0.2,0.2,4720,0.252,0.06,0.01,3690,3010,3000,4400,4000,3500,1.8549,1.494,1000,1500,2304,3745.588,0.6,0,1.5,0.89,0,20,30,1.07,100,0,0,0,0,0,0,0.022,0.06,0.15,1.14,3000,2500,500,0,50,0,3000,200,200,50,0,0,0,0,0,0,0,0,0,0,0,0,0,1,0,0,0,0
1375,4,cn-server-capture,1.1,2000,1.31,500,350,2,3,2,1,0,1,100,3,0.667,2304,1825,2070,1415,10,24.98,5,5,0.2,0.2,0.2,4420,0.254,0.06,0.01,1,2800,3000,4000,4000,3500,1.8499,1.494,1550,1000,4166.053,2304,0,0,1.5,1,0,20,30,1.07,100,0,0,0,0,0,0,0,0.04,0.15,1.3,3000,1100,330,0,50,1,3000,200,160,50,0,0,0,0,0,0,0,0,0,0,0,0,0,1,0,0,0,0
1375,7,cn-server-capture,1.1,2000,1.31,500,350,2,3,2,1,0,1,100,3,0.667,2304,1825,2070,1415,10,24.98,5,5,0.2,0.2,0.2,4420,0.254,0.06,0.01,4000,2800,3000,4000,4000,3500,1.8499,1.494,1550,1000,4166.053,2304,0,0,1.5,1,0,20,30,1.07,100,0,0,0,0,0,0,0,0.04,0.15,1.3,3000,1100,330,0,50,1,3000,200,160,50,0,0,0,0,0,0,0,0,0,0,0,0,0,1,0,0,0,0
1376,4,cn-server-capture,1.1,2000,1.4,500,350,2,2,1,1,0,1,100,3,0.667,2304,1825,2070,1415,10,24.91,5,5,0.2,0.2,0.2,4620,0.252,0.06,0.01,1,2980,3000,4380,4000,3500,1.8544999,1.494,1000,1500,2304,3745.588,0.6,0,1.5,0.75,0,20,30,1.07,100,0,0,0,0,0,0,0.018,0.06,0.2,1.29,2000,1020,204,0,50,0,2000,150,200,50,0,0,0,0,0,0,0,0,0,0,0,0,0,1,0,0,0,0
1376,7,cn-server-capture,1.1,2000,1.4,500,350,2,2,1,1,0,1,100,3,0.667,2304,1825,2070,1415,10,24.91,5,5,0.2,0.2,0.2,4620,0.252,0.06,0.01,3780,2980,3000,4380,4000,3500,1.8544999,1.494,1000,1500,2304,3745.588,0.6,0,1.5,0.75,0,20,30,1.07,100,0,0,0,0,0,0,0.018,0.06,0.2,1.29,2000,1020,204,0,50,0,2000,150,200,50,0,0,0,0,0,0,0,0,0,0,0,0,0,1,0,0,0,0
1379,4,cn-server-capture,1.1,2000,1.4,500,350,2,2,1,1,0,1,100,3,0.666,2304,1825,2070,1415,10,24.97,5,5,0.2,0.2,0.2,4720,0.252,0.06,0.01,1,3060,3000,4400,4000,3500,1.8544999,1.5339999,1000,1400,2304,3955.556,0.7,0,1.5,0.9,0,20,30,1.07,100,0,0,0,0,0,0,0.017,0.06,0.15,1.14,3000,3000,600,0,50,0,3000,200,200,50,0,0,0,0,0,0,0,0,0,0,0,0,0,1,0,0,0,0
1379,7,cn-server-capture,1.1,2000,1.4,500,350,2,2,1,1,0,1,100,3,0.666,2304,1825,2070,1415,10,24.97,5,5,0.2,0.2,0.2,4720,0.252,0.06,0.01,3740,3060,3000,4400,4000,3500,1.8544999,1.5339999,1000,1400,2304,3955.556,0.7,0,1.5,0.9,0,20,30,1.07,100,0,0,0,0,0,0,0.017,0.06,0.15,1.14,3000,3000,600,0,50,0,3000,200,200,50,0,0,0,0,0,0,0,0,0,0,0,0,0,1,0,0,0,0
1380,4,cn-server-capture,1.1,2000,1.31,500,350,2,3,2,1,0,1,100,3,0.667,2304,1825,2070,1415,10,24.59,5,5,0.2,0.2,0.2,4620,0.254,0.06,0.01,1,2980,3000,4300,4000,3500,1.8499,1.494,1500,1500,4166.053,3745.588,0.6,0,1.5,1,0,20,30,1.07,100,0,0,0,0,0,1,0.02,0.06,0.15,1.13,3000,2500,750,0,50,1,3000,200,200,50,0,0,0,0,0,0,0,0,0,0,0,0,0,1,0,0,0,0
1380,7,cn-server-capture,1.1,2000,1.31,500,350,2,3,2,1,0,1,100,3,0.667,2304,1825,2070,1415,10,24.59,5,5,0.2,0.2,0.2,4620,0.254,0.06,0.01,3820,2980,3000,4300,4000,3500,1.8499,1.494,1500,1500,4166.053,3745.588,0.6,0,1.5,1,0,20,30,1.07,100,0,0,0,0,0,1,0.02,0.06,0.15,1.13,3000,2500,750,0,50,1,3000,200,200,50,0,0,0,0,0,0,0,0,0,0,0,0,0,1,0,0,0,0
1381,4,cn-server-capture,1.1,2000,1.4,500,350,2,2,1,1,0,1,100,3,0.667,2304,1825,2070,1415,10,25.05,5,5,0.2,0.2,0.2,4650,0.252,0.06,0.01,1,2970,3000,4350,4000,3500,1.8544999,1.494,1000,1500,2304,3745.588,0.6,0,1.5,0.86,0,20,30,1.07,100,0,0,0,0,0,1,0.02,0.06,0.15,1.14,3000,2500,500,0,50,0,3000,200,200,50,0,0,0,0,0,0,0,0,0,0,0,0,0,1,0,0,0,0
1381,7,cn-server-capture,1.1,2000,1.4,500,350,2,2,1,1,0,1,100,3,0.667,2304,1825,2070,1415,10,25.05,5,5,0.2,0.2,0.2,4650,0.252,0.06,0.01,3740,2970,3000,4350,4000,3500,1.8544999,1.494,1000,1500,2304,3745.588,0.6,0,1.5,0.86,0,20,30,1.07,100,0,0,0,0,0,1,0.02,0.06,0.15,1.14,3000,2500,500,0,50,0,3000,200,200,50,0,0,0,0,0,0,0,0,0,0,0,0,0,1,0,0,0,0
1382,4,cn-server-capture,1.1,2000,1.4,500,350,2,2,1,1,0,1,100,3,0.667,2304,1825,2070,1415,10,24.69,5,5,0.2,0.2,0.2,4560,0.254,0.06,0.01,1,2920,3000,4320,4000,3500,1.8555,1.494,1000,1500,2304,3745.588,0.5,0,1.5,0.89,0,20,30,1.07,100,0,0,0,0,0,0,0.022,0.06,0.15,1.29,3000,1020,306,0,50,0,3000,200,200,50,0,0,0,0,0,0,0,0,0,0,0,0,0,1,0,0,0,0
1382,7,cn-server-capture,1.1,2000,1.4,500,350,2,2,1,1,0,1,100,3,0.667,2304,1825,2070,1415,10,24.69,5,5,0.2,0.2,0.2,4560,0.254,0.06,0.01,3720,2920,3000,4320,4000,3500,1.8555,1.494,1000,1500,2304,3745.588,0.5,0,1.5,0.89,0,20,30,1.07,100,0,0,0,0,0,0,0.022,0.06,0.15,1.29,3000,1020,306,0,50,0,3000,200,200,50,0,0,0,0,0,0,0,0,0,0,0,0,0,1,0,0,0,0
1383,4,cn-server-capture,1.1,2000,1.4,500,350,2,2,1,1,0,1,100,3,0.666,2304,1825,2070,1415,10,25.04,5,5,0.2,0.2,0.2,4680,0.254,0.06,0.01,1,3010,3000,4380,4000,3500,1.8544999,1.494,1000,1500,2304,3745.588,0.6,0,1.5,0.9,0,20,30,1.07,100,0,0,0,0,0,0,0.02,0.06,0.15,1.18,3000,2000,400,0,50,0,3000,200,200,50,0,0,0,0,0,0,0,0,0,0,0,0,0,1,0,0,0,0
1383,7,cn-server-capture,1.1,2000,1.4,500,350,2,2,1,1,0,1,100,3,0.666,2304,1825,2070,1415,10,25.04,5,5,0.2,0.2,0.2,4680,0.254,0.06,0.01,3680,3010,3000,4380,4000,3500,1.8544999,1.494,1000,1500,2304,3745.588,0.6,0,1.5,0.9,0,20,30,1.07,100,0,0,0,0,0,0,0.02,0.06,0.15,1.18,3000,2000,400,0,50,0,3000,200,200,50,0,0,0,0,0,0,0,0,0,0,0,0,0,1,0,0,0,0
1384,4,cn-server-capture,1.1,2000,1.31,500,350,2,3,2,1,0,1,100,3,0.667,2304,1825,2070,1415,10,24.91,5,5,0.2,0.2,0.2,4420,0.254,0.06,0.01,1,2800,3000,4000,4000,3500,1.8499,1.494,1550,1000,4166.053,2304,0,0,1.5,1,0,20,30,1.07,100,0,0,0,0,0,1,0,0.04,0.15,1.3,3000,1000,300,0,50,1,3000,200,160,50,0,0,0,0,0,0,0,0,0,0,0,0,0,1,0,0,0,0
1384,7,cn-server-capture,1.1,2000,1.31,500,350,2,3,2,1,0,1,100,3,0.667,2304,1825,2070,1415,10,24.91,5,5,0.2,0.2,0.2,4420,0.254,0.06,0.01,4000,2800,3000,4000,4000,3500,1.8499,1.494,1550,1000,4166.053,2304,0,0,1.5,1,0,20,30,1.07,100,0,0,0,0,0,1,0,0.04,0.15,1.3,3000,1000,300,0,50,1,3000,200,160,50,0,0,0,0,0,0,0,0,0,0,0,0,0,1,0,0,0,0
1385,4,cn-server-capture,1.1,2000,1.4,500,350,2,2,1,1,0,1,100,3,0.666,2304,1825,2070,1415,10,24.99,5,5,0.2,0.2,0.2,4700,0.252,0.06,0.01,1,2990,3000,4350,4000,3500,1.8575,1.494,1000,1500,2304,3745.588,0.6,0,1.5,0.9,0,20,30,1.07,100,0,0,0,0,0,0,0.02,0.06,0.15,1.29,3000,1020,204,0,50,0,3000,200,200,50,0,0,0,0,0,0,0,0,0,0,0,0,0,1,0,0,0,0
1385,7,cn-server-capture,1.1,2000,1.4,500,350,2,2,1,1,0,1,100,3,0.666,2304,1825,2070,1415,10,24.99,5,5,0.2,0.2,0.2,4700,0.252,0.06,0.01,3800,2990,3000,4350,4000,3500,1.8575,1.494,1000,1500,2304,3745.588,0.6,0,1.5,0.9,0,20,30,1.07,100,0,0,0,0,0,0,0.02,0.06,0.15,1.29,3000,1020,204,0,50,0,3000,200,200,50,0,0,0,0,0,0,0,0,0,0,0,0,0,1,0,0,0,0
1386,4,cn-server-capture,1,0,1.4,500,350,2,2,1,1,0,1,100,3,0.69,2304,1825,2070,1415,10,25.22,5,5,0.2,0.2,0.2,4810,0.252,0.06,0.01,1,3065,3000,4350,4000,3500,1.8580999,1.494,1000,1500,2304,3745.588,0,0,1.5,1,0,80,90,1.07,100,1,1,1,1,1,1,0.02,0.06,0.15,1.14,3000,1000,300,0,50,0,3000,200,200,50,0,0,0,0,0,0,0,0,0,0,0,0,0,1,0,0,0,0
1386,7,cn-server-capture,1,0,1.4,500,350,2,2,1,1,0,1,100,3,0.69,2304,1825,2070,1415,10,25.22,5,5,0.2,0.2,0.2,4810,0.252,0.06,0.01,4800,3065,3000,4350,4000,3500,1.8580999,1.494,1000,1500,2304,3745.588,0,0,1.5,1,0,80,90,1.07,100,1,1,1,1,1,1,0.02,0.06,0.15,1.14,3000,1000,300,0,50,0,3000,200,200,50,0,0,0,0,0,0,0,0,0,0,0,0,0,1,0,0,0,0
1387,4,cn-server-capture,1.1,2000,1.4,500,350,2,2,1,1,0,1,100,3,0.666,2304,1825,2070,1415,10,25.21,5,5,0.2,0.2,0.2,4810,0.252,0.06,0.01,1,3065,3000,4350,4000,3500,1.8577,1.5339999,1000,1400,2304,3955.556,0.7,0,1.5,0.96,0,20,30,1.07,100,0,0,0,0,0,0,0.02,0.06,0.15,1.14,3000,2500,500,0,50,0,3000,200,200,50,0,0,0,0,0,0,0,0,0,0,0,0,0,1,0,0,0,0
1387,7,cn-server-capture,1.1,2000,1.4,500,350,2,2,1,1,0,1,100,3,0.666,2304,1825,2070,1415,10,25.21,5,5,0.2,0.2,0.2,4810,0.252,0.06,0.01,3800,3065,3000,4350,4000,3500,1.8577,1.5339999,1000,1400,2304,3955.556,0.7,0,1.5,0.96,0,20,30,1.07,100,0,0,0,0,0,0,0.02,0.06,0.15,1.14,3000,2500,500,0,50,0,3000,200,200,50,0,0,0,0,0,0,0,0,0,0,0,0,0,1,0,0,0,0
1388,4,cn-server-capture,1.1,2000,1.31,500,350,2,3,2,1,0,1,100,3,0.667,2304,1825,2070,1415,10,25.21,5,5,0.2,0.2,0.2,4630,0.254,0.06,0.01,1,2970,3000,4100,4000,3500,1.8544999,1.494,1550,1000,4166.053,2304,0,0,1.5,1,0,20,30,1.07,100,0,0,0,0,0,0,0,0.04,0.15,1.3,3000,1000,300,0,50,1,3000,200,160,50,0,0,0,0,0,0,0,0,0,0,0,0,0,1,0,0,0,0
1388,7,cn-server-capture,1.1,2000,1.31,500,350,2,3,2,1,0,1,100,3,0.667,2304,1825,2070,1415,10,25.21,5,5,0.2,0.2,0.2,4630,0.254,0.06,0.01,4000,2970,3000,4100,4000,3500,1.8544999,1.494,1550,1000,4166.053,2304,0,0,1.5,1,0,20,30,1.07,100,0,0,0,0,0,0,0,0.04,0.15,1.3,3000,1000,300,0,50,1,3000,200,160,50,0,0,0,0,0,0,0,0,0,0,0,0,0,1,0,0,0,0
1389,4,cn-server-capture,1.1,2000,1.4,500,350,2,2,1,1,0,1,100,3,0.666,2304,1825,2070,1415,10,24.89,5,5,0.2,0.2,0.2,4640,0.252,0.06,0.01,1,2980,3000,4350,4000,3500,1.8547,1.494,1000,1500,2304,3745.588,0.6,0,1.5,0.9,0,20,30,1.07,100,0,0,0,0,0,0,0.02,0.06,0.15,1.14,3000,2500,750,0,50,0,3000,200,200,50,0,0,0,0,0,0,0,0,0,0,0,0,0,1,0,0,0,0
1389,7,cn-server-capture,1.1,2000,1.4,500,350,2,2,1,1,0,1,100,3,0.666,2304,1825,2070,1415,10,24.89,5,5,0.2,0.2,0.2,4640,0.252,0.06,0.01,3770,2980,3000,4350,4000,3500,1.8547,1.494,1000,1500,2304,3745.588,0.6,0,1.5,0.9,0,20,30,1.07,100,0,0,0,0,0,0,0.02,0.06,0.15,1.14,3000,2500,750,0,50,0,3000,200,200,50,0,0,0,0,0,0,0,0,0,0,0,0,0,1,0,0,0,0
1390,4,cn-server-capture,1.1,2000,1.31,500,350,2,3,2,1,0,1,100,3,0.667,2304,1825,2070,1415,10,24.98,5,5,0.2,0.2,0.2,4420,0.254,0.06,0.01,1,2800,3000,4000,4000,3500,1.8499,1.494,1550,1000,4166.053,2304,0,0,1.5,1,0,20,30,1.07,100,0,0,0,0,0,1,0,0.04,0.15,1.3,3000,1000,300,0,50,1,3000,200,160,50,0,0,0,0,0,0,0,0,0,0,0,0,0,1,0,0,0,0
1390,7,cn-server-capture,1.1,2000,1.31,500,350,2,3,2,1,0,1,100,3,0.667,2304,1825,2070,1415,10,24.98,5,5,0.2,0.2,0.2,4420,0.254,0.06,0.01,4000,2800,3000,4000,4000,3500,1.8499,1.494,1550,1000,4166.053,2304,0,0,1.5,1,0,20,30,1.07,100,0,0,0,0,0,1,0,0.04,0.15,1.3,3000,1000,300,0,50,1,3000,200,160,50,0,0,0,0,0,0,0,0,0,0,0,0,0,1,0,0,0,0
1391,4,cn-server-capture,1.1,2000,1.4,500,350,2,2,1,1,0,1,100,3,0.666,2304,1825,2070,1415,10,25,5,5,0.2,0.2,0.2,4680,0.254,0.06,0.01,1,3010,3000,4380,4000,3500,1.8546,1.494,1000,1500,2304,3745.588,0.6,0,1.5,0.87,0,20,30,1.07,100,0,0,0,0,0,0,0.02,0.06,0.15,1.14,3000,2500,500,0,50,0,3000,200,200,50,0,0,0,0,0,0,0,0,0,0,0,0,0,1,0,0,0,0
1391,7,cn-server-capture,1.1,2000,1.4,500,350,2,2,1,1,0,1,100,3,0.666,2304,1825,2070,1415,10,25,5,5,0.2,0.2,0.2,4680,0.254,0.06,0.01,3760,3010,3000,4380,4000,3500,1.8546,1.494,1000,1500,2304,3745.588,0.6,0,1.5,0.87,0,20,30,1.07,100,0,0,0,0,0,0,0.02,0.06,0.15,1.14,3000,2500,500,0,50,0,3000,200,200,50,0,0,0,0,0,0,0,0,0,0,0,0,0,1,0,0,0,0
1393,4,cn-server-capture,1.1,2000,1.4,500,350,2,2,1,1,0,1,100,3,0.666,2306,1825,2070,1415,10,25.01,5,5,0.2,0.2,0.2,4740,0.254,0.06,0.01,1,3010,3000,4400,4000,3500,1.8550999,1.494,1000,1500,2306,3748.988,0.6,0,1.5,0.89,0,20,30,1.07,100,0,0,0,0,0,0,0.022,0.06,0.15,1.18,3000,2000,400,0,50,0,3000,200,200,50,0,0,0,0,0,0,0,0,0,0,0,0,0,1,0,0,0,0
1393,7,cn-server-capture,1.1,2000,1.4,500,350,2,2,1,1,0,1,100,3,0.666,2306,1825,2070,1415,10,25.01,5,5,0.2,0.2,0.2,4740,0.254,0.06,0.01,3790,3010,3000,4400,4000,3500,1.8550999,1.494,1000,1500,2306,3748.988,0.6,0,1.5,0.89,0,20,30,1.07,100,0,0,0,0,0,0,0.022,0.06,0.15,1.18,3000,2000,400,0,50,0,3000,200,200,50,0,0,0,0,0,0,0,0,0,0,0,0,0,1,0,0,0,0
1394,4,cn-server-capture,1.1,2000,1.4,500,350,2,2,1,1,0,1,100,3,0.666,2304,1825,2070,1415,10,25.02,5,5,0.2,0.2,0.2,4680,0.254,0.069,0.01,1,3010,3000,4350,4000,3500,1.8544999,1.494,1000,1500,2304,3745.588,0.6,0,1.5,0.91,0,20,30,1.07,100,0,0,0,0,0,0,0.02,0.06,0.15,1.18,3000,2000,400,0,50,0,3000,200,200,50,0,0,0,0,0,0,0,0,0,0,0,0,0,1,0,0,0,0
1394,7,cn-server-capture,1.1,2000,1.4,500,350,2,2,1,1,0,1,100,3,0.666,2304,1825,2070,1415,10,25.02,5,5,0.2,0.2,0.2,4680,0.254,0.069,0.01,3800,3010,3000,4350,4000,3500,1.8544999,1.494,1000,1500,2304,3745.588,0.6,0,1.5,0.91,0,20,30,1.07,100,0,0,0,0,0,0,0.02,0.06,0.15,1.18,3000,2000,400,0,50,0,3000,200,200,50,0,0,0,0,0,0,0,0,0,0,0,0,0,1,0,0,0,0
1395,4,cn-server-capture,1.1,2000,1.31,500,350,2,3,2,1,0,1,100,3,0.667,2304,1825,2070,1415,10,24.97,5,5,0.2,0.2,0.2,4420,0.254,0.06,0.01,1,2800,3000,4000,4000,3500,1.8499,1.494,1550,1000,4166.053,2304,0,0,1.5,1,0,20,30,1.07,100,0,0,0,0,0,0,0,0.04,0.15,1.3,3000,1000,300,0,50,1,3000,200,160,50,0,0,0,0,0,0,0,0,0,0,0,0,0,1,0,0,0,0
1395,7,cn-server-capture,1.1,2000,1.31,500,350,2,3,2,1,0,1,100,3,0.667,2304,1825,2070,1415,10,24.97,5,5,0.2,0.2,0.2,4420,0.254,0.06,0.01,4000,2800,3000,4000,4000,3500,1.8499,1.494,1550,1000,4166.053,2304,0,0,1.5,1,0,20,30,1.07,100,0,0,0,0,0,0,0,0.04,0.15,1.3,3000,1000,300,0,50,1,3000,200,160,50,0,0,0,0,0,0,0,0,0,0,0,0,0,1,0,0,0,0
1396,4,cn-server-capture,1.1,2000,1.4,500,350,2,2,1,1,0,1,100,3,0.667,2304,1825,2070,1415,10,24.85,5,5,0.2,0.2,0.2,4640,0.254,0.06,0.01,1,2980,3000,4320,4000,3500,1.8543,1.494,1000,1500,2304,3745.588,0.6,0,1.5,1,0,20,30,1.07,100,0,0,0,0,1,1,0.02,0.06,0.15,1.27,3000,1000,200,0,50,0,3000,200,200,50,0,0,0,0,0,0,0,0,0,0,0,0,0,1,0,0,0,0
1396,7,cn-server-capture,1.1,2000,1.4,500,350,2,2,1,1,0,1,100,3,0.667,2304,1825,2070,1415,10,24.85,5,5,0.2,0.2,0.2,4640,0.254,0.06,0.01,3860,2980,3000,4320,4000,3500,1.8543,1.494,1000,1500,2304,3745.588,0.6,0,1.5,1,0,20,30,1.07,100,0,0,0,0,1,1,0.02,0.06,0.15,1.27,3000,1000,200,0,50,0,3000,200,200,50,0,0,0,0,0,0,0,0,0,0,0,0,0,1,0,0,0,0
1397,4,cn-server-capture,1.1,2000,1.4,500,350,2,2,1,1,0,1,100,3,0.667,2304,1825,2070,1415,10,24.8,5,5,0.2,0.2,0.2,4650,0.254,0.06,0.01,1,2970,3000,4320,4000,3500,1.85471,1.494,1000,1500,2304,3745.588,0.6,0,1.5,1,0,20,30,1.07,100,0,0,0,0,1,1,0.022,0.06,0.15,1.27,3000,1000,200,0,50,0,3000,200,200,50,0,0,0,0,0,0,0,0,0,0,0,0,0,1,0,0,0,0
1397,7,cn-server-capture,1.1,2000,1.4,500,350,2,2,1,1,0,1,100,3,0.667,2304,1825,2070,1415,10,24.8,5,5,0.2,0.2,0.2,4650,0.254,0.06,0.01,3850,2970,3000,4320,4000,3500,1.85471,1.494,1000,1500,2304,3745.588,0.6,0,1.5,1,0,20,30,1.07,100,0,0,0,0,1,1,0.022,0.06,0.15,1.27,3000,1000,200,0,50,0,3000,200,200,50,0,0,0,0,0,0,0,0,0,0,0,0,0,1,0,0,0,0
1398,4,cn-server-capture,1.1,2000,1.4,500,350,2,2,1,1,0,1,100,3,0.666,2304,1825,2070,1415,10,24.89,5,5,0.2,0.2,0.2,4720,0.252,0.06,0.01,1,2990,3000,4380,4000,3500,1.8544999,1.494,1000,1500,2304,3745.588,0.6,0,1.5,0.9,0,20,30,1.07,100,0,0,0,0,0,0,0.022,0.06,0.15,1.14,3000,2500,500,0,50,0,3000,200,200,50,0,0,0,0,0,0,0,0,0,0,0,0,0,1,0,0,0,0
1398,7,cn-server-capture,1.1,2000,1.4,500,350,2,2,1,1,0,1,100,3,0.666,2304,1825,2070,1415,10,24.89,5,5,0.2,0.2,0.2,4720,0.252,0.06,0.01,3800,2990,3000,4380,4000,3500,1.8544999,1.494,1000,1500,2304,3745.588,0.6,0,1.5,0.9,0,20,30,1.07,100,0,0,0,0,0,0,0.022,0.06,0.15,1.14,3000,2500,500,0,50,0,3000,200,200,50,0,0,0,0,0,0,0,0,0,0,0,0,0,1,0,0,0,0
1399,4,cn-server-capture,1.1,2000,1.31,500,350,2,3,2,1,0,1,100,3,0.667,2304,1825,2070,1415,10,25.05,5,5,0.2,0.2,0.2,4420,0.254,0.06,0.01,1,2800,3000,4000,4000,3500,1.8499,1.494,1550,1000,4166.053,2304,0,0,1.5,1,0,20,30,1.07,100,0,0,0,0,0,1,0,0.04,0.15,1.3,3000,1000,300,0,50,1,3000,200,160,50,0,0,0,0,0,0,0,0,0,0,0,0,0,1,0,0,0,0
1399,7,cn-server-capture,1.1,2000,1.31,500,350,2,3,2,1,0,1,100,3,0.667,2304,1825,2070,1415,10,25.05,5,5,0.2,0.2,0.2,4420,0.254,0.06,0.01,4000,2800,3000,4000,4000,3500,1.8499,1.494,1550,1000,4166.053,2304,0,0,1.5,1,0,20,30,1.07,100,0,0,0,0,0,1,0,0.04,0.15,1.3,3000,1000,300,0,50,1,3000,200,160,50,0,0,0,0,0,0,0,0,0,0,0,0,0,1,0,0,0,0
1400,4,cn-server-capture,1.1,2000,1.4,500,350,2,2,1,1,0,1,100,3,0.666,2304,1825,2070,1415,10,25.03,5,5,0.2,0.2,0.2,4680,0.252,0.06,0.01,1,2990,3000,4350,4000,3500,1.8575,1.494,1000,1500,2304,3745.588,0.6,0,1.5,0.89,0,20,30,1.07,100,0,0,0,0,0,0,0.02,0.06,0.15,1.29,3000,1040,208,0,50,0,3000,200,200,50,0,0,0,0,0,0,0,0,0,0,0,0,0,1,0,0,0,0
1400,7,cn-server-capture,1.1,2000,1.4,500,350,2,2,1,1,0,1,100,3,0.666,2304,1825,2070,1415,10,25.03,5,5,0.2,0.2,0.2,4680,0.252,0.06,0.01,3760,2990,3000,4350,4000,3500,1.8575,1.494,1000,1500,2304,3745.588,0.6,0,1.5,0.89,0,20,30,1.07,100,0,0,0,0,0,0,0.02,0.06,0.15,1.29,3000,1040,208,0,50,0,3000,200,200,50,0,0,0,0,0,0,0,0,0,0,0,0,0,1,0,0,0,0
1401,4,cn-server-capture,1.1,2000,1.4,500,350,2,2,1,1,0,1,100,3,0.666,2304,1825,2070,1415,10,25.31,5,5,0.2,0.2,0.2,4810,0.252,0.06,0.01,1,3065,3000,4350,4000,3500,1.8577,1.5339999,1000,1400,2304,3955.556,0.7,0,1.5,0.89,0,20,30,1.07,100,0,0,0,0,0,0,0.02,0.06,0.15,1.18,3000,2000,400,0,50,0,3000,200,200,50,0,0,0,0,0,0,0,0,0,0,0,0,0,1,0,0,0,0
1401,7,cn-server-capture,1.1,2000,1.4,500,350,2,2,1,1,0,1,100,3,0.666,2304,1825,2070,1415,10,25.31,5,5,0.2,0.2,0.2,4810,0.252,0.06,0.01,3810,3065,3000,4350,4000,3500,1.8577,1.5339999,1000,1400,2304,3955.556,0.7,0,1.5,0.89,0,20,30,1.07,100,0,0,0,0,0,0,0.02,0.06,0.15,1.18,3000,2000,400,0,50,0,3000,200,200,50,0,0,0,0,0,0,0,0,0,0,0,0,0,1,0,0,0,0
1402,4,cn-server-capture,1.1,2000,1.31,500,350,2,3,2,1,0,1,100,3,0.667,2304,1825,2070,1415,10,25.23,5,5,0.2,0.2,0.2,4630,0.254,0.06,0.01,1,2970,3000,4100,4000,3500,1.8544999,1.494,1550,1000,4166.053,2304,0,0,1.5,1,0,20,30,1.07,100,0,0,0,0,0,1,0,0.04,0.15,1.3,3000,1000,300,0,50,1,3000,200,160,50,0,0,0,0,0,0,0,0,0,0,0,0,0,1,0,0,0,0
1402,7,cn-server-capture,1.1,2000,1.31,500,350,2,3,2,1,0,1,100,3,0.667,2304,1825,2070,1415,10,25.23,5,5,0.2,0.2,0.2,4630,0.254,0.06,0.01,4000,2970,3000,4100,4000,3500,1.8544999,1.494,1550,1000,4166.053,2304,0,0,1.5,1,0,20,30,1.07,100,0,0,0,0,0,1,0,0.04,0.15,1.3,3000,1000,300,0,50,1,3000,200,160,50,0,0,0,0,0,0,0,0,0,0,0,0,0,1,0,0,0,0
1403,4,cn-server-capture,1.1,2000,1.4,500,350,2,2,1,1,0,1,100,3,0.667,2304,1825,2070,1415,10,24.79,5,5,0.2,0.2,0.2,4640,0.254,0.06,0.01,1,3000,3000,4350,4000,3500,1.85391,1.494,1000,1500,2304,3745.588,0.6,0,1.5,1,0,20,30,1.07,100,0,0,0,0,1,1,0.02,0.06,0.15,1.14,3000,2500,500,0,50,0,3000,200,200,50,0,0,0,0,0,0,0,0,0,0,0,0,0,1,0,0,0,0
1403,7,cn-server-capture,1.1,2000,1.4,500,350,2,2,1,1,0,1,100,3,0.667,2304,1825,2070,1415,10,24.79,5,5,0.2,0.2,0.2,4640,0.254,0.06,0.01,3860,3000,3000,4350,4000,3500,1.85391,1.494,1000,1500,2304,3745.588,0.6,0,1.5,1,0,20,30,1.07,100,0,0,0,0,1,1,0.02,0.06,0.15,1.14,3000,2500,500,0,50,0,3000,200,200,50,0,0,0,0,0,0,0,0,0,0,0,0,0,1,0,0,0,0
1404,4,cn-server-capture,1.1,2000,1.31,500,350,2,3,2,1,0,1,100,3,0.667,2304,1825,2070,1415,10,24.85,5,5,0.2,0.2,0.2,4420,0.254,0.06,0.01,1,2800,3000,4000,4000,3500,1.8499,1.494,1550,1000,4166.053,2304,0,0,1.5,1,0,20,30,1.07,100,0,0,0,0,1,1,0,0.04,0.15,1.3,3000,1000,300,0,50,1,3000,200,160,50,0,0,0,0,0,0,0,0,0,0,0,0,0,1,0,0,0,0
1404,7,cn-server-capture,1.1,2000,1.31,500,350,2,3,2,1,0,1,100,3,0.667,2304,1825,2070,1415,10,24.85,5,5,0.2,0.2,0.2,4420,0.254,0.06,0.01,4000,2800,3000,4000,4000,3500,1.8499,1.494,1550,1000,4166.053,2304,0,0,1.5,1,0,20,30,1.07,100,0,0,0,0,1,1,0,0.04,0.15,1.3,3000,1000,300,0,50,1,3000,200,160,50,0,0,0,0,0,0,0,0,0,0,0,0,0,1,0,0,0,0
1405,4,cn-server-capture,1.1,2000,1.31,500,350,2,3,2,1,0,1,100,3,0.666,2304,1825,2070,1415,10,24.91,5,5,0.2,0.2,0.2,4620,0.254,0.06,0.01,1,2980,3000,4350,4000,3500,1.8541,1.494,1500,1500,4166.053,3745.588,0.6,0,1.5,1,0,20,30,1.07,100,0,0,0,0,0,0,0.02,0.04,0.15,1.14,3000,2500,500,0,50,1,3000,200,200,50,0,0,0,0,0,0,0,0,0,0,0,0,0,1,0,0,0,0
1405,7,cn-server-capture,1.1,2000,1.31,500,350,2,3,2,1,0,1,100,3,0.666,2304,1825,2070,1415,10,24.91,5,5,0.2,0.2,0.2,4620,0.254,0.06,0.01,3780,2980,3000,4350,4000,3500,1.8541,1.494,1500,1500,4166.053,3745.588,0.6,0,1.5,1,0,20,30,1.07,100,0,0,0,0,0,0,0.02,0.04,0.15,1.14,3000,2500,500,0,50,1,3000,200,200,50,0,0,0,0,0,0,0,0,0,0,0,0,0,1,0,0,0,0
1406,4,cn-server-capture,1.1,2000,1.4,500,350,2,2,1,1,0,1,100,3,0.666,2304,1825,2070,1415,10,25.03,5,5,0.2,0.2,0.2,4720,0.252,0.06,0.01,1,2940,3000,4320,4000,3500,1.8543,1.494,1000,1500,2304,3745.588,0.6,0,1.5,0.9,0,20,30,1.07,100,0,0,0,1,0,0,0.03,0.06,0.15,1.135,3000,2000,400,0,50,0,3000,200,200,50,0,0,0,0,0,0,0,0,0,0,0,0,0,1,0,0,0,0
1406,7,cn-server-capture,1.1,2000,1.4,500,350,2,2,1,1,0,1,100,3,0.666,2304,1825,2070,1415,10,25.03,5,5,0.2,0.2,0.2,4720,0.252,0.06,0.01,3500,2940,3000,4320,4000,3500,1.8543,1.494,1000,1500,2304,3745.588,0.6,0,1.5,0.9,0,20,30,1.07,100,0,0,0,1,0,0,0.03,0.06,0.15,1.135,3000,2000,400,0,50,0,3000,200,200,50,0,0,0,0,0,0,0,0,0,0,0,0,0,1,0,0,0,0
1407,4,cn-server-capture,1.1,2000,1.31,500,350,2,3,2,1,0,1,100,3,0.667,2304,1825,2070,1415,10,24.56,5,5,0.2,0.2,0.2,4440,0.254,0.06,0.01,1,2800,3000,4000,4000,3500,1.8499,1.494,1500,1000,4166.053,2304,0,0,1.5,1,0,20,30,1.07,100,0,0,0,0,0,1,0,0.04,0.15,1.3,3000,1000,300,0,50,1,3000,200,160,50,0,0,0,0,0,0,0,0,0,0,0,0,0,1,0,0,0,0
1407,7,cn-server-capture,1.1,2000,1.31,500,350,2,3,2,1,0,1,100,3,0.667,2304,1825,2070,1415,10,24.56,5,5,0.2,0.2,0.2,4440,0.254,0.06,0.01,4000,2800,3000,4000,4000,3500,1.8499,1.494,1500,1000,4166.053,2304,0,0,1.5,1,0,20,30,1.07,100,0,0,0,0,0,1,0,0.04,0.15,1.3,3000,1000,300,0,50,1,3000,200,160,50,0,0,0,0,0,0,0,0,0,0,0,0,0,1,0,0,0,0
1408,4,cn-server-capture,1.1,2000,1.31,500,350,2,3,2,1,0,1,100,3,0.667,2304,1825,2070,1415,10,24.55,5,5,0.2,0.2,0.2,4420,0.254,0.06,0.01,1,2800,3000,4000,4000,3500,1.8499,1.494,1500,1000,4166.053,2304,0,0,1.5,1,0,20,30,1.07,100,0,0,0,0,0,0,0,0.04,0.15,1.3,3000,1000,300,0,50,1,3000,200,160,50,0,0,0,0,0,0,0,0,0,0,0,0,0,1,0,0,0,0
1408,7,cn-server-capture,1.1,2000,1.31,500,350,2,3,2,1,0,1,100,3,0.667,2304,1825,2070,1415,10,24.55,5,5,0.2,0.2,0.2,4420,0.254,0.06,0.01,4000,2800,3000,4000,4000,3500,1.8499,1.494,1500,1000,4166.053,2304,0,0,1.5,1,0,20,30,1.07,100,0,0,0,0,0,0,0,0.04,0.15,1.3,3000,1000,300,0,50,1,3000,200,160,50,0,0,0,0,0,0,0,0,0,0,0,0,0,1,0,0,0,0
1409,4,cn-server-capture,1.1,2000,1.31,500,350,2,3,2,1,0,1,100,3,0.667,2304,1825,2070,1415,10,24.95,5,5,0.2,0.2,0.2,4420,0.254,0.06,0.01,1,2800,3000,4000,4000,3500,1.8499,1.494,1550,1000,4166.053,2304,0,0,1.5,1,0,20,30,1.07,100,0,0,0,0,0,0,0,0.04,0.15,1.3,3000,1000,300,0,50,1,3000,200,160,50,0,0,0,0,0,0,0,0,0,0,0,0,0,1,0,0,0,0
1409,7,cn-server-capture,1.1,2000,1.31,500,350,2,3,2,1,0,1,100,3,0.667,2304,1825,2070,1415,10,24.95,5,5,0.2,0.2,0.2,4420,0.254,0.06,0.01,4000,2800,3000,4000,4000,3500,1.8499,1.494,1550,1000,4166.053,2304,0,0,1.5,1,0,20,30,1.07,100,0,0,0,0,0,0,0,0.04,0.15,1.3,3000,1000,300,0,50,1,3000,200,160,50,0,0,0,0,0,0,0,0,0,0,0,0,0,1,0,0,0,0
1410,4,cn-server-capture,1.1,2000,1.31,500,350,2,3,2,1,0,1,100,3,0.667,2304,1825,2070,1415,10,25.22,5,5,0.2,0.2,0.2,4630,0.254,0.06,0.01,1,2970,3000,4100,4000,3500,1.8544999,1.494,1550,1000,4166.053,2304,0,0,1.5,1,0,20,30,1.07,100,0,0,0,0,0,0,0,0.04,0.15,1.3,3000,1000,300,0,50,1,3000,200,160,50,0,0,0,0,0,0,0,0,0,0,0,0,0,1,0,0,0,0
1410,7,cn-server-capture,1.1,2000,1.31,500,350,2,3,2,1,0,1,100,3,0.667,2304,1825,2070,1415,10,25.22,5,5,0.2,0.2,0.2,4630,0.254,0.06,0.01,4000,2970,3000,4100,4000,3500,1.8544999,1.494,1550,1000,4166.053,2304,0,0,1.5,1,0,20,30,1.07,100,0,0,0,0,0,0,0,0.04,0.15,1.3,3000,1000,300,0,50,1,3000,200,160,50,0,0,0,0,0,0,0,0,0,0,0,0,0,1,0,0,0,0
1411,4,cn-server-capture,1.1,2000,1.4,500,350,2,2,1,1,0,1,100,3,0.666,2304,1825,2070,1415,10,24.89,5,5,0.2,0.2,0.2,4680,0.252,0.06,0.01,1,2980,3000,4420,4000,3500,1.8544999,1.494,1000,1500,2304,3745.588,0.6,0,1.5,0.9,0,20,30,1.07,100,0,0,0,0,0,1,0.02,0.06,0.15,1.14,3000,2500,500,0,50,0,3000,200,200,50,0,0,0,0,0,0,0,0,0,0,0,0,0,1,0,0,0,0
1411,7,cn-server-capture,1.1,2000,1.4,500,350,2,2,1,1,0,1,100,3,0.666,2304,1825,2070,1415,10,24.89,5,5,0.2,0.2,0.2,4680,0.252,0.06,0.01,3790,2980,3000,4420,4000,3500,1.8544999,1.494,1000,1500,2304,3745.588,0.6,0,1.5,0.9,0,20,30,1.07,100,0,0,0,0,0,1,0.02,0.06,0.15,1.14,3000,2500,500,0,50,0,3000,200,200,50,0,0,0,0,0,0,0,0,0,0,0,0,0,1,0,0,0,0
1412,4,cn-server-capture,1.1,2000,1.31,500,350,2,3,2,1,0,1,100,3,0.667,2304,1825,2070,1415,10,24.86,5,5,0.2,0.2,0.2,4420,0.254,0.06,0.01,1,2800,3000,4000,4000,3500,1.8499,1.494,1550,1000,4166.053,2304,0,0,1.5,1,0,20,30,1.07,100,0,0,0,0,0,1,0,0.04,0.15,1.3,3000,1000,300,0,50,1,3000,200,160,50,0,0,0,0,0,0,0,0,0,0,0,0,0,1,0,0,0,0
1412,7,cn-server-capture,1.1,2000,1.31,500,350,2,3,2,1,0,1,100,3,0.667,2304,1825,2070,1415,10,24.86,5,5,0.2,0.2,0.2,4420,0.254,0.06,0.01,4000,2800,3000,4000,4000,3500,1.8499,1.494,1550,1000,4166.053,2304,0,0,1.5,1,0,20,30,1.07,100,0,0,0,0,0,1,0,0.04,0.15,1.3,3000,1000,300,0,50,1,3000,200,160,50,0,0,0,0,0,0,0,0,0,0,0,0,0,1,0,0,0,0
1413,4,cn-server-capture,1.1,2000,1.4,500,350,2,2,1,1,0,1,100,3,0.666,2304,1825,2070,1415,10,25.02,5,5,0.2,0.2,0.2,4700,0.252,0.06,0.01,1,2980,3000,4350,4000,3500,1.857,1.494,1000,1500,2304,3745.588,0.6,0,1.5,0.9,0,20,30,1.07,100,0,0,0,0,0,0,0.02,0.06,0.15,1.29,3000,1020,204,0,50,0,3000,200,200,50,0,0,0,0,0,0,0,0,0,0,0,0,0,1,0,0,0,0
1413,7,cn-server-capture,1.1,2000,1.4,500,350,2,2,1,1,0,1,100,3,0.666,2304,1825,2070,1415,10,25.02,5,5,0.2,0.2,0.2,4700,0.252,0.06,0.01,3800,2980,3000,4350,4000,3500,1.857,1.494,1000,1500,2304,3745.588,0.6,0,1.5,0.9,0,20,30,1.07,100,0,0,0,0,0,0,0.02,0.06,0.15,1.29,3000,1020,204,0,50,0,3000,200,200,50,0,0,0,0,0,0,0,0,0,0,0,0,0,1,0,0,0,0
1415,4,cn-server-capture,1.1,2000,1.4,500,350,3,2,1,1,1,1,100,3,0.667,2304,1825,2070,1415,10,24.69,5,5,0.2,0.2,0.2,4480,0.254,0.06,0.01,1,2840,3000,4220,4000,3500,1.8535,1.5339999,1000,1400,2304,3955.556,0.5,0,1.5,1,0,10,20,1.065,50,1,1,1,1,1,1,0.03,0.06,0.1,1.18,3000,1500,300,0,50,0,3000,200,210,50,0,0,0,0,0,0,0,0,0,0,0,0,0,1,0,0,0,0
1415,7,cn-server-capture,1.1,2000,1.4,500,350,3,2,1,1,1,1,100,3,0.667,2304,1825,2070,1415,10,24.69,5,5,0.2,0.2,0.2,4480,0.254,0.06,0.01,3420,2840,3000,4220,4000,3500,1.8535,1.5339999,1000,1400,2304,3955.556,0.5,0,1.5,1,0,10,20,1.065,50,1,1,1,1,1,1,0.03,0.06,0.1,1.18,3000,1500,300,0,50,0,3000,200,210,50,0,0,0,0,0,0,0,0,0,0,0,0,0,1,0,0,0,0
1417,4,cn-server-capture,1.1,2000,1.31,500,350,2,3,2,1,0,1,100,3,0.667,2304,1825,2070,1415,10,24.86,5,5,0.2,0.2,0.2,4420,0.254,0.06,0.01,1,2800,3000,4000,4000,3500,1.8499,1.494,1550,1000,4166.053,2304,0,0,1.5,1,0,20,30,1.07,100,0,0,0,0,0,1,0,0.04,0.15,1.3,3000,1000,300,0,50,1,3000,200,160,50,0,0,0,0,0,0,0,0,0,0,0,0,0,1,0,0,0,0
1417,7,cn-server-capture,1.1,2000,1.31,500,350,2,3,2,1,0,1,100,3,0.667,2304,1825,2070,1415,10,24.86,5,5,0.2,0.2,0.2,4420,0.254,0.06,0.01,4000,2800,3000,4000,4000,3500,1.8499,1.494,1550,1000,4166.053,2304,0,0,1.5,1,0,20,30,1.07,100,0,0,0,0,0,1,0,0.04,0.15,1.3,3000,1000,300,0,50,1,3000,200,160,50,0,0,0,0,0,0,0,0,0,0,0,0,0,1,0,0,0,0
1418,4,cn-server-capture,1.1,2000,1.4,500,350,2,2,1,1,0,1,100,3,0.666,2304,1825,2070,1415,10,24.99,5,5,0.2,0.2,0.2,4660,0.252,0.06,0.01,1,2990,3000,4350,4000,3500,1.8575,1.494,1000,1500,2304,3745.588,0.6,0,1.5,0.89,0,20,30,1.07,100,0,0,0,0,0,0,0.02,0.06,0.15,1.14,3000,2500,500,0,50,0,3000,200,200,50,0,0,0,0,0,0,0,0,0,0,0,0,0,1,0,0,0,0
1418,7,cn-server-capture,1.1,2000,1.4,500,350,2,2,1,1,0,1,100,3,0.666,2304,1825,2070,1415,10,24.99,5,5,0.2,0.2,0.2,4660,0.252,0.06,0.01,3790,2990,3000,4350,4000,3500,1.8575,1.494,1000,1500,2304,3745.588,0.6,0,1.5,0.89,0,20,30,1.07,100,0,0,0,0,0,0,0.02,0.06,0.15,1.14,3000,2500,500,0,50,0,3000,200,200,50,0,0,0,0,0,0,0,0,0,0,0,0,0,1,0,0,0,0
1419,4,cn-server-capture,1.1,2000,1.4,500,350,2,2,1,1,0,1,100,3,0.666,2304,1825,2070,1415,10,25.21,5,5,0.2,0.2,0.2,4810,0.252,0.06,0.01,1,3065,3000,4350,4000,3500,1.8577,1.5339999,1000,1400,2304,3955.556,0.7,0,1.5,0.96,0,20,30,1.07,100,0,0,0,0,0,0,0.022,0.06,0.15,1.154,3000,2500,500,0,50,0,3000,200,200,50,0,0,0,0,0,0,0,0,0,0,0,0,0,1,0,0,0,0
1419,7,cn-server-capture,1.1,2000,1.4,500,350,2,2,1,1,0,1,100,3,0.666,2304,1825,2070,1415,10,25.21,5,5,0.2,0.2,0.2,4810,0.252,0.06,0.01,3770,3065,3000,4350,4000,3500,1.8577,1.5339999,1000,1400,2304,3955.556,0.7,0,1.5,0.96,0,20,30,1.07,100,0,0,0,0,0,0,0.022,0.06,0.15,1.154,3000,2500,500,0,50,0,3000,200,200,50,0,0,0,0,0,0,0,0,0,0,0,0,0,1,0,0,0,0
1420,4,cn-server-capture,1.1,2000,1.4,500,350,2,2,1,1,0,1,100,3,0.666,2304,1825,2070,1415,10,25.03,5,5,0.2,0.2,0.2,4680,0.252,0.06,0.01,1,2970,3000,4350,4000,3500,1.8544999,1.494,1000,1500,2304,3745.588,0.6,0,1.5,0.9,0,20,30,1.07,100,0,0,0,0,0,0,0.02,0.06,0.15,1.29,3000,1020,204,0,50,0,3000,200,200,50,0,0,0,0,0,0,0,0,0,0,0,0,0,1,0,0,0,0
1420,7,cn-server-capture,1.1,2000,1.4,500,350,2,2,1,1,0,1,100,3,0.666,2304,1825,2070,1415,10,25.03,5,5,0.2,0.2,0.2,4680,0.252,0.06,0.01,3760,2970,3000,4350,4000,3500,1.8544999,1.494,1000,1500,2304,3745.588,0.6,0,1.5,0.9,0,20,30,1.07,100,0,0,0,0,0,0,0.02,0.06,0.15,1.29,3000,1020,204,0,50,0,3000,200,200,50,0,0,0,0,0,0,0,0,0,0,0,0,0,1,0,0,0,0
1421,4,cn-server-capture,1.1,2000,1.4,500,350,2,2,1,1,0,1,100,3,0.666,2304,1825,2070,1415,10,24.99,5,5,0.2,0.2,0.2,4660,0.252,0.06,0.01,1,2970,3000,4350,4000,3500,1.8544999,1.494,1000,1500,2304,3745.588,0.6,0,1.5,0.9,0,20,30,1.07,100,0,0,0,0,0,0,0.02,0.06,0.15,1.14,3000,2500,500,0,50,0,3000,200,200,50,0,0,0,0,0,0,0,0,0,0,0,0,0,1,0,0,0,0
1421,7,cn-server-capture,1.1,2000,1.4,500,350,2,2,1,1,0,1,100,3,0.666,2304,1825,2070,1415,10,24.99,5,5,0.2,0.2,0.2,4660,0.252,0.06,0.01,3760,2970,3000,4350,4000,3500,1.8544999,1.494,1000,1500,2304,3745.588,0.6,0,1.5,0.9,0,20,30,1.07,100,0,0,0,0,0,0,0.02,0.06,0.15,1.14,3000,2500,500,0,50,0,3000,200,200,50,0,0,0,0,0,0,0,0,0,0,0,0,0,1,0,0,0,0
1422,4,cn-server-capture,1.1,2000,1.31,500,350,2,2,2,1,0,1,100,3,0.667,2304,1825,2070,1415,10,24.56,5,5,0.2,0.2,0.2,4420,0.254,0.06,0.01,1,2800,3000,4000,4000,3500,1.8499,1.494,1500,1000,4166.053,2304,0,0,1.5,1,0,20,30,1.07,100,0,0,0,0,0,1,0,0.04,0.15,1.3,3000,1000,300,0,50,1,3000,200,160,50,0,0,0,0,0,0,0,0,0,0,0,0,0,1,0,0,0,0
1422,7,cn-server-capture,1.1,2000,1.31,500,350,2,2,2,1,0,1,100,3,0.667,2304,1825,2070,1415,10,24.56,5,5,0.2,0.2,0.2,4420,0.254,0.06,0.01,4000,2800,3000,4000,4000,3500,1.8499,1.494,1500,1000,4166.053,2304,0,0,1.5,1,0,20,30,1.07,100,0,0,0,0,0,1,0,0.04,0.15,1.3,3000,1000,300,0,50,1,3000,200,160,50,0,0,0,0,0,0,0,0,0,0,0,0,0,1,0,0,0,0
1423,4,cn-server-capture,1.1,2000,1.31,500,350,2,2,2,1,0,1,100,3,0.667,2304,1825,2070,1415,10,24.86,5,5,0.2,0.2,0.2,4420,0.254,0.06,0.01,1,2800,3000,4000,4000,3500,1.8499,1.494,1550,1000,4166.053,2304,0,0,1.5,1,0,20,30,1.07,100,0,0,0,0,0,1,0,0.04,0.15,1.3,3000,1000,300,0,50,1,3000,200,160,50,0,0,0,0,0,0,0,0,0,0,0,0,0,1,0,0,0,0
1423,7,cn-server-capture,1.1,2000,1.31,500,350,2,2,2,1,0,1,100,3,0.667,2304,1825,2070,1415,10,24.86,5,5,0.2,0.2,0.2,4420,0.254,0.06,0.01,4000,2800,3000,4000,4000,3500,1.8499,1.494,1550,1000,4166.053,2304,0,0,1.5,1,0,20,30,1.07,100,0,0,0,0,0,1,0,0.04,0.15,1.3,3000,1000,300,0,50,1,3000,200,160,50,0,0,0,0,0,0,0,0,0,0,0,0,0,1,0,0,0,0
1424,4,cn-server-capture,1.1,2000,1.31,500,350,2,3,2,1,0,1,100,3,0.667,2304,1825,2070,1415,10,25.26,5,5,0.2,0.2,0.2,4630,0.254,0.06,0.01,1,2970,3000,4100,4000,3500,1.8544999,1.494,1550,1000,4166.053,2304,0,0,1.5,1,0,20,30,1.07,100,0,0,0,0,0,0,0,0.04,0.15,1.3,3000,1000,300,0,50,1,3000,200,160,50,0,0,0,0,0,0,0,0,0,0,0,0,0,1,0,0,0,0
1424,7,cn-server-capture,1.1,2000,1.31,500,350,2,3,2,1,0,1,100,3,0.667,2304,1825,2070,1415,10,25.26,5,5,0.2,0.2,0.2,4630,0.254,0.06,0.01,4000,2970,3000,4100,4000,3500,1.8544999,1.494,1550,1000,4166.053,2304,0,0,1.5,1,0,20,30,1.07,100,0,0,0,0,0,0,0,0.04,0.15,1.3,3000,1000,300,0,50,1,3000,200,160,50,0,0,0,0,0,0,0,0,0,0,0,0,0,1,0,0,0,0
1425,4,cn-server-capture,1.1,2000,1.4,500,350,2,2,1,1,0,1,100,3,0.666,2304,1825,2070,1415,10,24.99,5,5,0.2,0.2,0.2,4710,0.252,0.06,0.01,1,3030,3000,4390,4000,3500,1.8555,1.494,1000,1500,2304,3745.588,0.6,0,1.5,0.86,0,20,30,1.07,100,0,0,0,0,0,0,0.022,0.06,0.15,1.29,3000,1040,208,0,50,0,3000,200,200,50,0,0,0,0,0,0,0,0,0,0,0,0,0,1,0,0,0,0
1425,7,cn-server-capture,1.1,2000,1.4,500,350,2,2,1,1,0,1,100,3,0.666,2304,1825,2070,1415,10,24.99,5,5,0.2,0.2,0.2,4710,0.252,0.06,0.01,3780,3030,3000,4390,4000,3500,1.8555,1.494,1000,1500,2304,3745.588,0.6,0,1.5,0.86,0,20,30,1.07,100,0,0,0,0,0,0,0.022,0.06,0.15,1.29,3000,1040,208,0,50,0,3000,200,200,50,0,0,0,0,0,0,0,0,0,0,0,0,0,1,0,0,0,0
1426,4,cn-server-capture,1.1,2000,1.31,500,350,2,3,2,1,0,1,100,3,0.667,2304,1825,2070,1415,10,25.02,5,5,0.2,0.2,0.2,4420,0.254,0.06,0.01,1,2800,3000,4000,4000,3500,1.8499,1.494,1550,1000,4166.053,2304,0,0,1.5,1,0,20,30,1.07,100,0,0,0,0,0,1,0,0.04,0.15,1.3,3000,1000,300,0,50,1,3000,200,160,50,0,0,0,0,0,0,0,0,0,0,0,0,0,1,0,0,0,0
1426,7,cn-server-capture,1.1,2000,1.31,500,350,2,3,2,1,0,1,100,3,0.667,2304,1825,2070,1415,10,25.02,5,5,0.2,0.2,0.2,4420,0.254,0.06,0.01,4000,2800,3000,4000,4000,3500,1.8499,1.494,1550,1000,4166.053,2304,0,0,1.5,1,0,20,30,1.07,100,0,0,0,0,0,1,0,0.04,0.15,1.3,3000,1000,300,0,50,1,3000,200,160,50,0,0,0,0,0,0,0,0,0,0,0,0,0,1,0,0,0,0
1428,4,cn-server-capture,1.1,2000,1.31,500,350,2,3,2,1,0,1,100,3,0.667,2304,1825,2070,1415,10,25.04,5,5,0.2,0.2,0.2,4420,0.254,0.06,0.01,1,2800,3000,4000,4000,3500,1.8499,1.494,1550,1000,4166.053,2304,0,0,1.5,1,0,20,30,1.07,100,0,0,0,0,0,1,0,0.04,0.15,1.3,3000,1000,300,0,50,1,3000,200,160,50,0,0,0,0,0,0,0,0,0,0,0,0,0,1,0,0,0,0
1428,7,cn-server-capture,1.1,2000,1.31,500,350,2,3,2,1,0,1,100,3,0.667,2304,1825,2070,1415,10,25.04,5,5,0.2,0.2,0.2,4420,0.254,0.06,0.01,4000,2800,3000,4000,4000,3500,1.8499,1.494,1550,1000,4166.053,2304,0,0,1.5,1,0,20,30,1.07,100,0,0,0,0,0,1,0,0.04,0.15,1.3,3000,1000,300,0,50,1,3000,200,160,50,0,0,0,0,0,0,0,0,0,0,0,0,0,1,0,0,0,0
1430,4,cn-server-capture,1.1,2000,1.42,500,350,2,2,1,1,0,1,100,3,0.666,2304,1825,2070,1415,10,25.27,5,5,0.2,0.2,0.2,4810,0.252,0.063,0.01,1,3065,3000,4350,4000,3500,1.8578,1.5339999,1000,1400,2304,3955.556,0.7,0,1.5,0.91,0,20,30,1.07,100,0,0,0,0,0,0,0.02,0.06,0.15,1.29,3000,1040,208,0,50,0,3000,200,200,50,0,0,0,0,0,0,0,0,0,0,0,0,0,1,0,0,0,0
1430,7,cn-server-capture,1.1,2000,1.42,500,350,2,2,1,1,0,1,100,3,0.666,2304,1825,2070,1415,10,25.27,5,5,0.2,0.2,0.2,4810,0.252,0.063,0.01,3800,3065,3000,4350,4000,3500,1.8578,1.5339999,1000,1400,2304,3955.556,0.7,0,1.5,0.91,0,20,30,1.07,100,0,0,0,0,0,0,0.02,0.06,0.15,1.29,3000,1040,208,0,50,0,3000,200,200,50,0,0,0,0,0,0,0,0,0,0,0,0,0,1,0,0,0,0
1431,4,cn-server-capture,1.1,2000,1.31,500,350,2,3,2,1,0,1,100,3,0.667,2304,1825,2070,1415,10,25.27,5,5,0.2,0.2,0.2,4630,0.254,0.06,0.01,1,2970,3000,4100,4000,3500,1.8544999,1.494,1550,1000,4166.053,2304,0,0,1.5,1,0,20,30,1.07,100,0,0,0,0,0,0,0,0.04,0.15,1.3,3000,1000,300,0,50,1,3000,200,160,50,0,0,0,0,0,0,0,0,0,0,0,0,0,1,0,0,0,0
1431,7,cn-server-capture,1.1,2000,1.31,500,350,2,3,2,1,0,1,100,3,0.667,2304,1825,2070,1415,10,25.27,5,5,0.2,0.2,0.2,4630,0.254,0.06,0.01,4000,2970,3000,4100,4000,3500,1.8544999,1.494,1550,1000,4166.053,2304,0,0,1.5,1,0,20,30,1.07,100,0,0,0,0,0,0,0,0.04,0.15,1.3,3000,1000,300,0,50,1,3000,200,160,50,0,0,0,0,0,0,0,0,0,0,0,0,0,1,0,0,0,0
1432,4,cn-server-capture,1.1,2000,1.31,500,350,2,3,2,1,0,1,100,3,0.667,2304,1825,2070,1415,10,24.85,5,5,0.2,0.2,0.2,4420,0.254,0.06,0.01,1,2800,3000,4000,4000,3500,1.8499,1.494,1550,1000,4166.053,2304,0,0,1.5,1,0,20,30,1.07,100,0,0,0,0,0,1,0,0.04,0.15,1.3,3000,1000,300,0,50,1,3000,200,160,50,0,0,0,0,0,0,0,0,0,0,0,0,0,1,0,0,0,0
1432,7,cn-server-capture,1.1,2000,1.31,500,350,2,3,2,1,0,1,100,3,0.667,2304,1825,2070,1415,10,24.85,5,5,0.2,0.2,0.2,4420,0.254,0.06,0.01,4000,2800,3000,4000,4000,3500,1.8499,1.494,1550,1000,4166.053,2304,0,0,1.5,1,0,20,30,1.07,100,0,0,0,0,0,1,0,0.04,0.15,1.3,3000,1000,300,0,50,1,3000,200,160,50,0,0,0,0,0,0,0,0,0,0,0,0,0,1,0,0,0,0
1433,4,cn-server-capture,1.1,2000,1.4,500,350,3,2,1,1,1,1,100,3,0.667,2304,1825,2070,1415,10,25.01,5,5,0.2,0.2,0.2,4640,0.252,0.06,0.01,1,2840,3000,4200,4000,3500,1.8543,1.5339999,1000,1400,2304,3955.556,0.6,0,1.5,1,0,10,20,1.065,50,0,0,0,1,0,0,0.03,0.06,0.1,1.18,3000,1500,225,0,50,0,3000,200,210,50,0,0,0,0,0,0,0,0,0,0,0,0,0,1,0,0,0,0
1433,7,cn-server-capture,1.1,2000,1.4,500,350,3,2,1,1,1,1,100,3,0.667,2304,1825,2070,1415,10,25.01,5,5,0.2,0.2,0.2,4640,0.252,0.06,0.01,3420,2840,3000,4200,4000,3500,1.8543,1.5339999,1000,1400,2304,3955.556,0.6,0,1.5,1,0,10,20,1.065,50,0,0,0,1,0,0,0.03,0.06,0.1,1.18,3000,1500,225,0,50,0,3000,200,210,50,0,0,0,0,0,0,0,0,0,0,0,0,0,1,0,0,0,0
1435,4,cn-server-capture,1.1,2000,1.4,500,350,2,2,1,1,0,1,100,3,0.666,2304,1825,2070,1415,10,24.95,5,5,0.2,0.2,0.2,4720,0.252,0.06,0.01,1,3860,3000,4900,4000,3500,1.8555,1.494,1000,1500,2304,3745.588,0.6,0,1.5,0.9,0,20,30,1.07,100,0,0,0,1,0,0,0.016,0.06,0.15,1.154,3000,3000,600,0,50,0,3000,200,200,50,0,0,0,0,0,0,0,0,0,0,0,0,0,1,0,0,0,0
1435,7,cn-server-capture,1.1,2000,1.4,500,350,2,2,1,1,0,1,100,3,0.666,2304,1825,2070,1415,10,24.95,5,5,0.2,0.2,0.2,4720,0.252,0.06,0.01,4200,3860,3000,4900,4000,3500,1.8555,1.494,1000,1500,2304,3745.588,0.6,0,1.5,0.9,0,20,30,1.07,100,0,0,0,1,0,0,0.016,0.06,0.15,1.154,3000,3000,600,0,50,0,3000,200,200,50,0,0,0,0,0,0,0,0,0,0,0,0,0,1,0,0,0,0
1436,4,cn-server-capture,1.1,2000,1.31,500,350,2,3,2,1,0,1,100,3,0.667,2304,1825,2070,1415,10,25.05,5,5,0.2,0.2,0.2,4420,0.254,0.06,0.01,1,2800,3000,4000,4000,3500,1.8499,1.494,1550,1000,4166.053,2304,0,0,1.5,1,0,20,30,1.07,100,0,0,0,0,0,0,0,0.04,0.15,1.3,3000,1000,300,0,50,1,3000,200,160,50,0,0,0,0,0,0,0,0,0,0,0,0,0,1,0,0,0,0
1436,7,cn-server-capture,1.1,2000,1.31,500,350,2,3,2,1,0,1,100,3,0.667,2304,1825,2070,1415,10,25.05,5,5,0.2,0.2,0.2,4420,0.254,0.06,0.01,4000,2800,3000,4000,4000,3500,1.8499,1.494,1550,1000,4166.053,2304,0,0,1.5,1,0,20,30,1.07,100,0,0,0,0,0,0,0,0.04,0.15,1.3,3000,1000,300,0,50,1,3000,200,160,50,0,0,0,0,0,0,0,0,0,0,0,0,0,1,0,0,0,0
1438,4,cn-server-capture,1.1,2000,1.4,500,350,3,2,1,1,1,1,100,3,0.667,2304,1825,2070,1415,10,25.09,5,5,0.2,0.2,0.2,4650,0.254,0.06,0.01,1,2810,3000,4150,4000,3500,1.8543,1.5339999,1000,1400,2304,3955.556,0.6,0,1.5,1,0,10,20,1.065,50,0,0,0,1,0,0,0.03,0.06,0.1,1.18,3000,1500,225,0,50,0,3000,200,210,50,0,0,0,0,0,0,0,0,0,0,0,0,0,1,0,0,0,0
1438,7,cn-server-capture,1.1,2000,1.4,500,350,3,2,1,1,1,1,100,3,0.667,2304,1825,2070,1415,10,25.09,5,5,0.2,0.2,0.2,4650,0.254,0.06,0.01,3380,2810,3000,4150,4000,3500,1.8543,1.5339999,1000,1400,2304,3955.556,0.6,0,1.5,1,0,10,20,1.065,50,0,0,0,1,0,0,0.03,0.06,0.1,1.18,3000,1500,225,0,50,0,3000,200,210,50,0,0,0,0,0,0,0,0,0,0,0,0,0,1,0,0,0,0
1439,4,cn-server-capture,1.1,2000,1.31,500,350,2,3,2,1,0,1,100,3,0.667,2304,1825,2070,1415,10,24.8,5,5,0.2,0.2,0.2,4420,0.254,0.06,0.01,1,2800,3000,4000,4000,3500,1.8499,1.494,1550,1000,4166.053,2304,0,0,1.5,1,0,20,30,1.07,100,0,0,0,0,0,0,0,0.04,0.15,1.3,3000,1000,300,0,50,1,3000,200,160,50,0,0,0,0,0,0,0,0,0,0,0,0,0,1,0,0,0,0
1439,7,cn-server-capture,1.1,2000,1.31,500,350,2,3,2,1,0,1,100,3,0.667,2304,1825,2070,1415,10,24.8,5,5,0.2,0.2,0.2,4420,0.254,0.06,0.01,4000,2800,3000,4000,4000,3500,1.8499,1.494,1550,1000,4166.053,2304,0,0,1.5,1,0,20,30,1.07,100,0,0,0,0,0,0,0,0.04,0.15,1.3,3000,1000,300,0,50,1,3000,200,160,50,0,0,0,0,0,0,0,0,0,0,0,0,0,1,0,0,0,0
1440,4,cn-server-capture,1.1,2000,1.4,500,350,2,2,1,1,0,1,100,3,0.666,2304,1825,2070,1415,10,25.34,5,5,0.2,0.2,0.2,4820,0.252,0.06,0.01,1,3065,3000,4360,4000,3500,1.8577,1.5339999,1000,1400,2304,3955.556,0.7,0,1.5,0.8,0,20,30,1.07,100,0,0,0,0,0,0,0.022,0.06,0.15,1.18,3000,2000,400,0,50,0,3000,200,200,50,0,0,0,0,0,0,0,0,0,0,0,0,0,1,0,0,0,0
1440,7,cn-server-capture,1.1,2000,1.4,500,350,2,2,1,1,0,1,100,3,0.666,2304,1825,2070,1415,10,25.34,5,5,0.2,0.2,0.2,4820,0.252,0.06,0.01,3800,3065,3000,4360,4000,3500,1.8577,1.5339999,1000,1400,2304,3955.556,0.7,0,1.5,0.8,0,20,30,1.07,100,0,0,0,0,0,0,0.022,0.06,0.15,1.18,3000,2000,400,0,50,0,3000,200,200,50,0,0,0,0,0,0,0,0,0,0,0,0,0,1,0,0,0,0
1442,4,cn-server-capture,1.1,2000,1.4,500,350,2,2,1,1,0,1,100,3,0.666,2304,1825,2070,1415,10,24.94,5,5,0.2,0.2,0.2,4670,0.252,0.06,0.01,1,2990,3000,4380,4000,3500,1.8544999,1.494,1000,1500,2304,3745.588,0.6,0,1.5,0.9,0,20,30,1.07,100,0,0,0,0,0,0,0.02,0.06,0.15,1.154,3000,2500,500,0,50,0,3000,200,200,50,0,0,0,0,0,0,0,0,0,0,0,0,0,1,0,0,0,0
1442,7,cn-server-capture,1.1,2000,1.4,500,350,2,2,1,1,0,1,100,3,0.666,2304,1825,2070,1415,10,24.94,5,5,0.2,0.2,0.2,4670,0.252,0.06,0.01,3780,2990,3000,4380,4000,3500,1.8544999,1.494,1000,1500,2304,3745.588,0.6,0,1.5,0.9,0,20,30,1.07,100,0,0,0,0,0,0,0.02,0.06,0.15,1.154,3000,2500,500,0,50,0,3000,200,200,50,0,0,0,0,0,0,0,0,0,0,0,0,0,1,0,0,0,0
1443,4,cn-server-capture,1.1,2000,1.4,500,350,2,2,1,1,0,1,100,3,0.666,2304,1825,2070,1415,10,24.92,5,5,0.2,0.2,0.2,4640,0.252,0.06,0.01,1,2980,3000,4380,4000,3500,1.8544999,1.494,1000,1500,2304,3745.588,0.6,0,1.5,0.75,0,20,30,1.07,100,0,0,0,0,0,0,0.02,0.06,0.2,1.29,2000,1020,204,0,50,0,2000,150,200,50,0,0,0,0,0,0,0,0,0,0,0,0,0,1,0,0,0,0
1443,7,cn-server-capture,1.1,2000,1.4,500,350,2,2,1,1,0,1,100,3,0.666,2304,1825,2070,1415,10,24.92,5,5,0.2,0.2,0.2,4640,0.252,0.06,0.01,3700,2980,3000,4380,4000,3500,1.8544999,1.494,1000,1500,2304,3745.588,0.6,0,1.5,0.75,0,20,30,1.07,100,0,0,0,0,0,0,0.02,0.06,0.2,1.29,2000,1020,204,0,50,0,2000,150,200,50,0,0,0,0,0,0,0,0,0,0,0,0,0,1,0,0,0,0
1444,4,cn-server-capture,1.1,2000,1.4,500,350,2,2,1,1,0,1,100,3,0.666,2304,1825,2070,1415,10,25,5,5,0.2,0.2,0.2,4720,0.252,0.06,0.01,1,3060,3000,4400,4000,3500,1.8544999,1.5339999,1000,1400,2304,3955.556,0.7,0,1.5,0.9,0,20,30,1.07,100,0,0,0,0,0,0,0.018,0.06,0.15,1.14,3000,3000,600,0,50,0,3000,200,200,50,0,0,0,0,0,0,0,0,0,0,0,0,0,1,0,0,0,0
1444,7,cn-server-capture,1.1,2000,1.4,500,350,2,2,1,1,0,1,100,3,0.666,2304,1825,2070,1415,10,25,5,5,0.2,0.2,0.2,4720,0.252,0.06,0.01,3780,3060,3000,4400,4000,3500,1.8544999,1.5339999,1000,1400,2304,3955.556,0.7,0,1.5,0.9,0,20,30,1.07,100,0,0,0,0,0,0,0.018,0.06,0.15,1.14,3000,3000,600,0,50,0,3000,200,200,50,0,0,0,0,0,0,0,0,0,0,0,0,0,1,0,0,0,0
1445,4,cn-server-capture,1.1,2000,1.4,500,350,2,2,1,1,0,1,100,3,0.666,2304,1825,2070,1415,10,25.03,5,5,0.2,0.2,0.2,4740,0.254,0.069,0.01,1,3010,3000,4350,4000,3500,1.8544999,1.494,1000,1500,2304,3745.588,0.6,0,1.5,0.9,0,20,30,1.07,100,0,0,0,0,0,0,0.02,0.06,0.15,1.198,3000,2000,400,0,50,0,3000,200,200,50,0,0,0,0,0,0,0,0,0,0,0,0,0,1,0,0,0,0
1445,7,cn-server-capture,1.1,2000,1.4,500,350,2,2,1,1,0,1,100,3,0.666,2304,1825,2070,1415,10,25.03,5,5,0.2,0.2,0.2,4740,0.254,0.069,0.01,3800,3010,3000,4350,4000,3500,1.8544999,1.494,1000,1500,2304,3745.588,0.6,0,1.5,0.9,0,20,30,1.07,100,0,0,0,0,0,0,0.02,0.06,0.15,1.198,3000,2000,400,0,50,0,3000,200,200,50,0,0,0,0,0,0,0,0,0,0,0,0,0,1,0,0,0,0
1446,4,cn-server-capture,1.1,2000,1.4,500,350,2,2,1,1,0,1,100,3,0.666,2304,1825,2070,1415,10,24.96,5,5,0.2,0.2,0.2,4650,0.252,0.06,0.01,1,2990,3000,4370,4000,3500,1.8575,1.494,1000,1500,2304,3745.588,0.6,0,1.5,0.92,0,20,30,1.07,100,0,0,0,0,0,0,0.022,0.06,0.15,1.29,3000,1020,204,0,50,0,3000,200,200,50,0,0,0,0,0,0,0,0,0,0,0,0,0,1,0,0,0,0
1446,7,cn-server-capture,1.1,2000,1.4,500,350,2,2,1,1,0,1,100,3,0.666,2304,1825,2070,1415,10,24.96,5,5,0.2,0.2,0.2,4650,0.252,0.06,0.01,3760,2990,3000,4370,4000,3500,1.8575,1.494,1000,1500,2304,3745.588,0.6,0,1.5,0.92,0,20,30,1.07,100,0,0,0,0,0,0,0.022,0.06,0.15,1.29,3000,1020,204,0,50,0,3000,200,200,50,0,0,0,0,0,0,0,0,0,0,0,0,0,1,0,0,0,0
1447,4,cn-server-capture,1.1,2000,1.4,500,350,2,2,1,1,0,1,100,3,0.666,2304,1825,2070,1415,10,24.96,5,5,0.2,0.2,0.2,4650,0.252,0.06,0.01,1,2990,3000,4370,4000,3500,1.8575,1.494,1000,1500,2304,3745.588,0.6,0,1.5,0.92,0,20,30,1.07,100,0,0,0,0,0,0,0.02,0.06,0.15,1.29,3000,1020,204,0,50,0,3000,200,200,50,0,0,0,0,0,0,0,0,0,0,0,0,0,1,0,0,0,0
1447,7,cn-server-capture,1.1,2000,1.4,500,350,2,2,1,1,0,1,100,3,0.666,2304,1825,2070,1415,10,24.96,5,5,0.2,0.2,0.2,4650,0.252,0.06,0.01,3760,2990,3000,4370,4000,3500,1.8575,1.494,1000,1500,2304,3745.588,0.6,0,1.5,0.92,0,20,30,1.07,100,0,0,0,0,0,0,0.02,0.06,0.15,1.29,3000,1020,204,0,50,0,3000,200,200,50,0,0,0,0,0,0,0,0,0,0,0,0,0,1,0,0,0,0
1448,4,cn-server-capture,1.1,2000,1.31,500,350,2,3,2,1,0,1,100,3,0.667,2304,1825,2070,1415,10,24.91,5,5,0.2,0.2,0.2,4420,0.254,0.06,0.01,1,2800,3000,4000,4000,3500,1.8499,1.494,1550,1000,4166.053,2304,0,0,1.5,1,0,20,30,1.07,100,0,0,0,0,0,0,0,0.04,0.15,1.3,3000,1000,300,0,50,1,3000,200,160,50,0,0,0,0,0,0,0,0,0,0,0,0,0,1,0,0,0,0
1448,7,cn-server-capture,1.1,2000,1.31,500,350,2,3,2,1,0,1,100,3,0.667,2304,1825,2070,1415,10,24.91,5,5,0.2,0.2,0.2,4420,0.254,0.06,0.01,4000,2800,3000,4000,4000,3500,1.8499,1.494,1550,1000,4166.053,2304,0,0,1.5,1,0,20,30,1.07,100,0,0,0,0,0,0,0,0.04,0.15,1.3,3000,1000,300,0,50,1,3000,200,160,50,0,0,0,0,0,0,0,0,0,0,0,0,0,1,0,0,0,0
1449,4,cn-server-capture,1.1,2000,1.65,500,350,3,2,1,1,1,1,100,3,0.667,2304,1825,2070,1415,10,25.04,5,5,0.2,0.2,0.2,4660,0.254,0.06,0.01,1,2840,3000,4150,4000,3500,1.8543999,1.5339999,1000,1400,2304,3955.556,0.6,0,1.5,1,0,10,20,1.065,50,0,0,0,1,0,0,0.021,0.06,0.1,1.18,3000,1500,225,0,50,0,3000,200,210,50,0,0,0,0,0,0,0,0,0,0,0,0,0,1,0,0,0,0
1449,7,cn-server-capture,1.1,2000,1.65,500,350,3,2,1,1,1,1,100,3,0.667,2304,1825,2070,1415,10,25.04,5,5,0.2,0.2,0.2,4660,0.254,0.06,0.01,3400,2840,3000,4150,4000,3500,1.8543999,1.5339999,1000,1400,2304,3955.556,0.6,0,1.5,1,0,10,20,1.065,50,0,0,0,1,0,0,0.021,0.06,0.1,1.18,3000,1500,225,0,50,0,3000,200,210,50,0,0,0,0,0,0,0,0,0,0,0,0,0,1,0,0,0,0
1450,4,cn-server-capture,1.1,2000,1.31,500,350,2,3,2,1,0,1,100,3,0.667,2304,1825,2070,1415,10,25.26,5,5,0.2,0.2,0.2,4630,0.254,0.06,0.01,1,2970,3000,4100,4000,3500,1.8544999,1.494,1550,1000,4166.053,2304,0,0,1.5,1,0,20,30,1.07,100,0,0,0,0,0,0,0,0.04,0.15,1.3,3000,1000,300,0,50,1,3000,200,160,50,0,0,0,0,0,0,0,0,0,0,0,0,0,1,0,0,0,0
1450,7,cn-server-capture,1.1,2000,1.31,500,350,2,3,2,1,0,1,100,3,0.667,2304,1825,2070,1415,10,25.26,5,5,0.2,0.2,0.2,4630,0.254,0.06,0.01,4000,2970,3000,4100,4000,3500,1.8544999,1.494,1550,1000,4166.053,2304,0,0,1.5,1,0,20,30,1.07,100,0,0,0,0,0,0,0,0.04,0.15,1.3,3000,1000,300,0,50,1,3000,200,160,50,0,0,0,0,0,0,0,0,0,0,0,0,0,1,0,0,0,0
1451,4,cn-server-capture,1.1,2000,1.4,500,350,2,2,1,1,0,1,100,3,0.666,2304,1825,2070,1415,10,24.96,5,5,0.2,0.2,0.2,4730,0.252,0.06,0.01,1,2980,3000,4370,4000,3500,1.8576,1.494,1000,1500,2304,3745.588,0.6,0,1.5,0.91,0,20,30,1.07,100,0,0,0,0,0,0,0.02,0.06,0.15,1.29,3000,1020,204,0,50,0,3000,200,200,50,0,0,0,0,0,0,0,0,0,0,0,0,0,1,0,0,0,0
1451,7,cn-server-capture,1.1,2000,1.4,500,350,2,2,1,1,0,1,100,3,0.666,2304,1825,2070,1415,10,24.96,5,5,0.2,0.2,0.2,4730,0.252,0.06,0.01,3780,2980,3000,4370,4000,3500,1.8576,1.494,1000,1500,2304,3745.588,0.6,0,1.5,0.91,0,20,30,1.07,100,0,0,0,0,0,0,0.02,0.06,0.15,1.29,3000,1020,204,0,50,0,3000,200,200,50,0,0,0,0,0,0,0,0,0,0,0,0,0,1,0,0,0,0
1452,4,cn-server-capture,1.1,2000,1.4,500,350,2,2,1,1,0,1,100,3,0.666,2304,1825,2070,1415,10,25.31,5,5,0.2,0.2,0.2,4830,0.252,0.06,0.01,1,3065,3000,4320,4000,3500,1.8577,1.5339999,1000,1400,2304,3955.556,0.7,0,1.5,0.88,0,20,30,1.07,100,0,0,0,0,0,0,0.02,0.06,0.15,1.29,3000,1040,208,0,50,0,3000,200,200,50,0,0,0,0,0,0,0,0,0,0,0,0,0,1,0,0,0,0
1452,7,cn-server-capture,1.1,2000,1.4,500,350,2,2,1,1,0,1,100,3,0.666,2304,1825,2070,1415,10,25.31,5,5,0.2,0.2,0.2,4830,0.252,0.06,0.01,3780,3065,3000,4320,4000,3500,1.8577,1.5339999,1000,1400,2304,3955.556,0.7,0,1.5,0.88,0,20,30,1.07,100,0,0,0,0,0,0,0.02,0.06,0.15,1.29,3000,1040,208,0,50,0,3000,200,200,50,0,0,0,0,0,0,0,0,0,0,0,0,0,1,0,0,0,0
1453,4,cn-server-capture,1.1,2000,1.31,500,350,2,3,2,1,0,1,100,3,0.667,2304,1825,2070,1415,10,24.880001,5,5,0.2,0.2,0.2,4420,0.254,0.06,0.01,1,2800,3000,4000,4000,3500,1.8499,1.494,1550,1000,4166.053,2304,0,0,1.5,1,0,20,30,1.07,100,0,0,0,0,0,1,0,0.04,0.15,1.3,3000,1000,300,0,50,1,3000,200,160,50,0,0,0,0,0,0,0,0,0,0,0,0,0,1,0,0,0,0
1453,7,cn-server-capture,1.1,2000,1.31,500,350,2,3,2,1,0,1,100,3,0.667,2304,1825,2070,1415,10,24.880001,5,5,0.2,0.2,0.2,4420,0.254,0.06,0.01,4000,2800,3000,4000,4000,3500,1.8499,1.494,1550,1000,4166.053,2304,0,0,1.5,1,0,20,30,1.07,100,0,0,0,0,0,1,0,0.04,0.15,1.3,3000,1000,300,0,50,1,3000,200,160,50,0,0,0,0,0,0,0,0,0,0,0,0,0,1,0,0,0,0
1454,4,cn-server-capture,1.1,2000,1.4,500,350,3,2,1,1,1,1,100,3,0.667,2304,1825,2070,1415,10,25.05,5,5,0.2,0.2,0.2,4680,0.254,0.06,0.01,1,2900,3000,4200,4000,3500,1.8543,1.5339999,1000,1400,2304,3955.556,0.6,0,1.5,1,0,10,20,1.065,50,0,0,0,1,0,0,0.03,0.06,0.1,1.18,3000,1500,225,0,50,0,3000,200,210,50,0,0,0,0,0,0,0,0,0,0,0,0,0,1,0,0,0,0
1454,7,cn-server-capture,1.1,2000,1.4,500,350,3,2,1,1,1,1,100,3,0.667,2304,1825,2070,1415,10,25.05,5,5,0.2,0.2,0.2,4680,0.254,0.06,0.01,3500,2900,3000,4200,4000,3500,1.8543,1.5339999,1000,1400,2304,3955.556,0.6,0,1.5,1,0,10,20,1.065,50,0,0,0,1,0,0,0.03,0.06,0.1,1.18,3000,1500,225,0,50,0,3000,200,210,50,0,0,0,0,0,0,0,0,0,0,0,0,0,1,0,0,0,0
1455,4,cn-server-capture,1.1,2000,1.31,500,350,2,3,2,1,0,1,100,3,0.667,2304,1825,2070,1415,10,25.27,5,5,0.2,0.2,0.2,4630,0.254,0.06,0.01,1,2970,3000,4100,4000,3500,1.8544999,1.494,1550,1000,4166.053,2304,0,0,1.5,1,0,20,30,1.07,100,0,0,0,0,0,0,0,0.04,0.15,1.3,3000,1000,300,0,50,1,3000,200,160,50,0,0,0,0,0,0,0,0,0,0,0,0,0,1,0,0,0,0
1455,7,cn-server-capture,1.1,2000,1.31,500,350,2,3,2,1,0,1,100,3,0.667,2304,1825,2070,1415,10,25.27,5,5,0.2,0.2,0.2,4630,0.254,0.06,0.01,4000,2970,3000,4100,4000,3500,1.8544999,1.494,1550,1000,4166.053,2304,0,0,1.5,1,0,20,30,1.07,100,0,0,0,0,0,0,0,0.04,0.15,1.3,3000,1000,300,0,50,1,3000,200,160,50,0,0,0,0,0,0,0,0,0,0,0,0,0,1,0,0,0,0
1456,4,cn-server-capture,1.1,2000,1.4,500,350,2,2,1,1,0,1,100,3,0.666,2304,1825,2070,1415,10,24.91,5,5,0.2,0.2,0.2,4680,0.252,0.06,0.01,1,2970,3000,4350,4000,3500,1.8544999,1.494,1000,1500,2304,3745.588,0.6,0,1.5,0.9,0,20,30,1.07,100,0,0,0,0,0,0,0.02,0.06,0.15,1.18,3000,2000,400,0,50,0,3000,200,200,50,0,0,0,0,0,0,0,0,0,0,0,0,0,1,0,0,0,0
1456,7,cn-server-capture,1.1,2000,1.4,500,350,2,2,1,1,0,1,100,3,0.666,2304,1825,2070,1415,10,24.91,5,5,0.2,0.2,0.2,4680,0.252,0.06,0.01,3790,2970,3000,4350,4000,3500,1.8544999,1.494,1000,1500,2304,3745.588,0.6,0,1.5,0.9,0,20,30,1.07,100,0,0,0,0,0,0,0.02,0.06,0.15,1.18,3000,2000,400,0,50,0,3000,200,200,50,0,0,0,0,0,0,0,0,0,0,0,0,0,1,0,0,0,0
1457,4,cn-server-capture,1.1,2000,1.31,500,350,2,3,2,1,0,1,100,3,0.667,2304,1825,2070,1415,10,24.94,5,5,0.2,0.2,0.2,4420,0.254,0.06,0.01,1,2800,3000,4000,4000,3500,1.8499,1.494,1550,1000,4166.053,2304,0,0,1.5,1,0,20,30,1.07,100,0,0,0,0,0,1,0,0.04,0.15,1.3,3000,1000,300,0,50,1,3000,200,160,50,0,0,0,0,0,0,0,0,0,0,0,0,0,1,0,0,0,0
1457,7,cn-server-capture,1.1,2000,1.31,500,350,2,3,2,1,0,1,100,3,0.667,2304,1825,2070,1415,10,24.94,5,5,0.2,0.2,0.2,4420,0.254,0.06,0.01,4000,2800,3000,4000,4000,3500,1.8499,1.494,1550,1000,4166.053,2304,0,0,1.5,1,0,20,30,1.07,100,0,0,0,0,0,1,0,0.04,0.15,1.3,3000,1000,300,0,50,1,3000,200,160,50,0,0,0,0,0,0,0,0,0,0,0,0,0,1,0,0,0,0
1458,4,cn-server-capture,1.1,2000,1.4,500,350,2,2,1,1,0,1,100,3,0.666,2304,1825,2070,1415,10,24.84,5,5,0.2,0.2,0.2,4740,0.252,0.06,0.01,1,2980,3000,4370,4000,3500,1.8575,1.494,1000,1500,2304,3745.588,0.6,0,1.5,0.91,0,20,30,1.07,100,0,0,0,0,0,0,0.02,0.06,0.15,1.29,3000,1020,153,0,50,0,3000,200,200,50,0,0,0,0,0,0,0,0,0,0,0,0,0,1,0,0,0,0
1458,7,cn-server-capture,1.1,2000,1.4,500,350,2,2,1,1,0,1,100,3,0.666,2304,1825,2070,1415,10,24.84,5,5,0.2,0.2,0.2,4740,0.252,0.06,0.01,3810,2980,3000,4370,4000,3500,1.8575,1.494,1000,1500,2304,3745.588,0.6,0,1.5,0.91,0,20,30,1.07,100,0,0,0,0,0,0,0.02,0.06,0.15,1.29,3000,1020,153,0,50,0,3000,200,200,50,0,0,0,0,0,0,0,0,0,0,0,0,0,1,0,0,0,0
1459,4,cn-server-capture,1.1,2000,1.4,500,350,2,2,1,1,0,1,100,3,0.666,2304,1825,2070,1415,10,25.24,5,5,0.2,0.2,0.2,4820,0.252,0.06,0.01,1,3065,3000,4350,4000,3500,1.8577,1.5339999,1000,1400,2304,3955.556,0.7,0,1.5,0.96,0,20,30,1.07,100,0,0,0,0,0,0,0.022,0.06,0.15,1.154,3000,2500,500,0,50,0,3000,200,200,50,0,0,0,0,0,0,0,0,0,0,0,0,0,1,0,0,0,0
1459,7,cn-server-capture,1.1,2000,1.4,500,350,2,2,1,1,0,1,100,3,0.666,2304,1825,2070,1415,10,25.24,5,5,0.2,0.2,0.2,4820,0.252,0.06,0.01,3790,3065,3000,4350,4000,3500,1.8577,1.5339999,1000,1400,2304,3955.556,0.7,0,1.5,0.96,0,20,30,1.07,100,0,0,0,0,0,0,0.022,0.06,0.15,1.154,3000,2500,500,0,50,0,3000,200,200,50,0,0,0,0,0,0,0,0,0,0,0,0,0,1,0,0,0,0
1460,4,cn-server-capture,1.1,2000,1.31,500,350,2,3,2,1,0,1,100,3,0.667,2304,1825,2070,1415,10,24.91,5,5,0.2,0.2,0.2,4420,0.254,0.06,0.01,1,2800,3000,4000,4000,3500,1.8499,1.494,1550,1000,4166.053,2304,0,0,1.5,1,0,20,30,1.07,100,0,0,0,0,0,1,0,0.04,0.15,1.3,3000,1000,300,0,50,1,3000,200,160,50,0,0,0,0,0,0,0,0,0,0,0,0,0,1,0,0,0,0
1460,7,cn-server-capture,1.1,2000,1.31,500,350,2,3,2,1,0,1,100,3,0.667,2304,1825,2070,1415,10,24.91,5,5,0.2,0.2,0.2,4420,0.254,0.06,0.01,4000,2800,3000,4000,4000,3500,1.8499,1.494,1550,1000,4166.053,2304,0,0,1.5,1,0,20,30,1.07,100,0,0,0,0,0,1,0,0.04,0.15,1.3,3000,1000,300,0,50,1,3000,200,160,50,0,0,0,0,0,0,0,0,0,0,0,0,0,1,0,0,0,0
1461,4,cn-server-capture,1.1,2000,1.4,500,350,3,2,1,1,1,1,100,3,0.667,2304,1825,2070,1415,10,24.880001,5,5,0.2,0.2,0.2,4720,0.254,0.06,0.01,1,2880,3000,4200,4000,3500,1.8543,1.5339999,1000,1400,2304,3955.556,0.6,0,1.5,1,0,10,20,1.065,50,0,0,0,1,0,0,0.03,0.06,0.1,1.18,3000,1500,225,0,50,0,3000,200,210,50,0,0,0,0,0,0,0,0,0,0,0,0,0,1,0,0,0,0
1461,7,cn-server-capture,1.1,2000,1.4,500,350,3,2,1,1,1,1,100,3,0.667,2304,1825,2070,1415,10,24.880001,5,5,0.2,0.2,0.2,4720,0.254,0.06,0.01,3420,2880,3000,4200,4000,3500,1.8543,1.5339999,1000,1400,2304,3955.556,0.6,0,1.5,1,0,10,20,1.065,50,0,0,0,1,0,0,0.03,0.06,0.1,1.18,3000,1500,225,0,50,0,3000,200,210,50,0,0,0,0,0,0,0,0,0,0,0,0,0,1,0,0,0,0
1462,4,cn-server-capture,1.1,2000,1.31,500,350,2,3,2,1,0,1,100,3,0.667,2304,1825,2070,1415,10,25.03,5,5,0.2,0.2,0.2,4420,0.254,0.06,0.01,1,2800,3000,4000,4000,3500,1.8499,1.494,1550,1000,4166.053,2304,0,0,1.5,1,0,20,30,1.07,100,0,0,0,0,0,1,0,0.04,0.15,1.3,3000,1000,300,0,50,1,3000,200,160,50,0,0,0,0,0,0,0,0,0,0,0,0,0,1,0,0,0,0
1462,7,cn-server-capture,1.1,2000,1.31,500,350,2,3,2,1,0,1,100,3,0.667,2304,1825,2070,1415,10,25.03,5,5,0.2,0.2,0.2,4420,0.254,0.06,0.01,4000,2800,3000,4000,4000,3500,1.8499,1.494,1550,1000,4166.053,2304,0,0,1.5,1,0,20,30,1.07,100,0,0,0,0,0,1,0,0.04,0.15,1.3,3000,1000,300,0,50,1,3000,200,160,50,0,0,0,0,0,0,0,0,0,0,0,0,0,1,0,0,0,0
1463,4,cn-server-capture,1.1,2000,1.4,500,350,2,2,1,1,0,1,100,3,0.666,2304,1825,2070,1415,10,25.33,5,5,0.2,0.2,0.2,4840,0.252,0.06,0.01,1,3065,3000,4320,4000,3500,1.8577,1.5339999,1000,1400,2304,3955.556,0.7,0,1.5,0.88,0,20,30,1.07,100,0,0,0,0,0,0,0.02,0.06,0.15,1.18,3000,2000,400,0,50,0,3000,200,200,50,0,0,0,0,0,0,0,0,0,0,0,0,0,1,0,0,0,0
1463,7,cn-server-capture,1.1,2000,1.4,500,350,2,2,1,1,0,1,100,3,0.666,2304,1825,2070,1415,10,25.33,5,5,0.2,0.2,0.2,4840,0.252,0.06,0.01,3760,3065,3000,4320,4000,3500,1.8577,1.5339999,1000,1400,2304,3955.556,0.7,0,1.5,0.88,0,20,30,1.07,100,0,0,0,0,0,0,0.02,0.06,0.15,1.18,3000,2000,400,0,50,0,3000,200,200,50,0,0,0,0,0,0,0,0,0,0,0,0,0,1,0,0,0,0
1464,4,cn-server-capture,1.1,2000,1.31,500,350,2,3,2,1,0,1,100,3,0.667,2304,1825,2070,1415,10,24.84,5,5,0.2,0.2,0.2,4420,0.254,0.06,0.01,1,2800,3000,4000,4000,3500,1.8499,1.494,1550,1000,4166.053,2304,0,0,1.5,1,0,20,30,1.07,100,0,0,0,0,0,0,0,0.04,0.15,1.3,3000,1000,300,0,50,1,3000,200,160,50,0,0,0,0,0,0,0,0,0,0,0,0,0,1,0,0,0,0
1464,7,cn-server-capture,1.1,2000,1.31,500,350,2,3,2,1,0,1,100,3,0.667,2304,1825,2070,1415,10,24.84,5,5,0.2,0.2,0.2,4420,0.254,0.06,0.01,4000,2800,3000,4000,4000,3500,1.8499,1.494,1550,1000,4166.053,2304,0,0,1.5,1,0,20,30,1.07,100,0,0,0,0,0,0,0,0.04,0.15,1.3,3000,1000,300,0,50,1,3000,200,160,50,0,0,0,0,0,0,0,0,0,0,0,0,0,1,0,0,0,0
1465,4,cn-server-capture,1.1,2000,1.31,500,350,2,3,2,1,0,1,100,3,0.667,2304,1825,2070,1415,10,24.94,5,5,0.2,0.2,0.2,4420,0.254,0.06,0.01,1,2800,3000,4000,4000,3500,1.8499,1.494,1550,1000,4166.053,2304,0,0,1.5,1,0,20,30,1.07,100,0,0,0,0,0,1,0,0.04,0.15,1.3,3000,1000,300,0,50,1,3000,200,160,50,0,0,0,0,0,0,0,0,0,0,0,0,0,1,0,0,0,0
1465,7,cn-server-capture,1.1,2000,1.31,500,350,2,3,2,1,0,1,100,3,0.667,2304,1825,2070,1415,10,24.94,5,5,0.2,0.2,0.2,4420,0.254,0.06,0.01,4000,2800,3000,4000,4000,3500,1.8499,1.494,1550,1000,4166.053,2304,0,0,1.5,1,0,20,30,1.07,100,0,0,0,0,0,1,0,0.04,0.15,1.3,3000,1000,300,0,50,1,3000,200,160,50,0,0,0,0,0,0,0,0,0,0,0,0,0,1,0,0,0,0
1466,4,cn-server-capture,1.1,2000,1.4,500,350,2,2,1,1,0,1,100,3,0.663,2304,1825,2070,1415,10,25.28,5,5,0.2,0.2,0.2,4830,0.25300002,0.06,0.01,1,3065,3000,4320,4000,3500,1.8579,1.5339999,1000,1400,2304,3955.556,0.7,0,1.5,0.94,0,20,30,1.07,100,0,0,0,0,0,0,0.02,0.06,0.15,1.29,3000,1040,208,0,50,0,3000,200,200,50,0,0,0,0,0,0,0,0,0,0,0,0,0,1,0,0,0,0
1466,7,cn-server-capture,1.1,2000,1.4,500,350,2,2,1,1,0,1,100,3,0.663,2304,1825,2070,1415,10,25.28,5,5,0.2,0.2,0.2,4830,0.25300002,0.06,0.01,3800,3065,3000,4320,4000,3500,1.8579,1.5339999,1000,1400,2304,3955.556,0.7,0,1.5,0.94,0,20,30,1.07,100,0,0,0,0,0,0,0.02,0.06,0.15,1.29,3000,1040,208,0,50,0,3000,200,200,50,0,0,0,0,0,0,0,0,0,0,0,0,0,1,0,0,0,0
1467,4,cn-server-capture,1.1,2000,1.31,500,350,2,3,2,1,0,1,100,3,0.667,2304,1825,2070,1415,10,25.27,5,5,0.2,0.2,0.2,4630,0.254,0.06,0.01,1,2970,3000,4100,4000,3500,1.8544999,1.494,1550,1000,4166.053,2304,0,0,1.5,1,0,20,30,1.07,100,0,0,0,0,0,0,0,0.04,0.15,1.3,3000,1000,300,0,50,1,3000,200,160,50,0,0,0,0,0,0,0,0,0,0,0,0,0,1,0,0,0,0
1467,7,cn-server-capture,1.1,2000,1.31,500,350,2,3,2,1,0,1,100,3,0.667,2304,1825,2070,1415,10,25.27,5,5,0.2,0.2,0.2,4630,0.254,0.06,0.01,4000,2970,3000,4100,4000,3500,1.8544999,1.494,1550,1000,4166.053,2304,0,0,1.5,1,0,20,30,1.07,100,0,0,0,0,0,0,0,0.04,0.15,1.3,3000,1000,300,0,50,1,3000,200,160,50,0,0,0,0,0,0,0,0,0,0,0,0,0,1,0,0,0,0
1468,4,cn-server-capture,1.1,2000,1.4,500,350,2,2,1,1,0,1,100,3,0.664,2304,1825,2070,1415,10,24.98,5,5,0.2,0.2,0.2,4750,0.252,0.06,0.01,1,2990,3000,4370,4000,3500,1.8576,1.494,1000,1500,2304,3745.588,0.6,0,1.5,0.91,0,20,30,1.07,100,0,0,0,0,0,0,0.02,0.06,0.15,1.18,3000,2000,400,0,50,0,3000,200,200,50,0,0,0,0,0,0,0,0,0,0,0,0,0,1,0,0,0,0
1468,7,cn-server-capture,1.1,2000,1.4,500,350,2,2,1,1,0,1,100,3,0.664,2304,1825,2070,1415,10,24.98,5,5,0.2,0.2,0.2,4750,0.252,0.06,0.01,3760,2990,3000,4370,4000,3500,1.8576,1.494,1000,1500,2304,3745.588,0.6,0,1.5,0.91,0,20,30,1.07,100,0,0,0,0,0,0,0.02,0.06,0.15,1.18,3000,2000,400,0,50,0,3000,200,200,50,0,0,0,0,0,0,0,0,0,0,0,0,0,1,0,0,0,0
1469,4,cn-server-capture,1.1,2000,1.31,500,350,2,3,2,1,0,1,100,3,0.667,2304,1825,2070,1415,10,24.91,5,5,0.2,0.2,0.2,4420,0.254,0.06,0.01,1,2800,3000,4000,4000,3500,1.8499,1.494,1550,1000,4166.053,2304,0,0,1.5,1,0,20,30,1.07,100,0,0,0,0,0,0,0,0.04,0.15,1.3,3000,1000,300,0,50,1,3000,200,160,50,0,0,0,0,0,0,0,0,0,0,0,0,0,1,0,0,0,0
1469,7,cn-server-capture,1.1,2000,1.31,500,350,2,3,2,1,0,1,100,3,0.667,2304,1825,2070,1415,10,24.91,5,5,0.2,0.2,0.2,4420,0.254,0.06,0.01,4000,2800,3000,4000,4000,3500,1.8499,1.494,1550,1000,4166.053,2304,0,0,1.5,1,0,20,30,1.07,100,0,0,0,0,0,0,0,0.04,0.15,1.3,3000,1000,300,0,50,1,3000,200,160,50,0,0,0,0,0,0,0,0,0,0,0,0,0,1,0,0,0,0
1470,4,cn-server-capture,1.1,2000,1.4,500,350,2,2,1,1,0,1,100,3,0.666,2304,1825,2070,1415,10,25.27,5,5,0.2,0.2,0.2,4810,0.252,0.06,0.01,1,3065,3000,4360,4000,3500,1.8577,1.5339999,1000,1400,2304,3955.556,0.7,0,1.5,0.99,0,20,30,1.07,100,0,0,0,0,0,0,0.02,0.06,0.15,1.14,3000,2500,500,0,50,0,3000,200,200,50,0.83,1.122,0,0,0,0,0,0,0,0,0,0,0,1,0,0,0,0
1470,7,cn-server-capture,1.1,2000,1.4,500,350,2,2,1,1,0,1,100,3,0.666,2304,1825,2070,1415,10,25.27,5,5,0.2,0.2,0.2,4810,0.252,0.06,0.01,3800,3065,3000,4360,4000,3500,1.8577,1.5339999,1000,1400,2304,3955.556,0.7,0,1.5,0.99,0,20,30,1.07,100,0,0,0,0,0,0,0.02,0.06,0.15,1.14,3000,2500,500,0,50,0,3000,200,200,50,0.83,1.122,0,0,0,0,0,0,0,0,0,0,0,1,0,0,0,0
1471,4,cn-server-capture,1.1,2000,1.4,500,350,2,2,1,1,0,1,100,3,0.667,2304,1825,2070,1415,10,24.93,5,5,0.2,0.2,0.2,4630,0.254,0.06,0.01,1,2980,3000,4320,4000,3500,1.8543,1.494,1000,1500,2304,3745.588,0.6,0,1.5,1,0,20,30,1.07,100,0,0,0,0,1,1,0.02,0.06,0.15,1.14,3000,2500,500,0,50,0,3000,200,200,50,0,0,0,0,0,0,0,0,0,0,0,0,0,1,0,0,0,0
1471,7,cn-server-capture,1.1,2000,1.4,500,350,2,2,1,1,0,1,100,3,0.667,2304,1825,2070,1415,10,24.93,5,5,0.2,0.2,0.2,4630,0.254,0.06,0.01,3860,2980,3000,4320,4000,3500,1.8543,1.494,1000,1500,2304,3745.588,0.6,0,1.5,1,0,20,30,1.07,100,0,0,0,0,1,1,0.02,0.06,0.15,1.14,3000,2500,500,0,50,0,3000,200,200,50,0,0,0,0,0,0,0,0,0,0,0,0,0,1,0,0,0,0
1472,4,cn-server-capture,1.1,2000,1.4,500,350,2,2,1,1,0,1,100,3,0.667,2304,1825,2070,1415,10,24.93,5,5,0.2,0.2,0.2,4630,0.254,0.06,0.01,1,2980,3000,4320,4000,3500,1.8543,1.494,1000,1500,2304,3745.588,0.6,0,1.5,1,0,20,30,1.07,100,0,0,0,0,1,1,0.02,0.06,0.15,1.14,3000,2500,500,0,50,0,3000,200,200,50,0,0,0,0,0,0,0,0,0,0,0,0,0,1,0,0,0,0
1472,7,cn-server-capture,1.1,2000,1.4,500,350,2,2,1,1,0,1,100,3,0.667,2304,1825,2070,1415,10,24.93,5,5,0.2,0.2,0.2,4630,0.254,0.06,0.01,3860,2980,3000,4320,4000,3500,1.8543,1.494,1000,1500,2304,3745.588,0.6,0,1.5,1,0,20,30,1.07,100,0,0,0,0,1,1,0.02,0.06,0.15,1.14,3000,2500,500,0,50,0,3000,200,200,50,0,0,0,0,0,0,0,0,0,0,0,0,0,1,0,0,0,0
1473,4,cn-server-capture,1.1,2000,1.4,500,350,2,2,1,1,0,1,100,3,0.667,2304,1825,2070,1415,10,24.93,5,5,0.2,0.2,0.2,4630,0.254,0.06,0.01,1,2980,3000,4320,4000,3500,1.8543,1.494,1000,1500,2304,3745.588,0.6,0,1.5,1,0,20,30,1.07,100,0,0,0,0,1,1,0.02,0.06,0.15,1.14,3000,2500,500,0,50,0,3000,200,200,50,0,0,0,0,0,0,0,0,0,0,0,0,0,1,0,0,0,0
1473,7,cn-server-capture,1.1,2000,1.4,500,350,2,2,1,1,0,1,100,3,0.667,2304,1825,2070,1415,10,24.93,5,5,0.2,0.2,0.2,4630,0.254,0.06,0.01,3860,2980,3000,4320,4000,3500,1.8543,1.494,1000,1500,2304,3745.588,0.6,0,1.5,1,0,20,30,1.07,100,0,0,0,0,1,1,0.02,0.06,0.15,1.14,3000,2500,500,0,50,0,3000,200,200,50,0,0,0,0,0,0,0,0,0,0,0,0,0,1,0,0,0,0
1474,4,cn-server-capture,1.1,2000,1.4,500,350,2,2,1,1,0,1,100,3,0.667,2304,1825,2070,1415,10,24.93,5,5,0.2,0.2,0.2,4630,0.254,0.06,0.01,1,2980,3000,4320,4000,3500,1.8543,1.494,1000,1500,2304,3745.588,0.6,0,1.5,1,0,20,30,1.07,100,0,0,0,0,1,1,0.02,0.06,0.15,1.14,3000,2500,500,0,50,0,3000,200,200,50,0,0,0,0,0,0,0,0,0,0,0,0,0,1,0,0,0,0
1474,7,cn-server-capture,1.1,2000,1.4,500,350,2,2,1,1,0,1,100,3,0.667,2304,1825,2070,1415,10,24.93,5,5,0.2,0.2,0.2,4630,0.254,0.06,0.01,3860,2980,3000,4320,4000,3500,1.8543,1.494,1000,1500,2304,3745.588,0.6,0,1.5,1,0,20,30,1.07,100,0,0,0,0,1,1,0.02,0.06,0.15,1.14,3000,2500,500,0,50,0,3000,200,200,50,0,0,0,0,0,0,0,0,0,0,0,0,0,1,0,0,0,0
1475,4,cn-server-capture,1.1,2000,1.4,500,350,2,2,1,1,0,1,100,3,0.667,2304,1825,2070,1415,10,24.95,5,5,0.2,0.2,0.2,4650,0.254,0.06,0.01,1,2980,3000,4320,4000,3500,1.8543,1.494,1000,1500,2304,3745.588,0.6,0,1.5,1,0,20,30,1.07,100,0,0,0,0,1,1,0.02,0.06,0.15,1.18,3000,2000,400,0,50,0,3000,200,200,50,0,0,0,0,0,0,0,0,0,0,0,0,0,1,0,0,0,0
1475,7,cn-server-capture,1.1,2000,1.4,500,350,2,2,1,1,0,1,100,3,0.667,2304,1825,2070,1415,10,24.95,5,5,0.2,0.2,0.2,4650,0.254,0.06,0.01,3840,2980,3000,4320,4000,3500,1.8543,1.494,1000,1500,2304,3745.588,0.6,0,1.5,1,0,20,30,1.07,100,0,0,0,0,1,1,0.02,0.06,0.15,1.18,3000,2000,400,0,50,0,3000,200,200,50,0,0,0,0,0,0,0,0,0,0,0,0,0,1,0,0,0,0
1476,4,cn-server-capture,1.1,2000,1.4,500,350,2,2,1,1,0,1,100,3,0.663,2304,1825,2070,1415,10,25.41,5,5,0.2,0.2,0.2,4906,0.25300002,0.06,0.01,1,3115,3000,4320,4000,3500,1.85962,1.5339999,1000,1400,2304,3955.556,0.7,0,1.5,1,0,20,30,1.07,100,0,0,0,0,0,0,0.02,0.06,0.15,1.18,3000,2000,400,0,50,0,3000,200,200,50,0.769538,1.095391,0,0,0,0,0,0,0,0,0,0,0,1,0,0,0,0
1476,7,cn-server-capture,1.1,2000,1.4,500,350,2,2,1,1,0,1,100,3,0.663,2304,1825,2070,1415,10,25.41,5,5,0.2,0.2,0.2,4906,0.25300002,0.06,0.01,3800,3115,3000,4320,4000,3500,1.85962,1.5339999,1000,1400,2304,3955.556,0.7,0,1.5,1,0,20,30,1.07,100,0,0,0,0,0,0,0.02,0.06,0.15,1.18,3000,2000,400,0,50,0,3000,200,200,50,0.769538,1.095391,0,0,0,0,0,0,0,0,0,0,0,1,0,0,0,0
1477,4,cn-server-capture,1.1,2000,1.31,500,350,2,3,2,1,0,1,100,3,0.667,2304,1825,2070,1415,10,24.94,5,5,0.2,0.2,0.2,4420,0.254,0.06,0.01,1,2800,3000,4000,4000,3500,1.8499,1.494,1550,1000,4166.053,2304,0,0,1.5,1,0,20,30,1.07,100,0,0,0,0,0,1,0,0.04,0.15,1.3,3000,1000,300,0,50,1,3000,200,160,50,0,0,0,0,0,0,0,0,0,0,0,0,0,1,0,0,0,0
1477,7,cn-server-capture,1.1,2000,1.31,500,350,2,3,2,1,0,1,100,3,0.667,2304,1825,2070,1415,10,24.94,5,5,0.2,0.2,0.2,4420,0.254,0.06,0.01,4000,2800,3000,4000,4000,3500,1.8499,1.494,1550,1000,4166.053,2304,0,0,1.5,1,0,20,30,1.07,100,0,0,0,0,0,1,0,0.04,0.15,1.3,3000,1000,300,0,50,1,3000,200,160,50,0,0,0,0,0,0,0,0,0,0,0,0,0,1,0,0,0,0
1478,4,cn-server-capture,1.1,2000,1.4,500,350,2,2,1,1,0,1,100,3,0.664,2304,1825,2070,1415,10,24.86,5,5,0.2,0.2,0.2,4740,0.252,0.06,0.01,1,2980,3000,4370,4000,3500,1.8575,1.494,1000,1500,2304,3745.588,0.6,0,1.5,0.91,0,20,30,1.07,100,0,0,0,0,0,0,0.02,0.06,0.15,1.29,3000,1020,153,0,50,0,3000,200,200,50,0,0,0,0,0,0,0,0,0,0,0,0,0,1,0,0,0,0
1478,7,cn-server-capture,1.1,2000,1.4,500,350,2,2,1,1,0,1,100,3,0.664,2304,1825,2070,1415,10,24.86,5,5,0.2,0.2,0.2,4740,0.252,0.06,0.01,3660,2980,3000,4370,4000,3500,1.8575,1.494,1000,1500,2304,3745.588,0.6,0,1.5,0.91,0,20,30,1.07,100,0,0,0,0,0,0,0.02,0.06,0.15,1.29,3000,1020,153,0,50,0,3000,200,200,50,0,0,0,0,0,0,0,0,0,0,0,0,0,1,0,0,0,0
1479,4,cn-server-capture,1.1,2000,1.31,500,350,2,3,2,1,0,1,100,3,0.667,2304,1825,2070,1415,10,24.89,5,5,0.2,0.2,0.2,4420,0.254,0.06,0.01,1,2800,3000,4000,4000,3500,1.8499,1.494,1550,1000,4166.053,2304,0,0,1.5,1,0,20,30,1.07,100,0,0,0,0,0,0,0,0.04,0.15,1.3,3000,1000,300,0,50,1,3000,200,160,50,0,0,0,0,0,0,0,0,0,0,0,0,0,1,0,0,0,0
1479,7,cn-server-capture,1.1,2000,1.31,500,350,2,3,2,1,0,1,100,3,0.667,2304,1825,2070,1415,10,24.89,5,5,0.2,0.2,0.2,4420,0.254,0.06,0.01,4000,2800,3000,4000,4000,3500,1.8499,1.494,1550,1000,4166.053,2304,0,0,1.5,1,0,20,30,1.07,100,0,0,0,0,0,0,0,0.04,0.15,1.3,3000,1000,300,0,50,1,3000,200,160,50,0,0,0,0,0,0,0,0,0,0,0,0,0,1,0,0,0,0
1480,4,cn-server-capture,1.1,2000,1.4,500,350,2,2,1,1,0,1,100,3,0.666,2304,1825,2070,1415,10,24.95,5,5,0.2,0.2,0.2,4630,0.252,0.06,0.01,1,3060,3000,4400,4000,3500,1.8544999,1.494,1000,1500,2304,3745.588,0.6,0,1.5,0.9,0,20,30,1.07,100,0,0,0,0,0,0,0.017,0.06,0.15,1.14,3000,3000,600,0,50,0,3000,200,200,50,0,0,0,0,0,0,0,0,0,0,0,0,0,1,0,0,0,0
1480,7,cn-server-capture,1.1,2000,1.4,500,350,2,2,1,1,0,1,100,3,0.666,2304,1825,2070,1415,10,24.95,5,5,0.2,0.2,0.2,4630,0.252,0.06,0.01,3740,3060,3000,4400,4000,3500,1.8544999,1.494,1000,1500,2304,3745.588,0.6,0,1.5,0.9,0,20,30,1.07,100,0,0,0,0,0,0,0.017,0.06,0.15,1.14,3000,3000,600,0,50,0,3000,200,200,50,0,0,0,0,0,0,0,0,0,0,0,0,0,1,0,0,0,0
1481,4,cn-server-capture,1.1,2000,1.31,500,350,2,3,2,1,0,1,100,3,0.667,2304,1825,2070,1415,10,24.73,5,5,0.2,0.2,0.2,4420,0.254,0.06,0.01,1,2800,3000,4000,4000,3500,1.8499,1.494,1550,1000,4166.053,2304,0,0,1.5,1,0,20,30,1.07,100,0,0,0,0,0,0,0,0.04,0.15,1.3,3000,1000,300,0,50,1,3000,200,160,50,0,0,0,0,0,0,0,0,0,0,0,0,0,1,0,0,0,0
1481,7,cn-server-capture,1.1,2000,1.31,500,350,2,3,2,1,0,1,100,3,0.667,2304,1825,2070,1415,10,24.73,5,5,0.2,0.2,0.2,4420,0.254,0.06,0.01,4000,2800,3000,4000,4000,3500,1.8499,1.494,1550,1000,4166.053,2304,0,0,1.5,1,0,20,30,1.07,100,0,0,0,0,0,0,0,0.04,0.15,1.3,3000,1000,300,0,50,1,3000,200,160,50,0,0,0,0,0,0,0,0,0,0,0,0,0,1,0,0,0,0
1482,4,cn-server-capture,1.1,2000,1.31,500,350,2,3,2,1,0,1,100,3,0.667,2304,1825,2070,1415,10,25.27,5,5,0.2,0.2,0.2,4630,0.254,0.06,0.01,1,2970,3000,4100,4000,3500,1.8544999,1.494,1550,1000,4166.053,2304,0,0,1.5,1,0,20,30,1.07,100,0,0,0,0,0,0,0,0.04,0.15,1.3,3000,1000,300,0,50,1,3000,200,160,50,0,0,0,0,0,0,0,0,0,0,0,0,0,1,0,0,0,0
1482,7,cn-server-capture,1.1,2000,1.31,500,350,2,3,2,1,0,1,100,3,0.667,2304,1825,2070,1415,10,25.27,5,5,0.2,0.2,0.2,4630,0.254,0.06,0.01,4000,2970,3000,4100,4000,3500,1.8544999,1.494,1550,1000,4166.053,2304,0,0,1.5,1,0,20,30,1.07,100,0,0,0,0,0,0,0,0.04,0.15,1.3,3000,1000,300,0,50,1,3000,200,160,50,0,0,0,0,0,0,0,0,0,0,0,0,0,1,0,0,0,0
1483,4,cn-server-capture,1.1,2000,1.4,500,350,2,2,1,1,0,1,100,3,0.666,2304,1825,2070,1415,10,24.98,5,5,0.2,0.2,0.2,4680,0.252,0.06,0.01,1,2990,3000,4350,4000,3500,1.8575,1.494,1000,1500,2304,3745.588,0.6,0,1.5,0.89,0,20,30,1.07,100,0,0,0,0,0,0,0.02,0.06,0.15,1.14,3000,2500,500,0,50,0,3000,200,200,50,0,0,0,0,0,0,0,0,0,0,0,0,0,1,0,0,0,0
1483,7,cn-server-capture,1.1,2000,1.4,500,350,2,2,1,1,0,1,100,3,0.666,2304,1825,2070,1415,10,24.98,5,5,0.2,0.2,0.2,4680,0.252,0.06,0.01,3800,2990,3000,4350,4000,3500,1.8575,1.494,1000,1500,2304,3745.588,0.6,0,1.5,0.89,0,20,30,1.07,100,0,0,0,0,0,0,0.02,0.06,0.15,1.14,3000,2500,500,0,50,0,3000,200,200,50,0,0,0,0,0,0,0,0,0,0,0,0,0,1,0,0,0,0
1484,4,cn-server-capture,1.1,2000,1.31,500,350,2,3,2,1,0,1,100,3,0.667,2304,1825,2070,1415,10,24.89,5,5,0.2,0.2,0.2,4420,0.254,0.06,0.01,1,2800,3000,4000,4000,3500,1.8499,1.494,1550,1000,4166.053,2304,0,0,1.5,1,0,20,30,1.07,100,0,0,0,0,0,0,0,0.04,0.15,1.3,3000,1000,300,0,50,1,3000,200,160,50,0,0,0,0,0,0,0,0,0,0,0,0,0,1,0,0,0,0
1484,7,cn-server-capture,1.1,2000,1.31,500,350,2,3,2,1,0,1,100,3,0.667,2304,1825,2070,1415,10,24.89,5,5,0.2,0.2,0.2,4420,0.254,0.06,0.01,4000,2800,3000,4000,4000,3500,1.8499,1.494,1550,1000,4166.053,2304,0,0,1.5,1,0,20,30,1.07,100,0,0,0,0,0,0,0,0.04,0.15,1.3,3000,1000,300,0,50,1,3000,200,160,50,0,0,0,0,0,0,0,0,0,0,0,0,0,1,0,0,0,0
1485,4,cn-server-capture,1.1,2000,1.4,500,350,2,2,1,1,0,1,100,3,0.664,2304,1825,2070,1415,10,25.27,5,5,0.2,0.2,0.2,4820,0.252,0.06,0.01,1,3065,3000,4360,4000,3500,1.8577,1.5339999,1000,1400,2304,3955.556,0.7,0,1.5,0.9,0,20,30,1.07,100,0,0,0,0,0,0,0.02,0.06,0.15,1.14,3000,2500,500,0,50,0,3000,200,200,50,0.83,1.122,0,0,0,0,0,0,0,0,0,0,0,1,0,0,0,0
1485,7,cn-server-capture,1.1,2000,1.4,500,350,2,2,1,1,0,1,100,3,0.664,2304,1825,2070,1415,10,25.27,5,5,0.2,0.2,0.2,4820,0.252,0.06,0.01,3800,3065,3000,4360,4000,3500,1.8577,1.5339999,1000,1400,2304,3955.556,0.7,0,1.5,0.9,0,20,30,1.07,100,0,0,0,0,0,0,0.02,0.06,0.15,1.14,3000,2500,500,0,50,0,3000,200,200,50,0.83,1.122,0,0,0,0,0,0,0,0,0,0,0,1,0,0,0,0
1486,4,cn-server-capture,1.1,2000,1.4,500,350,2,2,1,1,0,1,100,3,0.663,2304,1825,2070,1415,10,25.43,5,5,0.2,0.2,0.2,4906,0.254,0.06,0.01,1,3115,3000,4320,4000,3500,1.85972,1.5339999,1000,1400,2304,3955.556,0.6,0,1.5,0.9,0,20,30,1.07,100,0,0,0,0,0,0,0.017,0.06,0.15,1.14,3000,3000,600,0,50,0,3000,200,200,50,0.75796,1.073483,0,0,0,0,0,0,0,0,0,0,0,1,0,0,0,0
1486,7,cn-server-capture,1.1,2000,1.4,500,350,2,2,1,1,0,1,100,3,0.663,2304,1825,2070,1415,10,25.43,5,5,0.2,0.2,0.2,4906,0.254,0.06,0.01,3780,3115,3000,4320,4000,3500,1.85972,1.5339999,1000,1400,2304,3955.556,0.6,0,1.5,0.9,0,20,30,1.07,100,0,0,0,0,0,0,0.017,0.06,0.15,1.14,3000,3000,600,0,50,0,3000,200,200,50,0.75796,1.073483,0,0,0,0,0,0,0,0,0,0,0,1,0,0,0,0
1487,4,cn-server-capture,1.1,2000,1.31,500,350,2,3,2,1,0,1,100,3,0.667,2304,1825,2070,1415,10,25.27,5,5,0.2,0.2,0.2,4630,0.254,0.06,0.01,1,2970,3000,4100,4000,3500,1.8544999,1.494,1550,1000,4166.053,2304,0,0,1.5,1,0,20,30,1.07,100,0,0,0,0,0,0,0,0.04,0.15,1.3,3000,1000,300,0,50,1,3000,200,160,50,0,0,0,0,0,0,0,0,0,0,0,0,0,1,0,0,0,0
1487,7,cn-server-capture,1.1,2000,1.31,500,350,2,3,2,1,0,1,100,3,0.667,2304,1825,2070,1415,10,25.27,5,5,0.2,0.2,0.2,4630,0.254,0.06,0.01,4000,2970,3000,4100,4000,3500,1.8544999,1.494,1550,1000,4166.053,2304,0,0,1.5,1,0,20,30,1.07,100,0,0,0,0,0,0,0,0.04,0.15,1.3,3000,1000,300,0,50,1,3000,200,160,50,0,0,0,0,0,0,0,0,0,0,0,0,0,1,0,0,0,0
1488,4,cn-server-capture,1.1,2000,1.4,500,350,2,2,1,1,0,1,100,3,0.664,2304,1825,2070,1415,10,25.04,5,5,0.2,0.2,0.2,4760,0.254,0.064,0.01,1,3000,3000,4370,4000,3500,1.85759,1.494,1000,1500,2304,3745.588,0.6,0,1.5,0.91,0,20,30,1.07,100,0,0,0,0,0,0,0.02,0.06,0.15,1.29,3000,1020,153,0,50,0,3000,200,200,50,0,0,0,0,0,0,0,0,0,0,0,0,0,1,0,0,0,0
1488,7,cn-server-capture,1.1,2000,1.4,500,350,2,2,1,1,0,1,100,3,0.664,2304,1825,2070,1415,10,25.04,5,5,0.2,0.2,0.2,4760,0.254,0.064,0.01,3760,3000,3000,4370,4000,3500,1.85759,1.494,1000,1500,2304,3745.588,0.6,0,1.5,0.91,0,20,30,1.07,100,0,0,0,0,0,0,0.02,0.06,0.15,1.29,3000,1020,153,0,50,0,3000,200,200,50,0,0,0,0,0,0,0,0,0,0,0,0,0,1,0,0,0,0
1489,4,cn-server-capture,1.1,2000,1.31,500,350,2,3,2,1,0,1,100,3,0.667,2304,1825,2070,1415,10,24.89,5,5,0.2,0.2,0.2,4420,0.254,0.06,0.01,1,2800,3000,4000,4000,3500,1.8499,1.494,1550,1000,4166.053,2304,0,0,1.5,1,0,20,30,1.07,100,0,0,0,0,0,0,0,0.04,0.15,1.3,3000,1000,300,0,50,1,3000,200,160,50,0,0,0,0,0,0,0,0,0,0,0,0,0,1,0,0,0,0
1489,7,cn-server-capture,1.1,2000,1.31,500,350,2,3,2,1,0,1,100,3,0.667,2304,1825,2070,1415,10,24.89,5,5,0.2,0.2,0.2,4420,0.254,0.06,0.01,4000,2800,3000,4000,4000,3500,1.8499,1.494,1550,1000,4166.053,2304,0,0,1.5,1,0,20,30,1.07,100,0,0,0,0,0,0,0,0.04,0.15,1.3,3000,1000,300,0,50,1,3000,200,160,50,0,0,0,0,0,0,0,0,0,0,0,0,0,1,0,0,0,0
1490,4,cn-server-capture,1.1,2000,1.4,500,350,2,2,1,1,0,1,100,3,0.664,2304,1825,2070,1415,10,24.95,5,5,0.2,0.2,0.2,4740,0.252,0.06,0.01,1,2990,3000,4350,4000,3500,1.8563,1.494,1000,1500,2304,3745.588,0.6,0,1.5,1,0,20,30,1.07,100,0,0,0,0,0,0,0.02,0.06,0.15,1.18,3000,2000,400,0,50,0,3000,200,200,50,0.83141,1.44114,0,0,0,0,0,0,0,0,0,0,0,1,0,0,0,0
1490,7,cn-server-capture,1.1,2000,1.4,500,350,2,2,1,1,0,1,100,3,0.664,2304,1825,2070,1415,10,24.95,5,5,0.2,0.2,0.2,4740,0.252,0.06,0.01,3800,2990,3000,4350,4000,3500,1.8563,1.494,1000,1500,2304,3745.588,0.6,0,1.5,1,0,20,30,1.07,100,0,0,0,0,0,0,0.02,0.06,0.15,1.18,3000,2000,400,0,50,0,3000,200,200,50,0.83141,1.44114,0,0,0,0,0,0,0,0,0,0,0,1,0,0,0,0
1491,4,cn-server-capture,1.1,2000,1.31,500,350,2,3,2,1,0,1,100,3,0.667,2304,1825,2070,1415,10,24.91,5,5,0.2,0.2,0.2,4420,0.254,0.06,0.01,1,2800,3000,4000,4000,3500,1.8499,1.494,1550,1000,4166.053,2304,0,0,1.5,1,0,20,30,1.07,100,0,0,0,0,0,1,0,0.04,0.15,1.3,3000,1000,300,0,50,1,3000,200,160,50,0,0,0,0,0,0,0,0,0,0,0,0,0,1,0,0,0,0
1491,7,cn-server-capture,1.1,2000,1.31,500,350,2,3,2,1,0,1,100,3,0.667,2304,1825,2070,1415,10,24.91,5,5,0.2,0.2,0.2,4420,0.254,0.06,0.01,4000,2800,3000,4000,4000,3500,1.8499,1.494,1550,1000,4166.053,2304,0,0,1.5,1,0,20,30,1.07,100,0,0,0,0,0,1,0,0.04,0.15,1.3,3000,1000,300,0,50,1,3000,200,160,50,0,0,0,0,0,0,0,0,0,0,0,0,0,1,0,0,0,0
1492,4,cn-server-capture,1.1,2000,1.4,500,350,2,2,1,1,0,1,100,3,0.666,2304,1825,2070,1415,10,24.95,5,5,0.2,0.2,0.2,4720,0.252,0.06,0.01,1,3860,3000,4900,4000,3500,1.8555,1.494,1000,1500,2304,3745.588,0.6,0,1.5,0.9,0,20,30,1.07,100,0,0,0,1,0,0,0.016,0.06,0.15,1.154,3000,3000,600,0,50,0,3000,200,200,50,0.831644,1.220663,0,0,0,0,0,0,0,0,0,0,0,1,0,0,0,0
1492,7,cn-server-capture,1.1,2000,1.4,500,350,2,2,1,1,0,1,100,3,0.666,2304,1825,2070,1415,10,24.95,5,5,0.2,0.2,0.2,4720,0.252,0.06,0.01,4200,3860,3000,4900,4000,3500,1.8555,1.494,1000,1500,2304,3745.588,0.6,0,1.5,0.9,0,20,30,1.07,100,0,0,0,1,0,0,0.016,0.06,0.15,1.154,3000,3000,600,0,50,0,3000,200,200,50,0.831644,1.220663,0,0,0,0,0,0,0,0,0,0,0,1,0,0,0,0
1493,4,cn-server-capture,1.1,2000,1.4,500,350,3,2,1,1,1,1,100,3,0.663,2304,1825,2070,1415,10,25.22,5,5,0.2,0.2,0.2,4840,0.263,0.06,0.01,1,2930,3000,4200,4000,3500,1.8577,1.5339999,1000,1400,2304,3955.556,0.7,0,1.5,1,0,10,20,1.065,50,0,0,0,1,0,0,0.03,0.06,0.1,1.18,3000,1500,225,0,50,0,3000,200,210,50,0,0,0,0,0,0,0,0,0,0,0,0,0,1,0,0,0,0
1493,7,cn-server-capture,1.1,2000,1.4,500,350,3,2,1,1,1,1,100,3,0.663,2304,1825,2070,1415,10,25.22,5,5,0.2,0.2,0.2,4840,0.263,0.06,0.01,3380,2930,3000,4200,4000,3500,1.8577,1.5339999,1000,1400,2304,3955.556,0.7,0,1.5,1,0,10,20,1.065,50,0,0,0,1,0,0,0.03,0.06,0.1,1.18,3000,1500,225,0,50,0,3000,200,210,50,0,0,0,0,0,0,0,0,0,0,0,0,0,1,0,0,0,0
1494,4,cn-server-capture,1.1,2000,1.31,500,350,2,3,2,1,0,1,100,3,0.667,2304,1825,2070,1415,10,24.89,5,5,0.2,0.2,0.2,4420,0.254,0.06,0.01,1,2800,3000,4000,4000,3500,1.8499,1.494,1550,1000,4166.053,2304,0,0,1.5,1,0,20,30,1.07,100,0,0,0,0,0,0,0,0.04,0.15,1.3,3000,1000,300,0,50,1,3000,200,160,50,0,0,0,0,0,0,0,0,0,0,0,0,0,1,0,0,0,0
1494,7,cn-server-capture,1.1,2000,1.31,500,350,2,3,2,1,0,1,100,3,0.667,2304,1825,2070,1415,10,24.89,5,5,0.2,0.2,0.2,4420,0.254,0.06,0.01,4000,2800,3000,4000,4000,3500,1.8499,1.494,1550,1000,4166.053,2304,0,0,1.5,1,0,20,30,1.07,100,0,0,0,0,0,0,0,0.04,0.15,1.3,3000,1000,300,0,50,1,3000,200,160,50,0,0,0,0,0,0,0,0,0,0,0,0,0,1,0,0,0,0
1495,4,cn-server-capture,1.1,2000,1.4,500,350,2,2,1,1,0,1,100,3,0.662,2304,1825,2070,1415,10,25.45,5,5,0.2,0.2,0.2,4912,0.254,0.06,0.01,1,3115,3000,4320,4000,3500,1.85962,1.5339999,1000,1400,2304,3955.556,0.7,0,1.5,0.9,0,20,30,1.07,100,0,0,0,0,0,0,0.02,0.06,0.15,1.18,3000,2000,400,0,50,0,3000,200,200,50,0.7556404,1.158996,0,0,0,0,0,0,0,0,0,0,0,1,0,0,0,0
1495,7,cn-server-capture,1.1,2000,1.4,500,350,2,2,1,1,0,1,100,3,0.662,2304,1825,2070,1415,10,25.45,5,5,0.2,0.2,0.2,4912,0.254,0.06,0.01,3780,3115,3000,4320,4000,3500,1.85962,1.5339999,1000,1400,2304,3955.556,0.7,0,1.5,0.9,0,20,30,1.07,100,0,0,0,0,0,0,0.02,0.06,0.15,1.18,3000,2000,400,0,50,0,3000,200,200,50,0.7556404,1.158996,0,0,0,0,0,0,0,0,0,0,0,1,0,0,0,0
1496,4,cn-server-capture,1.1,2000,1.31,500,350,2,3,2,1,0,1,100,3,0.667,2304,1825,2070,1415,10,25.27,5,5,0.2,0.2,0.2,4630,0.254,0.06,0.01,1,2970,3000,4100,4000,3500,1.8544999,1.494,1550,1000,4166.053,2304,0,0,1.5,1,0,20,30,1.07,100,0,0,0,0,0,0,0,0.04,0.15,1.3,3000,1000,300,0,50,1,3000,200,160,50,0,0,0,0,0,0,0,0,0,0,0,0,0,1,0,0,0,0
1496,7,cn-server-capture,1.1,2000,1.31,500,350,2,3,2,1,0,1,100,3,0.667,2304,1825,2070,1415,10,25.27,5,5,0.2,0.2,0.2,4630,0.254,0.06,0.01,4000,2970,3000,4100,4000,3500,1.8544999,1.494,1550,1000,4166.053,2304,0,0,1.5,1,0,20,30,1.07,100,0,0,0,0,0,0,0,0.04,0.15,1.3,3000,1000,300,0,50,1,3000,200,160,50,0,0,0,0,0,0,0,0,0,0,0,0,0,1,0,0,0,0
1497,4,cn-server-capture,1.1,2000,1.31,500,350,2,3,2,1,0,1,100,3,0.667,2304,1825,2070,1415,10,24.89,5,5,0.2,0.2,0.2,4420,0.254,0.06,0.01,1,2800,3000,4000,4000,3500,1.8499,1.494,1550,1000,4166.053,2304,0,0,1.5,1,0,20,30,1.07,100,0,0,0,0,0,0,0,0.04,0.15,1.3,3000,1000,300,0,50,1,3000,200,160,50,0,0,0,0,0,0,0,0,0,0,0,0,0,1,0,0,0,0
1497,7,cn-server-capture,1.1,2000,1.31,500,350,2,3,2,1,0,1,100,3,0.667,2304,1825,2070,1415,10,24.89,5,5,0.2,0.2,0.2,4420,0.254,0.06,0.01,4000,2800,3000,4000,4000,3500,1.8499,1.494,1550,1000,4166.053,2304,0,0,1.5,1,0,20,30,1.07,100,0,0,0,0,0,0,0,0.04,0.15,1.3,3000,1000,300,0,50,1,3000,200,160,50,0,0,0,0,0,0,0,0,0,0,0,0,0,1,0,0,0,0
1498,4,cn-server-capture,1.1,2000,1.4,500,350,2,2,1,1,0,1,100,3,0.666,2304,1825,2070,1415,10,25.31,5,5,0.2,0.2,0.2,4820,0.25300002,0.06,0.01,1,3065,3000,4350,4000,3500,1.8577,1.5339999,1000,1400,2304,3955.556,0.7,0,1.5,0.96,0,20,30,1.07,100,0,0,0,0,0,0,0.02,0.06,0.15,1.29,3000,1040,208,0,50,0,3000,200,200,50,0.769538,1.095391,0,0,0,0,0,0,0,0,0,0,0,1,0,0,0,0
1498,7,cn-server-capture,1.1,2000,1.4,500,350,2,2,1,1,0,1,100,3,0.666,2304,1825,2070,1415,10,25.31,5,5,0.2,0.2,0.2,4820,0.25300002,0.06,0.01,3800,3065,3000,4350,4000,3500,1.8577,1.5339999,1000,1400,2304,3955.556,0.7,0,1.5,0.96,0,20,30,1.07,100,0,0,0,0,0,0,0.02,0.06,0.15,1.29,3000,1040,208,0,50,0,3000,200,200,50,0.769538,1.095391,0,0,0,0,0,0,0,0,0,0,0,1,0,0,0,0
1499,4,cn-server-capture,1.1,2000,1.4,500,350,2,2,1,1,0,1,100,3,0.664,2304,1825,2070,1415,10,25.24,5,5,0.2,0.2,0.2,4810,0.252,0.06,0.01,1,3065,3000,4360,4000,3500,1.8579,1.5339999,1000,1400,2304,3955.556,0.7,0,1.5,0.94,0,20,30,1.07,100,0,0,0,0,0,0,0.02,0.06,0.15,1.18,3000,2000,400,0,50,0,3000,200,200,50,0.833404,1.115986,0,0,0,0,0,0,0,0,0,0,0,1,0,0,0,0
1499,7,cn-server-capture,1.1,2000,1.4,500,350,2,2,1,1,0,1,100,3,0.664,2304,1825,2070,1415,10,25.24,5,5,0.2,0.2,0.2,4810,0.252,0.06,0.01,3810,3065,3000,4360,4000,3500,1.8579,1.5339999,1000,1400,2304,3955.556,0.7,0,1.5,0.94,0,20,30,1.07,100,0,0,0,0,0,0,0.02,0.06,0.15,1.18,3000,2000,400,0,50,0,3000,200,200,50,0.833404,1.115986,0,0,0,0,0,0,0,0,0,0,0,1,0,0,0,0
1500,4,cn-server-capture,1.1,2000,1.31,500,350,2,3,2,1,0,1,100,3,0.667,2304,1825,2070,1415,10,25.27,5,5,0.2,0.2,0.2,4630,0.254,0.06,0.01,1,2970,3000,4100,4000,3500,1.8544999,1.494,1550,1000,4166.053,2304,0,0,1.5,1,0,20,30,1.07,100,0,0,0,0,0,0,0,0.04,0.15,1.3,3000,1000,300,0,50,1,3000,200,160,50,0,0,0,0,0,0,0,0,0,0,0,0,0,1,0,0,0,0
1500,7,cn-server-capture,1.1,2000,1.31,500,350,2,3,2,1,0,1,100,3,0.667,2304,1825,2070,1415,10,25.27,5,5,0.2,0.2,0.2,4630,0.254,0.06,0.01,4000,2970,3000,4100,4000,3500,1.8544999,1.494,1550,1000,4166.053,2304,0,0,1.5,1,0,20,30,1.07,100,0,0,0,0,0,0,0,0.04,0.15,1.3,3000,1000,300,0,50,1,3000,200,160,50,0,0,0,0,0,0,0,0,0,0,0,0,0,1,0,0,0,0
1501,4,cn-server-capture,1.1,2000,1.4,500,350,2,2,1,1,0,1,100,3,0.666,2304,1825,2070,1415,10,24.96,5,5,0.2,0.2,0.2,4750,0.252,0.06,0.01,1,2970,3000,4320,4000,3500,1.8575,1.494,1000,1500,2304,3745.588,0.6,0,1.5,0.9,0,20,30,1.07,100,0,0,0,0,0,0,0.02,0.06,0.15,1.29,3000,1020,204,0,50,0,3000,200,200,50,0.767086,1.318437,0,0,0,0,0,0,0,0,0,0,0,1,0,0,0,0
1501,7,cn-server-capture,1.1,2000,1.4,500,350,2,2,1,1,0,1,100,3,0.666,2304,1825,2070,1415,10,24.96,5,5,0.2,0.2,0.2,4750,0.252,0.06,0.01,3790,2970,3000,4320,4000,3500,1.8575,1.494,1000,1500,2304,3745.588,0.6,0,1.5,0.9,0,20,30,1.07,100,0,0,0,0,0,0,0.02,0.06,0.15,1.29,3000,1020,204,0,50,0,3000,200,200,50,0.767086,1.318437,0,0,0,0,0,0,0,0,0,0,0,1,0,0,0,0
1502,4,cn-server-capture,1.1,2000,1.31,500,350,2,3,2,1,0,1,100,3,0.667,2304,1825,2070,1415,10,24.89,5,5,0.2,0.2,0.2,4420,0.254,0.06,0.01,1,2800,3000,4000,4000,3500,1.8499,1.494,1550,1000,4166.053,2304,0,0,1.5,1,0,20,30,1.07,100,0,0,0,0,0,0,0,0.04,0.15,1.3,3000,1000,300,0,50,1,3000,200,160,50,0,0,0,0,0,0,0,0,0,0,0,0,0,1,0,0,0,0
1502,7,cn-server-capture,1.1,2000,1.31,500,350,2,3,2,1,0,1,100,3,0.667,2304,1825,2070,1415,10,24.89,5,5,0.2,0.2,0.2,4420,0.254,0.06,0.01,4000,2800,3000,4000,4000,3500,1.8499,1.494,1550,1000,4166.053,2304,0,0,1.5,1,0,20,30,1.07,100,0,0,0,0,0,0,0,0.04,0.15,1.3,3000,1000,300,0,50,1,3000,200,160,50,0,0,0,0,0,0,0,0,0,0,0,0,0,1,0,0,0,0
1503,4,cn-server-capture,1.1,2000,1.4,500,350,2,2,1,1,0,1,100,3,0.662,2304,1825,2070,1415,10,25.45,5,5,0.2,0.2,0.2,4906,0.254,0.06,0.01,1,3115,3000,4350,4000,3500,1.85962,1.5339999,1000,1400,2304,3955.556,0.7,0,1.5,0.92,0,20,30,1.07,100,0,0,0,0,0,0,0.02,0.06,0.15,1.29,3000,1060,190.8,0,50,0,3000,200,200,50,0.753635,1.072198,0,0,0,0,0,0,0,0,0,0,0,1,0,0,0,0
1503,7,cn-server-capture,1.1,2000,1.4,500,350,2,2,1,1,0,1,100,3,0.662,2304,1825,2070,1415,10,25.45,5,5,0.2,0.2,0.2,4906,0.254,0.06,0.01,3780,3115,3000,4350,4000,3500,1.85962,1.5339999,1000,1400,2304,3955.556,0.7,0,1.5,0.92,0,20,30,1.07,100,0,0,0,0,0,0,0.02,0.06,0.15,1.29,3000,1060,190.8,0,50,0,3000,200,200,50,0.753635,1.072198,0,0,0,0,0,0,0,0,0,0,0,1,0,0,0,0
1504,4,cn-server-capture,1.1,2000,1.4,500,350,3,2,1,1,0,1,100,3,0.664,2304,1825,2070,1415,10,25.28,5,5,0.2,0.2,0.2,4820,0.252,0.06,0.01,1,2960,3000,4350,4000,3500,1.8579,1.5339999,1000,1400,2304,3955.556,0.7,0,1.5,0.96,0,20,30,1.07,100,0,0,0,1,0,0,0.02,0.06,0.15,1.29,3000,1040,208,0,50,0,3000,200,200,50,0.83,1.122,0,0,0,0,0,0,0,0,0,0,0,1,0,0,0,0
1504,7,cn-server-capture,1.1,2000,1.4,500,350,3,2,1,1,0,1,100,3,0.664,2304,1825,2070,1415,10,25.28,5,5,0.2,0.2,0.2,4820,0.252,0.06,0.01,3580,2960,3000,4350,4000,3500,1.8579,1.5339999,1000,1400,2304,3955.556,0.7,0,1.5,0.96,0,20,30,1.07,100,0,0,0,1,0,0,0.02,0.06,0.15,1.29,3000,1040,208,0,50,0,3000,200,200,50,0.83,1.122,0,0,0,0,0,0,0,0,0,0,0,1,0,0,0,0
1505,4,cn-server-capture,1.1,2000,1.31,500,350,2,3,2,1,0,1,100,3,0.667,2304,1825,2070,1415,10,25.27,5,5,0.2,0.2,0.2,4630,0.254,0.06,0.01,1,2970,3000,4100,4000,3500,1.8544999,1.494,1550,1000,4166.053,2304,0,0,1.5,1,0,20,30,1.07,100,0,0,0,0,0,0,0,0.04,0.15,1.3,3000,1000,300,0,50,1,3000,200,160,50,0,0,0,0,0,0,0,0,0,0,0,0,0,1,0,0,0,0
1505,7,cn-server-capture,1.1,2000,1.31,500,350,2,3,2,1,0,1,100,3,0.667,2304,1825,2070,1415,10,25.27,5,5,0.2,0.2,0.2,4630,0.254,0.06,0.01,4000,2970,3000,4100,4000,3500,1.8544999,1.494,1550,1000,4166.053,2304,0,0,1.5,1,0,20,30,1.07,100,0,0,0,0,0,0,0,0.04,0.15,1.3,3000,1000,300,0,50,1,3000,200,160,50,0,0,0,0,0,0,0,0,0,0,0,0,0,1,0,0,0,0
1506,4,cn-server-capture,1.1,2000,1.31,500,350,2,3,2,1,0,1,100,3,0.667,2304,1825,2070,1415,10,24.89,5,5,0.2,0.2,0.2,4420,0.254,0.06,0.01,1,2800,3000,4000,4000,3500,1.8499,1.494,1550,1000,4166.053,2304,0,0,1.5,1,0,20,30,1.07,100,0,0,0,0,0,0,0,0.04,0.15,1.3,3000,1000,300,0,50,1,3000,200,160,50,0,0,0,0,0,0,0,0,0,0,0,0,0,1,0,0,0,0
1506,7,cn-server-capture,1.1,2000,1.31,500,350,2,3,2,1,0,1,100,3,0.667,2304,1825,2070,1415,10,24.89,5,5,0.2,0.2,0.2,4420,0.254,0.06,0.01,4000,2800,3000,4000,4000,3500,1.8499,1.494,1550,1000,4166.053,2304,0,0,1.5,1,0,20,30,1.07,100,0,0,0,0,0,0,0,0.04,0.15,1.3,3000,1000,300,0,50,1,3000,200,160,50,0,0,0,0,0,0,0,0,0,0,0,0,0,1,0,0,0,0
1507,4,cn-server-capture,1.1,2000,1.31,500,350,2,3,2,1,0,1,100,3,0.667,2304,1825,2070,1415,10,24.91,5,5,0.2,0.2,0.2,4420,0.254,0.06,0.01,1,2800,3000,4000,4000,3500,1.8499,1.494,1550,1000,4166.053,2304,0,0,1.5,1,0,20,30,1.07,100,0,0,0,0,0,0,0,0.04,0.15,1.3,3000,1000,300,0,50,1,3000,200,160,50,0,0,0,0,0,0,0,0,0,0,0,0,0,1,0,0,0,0
1507,7,cn-server-capture,1.1,2000,1.31,500,350,2,3,2,1,0,1,100,3,0.667,2304,1825,2070,1415,10,24.91,5,5,0.2,0.2,0.2,4420,0.254,0.06,0.01,4000,2800,3000,4000,4000,3500,1.8499,1.494,1550,1000,4166.053,2304,0,0,1.5,1,0,20,30,1.07,100,0,0,0,0,0,0,0,0.04,0.15,1.3,3000,1000,300,0,50,1,3000,200,160,50,0,0,0,0,0,0,0,0,0,0,0,0,0,1,0,0,0,0
1508,4,cn-server-capture,1.1,2000,1.4,500,350,2,2,1,1,0,1,100,3,0.662,2304,1825,2070,1415,10,25.41,5,5,0.2,0.2,0.2,4912,0.254,0.06,0.01,1,3120,3000,4350,4000,3500,1.8599,1.5339999,1000,1450,2304,3955.556,0.7,0,1.5,0.94,0,20,30,1.07,100,0,0,0,0,0,0,0.02,0.06,0.15,1.15,3000,2500,500,0,50,0,3000,200,200,50,0.766525,1.036763,0,0,0,0,0,0,0,0,0,0,0,1,0,0,0,0
1508,7,cn-server-capture,1.1,2000,1.4,500,350,2,2,1,1,0,1,100,3,0.662,2304,1825,2070,1415,10,25.41,5,5,0.2,0.2,0.2,4912,0.254,0.06,0.01,3780,3120,3000,4350,4000,3500,1.8599,1.5339999,1000,1450,2304,3955.556,0.7,0,1.5,0.94,0,20,30,1.07,100,0,0,0,0,0,0,0.02,0.06,0.15,1.15,3000,2500,500,0,50,0,3000,200,200,50,0.766525,1.036763,0,0,0,0,0,0,0,0,0,0,0,1,0,0,0,0
1509,4,cn-server-capture,1.1,2000,1.4,500,350,2,3,2,1,0,1,100,3,0.664,2304,1825,2070,1415,10,25.24,5,5,0.2,0.2,0.2,4830,0.252,0.06,0.01,1,3065,3000,4320,4000,3500,1.8579,1.5339999,1550,1400,4166.053,3955.556,0.7,0,1.5,1,0,20,30,1.07,100,1,1,1,1,0,0,0.02,0.06,0.15,1.14,3000,2500,500,0,50,1,3000,200,160,50,0,0,0,0,0,0,0,0,0,0,0,0,0,1,0,0,0,0
1509,7,cn-server-capture,1.1,2000,1.4,500,350,2,3,2,1,0,1,100,3,0.664,2304,1825,2070,1415,10,25.24,5,5,0.2,0.2,0.2,4830,0.252,0.06,0.01,3740,3065,3000,4320,4000,3500,1.8579,1.5339999,1550,1400,4166.053,3955.556,0.7,0,1.5,1,0,20,30,1.07,100,1,1,1,1,0,0,0.02,0.06,0.15,1.14,3000,2500,500,0,50,1,3000,200,160,50,0,0,0,0,0,0,0,0,0,0,0,0,0,1,0,0,0,0
1510,4,cn-server-capture,1.1,2000,1.31,500,350,2,3,2,1,0,1,100,3,0.667,2304,1825,2070,1415,10,25.24,5,5,0.2,0.2,0.2,4630,0.254,0.06,0.01,1,2970,3000,4100,4000,3500,1.8544999,1.494,1550,1000,4166.053,2304,0,0,1.5,1,0,20,30,1.07,100,0,0,0,0,0,0,0,0.04,0.15,1.3,3000,1000,300,0,50,1,3000,200,160,50,0,0,0,0,0,0,0,0,0,0,0,0,0,1,0,0,0,0
1510,7,cn-server-capture,1.1,2000,1.31,500,350,2,3,2,1,0,1,100,3,0.667,2304,1825,2070,1415,10,25.24,5,5,0.2,0.2,0.2,4630,0.254,0.06,0.01,4000,2970,3000,4100,4000,3500,1.8544999,1.494,1550,1000,4166.053,2304,0,0,1.5,1,0,20,30,1.07,100,0,0,0,0,0,0,0,0.04,0.15,1.3,3000,1000,300,0,50,1,3000,200,160,50,0,0,0,0,0,0,0,0,0,0,0,0,0,1,0,0,0,0
1511,4,cn-server-capture,1.1,2000,1.31,500,350,2,3,2,1,0,1,100,3,0.667,2304,1825,2070,1415,10,24.85,5,5,0.2,0.2,0.2,4420,0.254,0.06,0.01,1,2800,3000,4000,4000,3500,1.8499,1.494,1550,1000,4166.053,2304,0,0,1.5,1,0,20,30,1.07,100,0,0,0,0,1,1,0,0.04,0.15,1.3,3000,1000,300,0,50,1,3000,200,160,50,0,0,0,0,0,0,0,0,0,0,0,0,0,1,0,0,0,0
1511,7,cn-server-capture,1.1,2000,1.31,500,350,2,3,2,1,0,1,100,3,0.667,2304,1825,2070,1415,10,24.85,5,5,0.2,0.2,0.2,4420,0.254,0.06,0.01,4000,2800,3000,4000,4000,3500,1.8499,1.494,1550,1000,4166.053,2304,0,0,1.5,1,0,20,30,1.07,100,0,0,0,0,1,1,0,0.04,0.15,1.3,3000,1000,300,0,50,1,3000,200,160,50,0,0,0,0,0,0,0,0,0,0,0,0,0,1,0,0,0,0
1512,4,cn-server-capture,1.1,2000,1.4,500,350,3,2,1,1,0,1,100,3,0.664,2304,1825,2070,1415,10,25.27,5,5,0.2,0.2,0.2,4830,0.252,0.06,0.01,1,3020,3000,4360,4000,3500,1.8579,1.5339999,1000,1400,2304,3955.556,0.7,0,1.5,0.95,0,20,30,1.07,100,0,0,0,1,0,0,0.02,0.06,0.15,1.14,3000,2500,500,0,50,0,3000,200,200,50,0,0,0,0,0,0,0,0,0,0,0,0,0,1,0,0,0,0
1512,7,cn-server-capture,1.1,2000,1.4,500,350,3,2,1,1,0,1,100,3,0.664,2304,1825,2070,1415,10,25.27,5,5,0.2,0.2,0.2,4830,0.252,0.06,0.01,3680,3020,3000,4360,4000,3500,1.8579,1.5339999,1000,1400,2304,3955.556,0.7,0,1.5,0.95,0,20,30,1.07,100,0,0,0,1,0,0,0.02,0.06,0.15,1.14,3000,2500,500,0,50,0,3000,200,200,50,0,0,0,0,0,0,0,0,0,0,0,0,0,1,0,0,0,0
1513,4,cn-server-capture,1.1,2000,1.31,500,350,2,3,2,1,0,1,100,3,0.667,2304,1825,2070,1415,10,25.034,5,5,0.2,0.2,0.2,4419,0.252,0.06,0.01,1,2800,3000,4000,4000,3500,1.8499401,1.494,1550,1000,4166.053,2304,0,0,1.5,1,0,20,30,1.07,100,0,0,0,0,0,0,0.016,0.06,0.15,1.3,3000,1000,300,0,50,1,3000,200,160,50,0,0,1,1,1,1,1,0,0,0,0,0,0,0,0,3,0,0
1513,7,cn-server-capture,1.1,2000,1.31,500,350,2,3,2,1,0,1,100,3,0.667,2304,1825,2070,1415,10,25.034,5,5,0.2,0.2,0.2,4419,0.252,0.06,0.01,4000,2800,3000,4000,4000,3500,1.8499401,1.494,1550,1000,4166.053,2304,0,0,1.5,1,0,20,30,1.07,100,0,0,0,0,0,0,0.016,0.06,0.15,1.3,3000,1000,300,0,50,1,3000,200,160,50,0,0,1,1,1,1,1,0,0,0,0,0,0,0,0,10,0,0
1514,4,cn-server-capture,1.1,2000,1.42,500,350,2,2,1,1,0,1,100,3,0.665,2304,1825,2070,1415,10,24.994001,5,5,0.2,0.2,0.2,4652,0.252,0.06,0.01,1,2991,3000,4330,4000,3500,1.85504,1.5339999,1000,1500,2304,3745.588,0.6,0,1.5,0.98,0,20,30,1.07,100,0,0,0,0,0,0,0.02,0.07,0.15,1.19,3000,2000,400,0,50,0,3000,200,200,50,0,0,3,1,1,1,1,0.09,0.03,5,3750,350,2,0.8,0,0,0,0
1514,7,cn-server-capture,1.1,2000,1.42,500,350,2,2,1,1,0,1,100,3,0.665,2304,1825,2070,1415,10,24.994001,5,5,0.2,0.2,0.2,4652,0.252,0.06,0.01,3720,2991,3000,4330,4000,3500,1.85504,1.5339999,1000,1500,2304,3745.588,0.6,0,1.5,0.98,0,20,30,1.07,100,0,0,0,0,0,0,0.02,0.07,0.15,1.19,3000,2000,400,0,50,0,3000,200,200,50,0,0,3,1,1,1,1,0.09,0.03,5,3750,350,2,0.8,0,0,0,0
1515,4,cn-server-capture,1.1,2000,1.4,500,350,2,2,1,1,0,1,100,3,0.664,2304,1825,2070,1415,10,25.31,5,5,0.2,0.2,0.2,4820,0.25300002,0.06,0.01,1,3080,3000,4360,4000,3500,1.8580999,1.5339999,1000,1400,2304,3955.556,0.7,0,1.5,0.94,0,20,30,1.07,100,0,0,0,0,0,0,0.02,0.06,0.15,1.18,3000,2000,400,0,50,0,3000,200,200,50,0.79099,1.10517,0,0,0,0,0,0,0,0,0,0,0,1,0,0,0,0
1515,7,cn-server-capture,1.1,2000,1.4,500,350,2,2,1,1,0,1,100,3,0.664,2304,1825,2070,1415,10,25.31,5,5,0.2,0.2,0.2,4820,0.25300002,0.06,0.01,3630,3080,3000,4360,4000,3500,1.8580999,1.5339999,1000,1400,2304,3955.556,0.7,0,1.5,0.94,0,20,30,1.07,100,0,0,0,0,0,0,0.02,0.06,0.15,1.18,3000,2000,400,0,50,0,3000,200,200,50,0.79099,1.10517,0,0,0,0,0,0,0,0,0,0,0,1,0,0,0,0
1516,4,cn-server-capture,1.1,2000,1.42,500,350,2,2,1,1,0,1,100,3,0.665,2304,1825,2070,1415,10,24.994001,5,5,0.2,0.2,0.2,4652,0.252,0.06,0.01,1,2991,3000,4330,4000,3500,1.85504,1.5339999,1000,1500,2304,3745.588,0.6,0,1.5,0.98,0,20,30,1.07,100,0,0,0,0,0,0,0.02,0.07,0.15,1.29,3000,1040,208,0,50,0,3000,200,200,50,0,0,2,1,1,1,1,0.09,0.03,4,3000,350,2,0.8,0,0,0,0
1516,7,cn-server-capture,1.1,2000,1.42,500,350,2,2,1,1,0,1,100,3,0.665,2304,1825,2070,1415,10,24.994001,5,5,0.2,0.2,0.2,4652,0.252,0.06,0.01,3720,2991,3000,4330,4000,3500,1.85504,1.5339999,1000,1500,2304,3745.588,0.6,0,1.5,0.98,0,20,30,1.07,100,0,0,0,0,0,0,0.02,0.07,0.15,1.29,3000,1040,208,0,50,0,3000,200,200,50,0,0,2,1,1,1,1,0.09,0.03,4,3000,350,2,0.8,0,0,0,0
1517,4,cn-server-capture,1.1,2000,1.42,500,350,2,2,1,1,0,1,100,3,0.665,2304,1825,2070,1415,10,24.994001,5,5,0.2,0.2,0.2,4652,0.252,0.06,0.01,1,2991,3000,4330,4000,3500,1.85504,1.5339999,1000,1500,2304,3745.588,0.6,0,1.5,0.98,0,20,30,1.07,100,0,0,0,0,0,0,0.02,0.07,0.15,1.16,3000,2500,500,0,50,0,3000,200,200,50,0,0,4,1,1,1,1,0.09,0.03,6,4500,350,2,0.8,0,0,0,0
1517,7,cn-server-capture,1.1,2000,1.42,500,350,2,2,1,1,0,1,100,3,0.665,2304,1825,2070,1415,10,24.994001,5,5,0.2,0.2,0.2,4652,0.252,0.06,0.01,3720,2991,3000,4330,4000,3500,1.85504,1.5339999,1000,1500,2304,3745.588,0.6,0,1.5,0.98,0,20,30,1.07,100,0,0,0,0,0,0,0.02,0.07,0.15,1.16,3000,2500,500,0,50,0,3000,200,200,50,0,0,4,1,1,1,1,0.09,0.03,6,4500,350,2,0.8,0,0,0,0
1518,4,cn-server-capture,1.1,2000,1.42,500,350,2,2,1,1,0,1,100,3,0.665,2304,1825,2070,1415,10,24.966002,5,5,0.2,0.2,0.2,4674,0.252,0.06,0.01,1,2995,3000,4350,4000,3500,1.85528,1.5339999,1000,1500,2304,3745.588,0.6,0,1.5,0.9,0,20,30,1.07,100,0,0,0,0,0,0,0.02,0.07,0.15,1.16,3000,2500,500,0,50,0,3000,200,200,50,0,0,4,1,1,1,1,0.09,0.03,6,4500,350,2,0.8,0,0,0,0
1518,7,cn-server-capture,1.1,2000,1.42,500,350,2,2,1,1,0,1,100,3,0.665,2304,1825,2070,1415,10,24.966002,5,5,0.2,0.2,0.2,4674,0.252,0.06,0.01,3720,2995,3000,4350,4000,3500,1.85528,1.5339999,1000,1500,2304,3745.588,0.6,0,1.5,0.9,0,20,30,1.07,100,0,0,0,0,0,0,0.02,0.07,0.15,1.16,3000,2500,500,0,50,0,3000,200,200,50,0,0,4,1,1,1,1,0.09,0.03,6,4500,350,2,0.8,0,0,0,0
1519,4,cn-server-capture,1.1,2000,1.42,500,350,2,2,1,1,0,1,100,3,0.664,2304,1825,2070,1415,10,25.154,5,5,0.2,0.2,0.2,4766,0.252,0.06,0.01,1,3036,3000,4350,4000,3500,1.857,1.5339999,1000,1500,2304,3745.588,0.6,0,1.5,0.9,0,20,30,1.07,100,0,0,0,0,0,0,0.02,0.07,0.15,1.16,3000,2500,500,0,50,0,3000,200,200,50,0,0,4,11,11,11,11,0.09,0.03,6,4500,350,2,0.8,0,0,0,0
1519,7,cn-server-capture,1.1,2000,1.42,500,350,2,2,1,1,0,1,100,3,0.664,2304,1825,2070,1415,10,25.154,5,5,0.2,0.2,0.2,4766,0.252,0.06,0.01,3710,3036,3000,4350,4000,3500,1.857,1.5339999,1000,1500,2304,3745.588,0.6,0,1.5,0.9,0,20,30,1.07,100,0,0,0,0,0,0,0.02,0.07,0.15,1.16,3000,2500,500,0,50,0,3000,200,200,50,0,0,4,11,11,11,11,0.09,0.03,6,4500,350,2,0.8,0,0,0,0
1520,4,cn-server-capture,1.1,2000,1.42,500,350,2,2,1,1,0,1,100,3,0.664,2304,1825,2070,1415,10,25.17,5,5,0.2,0.2,0.2,4806,0.252,0.06,0.01,1,3052,3000,4350,4000,3500,1.8574799,1.5339999,1000,1500,2304,3745.588,0.7,0,1.5,0.9,0,20,30,1.07,100,0,0,0,0,0,0,0.02,0.07,0.15,1.16,3000,2500,500,0,50,0,3000,200,200,50,0,0,4,13,11,15,13,0.09,0.03,6,4500,350,2,0.8,0,0,0,0
1520,7,cn-server-capture,1.1,2000,1.42,500,350,2,2,1,1,0,1,100,3,0.664,2304,1825,2070,1415,10,25.17,5,5,0.2,0.2,0.2,4806,0.252,0.06,0.01,3710,3052,3000,4350,4000,3500,1.8574799,1.5339999,1000,1500,2304,3745.588,0.7,0,1.5,0.9,0,20,30,1.07,100,0,0,0,0,0,0,0.02,0.07,0.15,1.16,3000,2500,500,0,50,0,3000,200,200,50,0,0,4,13,11,15,13,0.09,0.03,6,4500,350,2,0.8,0,0,0,0
1521,4,cn-server-capture,1.1,2000,1.42,500,350,2,2,1,1,0,1,100,3,0.664,2304,1825,2070,1415,10,25.162,5,5,0.2,0.2,0.2,4774,0.252,0.06,0.01,1,3042,3000,4350,4000,3500,1.85716,1.5339999,1000,1500,2304,3745.588,0.6,0,1.5,0.9,0,20,30,1.07,100,0,0,0,0,0,0,0.02,0.07,0.15,1.16,3000,2500,500,0,50,0,3000,200,200,50,0,0,4,11,11,11,11,0.09,0.03,6,4500,350,2,0.8,0,0,0,0
1521,7,cn-server-capture,1.1,2000,1.42,500,350,2,2,1,1,0,1,100,3,0.664,2304,1825,2070,1415,10,25.162,5,5,0.2,0.2,0.2,4774,0.252,0.06,0.01,3710,3042,3000,4350,4000,3500,1.85716,1.5339999,1000,1500,2304,3745.588,0.6,0,1.5,0.9,0,20,30,1.07,100,0,0,0,0,0,0,0.02,0.07,0.15,1.16,3000,2500,500,0,50,0,3000,200,200,50,0,0,4,11,11,11,11,0.09,0.03,6,4500,350,2,0.8,0,0,0,0
1522,4,cn-server-capture,1.1,2000,1.31,500,350,2,3,2,1,0,1,100,3,0.667,2304,1825,2070,1415,10,25.034,5,5,0.2,0.2,0.2,4419,0.252,0.06,0.01,1,2800,3000,4000,4000,3500,1.8499401,1.494,1550,1000,4166.053,2304,0,0,1.5,1,0,20,30,1.07,100,0,0,0,0,0,0,0.016,0.06,0.15,1.3,3000,1000,300,0,50,1,3000,200,160,50,0,0,1,1,1,1,1,0,0,0,0,0,0,0,0,111,0,0
1522,7,cn-server-capture,1.1,2000,1.31,500,350,2,3,2,1,0,1,100,3,0.667,2304,1825,2070,1415,10,25.034,5,5,0.2,0.2,0.2,4419,0.252,0.06,0.01,4000,2800,3000,4000,4000,3500,1.8499401,1.494,1550,1000,4166.053,2304,0,0,1.5,1,0,20,30,1.07,100,0,0,0,0,0,0,0.016,0.06,0.15,1.3,3000,1000,300,0,50,1,3000,200,160,50,0,0,1,1,1,1,1,0,0,0,0,0,0,0,0,12,0,0
1523,4,cn-server-capture,1.1,2000,1.42,500,350,2,2,1,1,0,1,100,3,0.664,2304,1825,2070,1415,10,25.162,5,5,0.2,0.2,0.2,4774,0.25300002,0.06,0.01,1,3036,3000,4350,4000,3500,1.85708,1.5339999,1000,1500,2304,3745.588,0.6,0,1.5,0.93,0,20,30,1.07,100,0,0,0,0,0,0,0.02,0.07,0.15,1.29,3000,1040,208,0,50,0,3000,200,200,50,0.773709,1.29294,2,11,11,11,11,0.09,0.03,4,3000,350,2,0.8,0,0,0,0
1523,7,cn-server-capture,1.1,2000,1.42,500,350,2,2,1,1,0,1,100,3,0.664,2304,1825,2070,1415,10,25.162,5,5,0.2,0.2,0.2,4774,0.25300002,0.06,0.01,3800,3036,3000,4350,4000,3500,1.85708,1.5339999,1000,1500,2304,3745.588,0.6,0,1.5,0.93,0,20,30,1.07,100,0,0,0,0,0,0,0.02,0.07,0.15,1.29,3000,1040,208,0,50,0,3000,200,200,50,0.773709,1.29294,2,11,11,11,11,0.09,0.03,4,3000,350,2,0.8,0,0,0,0
1524,4,cn-server-capture,1.1,2000,1.31,500,350,2,3,2,1,0,1,100,3,0.667,2304,1825,2070,1415,10,25.138,5,5,0.2,0.2,0.2,4419,0.252,0.06,0.01,1,2800,3000,4000,4000,3500,1.8499401,1.494,1550,1000,4166.053,2304,0,0,1.5,1,0,20,30,1.07,100,0,0,0,0,0,0,0.016,0.06,0.15,1.3,3000,1000,300,0,50,1,3000,200,160,50,0,0,1,1,11,1,1,0,0,0,0,0,0,0,0,7,0,0
1524,7,cn-server-capture,1.1,2000,1.31,500,350,2,3,2,1,0,1,100,3,0.667,2304,1825,2070,1415,10,25.138,5,5,0.2,0.2,0.2,4419,0.252,0.06,0.01,4000,2800,3000,4000,4000,3500,1.8499401,1.494,1550,1000,4166.053,2304,0,0,1.5,1,0,20,30,1.07,100,0,0,0,0,0,0,0.016,0.06,0.15,1.3,3000,1000,300,0,50,1,3000,200,160,50,0,0,1,1,11,1,1,0,0,0,0,0,0,0,0,7,0,0
1525,4,cn-server-capture,1.1,2000,1.42,500,350,2,2,1,1,0,1,100,3,0.665,2304,1825,2070,1415,10,24.942001,5,5,0.2,0.2,0.2,4646,0.252,0.06,0.01,1,2983,3000,4350,4000,3500,1.85498,1.5339999,1000,1500,2304,3745.588,0.6,0,1.5,0.99,0,20,30,1.07,100,1,1,1,1,0,0,0.02,0.07,0.15,1.29,3000,1040,208,0,50,0,3000,200,200,50,0,0,2,1,1,1,1,0.09,0.03,4,3000,350,2,0.8,0,0,0,0
1525,7,cn-server-capture,1.1,2000,1.42,500,350,2,2,1,1,0,1,100,3,0.665,2304,1825,2070,1415,10,24.942001,5,5,0.2,0.2,0.2,4646,0.252,0.06,0.01,4800,2983,3000,4350,4000,3500,1.85498,1.5339999,1000,1500,2304,3745.588,0.6,0,1.5,0.99,0,20,30,1.07,100,1,1,1,1,0,0,0.02,0.07,0.15,1.29,3000,1040,208,0,50,0,3000,200,200,50,0,0,2,1,1,1,1,0.09,0.03,4,3000,350,2,0.8,0,0,0,0
1526,4,cn-server-capture,1.1,2000,1.31,500,350,2,3,2,1,0,1,100,3,0.667,2304,1825,2070,1415,10,25.054,5,5,0.2,0.2,0.2,4419,0.252,0.06,0.01,1,2800,3000,4000,4000,3500,1.8499401,1.494,1550,1000,4166.053,2304,0,0,1.5,1,0,20,30,1.07,100,0,0,0,0,0,0,0.016,0.06,0.15,1.3,3000,1000,300,0,50,1,3000,200,160,50,0,0,1,1,1,1,1,0,0,0,0,0,0,0,0,113,0,0
1526,7,cn-server-capture,1.1,2000,1.31,500,350,2,3,2,1,0,1,100,3,0.667,2304,1825,2070,1415,10,25.054,5,5,0.2,0.2,0.2,4419,0.252,0.06,0.01,4000,2800,3000,4000,4000,3500,1.8499401,1.494,1550,1000,4166.053,2304,0,0,1.5,1,0,20,30,1.07,100,0,0,0,0,0,0,0.016,0.06,0.15,1.3,3000,1000,300,0,50,1,3000,200,160,50,0,0,1,1,1,1,1,0,0,0,0,0,0,0,0,10,0,0
1527,4,cn-server-capture,1.1,2000,1.42,500,350,2,2,1,1,0,1,100,3,0.665,2304,1825,2070,1415,10,25.034,5,5,0.2,0.2,0.2,4692,0.252,0.06,0.01,1,3006,3000,4350,4000,3500,1.8558999,1.5339999,1000,1500,2304,3745.588,0.6,0,1.5,0.99,0,20,30,1.07,100,1,1,1,1,0,0,0.016,0.06,0.15,1.3,3000,1000,300,0,50,0,3000,200,200,50,0,0,5,11,11,11,11,0,0,0,0,0,0,0,0,0,0,0
1527,7,cn-server-capture,1.1,2000,1.42,500,350,2,2,1,1,0,1,100,3,0.665,2304,1825,2070,1415,10,25.034,5,5,0.2,0.2,0.2,4692,0.252,0.06,0.01,4800,3006,3000,4350,4000,3500,1.8558999,1.5339999,1000,1500,2304,3745.588,0.6,0,1.5,0.99,0,20,30,1.07,100,1,1,1,1,0,0,0.016,0.06,0.15,1.3,3000,1000,300,0,50,0,3000,200,200,50,0,0,5,11,11,11,11,0,0,0,0,0,0,0,0,0,0,0
1528,4,cn-server-capture,1.1,2000,1.42,500,350,2,2,1,1,0,1,100,3,0.665,2304,1825,2070,1415,10,24.994001,5,5,0.2,0.2,0.2,4658,0.252,0.06,0.01,1,2995,3000,4350,4000,3500,1.85552,1.5339999,1000,1500,2304,3745.588,0.6,0,1.5,0.89,0,20,30,1.07,100,0,0,0,0,0,0,0.02,0.07,0.15,1.29,3000,1040,208,0,50,0,3000,200,200,50,0.8003274,1.049711,2,1,1,1,1,0.09,0.03,4,3000,350,2,0.8,0,0,0,0
1528,7,cn-server-capture,1.1,2000,1.42,500,350,2,2,1,1,0,1,100,3,0.665,2304,1825,2070,1415,10,24.994001,5,5,0.2,0.2,0.2,4658,0.252,0.06,0.01,3710,2995,3000,4350,4000,3500,1.85552,1.5339999,1000,1500,2304,3745.588,0.6,0,1.5,0.89,0,20,30,1.07,100,0,0,0,0,0,0,0.02,0.07,0.15,1.29,3000,1040,208,0,50,0,3000,200,200,50,0.8003274,1.049711,2,1,1,1,1,0.09,0.03,4,3000,350,2,0.8,0,0,0,0
1529,4,cn-server-capture,1.1,2000,1.42,500,350,2,2,1,1,0,1,100,3,0.664,2304,1825,2070,1415,10,25.182,5,5,0.2,0.2,0.2,4750,0.252,0.06,0.01,1,3036,3000,4350,4000,3500,1.85724,1.5339999,1000,1500,2304,3745.588,0.6,0,1.5,0.89,0,20,30,1.07,100,0,0,0,0,0,0,0.02,0.07,0.15,1.29,3000,1040,208,0,50,0,3000,200,200,50,0.8003274,1.049711,2,11,11,11,11,0.09,0.03,4,3000,350,2,0.8,0,0,0,0
1529,7,cn-server-capture,1.1,2000,1.42,500,350,2,2,1,1,0,1,100,3,0.664,2304,1825,2070,1415,10,25.182,5,5,0.2,0.2,0.2,4750,0.252,0.06,0.01,3700,3036,3000,4350,4000,3500,1.85724,1.5339999,1000,1500,2304,3745.588,0.6,0,1.5,0.89,0,20,30,1.07,100,0,0,0,0,0,0,0.02,0.07,0.15,1.29,3000,1040,208,0,50,0,3000,200,200,50,0.8003274,1.049711,2,11,11,11,11,0.09,0.03,4,3000,350,2,0.8,0,0,0,0
1530,4,cn-server-capture,1.1,2000,1.42,500,350,2,2,1,1,0,1,100,3,0.664,2304,1825,2070,1415,10,25.214,5,5,0.2,0.2,0.2,4778,0.252,0.06,0.01,1,3048,3000,4350,4000,3500,1.85796,1.5339999,1000,1500,2304,3745.588,0.7,0,1.5,0.89,0,20,30,1.07,100,0,0,0,0,0,0,0.02,0.07,0.15,1.29,3000,1040,208,0,50,0,3000,200,200,50,0.7924033,1.049711,2,15,13,13,11,0.09,0.03,4,3000,350,2,0.8,0,0,0,0
1530,7,cn-server-capture,1.1,2000,1.42,500,350,2,2,1,1,0,1,100,3,0.664,2304,1825,2070,1415,10,25.214,5,5,0.2,0.2,0.2,4778,0.252,0.06,0.01,3700,3048,3000,4350,4000,3500,1.85796,1.5339999,1000,1500,2304,3745.588,0.7,0,1.5,0.89,0,20,30,1.07,100,0,0,0,0,0,0,0.02,0.07,0.15,1.29,3000,1040,208,0,50,0,3000,200,200,50,0.7924033,1.049711,2,15,13,13,11,0.09,0.03,4,3000,350,2,0.8,0,0,0,0
1531,4,cn-server-capture,1.1,2000,1.42,500,350,2,2,1,1,0,1,100,3,0.664,2304,1825,2070,1415,10,25.19,5,5,0.2,0.2,0.2,4758,0.252,0.06,0.01,1,3042,3000,4350,4000,3500,1.8574,1.5339999,1000,1500,2304,3745.588,0.6,0,1.5,0.89,0,20,30,1.07,100,0,0,0,0,0,0,0.02,0.07,0.15,1.29,3000,1040,208,0,50,0,3000,200,200,50,0.7924033,1.049711,2,11,11,11,11,0.09,0.03,4,3000,350,2,0.8,0,0,0,0
1531,7,cn-server-capture,1.1,2000,1.42,500,350,2,2,1,1,0,1,100,3,0.664,2304,1825,2070,1415,10,25.19,5,5,0.2,0.2,0.2,4758,0.252,0.06,0.01,3700,3042,3000,4350,4000,3500,1.8574,1.5339999,1000,1500,2304,3745.588,0.6,0,1.5,0.89,0,20,30,1.07,100,0,0,0,0,0,0,0.02,0.07,0.15,1.29,3000,1040,208,0,50,0,3000,200,200,50,0.7924033,1.049711,2,11,11,11,11,0.09,0.03,4,3000,350,2,0.8,0,0,0,0
1532,4,cn-server-capture,1.1,2000,1.42,500,350,2,2,1,1,0,1,100,3,0.665,2304,1825,2070,1415,10,24.974,5,5,0.2,0.2,0.2,4664,0.25300002,0.06,0.01,1,2995,3000,4350,4000,3500,1.85528,1.5339999,1000,1500,2304,3745.588,0.6,0,1.5,0.89,0,20,30,1.07,100,0,0,0,0,0,0,0.02,0.07,0.15,1.16,3000,2500,500,0,50,0,3000,200,200,50,0.8232,1.041413,4,1,1,1,1,0.09,0.03,6,4500,350,2,0.8,0,0,0,0
1532,7,cn-server-capture,1.1,2000,1.42,500,350,2,2,1,1,0,1,100,3,0.665,2304,1825,2070,1415,10,24.974,5,5,0.2,0.2,0.2,4664,0.25300002,0.06,0.01,3740,2995,3000,4350,4000,3500,1.85528,1.5339999,1000,1500,2304,3745.588,0.6,0,1.5,0.89,0,20,30,1.07,100,0,0,0,0,0,0,0.02,0.07,0.15,1.16,3000,2500,500,0,50,0,3000,200,200,50,0.8232,1.041413,4,1,1,1,1,0.09,0.03,6,4500,350,2,0.8,0,0,0,0
1533,4,cn-server-capture,1.1,2000,1.42,500,350,2,2,1,1,0,1,100,3,0.664,2304,1825,2070,1415,10,25.162,5,5,0.2,0.2,0.2,4756,0.25300002,0.06,0.01,1,3036,3000,4350,4000,3500,1.857,1.5339999,1000,1500,2304,3745.588,0.6,0,1.5,0.88,0,20,30,1.07,100,0,0,0,0,0,0,0.02,0.07,0.15,1.16,3000,2500,500,0,50,0,3000,200,200,50,0.8232,1.041413,4,11,11,11,11,0.09,0.03,6,4500,350,2,0.8,0,0,0,0
1533,7,cn-server-capture,1.1,2000,1.42,500,350,2,2,1,1,0,1,100,3,0.664,2304,1825,2070,1415,10,25.162,5,5,0.2,0.2,0.2,4756,0.25300002,0.06,0.01,3730,3036,3000,4350,4000,3500,1.857,1.5339999,1000,1500,2304,3745.588,0.6,0,1.5,0.88,0,20,30,1.07,100,0,0,0,0,0,0,0.02,0.07,0.15,1.16,3000,2500,500,0,50,0,3000,200,200,50,0.8232,1.041413,4,11,11,11,11,0.09,0.03,6,4500,350,2,0.8,0,0,0,0
1534,4,cn-server-capture,1.1,2000,1.42,500,350,2,2,1,1,0,1,100,3,0.664,2304,1825,2070,1415,10,25.185999,5,5,0.2,0.2,0.2,4790,0.25300002,0.06,0.01,1,3050,3000,4350,4000,3500,1.8576,1.5339999,1000,1500,2304,3745.588,0.7,0,1.5,0.88,0,20,30,1.07,100,0,0,0,0,0,0,0.02,0.07,0.15,1.16,3000,2500,500,0,50,0,3000,200,200,50,0.8134,1.030677,4,14,12,14,12,0.09,0.03,6,4500,350,2,0.8,0,0,0,0
1534,7,cn-server-capture,1.1,2000,1.42,500,350,2,2,1,1,0,1,100,3,0.664,2304,1825,2070,1415,10,25.185999,5,5,0.2,0.2,0.2,4790,0.25300002,0.06,0.01,3730,3050,3000,4350,4000,3500,1.8576,1.5339999,1000,1500,2304,3745.588,0.7,0,1.5,0.88,0,20,30,1.07,100,0,0,0,0,0,0,0.02,0.07,0.15,1.16,3000,2500,500,0,50,0,3000,200,200,50,0.8134,1.030677,4,14,12,14,12,0.09,0.03,6,4500,350,2,0.8,0,0,0,0
1535,4,cn-server-capture,1.1,2000,1.42,500,350,2,2,1,1,0,1,100,3,0.664,2304,1825,2070,1415,10,25.17,5,5,0.2,0.2,0.2,4764,0.25300002,0.06,0.01,1,3042,3000,4350,4000,3500,1.85716,1.5339999,1000,1500,2304,3745.588,0.6,0,1.5,0.88,0,20,30,1.07,100,0,0,0,0,0,0,0.02,0.07,0.15,1.16,3000,2500,500,0,50,0,3000,200,200,50,0.8134,1.030677,4,11,11,11,11,0.09,0.03,6,4500,350,2,0.8,0,0,0,0
1535,7,cn-server-capture,1.1,2000,1.42,500,350,2,2,1,1,0,1,100,3,0.664,2304,1825,2070,1415,10,25.17,5,5,0.2,0.2,0.2,4764,0.25300002,0.06,0.01,3730,3042,3000,4350,4000,3500,1.85716,1.5339999,1000,1500,2304,3745.588,0.6,0,1.5,0.88,0,20,30,1.07,100,0,0,0,0,0,0,0.02,0.07,0.15,1.16,3000,2500,500,0,50,0,3000,200,200,50,0.8134,1.030677,4,11,11,11,11,0.09,0.03,6,4500,350,2,0.8,0,0,0,0
1536,4,cn-server-capture,1.1,2000,1.31,500,350,2,3,2,1,0,1,100,3,0.667,2304,1825,2070,1415,10,25.146,5,5,0.2,0.2,0.2,4419,0.252,0.06,0.01,1,2800,3000,4000,4000,3500,1.8499401,1.494,1550,1000,4166.053,2304,0,0,1.5,1,0,20,30,1.07,100,0,0,0,0,0,0,0.016,0.06,0.15,1.3,3000,1000,300,0,50,1,3000,200,160,50,0,0,1,1,11,1,1,0,0,0,0,0,0,0,0,6,0,0
1536,7,cn-server-capture,1.1,2000,1.31,500,350,2,3,2,1,0,1,100,3,0.667,2304,1825,2070,1415,10,25.146,5,5,0.2,0.2,0.2,4419,0.252,0.06,0.01,4000,2800,3000,4000,4000,3500,1.8499401,1.494,1550,1000,4166.053,2304,0,0,1.5,1,0,20,30,1.07,100,0,0,0,0,0,0,0.016,0.06,0.15,1.3,3000,1000,300,0,50,1,3000,200,160,50,0,0,1,1,11,1,1,0,0,0,0,0,0,0,0,4,0,0
1537,4,cn-server-capture,1.1,2000,1.42,500,350,2,2,1,1,0,1,100,3,0.665,2304,1825,2070,1415,10,24.994001,5,5,0.2,0.2,0.2,4682,0.25300002,0.06,0.01,1,2995,3000,4350,4000,3500,1.85584,1.5339999,1000,1500,2304,3745.588,0.6,0,1.5,1,0,20,30,1.07,100,0,0,0,0,0,0,0.02,0.07,0.15,1.19,3000,2000,400,0,50,0,3000,200,200,50,0.773879,1.095391,3,1,1,1,1,0.09,0.03,5,3750,350,2,0.8,0,0,0,0
1537,7,cn-server-capture,1.1,2000,1.42,500,350,2,2,1,1,0,1,100,3,0.665,2304,1825,2070,1415,10,24.994001,5,5,0.2,0.2,0.2,4682,0.25300002,0.06,0.01,3740,2995,3000,4350,4000,3500,1.85584,1.5339999,1000,1500,2304,3745.588,0.6,0,1.5,1,0,20,30,1.07,100,0,0,0,0,0,0,0.02,0.07,0.15,1.19,3000,2000,400,0,50,0,3000,200,200,50,0.773879,1.095391,3,1,1,1,1,0.09,0.03,5,3750,350,2,0.8,0,0,0,0
1538,4,cn-server-capture,1.1,2000,1.42,500,350,2,2,1,1,0,1,100,3,0.664,2304,1825,2070,1415,10,25.156,5,5,0.2,0.2,0.2,4778,0.25300002,0.06,0.01,1,3046,3000,4360,4000,3500,1.85708,1.5339999,1000,1500,2304,3745.588,0.6,0,1.5,1,0,20,30,1.07,100,0,0,0,0,0,0,0.02,0.07,0.15,1.19,3000,2000,400,0,50,0,3000,200,200,50,0.831644,1.123067,3,11,11,11,11,0.09,0.03,5,3750,350,2,0.8,0,0,0,0
1538,7,cn-server-capture,1.1,2000,1.42,500,350,2,2,1,1,0,1,100,3,0.664,2304,1825,2070,1415,10,25.156,5,5,0.2,0.2,0.2,4778,0.25300002,0.06,0.01,3780,3046,3000,4360,4000,3500,1.85708,1.5339999,1000,1500,2304,3745.588,0.6,0,1.5,1,0,20,30,1.07,100,0,0,0,0,0,0,0.02,0.07,0.15,1.19,3000,2000,400,0,50,0,3000,200,200,50,0.831644,1.123067,3,11,11,11,11,0.09,0.03,5,3750,350,2,0.8,0,0,0,0
1539,4,cn-server-capture,1.1,2000,1.42,500,350,2,2,1,1,0,1,100,3,0.665,2304,1825,2070,1415,10,24.994001,5,5,0.2,0.2,0.2,4674,0.25300002,0.06,0.01,1,3001,3000,4350,4000,3500,1.85528,1.5339999,1000,1500,2304,3745.588,0.6,0,1.5,1,0,20,30,1.07,100,0,0,0,0,0,0,0.02,0.07,0.15,1.16,3000,2500,500,0,50,0,3000,200,200,50,0.8439705,0.963268,4,1,1,1,1,0.09,0.03,6,4500,350,2,0.8,0,0,0,0
1539,7,cn-server-capture,1.1,2000,1.42,500,350,2,2,1,1,0,1,100,3,0.665,2304,1825,2070,1415,10,24.994001,5,5,0.2,0.2,0.2,4674,0.25300002,0.06,0.01,3750,3001,3000,4350,4000,3500,1.85528,1.5339999,1000,1500,2304,3745.588,0.6,0,1.5,1,0,20,30,1.07,100,0,0,0,0,0,0,0.02,0.07,0.15,1.16,3000,2500,500,0,50,0,3000,200,200,50,0.8439705,0.963268,4,1,1,1,1,0.09,0.03,6,4500,350,2,0.8,0,0,0,0
1540,4,cn-server-capture,1.1,2000,1.42,500,350,2,2,1,1,0,1,100,3,0.664,2304,1825,2070,1415,10,25.182,5,5,0.2,0.2,0.2,4766,0.25300002,0.06,0.01,1,3042,3000,4350,4000,3500,1.857,1.5339999,1000,1500,2304,3745.588,0.6,0,1.5,1,0,20,30,1.07,100,0,0,0,0,0,0,0.02,0.07,0.15,1.16,3000,2500,500,0,50,0,3000,200,200,50,0.8439705,0.963268,4,11,11,11,11,0.09,0.03,6,4500,350,2,0.8,0,0,0,0
1540,7,cn-server-capture,1.1,2000,1.42,500,350,2,2,1,1,0,1,100,3,0.664,2304,1825,2070,1415,10,25.182,5,5,0.2,0.2,0.2,4766,0.25300002,0.06,0.01,3740,3042,3000,4350,4000,3500,1.857,1.5339999,1000,1500,2304,3745.588,0.6,0,1.5,1,0,20,30,1.07,100,0,0,0,0,0,0,0.02,0.07,0.15,1.16,3000,2500,500,0,50,0,3000,200,200,50,0.8439705,0.963268,4,11,11,11,11,0.09,0.03,6,4500,350,2,0.8,0,0,0,0
1541,4,cn-server-capture,1.1,2000,1.42,500,350,2,2,1,1,0,1,100,3,0.664,2304,1825,2070,1415,10,25.198,5,5,0.2,0.2,0.2,4800,0.25300002,0.06,0.01,1,3061,3000,4350,4000,3500,1.8574799,1.5339999,1000,1500,2304,3745.588,0.7,0,1.5,1,0,20,30,1.07,100,0,0,0,0,0,0,0.02,0.07,0.15,1.16,3000,2500,500,0,50,0,3000,200,200,50,0.8355308,0.9536353,4,13,11,14,14,0.09,0.03,6,4500,350,2,0.8,0,0,0,0
1541,7,cn-server-capture,1.1,2000,1.42,500,350,2,2,1,1,0,1,100,3,0.664,2304,1825,2070,1415,10,25.198,5,5,0.2,0.2,0.2,4800,0.25300002,0.06,0.01,3740,3061,3000,4350,4000,3500,1.8574799,1.5339999,1000,1500,2304,3745.588,0.7,0,1.5,1,0,20,30,1.07,100,0,0,0,0,0,0,0.02,0.07,0.15,1.16,3000,2500,500,0,50,0,3000,200,200,50,0.8355308,0.9536353,4,13,11,14,14,0.09,0.03,6,4500,350,2,0.8,0,0,0,0
1542,4,cn-server-capture,1.1,2000,1.42,500,350,2,2,1,1,0,1,100,3,0.664,2304,1825,2070,1415,10,25.19,5,5,0.2,0.2,0.2,4774,0.25300002,0.06,0.01,1,3050,3000,4350,4000,3500,1.85716,1.5339999,1000,1500,2304,3745.588,0.6,0,1.5,1,0,20,30,1.07,100,0,0,0,0,0,0,0.017,0.07,0.15,1.16,3000,3000,600,0,50,0,3000,200,200,50,0.8355308,0.9536353,6,11,11,11,11,0.09,0.02,6,4500,350,2,0.8,0,0,0,0
1542,7,cn-server-capture,1.1,2000,1.42,500,350,2,2,1,1,0,1,100,3,0.664,2304,1825,2070,1415,10,25.19,5,5,0.2,0.2,0.2,4774,0.25300002,0.06,0.01,3740,3050,3000,4350,4000,3500,1.85716,1.5339999,1000,1500,2304,3745.588,0.6,0,1.5,1,0,20,30,1.07,100,0,0,0,0,0,0,0.017,0.07,0.15,1.16,3000,3000,600,0,50,0,3000,200,200,50,0.8355308,0.9536353,6,11,11,11,11,0.09,0.02,6,4500,350,2,0.8,0,0,0,0
1543,4,cn-server-capture,1.1,2000,1.31,500,350,2,3,2,1,0,1,100,3,0.667,2304,1825,2070,1415,10,25.156,5,5,0.2,0.2,0.2,4419,0.252,0.06,0.01,1,2800,3000,4000,4000,3500,1.8499401,1.494,1550,1000,4166.053,2304,0,0,1.5,1,0,20,30,1.07,100,0,0,0,0,0,0,0.016,0.06,0.15,1.3,3000,1000,300,0,50,1,3000,200,160,50,0,0,1,1,11,1,1,0,0,0,0,0,0,0,0,5,0,0
1543,7,cn-server-capture,1.1,2000,1.31,500,350,2,3,2,1,0,1,100,3,0.667,2304,1825,2070,1415,10,25.156,5,5,0.2,0.2,0.2,4419,0.252,0.06,0.01,4000,2800,3000,4000,4000,3500,1.8499401,1.494,1550,1000,4166.053,2304,0,0,1.5,1,0,20,30,1.07,100,0,0,0,0,0,0,0.016,0.06,0.15,1.3,3000,1000,300,0,50,1,3000,200,160,50,0,0,1,1,11,1,1,0,0,0,0,0,0,0,0,4,0,0
1544,4,cn-server-capture,1.1,2000,1.42,500,350,2,2,1,1,0,1,100,3,0.665,2304,1825,2070,1415,10,25.006,5,5,0.2,0.2,0.2,4682,0.252,0.06,0.01,1,2997,3000,4350,4000,3500,1.85542,1.5339999,1000,1500,2304,3745.588,0.6,0,1.5,1,0,20,30,1.07,100,0,0,0,0,0,0,0.02,0.07,0.15,1.19,3000,2000,400,0,50,0,3000,200,200,50,0.77347,0.981104,3,1,1,1,1,0.09,0.03,5,3750,350,2,0.8,0,0,0,0
1544,7,cn-server-capture,1.1,2000,1.42,500,350,2,2,1,1,0,1,100,3,0.665,2304,1825,2070,1415,10,25.006,5,5,0.2,0.2,0.2,4682,0.252,0.06,0.01,3720,2997,3000,4350,4000,3500,1.85542,1.5339999,1000,1500,2304,3745.588,0.6,0,1.5,1,0,20,30,1.07,100,0,0,0,0,0,0,0.02,0.07,0.15,1.19,3000,2000,400,0,50,0,3000,200,200,50,0.77347,0.981104,3,1,1,1,1,0.09,0.03,5,3750,350,2,0.8,0,0,0,0
1545,4,cn-server-capture,1.1,2000,1.42,500,350,2,2,1,1,0,1,100,3,0.664,2304,1825,2070,1415,10,25.194,5,5,0.2,0.2,0.2,4768,0.252,0.06,0.01,1,3038,3000,4350,4000,3500,1.85714,1.5339999,1000,1500,2304,3745.588,0.6,0,1.5,1,0,20,30,1.07,100,0,0,0,0,0,0,0.02,0.07,0.15,1.19,3000,2000,400,0,50,0,3000,200,200,50,0.77347,0.981104,3,11,11,11,11,0.09,0.03,5,3750,350,2,0.8,0,0,0,0
1545,7,cn-server-capture,1.1,2000,1.42,500,350,2,2,1,1,0,1,100,3,0.664,2304,1825,2070,1415,10,25.194,5,5,0.2,0.2,0.2,4768,0.252,0.06,0.01,3710,3038,3000,4350,4000,3500,1.85714,1.5339999,1000,1500,2304,3745.588,0.6,0,1.5,1,0,20,30,1.07,100,0,0,0,0,0,0,0.02,0.07,0.15,1.19,3000,2000,400,0,50,0,3000,200,200,50,0.77347,0.981104,3,11,11,11,11,0.09,0.03,5,3750,350,2,0.8,0,0,0,0
1546,4,cn-server-capture,1.1,2000,1.42,500,350,2,2,1,1,0,1,100,3,0.664,2304,1825,2070,1415,10,25.226,5,5,0.2,0.2,0.2,4802,0.252,0.06,0.01,1,3050,3000,4350,4000,3500,1.8577399,1.5339999,1000,1500,2304,3745.588,0.7,0,1.5,1,0,20,30,1.07,100,0,0,0,0,0,0,0.02,0.07,0.15,1.19,3000,2000,400,0,50,0,3000,200,200,50,0.765735,0.971293,3,14,13,14,11,0.09,0.03,5,3750,350,2,0.8,0,0,0,0
1546,7,cn-server-capture,1.1,2000,1.42,500,350,2,2,1,1,0,1,100,3,0.664,2304,1825,2070,1415,10,25.226,5,5,0.2,0.2,0.2,4802,0.252,0.06,0.01,3710,3050,3000,4350,4000,3500,1.8577399,1.5339999,1000,1500,2304,3745.588,0.7,0,1.5,1,0,20,30,1.07,100,0,0,0,0,0,0,0.02,0.07,0.15,1.19,3000,2000,400,0,50,0,3000,200,200,50,0.765735,0.971293,3,14,13,14,11,0.09,0.03,5,3750,350,2,0.8,0,0,0,0
1547,4,cn-server-capture,1.1,2000,1.42,500,350,2,2,1,1,0,1,100,3,0.664,2304,1825,2070,1415,10,25.202,5,5,0.2,0.2,0.2,4776,0.252,0.06,0.01,1,3044,3000,4350,4000,3500,1.8572999,1.5339999,1000,1500,2304,3745.588,0.6,0,1.5,1,0,20,30,1.07,100,0,0,0,0,0,0,0.02,0.07,0.15,1.19,3000,2000,400,0,50,0,3000,200,200,50,0.765735,0.971293,3,11,11,11,11,0.09,0.03,5,3750,350,2,0.8,0,0,0,0
1547,7,cn-server-capture,1.1,2000,1.42,500,350,2,2,1,1,0,1,100,3,0.664,2304,1825,2070,1415,10,25.202,5,5,0.2,0.2,0.2,4776,0.252,0.06,0.01,3710,3044,3000,4350,4000,3500,1.8572999,1.5339999,1000,1500,2304,3745.588,0.6,0,1.5,1,0,20,30,1.07,100,0,0,0,0,0,0,0.02,0.07,0.15,1.19,3000,2000,400,0,50,0,3000,200,200,50,0.765735,0.971293,3,11,11,11,11,0.09,0.03,5,3750,350,2,0.8,0,0,0,0
1548,4,cn-server-capture,1.1,2000,1.31,500,350,2,3,2,1,0,1,100,3,0.667,2304,1825,2070,1415,10,25.034,5,5,0.2,0.2,0.2,4419,0.252,0.06,0.01,1,2800,3000,4000,4000,3500,1.8499401,1.494,1550,1000,4166.053,2304,0,0,1.5,1,0,20,30,1.07,100,0,0,0,0,0,0,0.016,0.06,0.15,1.3,3000,1000,300,0,50,1,3000,200,160,50,0,0,1,1,1,1,1,0,0,0,0,0,0,0,0,3,0,0
1548,7,cn-server-capture,1.1,2000,1.31,500,350,2,3,2,1,0,1,100,3,0.667,2304,1825,2070,1415,10,25.034,5,5,0.2,0.2,0.2,4419,0.252,0.06,0.01,4000,2800,3000,4000,4000,3500,1.8499401,1.494,1550,1000,4166.053,2304,0,0,1.5,1,0,20,30,1.07,100,0,0,0,0,0,0,0.016,0.06,0.15,1.3,3000,1000,300,0,50,1,3000,200,160,50,0,0,1,1,1,1,1,0,0,0,0,0,0,0,0,5,0,0
1549,4,cn-server-capture,1.1,2000,1.42,500,350,2,2,1,1,0,1,100,3,0.663,2304,1825,2070,1415,10,25.390001,5,5,0.2,0.2,0.2,4928,0.25300002,0.06,0.01,1,3114,3000,4360,4000,3500,1.85874,1.5339999,1000,1500,2304,3745.588,0.7,0,1.5,1,0,20,30,1.07,100,0,0,0,0,0,0,0.02,0.07,0.15,1.16,3000,2500,500,0,50,0,3000,200,200,50,0.765396,1.03144,7,14,15,20,20,0.1,0.04,5,4750,350,2,0.8,0,0,0,0
1549,7,cn-server-capture,1.1,2000,1.42,500,350,2,2,1,1,0,1,100,3,0.663,2304,1825,2070,1415,10,25.390001,5,5,0.2,0.2,0.2,4928,0.25300002,0.06,0.01,3780,3114,3000,4360,4000,3500,1.85874,1.5339999,1000,1500,2304,3745.588,0.7,0,1.5,1,0,20,30,1.07,100,0,0,0,0,0,0,0.02,0.07,0.15,1.16,3000,2500,500,0,50,0,3000,200,200,50,0.765396,1.03144,7,14,15,20,20,0.1,0.04,5,4750,350,2,0.8,0,0,0,0
1550,4,cn-server-capture,1.1,2000,1.42,500,350,2,2,1,1,0,1,100,3,0.665,2304,1825,2070,1415,10,25.204,5,5,0.2,0.2,0.2,4768,0.25300002,0.06,0.01,1,3044,3000,4350,4000,3500,1.85726,1.5339999,1000,1500,2304,3745.588,0.6,0,1.5,1,0,20,30,1.07,100,0,0,0,0,0,0,0.02,0.07,0.15,1.29,3000,1040,208,0,50,0,3000,200,200,50,0.771933,1.153993,2,11,11,11,11,0.09,0.03,4,3000,350,2,0.8,0,0,0,0
1550,7,cn-server-capture,1.1,2000,1.42,500,350,2,2,1,1,0,1,100,3,0.665,2304,1825,2070,1415,10,25.204,5,5,0.2,0.2,0.2,4768,0.25300002,0.06,0.01,3760,3044,3000,4350,4000,3500,1.85726,1.5339999,1000,1500,2304,3745.588,0.6,0,1.5,1,0,20,30,1.07,100,0,0,0,0,0,0,0.02,0.07,0.15,1.29,3000,1040,208,0,50,0,3000,200,200,50,0.771933,1.153993,2,11,11,11,11,0.09,0.03,4,3000,350,2,0.8,0,0,0,0
1551,4,cn-server-capture,1.1,2000,1.31,500,350,2,3,2,1,0,1,100,3,0.667,2304,1825,2070,1415,10,25.034,5,5,0.2,0.2,0.2,4419,0.252,0.06,0.01,1,2800,3000,4000,4000,3500,1.8499401,1.494,1550,1000,4166.053,2304,0,0,1.5,1,0,20,30,1.07,100,0,0,0,0,0,0,0.016,0.06,0.15,1.3,3000,1000,300,0,50,1,3000,200,160,50,0,0,1,1,1,1,1,0,0,0,0,0,0,0,0,4,0,0
1551,7,cn-server-capture,1.1,2000,1.31,500,350,2,3,2,1,0,1,100,3,0.667,2304,1825,2070,1415,10,25.034,5,5,0.2,0.2,0.2,4419,0.252,0.06,0.01,4000,2800,3000,4000,4000,3500,1.8499401,1.494,1550,1000,4166.053,2304,0,0,1.5,1,0,20,30,1.07,100,0,0,0,0,0,0,0.016,0.06,0.15,1.3,3000,1000,300,0,50,1,3000,200,160,50,0,0,1,1,1,1,1,0,0,0,0,0,0,0,0,7,0,0
1552,4,cn-server-capture,1.1,2000,1.42,500,350,2,2,1,1,0,1,100,3,0.664,2304,1825,2070,1415,10,25.258,5,5,0.2,0.2,0.2,4832,0.25300002,0.06,0.01,1,3060,3000,4350,4000,3500,1.85806,1.5339999,1000,1400,2304,3955.556,0.6,0,1.5,1,0,20,30,1.07,100,0,0,0,0,0,0,0.02,0.07,0.15,1.29,3000,1040,208,0,50,0,3000,200,200,50,0.761359,1.153993,2,15,14,12,11,0.09,0.03,4,3000,350,2,0.8,0,0,0,0
1552,7,cn-server-capture,1.1,2000,1.42,500,350,2,2,1,1,0,1,100,3,0.664,2304,1825,2070,1415,10,25.258,5,5,0.2,0.2,0.2,4832,0.25300002,0.06,0.01,3760,3060,3000,4350,4000,3500,1.85806,1.5339999,1000,1400,2304,3955.556,0.6,0,1.5,1,0,20,30,1.07,100,0,0,0,0,0,0,0.02,0.07,0.15,1.29,3000,1040,208,0,50,0,3000,200,200,50,0.761359,1.153993,2,15,14,12,11,0.09,0.03,4,3000,350,2,0.8,0,0,0,0
1553,4,cn-server-capture,1.1,2000,1.42,500,350,2,2,1,1,0,1,100,3,0.665,2304,1825,2070,1415,10,24.994001,5,5,0.2,0.2,0.2,4686,0.25300002,0.06,0.01,1,3003,3000,4350,4000,3500,1.85564,1.5339999,1000,1500,2304,3745.588,0.6,0,1.5,1,0,20,30,1.07,100,0,0,0,0,0,0,0.02,0.07,0.15,1.16,3000,2500,500,0,50,0,3000,200,200,50,0.8232,1.041413,4,1,1,1,1,0.09,0.03,6,4500,350,2,0.8,0,0,0,0
1553,7,cn-server-capture,1.1,2000,1.42,500,350,2,2,1,1,0,1,100,3,0.665,2304,1825,2070,1415,10,24.994001,5,5,0.2,0.2,0.2,4686,0.25300002,0.06,0.01,3740,3003,3000,4350,4000,3500,1.85564,1.5339999,1000,1500,2304,3745.588,0.6,0,1.5,1,0,20,30,1.07,100,0,0,0,0,0,0,0.02,0.07,0.15,1.16,3000,2500,500,0,50,0,3000,200,200,50,0.8232,1.041413,4,1,1,1,1,0.09,0.03,6,4500,350,2,0.8,0,0,0,0
1554,4,cn-server-capture,1.1,2000,1.31,500,350,2,3,2,1,0,1,100,3,0.667,2304,1825,2070,1415,10,25.044,5,5,0.2,0.2,0.2,4419,0.252,0.06,0.01,1,2800,3000,4000,4000,3500,1.8499401,1.494,1550,1000,4166.053,2304,0,0,1.5,1,0,20,30,1.07,100,0,0,0,0,0,0,0.016,0.06,0.15,1.3,3000,1000,300,0,50,1,3000,200,160,50,0,0,1,1,1,1,1,0,0,0,0,0,0,0,0,9,0,0
1554,7,cn-server-capture,1.1,2000,1.31,500,350,2,3,2,1,0,1,100,3,0.667,2304,1825,2070,1415,10,25.044,5,5,0.2,0.2,0.2,4419,0.252,0.06,0.01,4000,2800,3000,4000,4000,3500,1.8499401,1.494,1550,1000,4166.053,2304,0,0,1.5,1,0,20,30,1.07,100,0,0,0,0,0,0,0.016,0.06,0.15,1.3,3000,1000,300,0,50,1,3000,200,160,50,0,0,1,1,1,1,1,0,0,0,0,0,0,0,0,6,0,0
1555,4,cn-server-capture,1.1,2000,1.31,500,350,2,3,2,1,0,1,100,3,0.667,2304,1825,2070,1415,10,25.034,5,5,0.2,0.2,0.2,4419,0.252,0.06,0.01,1,2800,3000,4000,4000,3500,1.8499401,1.494,1550,1000,4166.053,2304,0,0,1.5,1,0,20,30,1.07,100,0,0,0,0,0,1,0.016,0.06,0.15,1.3,3000,1000,300,0,50,1,3000,200,160,50,0,0,1,1,1,1,1,0,0,0,0,0,0,0,0,5,0,0
1555,7,cn-server-capture,1.1,2000,1.31,500,350,2,3,2,1,0,1,100,3,0.667,2304,1825,2070,1415,10,25.034,5,5,0.2,0.2,0.2,4419,0.252,0.06,0.01,4000,2800,3000,4000,4000,3500,1.8499401,1.494,1550,1000,4166.053,2304,0,0,1.5,1,0,20,30,1.07,100,0,0,0,0,0,1,0.016,0.06,0.15,1.3,3000,1000,300,0,50,1,3000,200,160,50,0,0,1,1,1,1,1,0,0,0,0,0,0,0,0,9,0,0
1556,4,cn-server-capture,1.1,2000,1.42,500,350,2,2,1,1,0,1,100,3,0.664,2304,1825,2070,1415,10,25.196,5,5,0.2,0.2,0.2,4780,0.25300002,0.06,0.01,1,3052,3000,4350,4000,3500,1.85716,1.5339999,1000,1500,2304,3745.588,0.6,0,1.5,1,0,20,30,1.07,100,0,0,0,0,0,1,0.02,0.07,0.15,1.16,3000,2500,500,0,50,0,3000,200,200,50,0.7633,1.0304,4,11,11,11,11,0.09,0.03,6,4500,350,2,0.8,0,0,0,0
1556,7,cn-server-capture,1.1,2000,1.42,500,350,2,2,1,1,0,1,100,3,0.664,2304,1825,2070,1415,10,25.196,5,5,0.2,0.2,0.2,4780,0.25300002,0.06,0.01,3740,3052,3000,4350,4000,3500,1.85716,1.5339999,1000,1500,2304,3745.588,0.6,0,1.5,1,0,20,30,1.07,100,0,0,0,0,0,1,0.02,0.07,0.15,1.16,3000,2500,500,0,50,0,3000,200,200,50,0.7633,1.0304,4,11,11,11,11,0.09,0.03,6,4500,350,2,0.8,0,0,0,0
1557,4,cn-server-capture,1.1,2000,1.31,500,350,2,3,2,1,0,1,100,3,0.667,2304,1825,2070,1415,10,25.156,5,5,0.2,0.2,0.2,4419,0.252,0.06,0.01,1,2800,3000,4000,4000,3500,1.8499401,1.494,1550,1000,4166.053,2304,0,0,1.5,1,0,20,30,1.07,100,0,0,0,0,0,1,0.016,0.06,0.15,1.3,3000,1000,300,0,50,1,3000,200,160,50,0,0,1,1,11,1,1,0,0,0,0,0,0,0,0,9,0,0
1557,7,cn-server-capture,1.1,2000,1.31,500,350,2,3,2,1,0,1,100,3,0.667,2304,1825,2070,1415,10,25.156,5,5,0.2,0.2,0.2,4419,0.252,0.06,0.01,4000,2800,3000,4000,4000,3500,1.8499401,1.494,1550,1000,4166.053,2304,0,0,1.5,1,0,20,30,1.07,100,0,0,0,0,0,1,0.016,0.06,0.15,1.3,3000,1000,300,0,50,1,3000,200,160,50,0,0,1,1,11,1,1,0,0,0,0,0,0,0,0,12,0,0
1558,4,cn-server-capture,1.1,2000,1.42,500,350,2,2,1,1,0,1,100,3,0.664,2304,1825,2070,1415,10,25.146,5,5,0.2,0.2,0.2,4770,0.252,0.06,0.01,1,3040,3000,4350,4000,3500,1.85706,1.5339999,1000,1500,2304,3745.588,0.6,0,1.5,1,0,20,30,1.07,100,0,0,0,0,0,0,0.02,0.07,0.15,1.19,3000,2000,400,0,50,0,3000,200,200,50,0,0,3,11,11,11,11,0.09,0.03,5,3750,350,2,0.8,0,0,0,0
1558,7,cn-server-capture,1.1,2000,1.42,500,350,2,2,1,1,0,1,100,3,0.664,2304,1825,2070,1415,10,25.146,5,5,0.2,0.2,0.2,4770,0.252,0.06,0.01,3700,3040,3000,4350,4000,3500,1.85706,1.5339999,1000,1500,2304,3745.588,0.6,0,1.5,1,0,20,30,1.07,100,0,0,0,0,0,0,0.02,0.07,0.15,1.19,3000,2000,400,0,50,0,3000,200,200,50,0,0,3,11,11,11,11,0.09,0.03,5,3750,350,2,0.8,0,0,0,0
1559,4,cn-server-capture,1.1,2000,1.42,500,350,2,2,1,1,0,1,100,3,0.664,2304,1825,2070,1415,10,25.156,5,5,0.2,0.2,0.2,4776,0.25300002,0.06,0.01,1,3046,3000,4350,4000,3500,1.8570999,1.5339999,1000,1500,2304,3745.588,0.6,0,1.5,0.96,0,20,30,1.07,100,0,0,0,0,0,0,0.02,0.07,0.15,1.16,3000,2500,500,0,50,0,3000,200,200,50,0,0,4,11,11,11,11,0.09,0.03,6,4500,350,2,0.8,0,0,0,0
1559,7,cn-server-capture,1.1,2000,1.42,500,350,2,2,1,1,0,1,100,3,0.664,2304,1825,2070,1415,10,25.156,5,5,0.2,0.2,0.2,4776,0.25300002,0.06,0.01,3700,3046,3000,4350,4000,3500,1.8570999,1.5339999,1000,1500,2304,3745.588,0.6,0,1.5,0.96,0,20,30,1.07,100,0,0,0,0,0,0,0.02,0.07,0.15,1.16,3000,2500,500,0,50,0,3000,200,200,50,0,0,4,11,11,11,11,0.09,0.03,6,4500,350,2,0.8,0,0,0,0
1560,4,cn-server-capture,1.1,2000,1.42,500,350,2,2,1,1,0,1,100,3,0.664,2304,1825,2070,1415,10,25.208,5,5,0.2,0.2,0.2,4772,0.25300002,0.06,0.01,1,3046,3000,4350,4000,3500,1.85726,1.5339999,1000,1500,2304,3745.588,0.6,0,1.5,1,0,20,30,1.07,100,0,0,0,0,0,0,0.02,0.07,0.15,1.29,3000,1040,208,0,50,0,3000,200,200,50,0.7624,0.9811,2,11,11,11,11,0.09,0.03,4,3000,350,2,0.8,0,0,0,0
1560,7,cn-server-capture,1.1,2000,1.42,500,350,2,2,1,1,0,1,100,3,0.664,2304,1825,2070,1415,10,25.208,5,5,0.2,0.2,0.2,4772,0.25300002,0.06,0.01,3700,3046,3000,4350,4000,3500,1.85726,1.5339999,1000,1500,2304,3745.588,0.6,0,1.5,1,0,20,30,1.07,100,0,0,0,0,0,0,0.02,0.07,0.15,1.29,3000,1040,208,0,50,0,3000,200,200,50,0.7624,0.9811,2,11,11,11,11,0.09,0.03,4,3000,350,2,0.8,0,0,0,0
1561,4,cn-server-capture,1.1,2000,1.31,500,350,2,3,2,1,0,1,100,3,0.667,2304,1825,2070,1415,10,25.166,5,5,0.2,0.2,0.2,4419,0.252,0.06,0.01,1,2800,3000,4000,4000,3500,1.8499401,1.494,1550,1000,4166.053,2304,0,0,1.5,1,0,20,30,1.07,100,0,0,0,0,0,0,0.016,0.06,0.15,1.3,3000,1000,300,0,50,1,3000,200,160,50,0,0,1,1,11,1,1,0,0,0,0,0,0,0,0,33,0,0
1561,7,cn-server-capture,1.1,2000,1.31,500,350,2,3,2,1,0,1,100,3,0.667,2304,1825,2070,1415,10,25.166,5,5,0.2,0.2,0.2,4419,0.252,0.06,0.01,4000,2800,3000,4000,4000,3500,1.8499401,1.494,1550,1000,4166.053,2304,0,0,1.5,1,0,20,30,1.07,100,0,0,0,0,0,0,0.016,0.06,0.15,1.3,3000,1000,300,0,50,1,3000,200,160,50,0,0,1,1,11,1,1,0,0,0,0,0,0,0,0,33,0,0
1562,4,cn-server-capture,1.1,2000,1.42,500,350,2,2,1,1,0,1,100,3,0.664,2304,1825,2070,1415,10,25.202,5,5,0.2,0.2,0.2,4780,0.252,0.06,0.01,1,3048,3000,4350,4000,3500,1.85716,1.5339999,1000,1500,2304,3745.588,0.6,0,1.5,0.97,0,20,30,1.07,100,0,0,0,0,0,0,0.02,0.07,0.15,1.19,3000,2000,400,0,50,0,3000,200,200,50,0.773709,1.29294,3,11,11,11,11,0.09,0.03,5,3750,350,2,0.8,0,0,0,0
1562,7,cn-server-capture,1.1,2000,1.42,500,350,2,2,1,1,0,1,100,3,0.664,2304,1825,2070,1415,10,25.202,5,5,0.2,0.2,0.2,4780,0.252,0.06,0.01,3800,3048,3000,4350,4000,3500,1.85716,1.5339999,1000,1500,2304,3745.588,0.6,0,1.5,0.97,0,20,30,1.07,100,0,0,0,0,0,0,0.02,0.07,0.15,1.19,3000,2000,400,0,50,0,3000,200,200,50,0.773709,1.29294,3,11,11,11,11,0.09,0.03,5,3750,350,2,0.8,0,0,0,0
1563,4,cn-server-capture,1.1,2000,1.31,500,350,2,3,2,1,0,1,100,3,0.667,2304,1825,2070,1415,10,25.166,5,5,0.2,0.2,0.2,4419,0.252,0.06,0.01,1,2800,3000,4000,4000,3500,1.8499401,1.494,1550,1000,4166.053,2304,0,0,1.5,1,0,20,30,1.07,100,0,0,0,0,0,0,0.016,0.06,0.15,1.3,3000,1000,300,0,50,1,3000,200,160,50,0,0,1,1,11,1,1,0,0,0,0,0,0,0,0,113,0,0
1563,7,cn-server-capture,1.1,2000,1.31,500,350,2,3,2,1,0,1,100,3,0.667,2304,1825,2070,1415,10,25.166,5,5,0.2,0.2,0.2,4419,0.252,0.06,0.01,4000,2800,3000,4000,4000,3500,1.8499401,1.494,1550,1000,4166.053,2304,0,0,1.5,1,0,20,30,1.07,100,0,0,0,0,0,0,0.016,0.06,0.15,1.3,3000,1000,300,0,50,1,3000,200,160,50,0,0,1,1,11,1,1,0,0,0,0,0,0,0,0,8,0,0
1564,4,cn-server-capture,1.1,2000,1.42,500,350,2,2,1,1,0,1,100,3,0.663,2304,1825,2070,1415,10,25.446001,5,5,0.2,0.2,0.2,4924,0.25300002,0.06,0.01,1,3109,3000,4350,4000,3500,1.85974,1.5339999,1000,1400,2304,3955.556,0.7,0,1.5,1,0,20,30,1.07,100,0,0,0,0,0,0,0.02,0.07,0.15,1.29,3000,1040,208,0,50,0,3000,200,200,50,0.77347,0.981104,2,21,21,21,21,0.09,0.03,4,3000,350,2,0.8,0,0,0,0
1564,7,cn-server-capture,1.1,2000,1.42,500,350,2,2,1,1,0,1,100,3,0.663,2304,1825,2070,1415,10,25.446001,5,5,0.2,0.2,0.2,4924,0.25300002,0.06,0.01,3740,3109,3000,4350,4000,3500,1.85974,1.5339999,1000,1400,2304,3955.556,0.7,0,1.5,1,0,20,30,1.07,100,0,0,0,0,0,0,0.02,0.07,0.15,1.29,3000,1040,208,0,50,0,3000,200,200,50,0.77347,0.981104,2,21,21,21,21,0.09,0.03,4,3000,350,2,0.8,0,0,0,0
1565,4,cn-server-capture,1.1,2000,1.31,500,350,2,3,2,1,0,1,100,3,0.667,2304,1825,2070,1415,10,25.238,5,5,0.2,0.2,0.2,4465,0.252,0.06,0.01,1,2823,3000,4000,4000,3500,1.85086,1.494,1550,1000,4166.053,2304,0,0,1.5,1,0,20,30,1.07,100,0,0,0,0,0,0,0.016,0.06,0.15,1.3,3000,1000,300,0,50,1,3000,200,160,50,0,0,1,11,21,11,11,0,0,0,0,0,0,0,0,111,0,0
1565,7,cn-server-capture,1.1,2000,1.31,500,350,2,3,2,1,0,1,100,3,0.667,2304,1825,2070,1415,10,25.238,5,5,0.2,0.2,0.2,4465,0.252,0.06,0.01,4000,2823,3000,4000,4000,3500,1.85086,1.494,1550,1000,4166.053,2304,0,0,1.5,1,0,20,30,1.07,100,0,0,0,0,0,0,0.016,0.06,0.15,1.3,3000,1000,300,0,50,1,3000,200,160,50,0,0,1,11,21,11,11,0,0,0,0,0,0,0,0,111,0,0
1566,4,cn-server-capture,1.1,2000,1.42,500,350,2,2,1,1,0,1,100,3,0.665,2304,1825,2070,1415,10,25.126001,5,5,0.2,0.2,0.2,4738,0.252,0.06,0.01,1,3029,3000,4350,4000,3500,1.85682,1.5339999,1000,1400,2304,3955.556,0.7,0,1.5,0.99,0,20,30,1.07,100,1,1,1,1,0,0,0.016,0.06,0.15,1.3,3000,1000,300,0,50,0,3000,200,200,50,0,0,5,21,21,21,21,0,0,0,0,0,0,0,0,0,0,0
1566,7,cn-server-capture,1.1,2000,1.42,500,350,2,2,1,1,0,1,100,3,0.665,2304,1825,2070,1415,10,25.126001,5,5,0.2,0.2,0.2,4738,0.252,0.06,0.01,4800,3029,3000,4350,4000,3500,1.85682,1.5339999,1000,1400,2304,3955.556,0.7,0,1.5,0.99,0,20,30,1.07,100,1,1,1,1,0,0,0.016,0.06,0.15,1.3,3000,1000,300,0,50,0,3000,200,200,50,0,0,5,21,21,21,21,0,0,0,0,0,0,0,0,0,0,0
1567,4,cn-server-capture,1.1,2000,1.31,500,350,2,3,2,1,0,1,100,3,0.667,2304,1825,2070,1415,10,25.146,5,5,0.2,0.2,0.2,4419,0.252,0.06,0.01,1,2800,3000,4000,4000,3500,1.8499401,1.494,1550,1000,4166.053,2304,0,0,1.5,1,0,20,30,1.07,100,0,0,0,0,0,0,0.016,0.06,0.15,1.3,3000,1000,300,0,50,1,3000,200,160,50,0,0,1,1,11,1,1,0,0,0,0,0,0,0,0,8,0,0
1567,7,cn-server-capture,1.1,2000,1.31,500,350,2,3,2,1,0,1,100,3,0.667,2304,1825,2070,1415,10,25.146,5,5,0.2,0.2,0.2,4419,0.252,0.06,0.01,4000,2800,3000,4000,4000,3500,1.8499401,1.494,1550,1000,4166.053,2304,0,0,1.5,1,0,20,30,1.07,100,0,0,0,0,0,0,0.016,0.06,0.15,1.3,3000,1000,300,0,50,1,3000,200,160,50,0,0,1,1,11,1,1,0,0,0,0,0,0,0,0,3,0,0
1568,4,cn-server-capture,1.1,2000,1.42,500,350,2,2,1,1,0,1,100,3,0.664,2304,1825,2070,1415,10,25.126,5,5,0.2,0.2,0.2,4782,0.252,0.06,0.01,1,3050,3000,4350,4000,3500,1.8569599,1.5339999,1000,1500,2304,3745.588,0.6,0,1.5,1,0,20,30,1.07,100,0,0,0,0,0,0,0.02,0.07,0.15,1.16,3000,2500,500,0,50,0,3000,200,200,50,0.7837,1.2089,4,11,11,11,11,0.09,0.03,6,4500,350,2,0.8,0,0,0,0
1568,7,cn-server-capture,1.1,2000,1.42,500,350,2,2,1,1,0,1,100,3,0.664,2304,1825,2070,1415,10,25.126,5,5,0.2,0.2,0.2,4782,0.252,0.06,0.01,3780,3050,3000,4350,4000,3500,1.8569599,1.5339999,1000,1500,2304,3745.588,0.6,0,1.5,1,0,20,30,1.07,100,0,0,0,0,0,0,0.02,0.07,0.15,1.16,3000,2500,500,0,50,0,3000,200,200,50,0.7837,1.2089,4,11,11,11,11,0.09,0.03,6,4500,350,2,0.8,0,0,0,0
1569,4,cn-server-capture,1.1,2000,1.31,500,350,2,3,2,1,0,1,100,3,0.667,2304,1825,2070,1415,10,25.146,5,5,0.2,0.2,0.2,4419,0.252,0.06,0.01,1,2800,3000,4000,4000,3500,1.8499401,1.494,1550,1000,4166.053,2304,0,0,1.5,1,0,20,30,1.07,100,0,0,0,0,0,0,0.016,0.06,0.15,1.3,3000,1000,300,0,50,1,3000,200,160,50,0,0,1,1,11,1,1,0,0,0,0,0,0,0,0,114,0,0
1569,7,cn-server-capture,1.1,2000,1.31,500,350,2,3,2,1,0,1,100,3,0.667,2304,1825,2070,1415,10,25.146,5,5,0.2,0.2,0.2,4419,0.252,0.06,0.01,4000,2800,3000,4000,4000,3500,1.8499401,1.494,1550,1000,4166.053,2304,0,0,1.5,1,0,20,30,1.07,100,0,0,0,0,0,0,0.016,0.06,0.15,1.3,3000,1000,300,0,50,1,3000,200,160,50,0,0,1,1,11,1,1,0,0,0,0,0,0,0,0,5,0,0
1570,4,cn-server-capture,1.1,2000,1.42,500,350,2,2,1,1,0,1,100,3,0.664,2304,1825,2070,1415,10,25.105999,5,5,0.2,0.2,0.2,4768,0.25300002,0.06,0.01,1,3044,3000,4350,4000,3500,1.85736,1.5339999,1000,1500,2304,3745.588,0.6,0,1.5,1,0,20,30,1.07,100,0,0,0,0,0,0,0.02,0.07,0.15,1.29,3000,1040,208,0,50,0,3000,200,200,50,0,0,2,11,11,11,11,0.09,0.03,4,3000,350,2,0.8,0,0,0,0
1570,7,cn-server-capture,1.1,2000,1.42,500,350,2,2,1,1,0,1,100,3,0.664,2304,1825,2070,1415,10,25.105999,5,5,0.2,0.2,0.2,4768,0.25300002,0.06,0.01,3720,3044,3000,4350,4000,3500,1.85736,1.5339999,1000,1500,2304,3745.588,0.6,0,1.5,1,0,20,30,1.07,100,0,0,0,0,0,0,0.02,0.07,0.15,1.29,3000,1040,208,0,50,0,3000,200,200,50,0,0,2,11,11,11,11,0.09,0.03,4,3000,350,2,0.8,0,0,0,0
1571,4,cn-server-capture,1.1,2000,1.31,500,350,2,3,2,1,0,1,100,3,0.667,2304,1825,2070,1415,10,25.105999,5,5,0.2,0.2,0.2,4419,0.252,0.06,0.01,1,2800,3000,4000,4000,3500,1.8499401,1.494,1550,1000,4166.053,2304,0,0,1.5,1,0,20,30,1.07,100,0,0,0,0,0,0,0.016,0.06,0.15,1.3,3000,1000,300,0,50,1,3000,200,160,50,0,0,1,1,11,1,1,0,0,0,0,0,0,0,0,7,0,0
1571,7,cn-server-capture,1.1,2000,1.31,500,350,2,3,2,1,0,1,100,3,0.667,2304,1825,2070,1415,10,25.105999,5,5,0.2,0.2,0.2,4419,0.252,0.06,0.01,4000,2800,3000,4000,4000,3500,1.8499401,1.494,1550,1000,4166.053,2304,0,0,1.5,1,0,20,30,1.07,100,0,0,0,0,0,0,0.016,0.06,0.15,1.3,3000,1000,300,0,50,1,3000,200,160,50,0,0,1,1,11,1,1,0,0,0,0,0,0,0,0,6,0,0
1572,4,cn-server-capture,1.1,2000,1.42,500,350,2,2,1,1,0,1,100,3,0.664,2304,1825,2070,1415,10,25.196,5,5,0.2,0.2,0.2,4776,0.252,0.06,0.01,1,3050,3000,4350,4000,3500,1.8569599,1.5339999,1000,1500,2304,3745.588,0.6,0,1.5,1,0,20,30,1.07,100,0,0,0,0,0,0,0.02,0.07,0.15,1.19,3000,2000,400,0,50,0,3000,200,200,50,0.7734,0.9811,3,11,11,11,11,0.09,0.03,5,3750,350,2,0.8,0,0,0,0
1572,7,cn-server-capture,1.1,2000,1.42,500,350,2,2,1,1,0,1,100,3,0.664,2304,1825,2070,1415,10,25.196,5,5,0.2,0.2,0.2,4776,0.252,0.06,0.01,3710,3050,3000,4350,4000,3500,1.8569599,1.5339999,1000,1500,2304,3745.588,0.6,0,1.5,1,0,20,30,1.07,100,0,0,0,0,0,0,0.02,0.07,0.15,1.19,3000,2000,400,0,50,0,3000,200,200,50,0.7734,0.9811,3,11,11,11,11,0.09,0.03,5,3750,350,2,0.8,0,0,0,0
1573,4,cn-server-capture,1.1,2000,1.31,500,350,2,3,2,1,0,1,100,3,0.667,2304,1825,2070,1415,10,25.156,5,5,0.2,0.2,0.2,4419,0.252,0.06,0.01,1,2800,3000,4000,4000,3500,1.8499401,1.494,1550,1000,4166.053,2304,0,0,1.5,1,0,20,30,1.07,100,0,0,0,0,0,0,0.016,0.06,0.15,1.3,3000,1000,300,0,50,1,3000,200,160,50,0,0,1,1,11,1,1,0,0,0,0,0,0,0,0,2,0,0
1573,7,cn-server-capture,1.1,2000,1.31,500,350,2,3,2,1,0,1,100,3,0.667,2304,1825,2070,1415,10,25.156,5,5,0.2,0.2,0.2,4419,0.252,0.06,0.01,4000,2800,3000,4000,4000,3500,1.8499401,1.494,1550,1000,4166.053,2304,0,0,1.5,1,0,20,30,1.07,100,0,0,0,0,0,0,0.016,0.06,0.15,1.3,3000,1000,300,0,50,1,3000,200,160,50,0,0,1,1,11,1,1,0,0,0,0,0,0,0,0,33,0,0
1574,4,cn-server-capture,1.1,2000,1.42,500,350,2,2,1,1,0,1,100,3,0.663,2304,1825,2070,1415,10,25.448,5,5,0.2,0.2,0.2,4917,0.25300002,0.06,0.01,1,3114,3000,4350,4000,3500,1.85988,1.5339999,1000,1400,2304,3955.556,0.7,0,1.5,1,0,20,30,1.07,100,0,0,0,0,0,0,0.02,0.07,0.15,1.16,3000,2500,500,0,50,0,3000,200,200,50,0.7339,1.1108,4,21,21,21,21,0.09,0.03,6,4500,350,2,0.8,0,0,0,0
1574,7,cn-server-capture,1.1,2000,1.42,500,350,2,2,1,1,0,1,100,3,0.663,2304,1825,2070,1415,10,25.448,5,5,0.2,0.2,0.2,4917,0.25300002,0.06,0.01,3900,3114,3000,4350,4000,3500,1.85988,1.5339999,1000,1400,2304,3955.556,0.7,0,1.5,1,0,20,30,1.07,100,0,0,0,0,0,0,0.02,0.07,0.15,1.16,3000,2500,500,0,50,0,3000,200,200,50,0.7339,1.1108,4,21,21,21,21,0.09,0.03,6,4500,350,2,0.8,0,0,0,0
1575,4,cn-server-capture,1.1,2000,1.31,500,350,2,3,2,1,0,1,100,3,0.667,2304,1825,2070,1415,10,25.218,5,5,0.2,0.2,0.2,4465,0.252,0.06,0.01,1,2823,3000,4000,4000,3500,1.85086,1.494,1550,1000,4166.053,2304,0,0,1.5,1,0,20,30,1.07,100,0,0,0,0,0,0,0.016,0.06,0.15,1.3,3000,1000,300,0,50,1,3000,200,160,50,0,0,1,11,21,11,11,0,0,0,0,0,0,0,0,3,0,0
1575,7,cn-server-capture,1.1,2000,1.31,500,350,2,3,2,1,0,1,100,3,0.667,2304,1825,2070,1415,10,25.218,5,5,0.2,0.2,0.2,4465,0.252,0.06,0.01,4000,2823,3000,4000,4000,3500,1.85086,1.494,1550,1000,4166.053,2304,0,0,1.5,1,0,20,30,1.07,100,0,0,0,0,0,0,0.016,0.06,0.15,1.3,3000,1000,300,0,50,1,3000,200,160,50,0,0,1,11,21,11,11,0,0,0,0,0,0,0,0,111,0,0
1576,4,cn-server-capture,1.1,2000,1.42,500,350,2,2,1,1,0,1,100,3,0.664,2304,1825,2070,1415,10,25.186,5,5,0.2,0.2,0.2,4776,0.252,0.06,0.01,1,3052,3000,4350,4000,3500,1.8570999,1.5339999,1000,1500,2304,3745.588,0.6,0,1.5,1,0,20,30,1.07,100,0,0,0,0,1,1,0.02,0.07,0.15,1.16,3000,2500,500,0,50,0,3000,200,200,50,0,0,4,11,11,11,11,0.09,0.03,6,4500,350,2,0.8,0,0,0,1
1576,7,cn-server-capture,1.1,2000,1.42,500,350,2,2,1,1,0,1,100,3,0.664,2304,1825,2070,1415,10,25.186,5,5,0.2,0.2,0.2,4776,0.252,0.06,0.01,3860,3052,3000,4350,4000,3500,1.8570999,1.5339999,1000,1500,2304,3745.588,0.6,0,1.5,1,0,20,30,1.07,100,0,0,0,0,1,1,0.02,0.07,0.15,1.16,3000,2500,500,0,50,0,3000,200,200,50,0,0,4,11,11,11,11,0.09,0.03,6,4500,350,2,0.8,0,0,0,1
1577,4,cn-server-capture,1.1,2000,1.42,500,350,2,2,1,1,0,1,100,3,0.664,2304,1825,2070,1415,10,25.146,5,5,0.2,0.2,0.2,4758,0.252,0.06,0.01,1,3044,3000,4350,4000,3500,1.8572199,1.5339999,1000,1500,2304,3745.588,0.6,0,1.5,1,0,20,30,1.07,100,0,0,0,0,1,1,0.02,0.07,0.15,1.29,3000,1040,208,0,50,0,3000,200,200,50,0,0,2,11,11,11,11,0.09,0.03,4,3000,350,2,0.8,0,0,0,1
1577,7,cn-server-capture,1.1,2000,1.42,500,350,2,2,1,1,0,1,100,3,0.664,2304,1825,2070,1415,10,25.146,5,5,0.2,0.2,0.2,4758,0.252,0.06,0.01,3860,3044,3000,4350,4000,3500,1.8572199,1.5339999,1000,1500,2304,3745.588,0.6,0,1.5,1,0,20,30,1.07,100,0,0,0,0,1,1,0.02,0.07,0.15,1.29,3000,1040,208,0,50,0,3000,200,200,50,0,0,2,11,11,11,11,0.09,0.03,4,3000,350,2,0.8,0,0,0,1
1578,4,cn-server-capture,1.1,2000,1.42,500,350,2,2,1,1,0,1,100,3,0.664,2304,1825,2070,1415,10,25.105999,5,5,0.2,0.2,0.2,4768,0.252,0.06,0.01,1,3048,3000,4350,4000,3500,1.85716,1.5339999,1000,1500,2304,3745.588,0.6,0,1.5,1,0,20,30,1.07,100,0,0,0,0,1,1,0.02,0.07,0.15,1.19,3000,2000,400,0,50,0,3000,200,200,50,0,0,3,11,11,11,11,0.09,0.03,5,3750,350,2,0.8,0,0,0,1
1578,7,cn-server-capture,1.1,2000,1.42,500,350,2,2,1,1,0,1,100,3,0.664,2304,1825,2070,1415,10,25.105999,5,5,0.2,0.2,0.2,4768,0.252,0.06,0.01,3860,3048,3000,4350,4000,3500,1.85716,1.5339999,1000,1500,2304,3745.588,0.6,0,1.5,1,0,20,30,1.07,100,0,0,0,0,1,1,0.02,0.07,0.15,1.19,3000,2000,400,0,50,0,3000,200,200,50,0,0,3,11,11,11,11,0.09,0.03,5,3750,350,2,0.8,0,0,0,1
1579,4,cn-server-capture,1.1,2000,1.31,500,350,2,3,2,1,0,1,100,3,0.667,2304,1825,2070,1415,10,25.066,5,5,0.2,0.2,0.2,4419,0.252,0.06,0.01,1,2800,3000,4000,4000,3500,1.8499401,1.494,1550,1000,4166.053,2304,0,0,1.5,1,0,20,30,1.07,100,0,0,0,0,1,1,0.016,0.06,0.15,1.3,3000,1000,300,0,50,1,3000,200,160,50,0,0,1,1,11,1,1,0,0,0,0,0,0,0,0,8,0,1
1579,7,cn-server-capture,1.1,2000,1.31,500,350,2,3,2,1,0,1,100,3,0.667,2304,1825,2070,1415,10,25.066,5,5,0.2,0.2,0.2,4419,0.252,0.06,0.01,4000,2800,3000,4000,4000,3500,1.8499401,1.494,1550,1000,4166.053,2304,0,0,1.5,1,0,20,30,1.07,100,0,0,0,0,1,1,0.016,0.06,0.15,1.3,3000,1000,300,0,50,1,3000,200,160,50,0,0,1,1,11,1,1,0,0,0,0,0,0,0,0,33,0,1
1580,4,cn-server-capture,1.1,2000,1.42,500,350,2,2,1,1,0,1,100,3,0.664,2304,1825,2070,1415,10,25.206,5,5,0.2,0.2,0.2,4762,0.252,0.06,0.01,1,3050,3000,4360,4000,3500,1.8569599,1.5339999,1000,1500,2304,3745.588,0.6,0,1.5,1,0,20,30,1.07,100,0,0,0,0,0,0,0.02,0.07,0.15,1.16,3000,2500,500,0,50,0,3000,200,200,50,0,0,4,11,11,11,11,0.09,0.03,6,4500,350,2,0.8,0,0,0,0
1580,7,cn-server-capture,1.1,2000,1.42,500,350,2,2,1,1,0,1,100,3,0.664,2304,1825,2070,1415,10,25.206,5,5,0.2,0.2,0.2,4762,0.252,0.06,0.01,3800,3050,3000,4360,4000,3500,1.8569599,1.5339999,1000,1500,2304,3745.588,0.6,0,1.5,1,0,20,30,1.07,100,0,0,0,0,0,0,0.02,0.07,0.15,1.16,3000,2500,500,0,50,0,3000,200,200,50,0,0,4,11,11,11,11,0.09,0.03,6,4500,350,2,0.8,0,0,0,0
1581,4,cn-server-capture,1.1,2000,1.31,500,350,2,3,2,1,0,1,100,3,0.667,2304,1825,2070,1415,10,25.105999,5,5,0.2,0.2,0.2,4419,0.252,0.06,0.01,1,2800,3000,4000,4000,3500,1.8499401,1.494,1550,1000,4166.053,2304,0,0,1.5,1,0,20,30,1.07,100,0,0,0,0,0,0,0.016,0.06,0.15,1.3,3000,1000,300,0,50,1,3000,200,160,50,0,0,1,1,11,1,1,0,0,0,0,0,0,0,0,2,0,0
1581,7,cn-server-capture,1.1,2000,1.31,500,350,2,3,2,1,0,1,100,3,0.667,2304,1825,2070,1415,10,25.105999,5,5,0.2,0.2,0.2,4419,0.252,0.06,0.01,4000,2800,3000,4000,4000,3500,1.8499401,1.494,1550,1000,4166.053,2304,0,0,1.5,1,0,20,30,1.07,100,0,0,0,0,0,0,0.016,0.06,0.15,1.3,3000,1000,300,0,50,1,3000,200,160,50,0,0,1,1,11,1,1,0,0,0,0,0,0,0,0,8,0,0
1582,4,cn-server-capture,1.1,2000,1.42,500,350,2,2,1,1,0,1,100,3,0.665,2304,1825,2070,1415,10,24.974,5,5,0.2,0.2,0.2,4702,0.252,0.06,0.01,1,2999,3000,4350,4000,3500,1.85544,1.5339999,1000,1500,2304,3745.588,0.6,0,1.5,1,0,20,30,1.07,100,0,0,0,0,0,0,0.02,0.07,0.15,1.29,3000,1040,208,0,50,0,3000,200,200,50,0.77175,1.344,2,1,1,1,1,0.09,0.03,4,3000,350,2,0.8,0,0,0,0
1582,7,cn-server-capture,1.1,2000,1.42,500,350,2,2,1,1,0,1,100,3,0.665,2304,1825,2070,1415,10,24.974,5,5,0.2,0.2,0.2,4702,0.252,0.06,0.01,3800,2999,3000,4350,4000,3500,1.85544,1.5339999,1000,1500,2304,3745.588,0.6,0,1.5,1,0,20,30,1.07,100,0,0,0,0,0,0,0.02,0.07,0.15,1.29,3000,1040,208,0,50,0,3000,200,200,50,0.77175,1.344,2,1,1,1,1,0.09,0.03,4,3000,350,2,0.8,0,0,0,0
1583,4,cn-server-capture,1.1,2000,1.42,500,350,2,2,1,1,0,1,100,3,0.664,2304,1825,2070,1415,10,25.146,5,5,0.2,0.2,0.2,4768,0.252,0.06,0.01,1,3034,3000,4350,4000,3500,1.85736,1.5339999,1000,1500,2304,3745.588,0.6,0,1.5,1,0,20,30,1.07,100,0,0,0,0,0,0,0.02,0.07,0.15,1.29,3000,1040,208,0,50,0,3000,200,200,50,0.7599165,1.323392,2,11,11,11,11,0.09,0.03,4,3000,350,2,0.8,0,0,0,0
1583,7,cn-server-capture,1.1,2000,1.42,500,350,2,2,1,1,0,1,100,3,0.664,2304,1825,2070,1415,10,25.146,5,5,0.2,0.2,0.2,4768,0.252,0.06,0.01,3800,3034,3000,4350,4000,3500,1.85736,1.5339999,1000,1500,2304,3745.588,0.6,0,1.5,1,0,20,30,1.07,100,0,0,0,0,0,0,0.02,0.07,0.15,1.29,3000,1040,208,0,50,0,3000,200,200,50,0.7599165,1.323392,2,11,11,11,11,0.09,0.03,4,3000,350,2,0.8,0,0,0,0
1584,4,cn-server-capture,1.1,2000,1.42,500,350,2,2,1,1,0,1,100,3,0.664,2304,1825,2070,1415,10,25.086,5,5,0.2,0.2,0.2,4768,0.252,0.06,0.01,1,3036,3000,4350,4000,3500,1.8567599,1.5339999,1000,1500,2304,3745.588,0.6,0,1.5,1,0,20,30,1.07,100,0,0,0,0,0,0,0.02,0.07,0.18,1.19,2100,2000,400,0,50,0,3000,200,200,50,0,0,9,11,11,11,11,0.11,0.03,5,3750,350,2,0.6,0,0,0,0
1584,7,cn-server-capture,1.1,2000,1.42,500,350,2,2,1,1,0,1,100,3,0.664,2304,1825,2070,1415,10,25.086,5,5,0.2,0.2,0.2,4768,0.252,0.06,0.01,3800,3036,3000,4350,4000,3500,1.8567599,1.5339999,1000,1500,2304,3745.588,0.6,0,1.5,1,0,20,30,1.07,100,0,0,0,0,0,0,0.02,0.07,0.18,1.19,2100,2000,400,0,50,0,3000,200,200,50,0,0,9,11,11,11,11,0.11,0.03,5,3750,350,2,0.6,0,0,0,0
1585,4,cn-server-capture,1.1,2000,1.31,500,350,2,3,2,1,0,1,100,3,0.667,2304,1825,2070,1415,10,25.146,5,5,0.2,0.2,0.2,4419,0.252,0.06,0.01,1,2800,3000,4000,4000,3500,1.8499401,1.494,1550,1000,4166.053,2304,0,0,1.5,1,0,20,30,1.07,100,0,0,0,0,0,0,0.016,0.06,0.15,1.3,3000,1000,300,0,50,1,3000,200,160,50,0,0,1,1,11,1,1,0,0,0,0,0,0,0,0,8,0,0
1585,7,cn-server-capture,1.1,2000,1.31,500,350,2,3,2,1,0,1,100,3,0.667,2304,1825,2070,1415,10,25.146,5,5,0.2,0.2,0.2,4419,0.252,0.06,0.01,4000,2800,3000,4000,4000,3500,1.8499401,1.494,1550,1000,4166.053,2304,0,0,1.5,1,0,20,30,1.07,100,0,0,0,0,0,0,0.016,0.06,0.15,1.3,3000,1000,300,0,50,1,3000,200,160,50,0,0,1,1,11,1,1,0,0,0,0,0,0,0,0,5,0,0
1586,4,cn-server-capture,1.1,2000,1.42,500,350,2,2,1,1,0,1,100,3,0.664,2304,1825,2070,1415,10,25.166,5,5,0.2,0.2,0.2,4768,0.252,0.06,0.01,1,3044,3000,4350,4000,3500,1.85716,1.5339999,1000,1500,2304,3745.588,0.6,0,1.5,1,0,20,30,1.07,100,0,0,0,0,0,0,0.02,0.07,0.15,1.19,3000,2000,400,0,50,0,3000,200,200,50,0,0,3,11,11,11,11,0.09,0.03,5,3750,350,2,0.8,0,0,0,0
1586,7,cn-server-capture,1.1,2000,1.42,500,350,2,2,1,1,0,1,100,3,0.664,2304,1825,2070,1415,10,25.166,5,5,0.2,0.2,0.2,4768,0.252,0.06,0.01,3780,3044,3000,4350,4000,3500,1.85716,1.5339999,1000,1500,2304,3745.588,0.6,0,1.5,1,0,20,30,1.07,100,0,0,0,0,0,0,0.02,0.07,0.15,1.19,3000,2000,400,0,50,0,3000,200,200,50,0,0,3,11,11,11,11,0.09,0.03,5,3750,350,2,0.8,0,0,0,0
1587,4,cn-server-capture,1.1,2000,1.42,500,350,2,2,1,1,0,1,100,3,0.663,2304,1825,2070,1415,10,25.468,5,5,0.2,0.2,0.2,4916,0.25300002,0.06,0.01,1,3112,3000,4350,4000,3500,1.85974,1.5339999,1000,1400,2304,3955.556,0.7,0,1.5,1,0,20,30,1.07,100,0,0,0,0,0,0,0.02,0.07,0.15,1.19,3000,2000,400,0,50,0,3000,200,200,50,0.720975,0.969122,3,21,21,21,21,0.09,0.03,5,3750,350,2,0.8,0,0,0,0
1587,7,cn-server-capture,1.1,2000,1.42,500,350,2,2,1,1,0,1,100,3,0.663,2304,1825,2070,1415,10,25.468,5,5,0.2,0.2,0.2,4916,0.25300002,0.06,0.01,3860,3112,3000,4350,4000,3500,1.85974,1.5339999,1000,1400,2304,3955.556,0.7,0,1.5,1,0,20,30,1.07,100,0,0,0,0,0,0,0.02,0.07,0.15,1.19,3000,2000,400,0,50,0,3000,200,200,50,0.720975,0.969122,3,21,21,21,21,0.09,0.03,5,3750,350,2,0.8,0,0,0,0
1588,4,cn-server-capture,1.1,2000,1.31,500,350,2,3,2,1,0,1,100,3,0.667,2304,1825,2070,1415,10,25.218,5,5,0.2,0.2,0.2,4465,0.252,0.06,0.01,1,2823,3000,4000,4000,3500,1.85086,1.494,1550,1000,4166.053,2304,0,0,1.5,1,0,20,30,1.07,100,0,0,0,0,0,0,0.016,0.06,0.15,1.3,3000,1000,300,0,50,1,3000,200,160,50,0,0,1,11,21,11,11,0,0,0,0,0,0,0,0,3,0,0
1588,7,cn-server-capture,1.1,2000,1.31,500,350,2,3,2,1,0,1,100,3,0.667,2304,1825,2070,1415,10,25.218,5,5,0.2,0.2,0.2,4465,0.252,0.06,0.01,4000,2823,3000,4000,4000,3500,1.85086,1.494,1550,1000,4166.053,2304,0,0,1.5,1,0,20,30,1.07,100,0,0,0,0,0,0,0.016,0.06,0.15,1.3,3000,1000,300,0,50,1,3000,200,160,50,0,0,1,11,21,11,11,0,0,0,0,0,0,0,0,113,0,0
1589,4,cn-server-capture,1.1,2000,1.42,500,350,2,2,1,1,0,1,100,3,0.664,2304,1825,2070,1415,10,25.146,5,5,0.2,0.2,0.2,4778,0.25300002,0.06,0.01,1,3024,3000,4350,4000,3500,1.8574599,1.5339999,1000,1500,2304,3745.588,0.6,0,1.5,1,0,20,30,1.07,100,0,0,0,0,0,0,0.02,0.07,0.15,1.29,3000,1040,208,0,50,0,3000,200,200,50,0.744729,1.053629,2,11,11,11,11,0.09,0.03,4,3000,350,2,0.8,0,0,0,0
1589,7,cn-server-capture,1.1,2000,1.42,500,350,2,2,1,1,0,1,100,3,0.664,2304,1825,2070,1415,10,25.146,5,5,0.2,0.2,0.2,4778,0.25300002,0.06,0.01,3800,3024,3000,4350,4000,3500,1.8574599,1.5339999,1000,1500,2304,3745.588,0.6,0,1.5,1,0,20,30,1.07,100,0,0,0,0,0,0,0.02,0.07,0.15,1.29,3000,1040,208,0,50,0,3000,200,200,50,0.744729,1.053629,2,11,11,11,11,0.09,0.03,4,3000,350,2,0.8,0,0,0,0
1590,4,cn-server-capture,1.1,2000,1.31,500,350,2,3,2,1,0,1,100,3,0.667,2304,1825,2070,1415,10,25.086,5,5,0.2,0.2,0.2,4419,0.252,0.06,0.01,1,2800,3000,4000,4000,3500,1.8499401,1.494,1550,1000,4166.053,2304,0,0,1.5,1,0,20,30,1.07,100,0,0,0,0,0,0,0.016,0.06,0.15,1.3,3000,1000,300,0,50,1,3000,200,160,50,0,0,1,1,11,1,1,0,0,0,0,0,0,0,0,113,0,0
1590,7,cn-server-capture,1.1,2000,1.31,500,350,2,3,2,1,0,1,100,3,0.667,2304,1825,2070,1415,10,25.086,5,5,0.2,0.2,0.2,4419,0.252,0.06,0.01,4000,2800,3000,4000,4000,3500,1.8499401,1.494,1550,1000,4166.053,2304,0,0,1.5,1,0,20,30,1.07,100,0,0,0,0,0,0,0.016,0.06,0.15,1.3,3000,1000,300,0,50,1,3000,200,160,50,0,0,1,1,11,1,1,0,0,0,0,0,0,0,0,4,0,0
1591,4,cn-server-capture,1.1,2000,1.31,500,350,2,3,2,1,0,1,100,3,0.667,2304,1825,2070,1415,10,25.086,5,5,0.2,0.2,0.2,4419,0.252,0.06,0.01,1,2800,3000,4000,4000,3500,1.8499401,1.494,1550,1000,4166.053,2304,0,0,1.5,1,0,20,30,1.07,100,0,0,0,0,0,0,0.016,0.06,0.15,1.3,3000,1000,300,0,50,1,3000,200,160,50,0,0,1,1,11,1,1,0,0,0,0,0,0,0,0,6,0,0
1591,7,cn-server-capture,1.1,2000,1.31,500,350,2,3,2,1,0,1,100,3,0.667,2304,1825,2070,1415,10,25.086,5,5,0.2,0.2,0.2,4419,0.252,0.06,0.01,4000,2800,3000,4000,4000,3500,1.8499401,1.494,1550,1000,4166.053,2304,0,0,1.5,1,0,20,30,1.07,100,0,0,0,0,0,0,0.016,0.06,0.15,1.3,3000,1000,300,0,50,1,3000,200,160,50,0,0,1,1,11,1,1,0,0,0,0,0,0,0,0,8,0,0
1592,4,cn-server-capture,1.1,2000,1.31,500,350,2,3,2,1,0,1,100,3,0.667,2304,1825,2070,1415,10,25.086,5,5,0.2,0.2,0.2,4419,0.252,0.06,0.01,1,2800,3000,4000,4000,3500,1.8499401,1.494,1550,1000,4166.053,2304,0,0,1.5,1,0,20,30,1.07,100,0,0,0,0,0,0,0.016,0.06,0.15,1.3,3000,1000,300,0,50,1,3000,200,160,50,0,0,1,1,11,1,1,0,0,0,0,0,0,0,0,33,0,0
1592,7,cn-server-capture,1.1,2000,1.31,500,350,2,3,2,1,0,1,100,3,0.667,2304,1825,2070,1415,10,25.086,5,5,0.2,0.2,0.2,4419,0.252,0.06,0.01,4000,2800,3000,4000,4000,3500,1.8499401,1.494,1550,1000,4166.053,2304,0,0,1.5,1,0,20,30,1.07,100,0,0,0,0,0,0,0.016,0.06,0.15,1.3,3000,1000,300,0,50,1,3000,200,160,50,0,0,1,1,11,1,1,0,0,0,0,0,0,0,0,2,0,0
1593,4,cn-server-capture,1.1,2000,1.31,500,350,2,3,2,1,0,1,100,3,0.667,2304,1825,2070,1415,10,25.034,5,5,0.2,0.2,0.2,4419,0.252,0.06,0.01,1,2800,3000,4000,4000,3500,1.8499401,1.494,1550,1000,4166.053,2304,0,0,1.5,1,0,20,30,1.07,100,0,0,0,0,0,0,0.016,0.06,0.15,1.3,3000,1000,300,0,50,1,3000,200,160,50,0,0,1,1,1,1,1,0,0,0,0,0,0,0,0,5,0,0
1593,7,cn-server-capture,1.1,2000,1.31,500,350,2,3,2,1,0,1,100,3,0.667,2304,1825,2070,1415,10,25.034,5,5,0.2,0.2,0.2,4419,0.252,0.06,0.01,4000,2800,3000,4000,4000,3500,1.8499401,1.494,1550,1000,4166.053,2304,0,0,1.5,1,0,20,30,1.07,100,0,0,0,0,0,0,0.016,0.06,0.15,1.3,3000,1000,300,0,50,1,3000,200,160,50,0,0,1,1,1,1,1,0,0,0,0,0,0,0,0,33,0,0
1594,4,cn-server-capture,1.1,2000,1.31,500,350,2,3,2,1,0,1,100,3,0.667,2304,1825,2070,1415,10,25.086,5,5,0.2,0.2,0.2,4419,0.252,0.06,0.01,1,2800,3000,4000,4000,3500,1.8499401,1.494,1550,1000,4166.053,2304,0,0,1.5,1,0,20,30,1.07,100,0,0,0,0,0,0,0.016,0.06,0.15,1.3,3000,1000,300,0,50,1,3000,200,160,50,0,0,1,1,11,1,1,0,0,0,0,0,0,0,0,8,0,0
1594,7,cn-server-capture,1.1,2000,1.31,500,350,2,3,2,1,0,1,100,3,0.667,2304,1825,2070,1415,10,25.086,5,5,0.2,0.2,0.2,4419,0.252,0.06,0.01,4000,2800,3000,4000,4000,3500,1.8499401,1.494,1550,1000,4166.053,2304,0,0,1.5,1,0,20,30,1.07,100,0,0,0,0,0,0,0.016,0.06,0.15,1.3,3000,1000,300,0,50,1,3000,200,160,50,0,0,1,1,11,1,1,0,0,0,0,0,0,0,0,12,0,0
1595,4,cn-server-capture,1.1,2000,1.42,500,350,2,2,1,1,0,1,100,3,0.664,2304,1825,2070,1415,10,25.146,5,5,0.2,0.2,0.2,4776,0.252,0.06,0.01,1,3052,3000,4350,4000,3500,1.8569599,1.5339999,1000,1500,2304,3745.588,0.6,0,1.5,1,0,20,30,1.07,100,0,0,0,0,0,0,0.02,0.07,0.15,1.16,3000,2500,500,0,50,0,3000,200,200,50,0.7599165,1.323392,4,11,11,11,11,0.09,0.03,6,4500,350,2,0.8,0,0,0,0
1595,7,cn-server-capture,1.1,2000,1.42,500,350,2,2,1,1,0,1,100,3,0.664,2304,1825,2070,1415,10,25.146,5,5,0.2,0.2,0.2,4776,0.252,0.06,0.01,3800,3052,3000,4350,4000,3500,1.8569599,1.5339999,1000,1500,2304,3745.588,0.6,0,1.5,1,0,20,30,1.07,100,0,0,0,0,0,0,0.02,0.07,0.15,1.16,3000,2500,500,0,50,0,3000,200,200,50,0.7599165,1.323392,4,11,11,11,11,0.09,0.03,6,4500,350,2,0.8,0,0,0,0
1596,4,cn-server-capture,1.1,2000,1.42,500,350,2,2,1,1,0,1,100,3,0.664,2304,1825,2070,1415,10,25.146,5,5,0.2,0.2,0.2,4780,0.252,0.06,0.01,1,3044,3000,4350,4000,3500,1.85716,1.5339999,1000,1500,2304,3745.588,0.6,0,1.5,1,0,20,30,1.07,100,0,0,0,0,0,0,0.02,0.07,0.15,1.19,3000,2000,400,0,50,0,3000,200,200,50,0.7599165,1.323392,3,11,11,11,11,0.09,0.03,5,3750,350,2,0.8,0,0,0,0
1596,7,cn-server-capture,1.1,2000,1.42,500,350,2,2,1,1,0,1,100,3,0.664,2304,1825,2070,1415,10,25.146,5,5,0.2,0.2,0.2,4780,0.252,0.06,0.01,3800,3044,3000,4350,4000,3500,1.85716,1.5339999,1000,1500,2304,3745.588,0.6,0,1.5,1,0,20,30,1.07,100,0,0,0,0,0,0,0.02,0.07,0.15,1.19,3000,2000,400,0,50,0,3000,200,200,50,0.7599165,1.323392,3,11,11,11,11,0.09,0.03,5,3750,350,2,0.8,0,0,0,0
1597,4,cn-server-capture,1.1,2000,1.31,500,350,2,3,2,1,0,1,100,3,0.667,2304,1825,2070,1415,10,25.086,5,5,0.2,0.2,0.2,4419,0.252,0.06,0.01,1,2800,3000,4000,4000,3500,1.8499401,1.494,1550,1000,4166.053,2304,0,0,1.5,1,0,20,30,1.07,100,0,0,0,0,0,0,0.016,0.06,0.15,1.3,3000,1000,300,0,50,1,3000,200,160,50,0,0,1,1,11,1,1,0,0,0,0,0,0,0,0,8,0,0
1597,7,cn-server-capture,1.1,2000,1.31,500,350,2,3,2,1,0,1,100,3,0.667,2304,1825,2070,1415,10,25.086,5,5,0.2,0.2,0.2,4419,0.252,0.06,0.01,4000,2800,3000,4000,4000,3500,1.8499401,1.494,1550,1000,4166.053,2304,0,0,1.5,1,0,20,30,1.07,100,0,0,0,0,0,0,0.016,0.06,0.15,1.3,3000,1000,300,0,50,1,3000,200,160,50,0,0,1,1,11,1,1,0,0,0,0,0,0,0,0,113,0,0
1598,4,cn-server-capture,1.1,2000,1.42,500,350,2,2,1,1,0,1,100,3,0.664,2304,1825,2070,1415,10,25.166,5,5,0.2,0.2,0.2,4772,0.252,0.06,0.01,1,3048,3000,4360,4000,3500,1.85716,1.5339999,1000,1500,2304,3745.588,0.6,0,1.5,1,0,20,30,1.07,100,0,0,0,0,0,0,0.02,0.07,0.15,1.16,3000,2500,500,0,50,0,3000,200,200,50,0.8005,0.8335,4,11,11,11,11,0.09,0.03,6,4500,350,2,0.8,0,0,0,0
1598,7,cn-server-capture,1.1,2000,1.42,500,350,2,2,1,1,0,1,100,3,0.664,2304,1825,2070,1415,10,25.166,5,5,0.2,0.2,0.2,4772,0.252,0.06,0.01,3780,3048,3000,4360,4000,3500,1.85716,1.5339999,1000,1500,2304,3745.588,0.6,0,1.5,1,0,20,30,1.07,100,0,0,0,0,0,0,0.02,0.07,0.15,1.16,3000,2500,500,0,50,0,3000,200,200,50,0.8005,0.8335,4,11,11,11,11,0.09,0.03,6,4500,350,2,0.8,0,0,0,0
1599,4,cn-server-capture,1.1,2000,1.42,500,350,2,2,1,1,0,1,100,3,0.663,2304,1825,2070,1415,10,25.458,5,5,0.2,0.2,0.2,4918,0.25300002,0.06,0.01,1,3107,3000,4360,4000,3500,1.85958,1.5339999,1000,1400,2304,3955.556,0.7,0,1.5,1,0,20,30,1.07,100,0,0,0,0,0,0,0.02,0.07,0.15,1.32,3000,1040,260,0,50,0,3000,200,200,50,0,0,8,21,21,21,21,0.09,0.03,4,2700,350,2,0.8,0,0,0,0
1599,7,cn-server-capture,1.1,2000,1.42,500,350,2,2,1,1,0,1,100,3,0.663,2304,1825,2070,1415,10,25.458,5,5,0.2,0.2,0.2,4918,0.25300002,0.06,0.01,3810,3107,3000,4360,4000,3500,1.85958,1.5339999,1000,1400,2304,3955.556,0.7,0,1.5,1,0,20,30,1.07,100,0,0,0,0,0,0,0.02,0.07,0.15,1.32,3000,1040,260,0,50,0,3000,200,200,50,0,0,8,21,21,21,21,0.09,0.03,4,2700,350,2,0.8,0,0,0,0
1600,4,cn-server-capture,1.1,2000,1.31,500,350,2,3,2,1,0,1,100,3,0.667,2304,1825,2070,1415,10,25.178001,5,5,0.2,0.2,0.2,4465,0.252,0.06,0.01,1,2823,3000,4000,4000,3500,1.85086,1.494,1550,1000,4166.053,2304,0,0,1.5,1,0,20,30,1.07,100,0,0,0,0,0,0,0.016,0.06,0.15,1.3,3000,1000,300,0,50,1,3000,200,160,50,0,0,1,11,21,11,11,0,0,0,0,0,0,0,0,8,0,0
1600,7,cn-server-capture,1.1,2000,1.31,500,350,2,3,2,1,0,1,100,3,0.667,2304,1825,2070,1415,10,25.178001,5,5,0.2,0.2,0.2,4465,0.252,0.06,0.01,4000,2823,3000,4000,4000,3500,1.85086,1.494,1550,1000,4166.053,2304,0,0,1.5,1,0,20,30,1.07,100,0,0,0,0,0,0,0.016,0.06,0.15,1.3,3000,1000,300,0,50,1,3000,200,160,50,0,0,1,11,21,11,11,0,0,0,0,0,0,0,0,114,0,0
1601,4,cn-server-capture,1.1,2000,1.31,500,350,2,3,2,1,0,1,100,3,0.667,2304,1825,2070,1415,10,25.086,5,5,0.2,0.2,0.2,4419,0.252,0.06,0.01,1,2800,3000,4000,4000,3500,1.8499401,1.494,1550,1000,4166.053,2304,0,0,1.5,1,0,20,30,1.07,100,0,0,0,0,0,0,0.016,0.06,0.15,1.3,3000,1000,300,0,50,1,3000,200,160,50,0,0,1,1,11,1,1,0,0,0,0,0,0,0,0,113,0,0
1601,7,cn-server-capture,1.1,2000,1.31,500,350,2,3,2,1,0,1,100,3,0.667,2304,1825,2070,1415,10,25.086,5,5,0.2,0.2,0.2,4419,0.252,0.06,0.01,4000,2800,3000,4000,4000,3500,1.8499401,1.494,1550,1000,4166.053,2304,0,0,1.5,1,0,20,30,1.07,100,0,0,0,0,0,0,0.016,0.06,0.15,1.3,3000,1000,300,0,50,1,3000,200,160,50,0,0,1,1,11,1,1,0,0,0,0,0,0,0,0,12,0,0
1602,4,cn-server-capture,1.1,2000,1.42,500,350,2,2,1,1,0,1,100,3,0.664,2304,1825,2070,1415,10,25.146,5,5,0.2,0.2,0.2,4762,0.252,0.06,0.01,1,3034,3000,4360,4000,3500,1.85726,1.5339999,1000,1500,2304,3745.588,0.6,0,1.5,1,0,20,30,1.07,100,0,0,0,0,0,0,0.02,0.07,0.15,1.29,3000,1040,208,0,50,0,3000,200,200,50,0,0,2,11,11,11,11,0.09,0.03,4,3000,350,2,0.8,0,0,0,0
1602,7,cn-server-capture,1.1,2000,1.42,500,350,2,2,1,1,0,1,100,3,0.664,2304,1825,2070,1415,10,25.146,5,5,0.2,0.2,0.2,4762,0.252,0.06,0.01,3780,3034,3000,4360,4000,3500,1.85726,1.5339999,1000,1500,2304,3745.588,0.6,0,1.5,1,0,20,30,1.07,100,0,0,0,0,0,0,0.02,0.07,0.15,1.29,3000,1040,208,0,50,0,3000,200,200,50,0,0,2,11,11,11,11,0.09,0.03,4,3000,350,2,0.8,0,0,0,0
1603,4,cn-server-capture,1.1,2000,1.42,500,350,2,2,1,1,0,1,100,3,0.664,2304,1825,2070,1415,10,25.156,5,5,0.2,0.2,0.2,4766,0.252,0.06,0.01,1,3044,3000,4350,4000,3500,1.85706,1.5339999,1000,1500,2304,3745.588,0.6,0,1.5,1,0,20,30,1.07,100,0,0,0,0,0,0,0.02,0.07,0.15,1.16,3000,2500,500,0,50,0,3000,200,200,50,0,0,4,11,11,11,11,0.09,0.03,6,4500,350,2,0.8,0,0,0,0
1603,7,cn-server-capture,1.1,2000,1.42,500,350,2,2,1,1,0,1,100,3,0.664,2304,1825,2070,1415,10,25.156,5,5,0.2,0.2,0.2,4766,0.252,0.06,0.01,3710,3044,3000,4350,4000,3500,1.85706,1.5339999,1000,1500,2304,3745.588,0.6,0,1.5,1,0,20,30,1.07,100,0,0,0,0,0,0,0.02,0.07,0.15,1.16,3000,2500,500,0,50,0,3000,200,200,50,0,0,4,11,11,11,11,0.09,0.03,6,4500,350,2,0.8,0,0,0,0
1605,4,cn-server-capture,1.1,2000,1.31,500,350,2,3,2,1,0,1,100,3,0.664,2304,1825,2070,1415,10,24.974,5,5,0.2,0.2,0.2,4732,0.254,0.06,0.01,1,3036,3000,4300,4000,3500,1.85004,1.5339999,1550,1500,4166.053,3745.588,0.6,0,1.5,1,0,20,30,1.07,100,0,0,0,0,0,1,0.02,0.07,0.15,1.16,3000,2500,500,0,50,0,3000,200,200,50,0,0,4,1,1,11,11,0.09,0.03,6,4500,350,2,0.8,0,0,0,0
1605,7,cn-server-capture,1.1,2000,1.31,500,350,2,3,2,1,0,1,100,3,0.664,2304,1825,2070,1415,10,24.974,5,5,0.2,0.2,0.2,4732,0.254,0.06,0.01,3820,3036,3000,4300,4000,3500,1.85004,1.5339999,1550,1500,4166.053,3745.588,0.6,0,1.5,1,0,20,30,1.07,100,0,0,0,0,0,1,0.02,0.07,0.15,1.16,3000,2500,500,0,50,0,3000,200,200,50,0,0,4,1,1,11,11,0.09,0.03,6,4500,350,2,0.8,0,0,0,0
1606,4,cn-server-capture,1.1,2000,1.42,500,350,2,2,1,1,0,1,100,3,0.664,2304,1825,2070,1415,10,25.176,5,5,0.2,0.2,0.2,4756,0.252,0.06,0.01,1,3040,3000,4350,4000,3500,1.857,1.5339999,1000,1500,2304,3745.588,0.6,0,1.5,0.9,0,20,30,1.07,100,0,0,0,0,0,1,0.02,0.07,0.15,1.16,3000,2500,500,0,50,0,3000,200,200,50,0,0,4,11,11,11,11,0.09,0.03,6,4500,350,2,0.8,0,0,0,0
1606,7,cn-server-capture,1.1,2000,1.42,500,350,2,2,1,1,0,1,100,3,0.664,2304,1825,2070,1415,10,25.176,5,5,0.2,0.2,0.2,4756,0.252,0.06,0.01,3740,3040,3000,4350,4000,3500,1.857,1.5339999,1000,1500,2304,3745.588,0.6,0,1.5,0.9,0,20,30,1.07,100,0,0,0,0,0,1,0.02,0.07,0.15,1.16,3000,2500,500,0,50,0,3000,200,200,50,0,0,4,11,11,11,11,0.09,0.03,6,4500,350,2,0.8,0,0,0,0
1607,4,cn-server-capture,1.1,2000,1.31,500,350,2,3,2,1,0,1,100,3,0.667,2304,1825,2070,1415,10,25.086,5,5,0.2,0.2,0.2,4419,0.252,0.06,0.01,1,2800,3000,4000,4000,3500,1.8499401,1.494,1550,1000,4166.053,2304,0,0,1.5,1,0,20,30,1.07,100,0,0,0,0,0,1,0.016,0.06,0.15,1.3,3000,1000,300,0,50,1,3000,200,160,50,0,0,1,1,11,1,1,0,0,0,0,0,0,0,0,2,0,0
1607,7,cn-server-capture,1.1,2000,1.31,500,350,2,3,2,1,0,1,100,3,0.667,2304,1825,2070,1415,10,25.086,5,5,0.2,0.2,0.2,4419,0.252,0.06,0.01,4000,2800,3000,4000,4000,3500,1.8499401,1.494,1550,1000,4166.053,2304,0,0,1.5,1,0,20,30,1.07,100,0,0,0,0,0,1,0.016,0.06,0.15,1.3,3000,1000,300,0,50,1,3000,200,160,50,0,0,1,1,11,1,1,0,0,0,0,0,0,0,0,111,0,0
1608,4,cn-server-capture,1.1,2000,1.42,500,350,2,2,1,1,0,1,100,3,0.664,2304,1825,2070,1415,10,25.176,5,5,0.2,0.2,0.2,4768,0.252,0.06,0.01,1,3042,3000,4350,4000,3500,1.85716,1.5339999,1000,1500,2304,3745.588,0.6,0,1.5,1,0,20,30,1.07,100,0,0,0,0,0,0,0.02,0.07,0.15,1.29,3000,1040,208,0,50,0,3000,200,200,50,0,0,2,11,11,11,11,0.09,0.03,4,3000,350,2,0.8,0,0,0,0
1608,7,cn-server-capture,1.1,2000,1.42,500,350,2,2,1,1,0,1,100,3,0.664,2304,1825,2070,1415,10,25.176,5,5,0.2,0.2,0.2,4768,0.252,0.06,0.01,3760,3042,3000,4350,4000,3500,1.85716,1.5339999,1000,1500,2304,3745.588,0.6,0,1.5,1,0,20,30,1.07,100,0,0,0,0,0,0,0.02,0.07,0.15,1.29,3000,1040,208,0,50,0,3000,200,200,50,0,0,2,11,11,11,11,0.09,0.03,4,3000,350,2,0.8,0,0,0,0
1609,4,cn-server-capture,1.1,2000,1.42,500,350,2,2,1,1,0,1,100,3,0.664,2304,1825,2070,1415,10,25.206,5,5,0.2,0.2,0.2,4762,0.252,0.06,0.01,1,3046,3000,4350,4000,3500,1.8569599,1.5339999,1000,1500,2304,3745.588,0.6,0,1.5,1,0,20,30,1.07,100,0,0,0,0,0,0,0.02,0.07,0.15,1.16,3000,2500,500,0,50,0,3000,200,200,50,0,0,4,11,11,11,11,0.09,0.03,6,4500,350,2,0.8,0,0,0,0
1609,7,cn-server-capture,1.1,2000,1.42,500,350,2,2,1,1,0,1,100,3,0.664,2304,1825,2070,1415,10,25.206,5,5,0.2,0.2,0.2,4762,0.252,0.06,0.01,3760,3046,3000,4350,4000,3500,1.8569599,1.5339999,1000,1500,2304,3745.588,0.6,0,1.5,1,0,20,30,1.07,100,0,0,0,0,0,0,0.02,0.07,0.15,1.16,3000,2500,500,0,50,0,3000,200,200,50,0,0,4,11,11,11,11,0.09,0.03,6,4500,350,2,0.8,0,0,0,0
1610,4,cn-server-capture,1.1,2000,1.31,500,350,2,3,2,1,0,1,100,3,0.667,2304,1825,2070,1415,10,25.086,5,5,0.2,0.2,0.2,4419,0.252,0.06,0.01,1,2800,3000,4000,4000,3500,1.8499401,1.494,1550,1000,4166.053,2304,0,0,1.5,1,0,20,30,1.07,100,0,0,0,0,0,0,0.016,0.06,0.15,1.3,3000,1000,300,0,50,1,3000,200,160,50,0,0,1,1,11,1,1,0,0,0,0,0,0,0,0,12,0,0
1610,7,cn-server-capture,1.1,2000,1.31,500,350,2,3,2,1,0,1,100,3,0.667,2304,1825,2070,1415,10,25.086,5,5,0.2,0.2,0.2,4419,0.252,0.06,0.01,4000,2800,3000,4000,4000,3500,1.8499401,1.494,1550,1000,4166.053,2304,0,0,1.5,1,0,20,30,1.07,100,0,0,0,0,0,0,0.016,0.06,0.15,1.3,3000,1000,300,0,50,1,3000,200,160,50,0,0,1,1,11,1,1,0,0,0,0,0,0,0,0,114,0,0
1611,4,cn-server-capture,1.1,2000,1.42,500,350,2,2,1,1,0,1,100,3,0.664,2304,1825,2070,1415,10,25.186,5,5,0.2,0.2,0.2,4778,0.25300002,0.06,0.01,1,3042,3000,4350,4000,3500,1.85706,1.5339999,1000,1500,2304,3745.588,0.6,0,1.5,1,0,20,30,1.07,100,0,0,0,0,0,0,0.02,0.07,0.15,1.19,3000,2000,400,0,50,0,3000,200,200,50,0,0,3,11,11,11,11,0.09,0.03,5,3750,350,2,0.8,0,0,0,0
1611,7,cn-server-capture,1.1,2000,1.42,500,350,2,2,1,1,0,1,100,3,0.664,2304,1825,2070,1415,10,25.186,5,5,0.2,0.2,0.2,4778,0.25300002,0.06,0.01,3800,3042,3000,4350,4000,3500,1.85706,1.5339999,1000,1500,2304,3745.588,0.6,0,1.5,1,0,20,30,1.07,100,0,0,0,0,0,0,0.02,0.07,0.15,1.19,3000,2000,400,0,50,0,3000,200,200,50,0,0,3,11,11,11,11,0.09,0.03,5,3750,350,2,0.8,0,0,0,0
1612,4,cn-server-capture,1.1,2000,1.31,500,350,2,3,2,1,0,1,100,3,0.667,2304,1825,2070,1415,10,25.056,5,5,0.2,0.2,0.2,4419,0.252,0.06,0.01,1,2800,3000,4000,4000,3500,1.8499401,1.494,1550,1000,4166.053,2304,0,0,1.5,1,0,20,30,1.07,100,0,0,0,0,0,1,0.016,0.06,0.15,1.3,3000,1000,300,0,50,1,3000,200,160,50,0,0,1,1,11,1,1,0,0,0,0,0,0,0,0,12,0,0
1612,7,cn-server-capture,1.1,2000,1.31,500,350,2,3,2,1,0,1,100,3,0.667,2304,1825,2070,1415,10,25.056,5,5,0.2,0.2,0.2,4419,0.252,0.06,0.01,4000,2800,3000,4000,4000,3500,1.8499401,1.494,1550,1000,4166.053,2304,0,0,1.5,1,0,20,30,1.07,100,0,0,0,0,0,1,0.016,0.06,0.15,1.3,3000,1000,300,0,50,1,3000,200,160,50,0,0,1,1,11,1,1,0,0,0,0,0,0,0,0,111,0,0
1613,4,cn-server-capture,1.1,2000,1.31,500,350,2,3,2,1,0,1,100,3,0.667,2304,1825,2070,1415,10,25.086,5,5,0.2,0.2,0.2,4419,0.252,0.06,0.01,1,2800,3000,4000,4000,3500,1.8499401,1.494,1550,1000,4166.053,2304,0,0,1.5,1,0,20,30,1.07,100,0,0,0,0,0,0,0.016,0.06,0.15,1.3,3000,1000,300,0,50,1,3000,200,160,50,0,0,1,1,11,1,1,0,0,0,0,0,0,0,0,10,0,0
1613,7,cn-server-capture,1.1,2000,1.31,500,350,2,3,2,1,0,1,100,3,0.667,2304,1825,2070,1415,10,25.086,5,5,0.2,0.2,0.2,4419,0.252,0.06,0.01,4000,2800,3000,4000,4000,3500,1.8499401,1.494,1550,1000,4166.053,2304,0,0,1.5,1,0,20,30,1.07,100,0,0,0,0,0,0,0.016,0.06,0.15,1.3,3000,1000,300,0,50,1,3000,200,160,50,0,0,1,1,11,1,1,0,0,0,0,0,0,0,0,2,0,0
1614,4,cn-server-capture,1.1,2000,1.42,500,350,2,2,1,1,0,1,100,3,0.663,2304,1825,2070,1415,10,25.468,5,5,0.2,0.2,0.2,4924,0.25300002,0.06,0.01,1,3110,3000,4350,4000,3500,1.85972,1.5339999,1000,1400,2304,3955.556,0.7,0,1.5,1,0,20,30,1.07,100,0,0,0,0,0,0,0.02,0.07,0.15,1.19,3000,2000,400,0,50,0,3000,200,200,50,0.744088,1.150446,3,21,21,21,21,0.09,0.03,5,3750,350,2,0.8,0,0,0,0
1614,7,cn-server-capture,1.1,2000,1.42,500,350,2,2,1,1,0,1,100,3,0.663,2304,1825,2070,1415,10,25.468,5,5,0.2,0.2,0.2,4924,0.25300002,0.06,0.01,3810,3110,3000,4350,4000,3500,1.85972,1.5339999,1000,1400,2304,3955.556,0.7,0,1.5,1,0,20,30,1.07,100,0,0,0,0,0,0,0.02,0.07,0.15,1.19,3000,2000,400,0,50,0,3000,200,200,50,0.744088,1.150446,3,21,21,21,21,0.09,0.03,5,3750,350,2,0.8,0,0,0,0
1615,4,cn-server-capture,1.1,2000,1.31,500,350,2,3,2,1,0,1,100,3,0.667,2304,1825,2070,1415,10,25.158,5,5,0.2,0.2,0.2,4465,0.252,0.06,0.01,1,2823,3000,4000,4000,3500,1.85086,1.494,1550,1000,4166.053,2304,0,0,1.5,1,0,20,30,1.07,100,0,0,0,0,0,0,0.016,0.06,0.15,1.3,3000,1000,300,0,50,1,3000,200,160,50,0,0,1,11,21,11,11,0,0,0,0,0,0,0,0,33,0,0
1615,7,cn-server-capture,1.1,2000,1.31,500,350,2,3,2,1,0,1,100,3,0.667,2304,1825,2070,1415,10,25.158,5,5,0.2,0.2,0.2,4465,0.252,0.06,0.01,4000,2823,3000,4000,4000,3500,1.85086,1.494,1550,1000,4166.053,2304,0,0,1.5,1,0,20,30,1.07,100,0,0,0,0,0,0,0.016,0.06,0.15,1.3,3000,1000,300,0,50,1,3000,200,160,50,0,0,1,11,21,11,11,0,0,0,0,0,0,0,0,33,0,0
1616,4,cn-server-capture,1.1,2000,1.42,500,350,2,2,1,1,0,1,100,3,0.665,2304,1825,2070,1415,10,24.974,5,5,0.2,0.2,0.2,4672,0.252,0.06,0.01,1,2920,3000,4320,4000,3500,1.85524,1.5339999,1000,1500,2304,3745.588,0.6,0,1.5,1,0,20,30,1.07,100,0,0,0,1,0,0,0.03,0.07,0.15,1.1425,3000,2000,400,0,50,0,3000,200,200,50,0.780103,1.139165,10,1,1,1,1,0.09,0.03,5,3750,350,2,0.8,0,0,0,0
1616,7,cn-server-capture,1.1,2000,1.42,500,350,2,2,1,1,0,1,100,3,0.665,2304,1825,2070,1415,10,24.974,5,5,0.2,0.2,0.2,4672,0.252,0.06,0.01,3500,2920,3000,4320,4000,3500,1.85524,1.5339999,1000,1500,2304,3745.588,0.6,0,1.5,1,0,20,30,1.07,100,0,0,0,1,0,0,0.03,0.07,0.15,1.1425,3000,2000,400,0,50,0,3000,200,200,50,0.780103,1.139165,10,1,1,1,1,0.09,0.03,5,3750,350,2,0.8,0,0,0,0
1617,4,cn-server-capture,1.1,2000,1.42,500,350,2,2,1,1,0,1,100,3,0.664,2304,1825,2070,1415,10,25.162,5,5,0.2,0.2,0.2,4758,0.252,0.06,0.01,1,2940,3000,4320,4000,3500,1.8569599,1.5339999,1000,1500,2304,3745.588,0.6,0,1.5,1,0,20,30,1.07,100,0,0,0,1,0,0,0.03,0.07,0.15,1.1425,3000,2000,400,0,50,0,3000,200,200,50,0.780103,1.139165,10,11,11,11,1,0.09,0.03,5,3750,350,2,0.8,0,0,0,0
1617,7,cn-server-capture,1.1,2000,1.42,500,350,2,2,1,1,0,1,100,3,0.664,2304,1825,2070,1415,10,25.162,5,5,0.2,0.2,0.2,4758,0.252,0.06,0.01,3500,2940,3000,4320,4000,3500,1.8569599,1.5339999,1000,1500,2304,3745.588,0.6,0,1.5,1,0,20,30,1.07,100,0,0,0,1,0,0,0.03,0.07,0.15,1.1425,3000,2000,400,0,50,0,3000,200,200,50,0.780103,1.139165,10,11,11,11,1,0.09,0.03,5,3750,350,2,0.8,0,0,0,0
1618,4,cn-server-capture,1.1,2000,1.42,500,350,2,2,1,1,0,1,100,3,0.664,2304,1825,2070,1415,10,25.218,5,5,0.2,0.2,0.2,4786,0.252,0.06,0.01,1,2952,3000,4320,4000,3500,1.8575599,1.5339999,1000,1500,2304,3745.588,0.7,0,1.5,1,0,20,30,1.07,100,0,0,0,1,0,0,0.03,0.07,0.15,1.1425,3000,2000,400,0,50,0,3000,200,200,50,0.773011,1.128809,10,14,15,13,1,0.09,0.03,5,3750,350,2,0.8,0,0,0,0
1618,7,cn-server-capture,1.1,2000,1.42,500,350,2,2,1,1,0,1,100,3,0.664,2304,1825,2070,1415,10,25.218,5,5,0.2,0.2,0.2,4786,0.252,0.06,0.01,3500,2952,3000,4320,4000,3500,1.8575599,1.5339999,1000,1500,2304,3745.588,0.7,0,1.5,1,0,20,30,1.07,100,0,0,0,1,0,0,0.03,0.07,0.15,1.1425,3000,2000,400,0,50,0,3000,200,200,50,0.773011,1.128809,10,14,15,13,1,0.09,0.03,5,3750,350,2,0.8,0,0,0,0
1619,4,cn-server-capture,1.1,2000,1.42,500,350,2,2,1,1,0,1,100,3,0.664,2304,1825,2070,1415,10,25.192,5,5,0.2,0.2,0.2,4760,0.25300002,0.06,0.01,1,3036,3000,4350,4000,3500,1.8571999,1.5339999,1000,1500,2304,3745.588,0.6,0,1.5,0.88,0,20,30,1.07,100,0,0,0,0,0,0,0.02,0.07,0.15,1.16,3000,2500,500,0,50,0,3000,200,200,50,0,0,4,11,11,11,11,0.09,0.03,6,4500,350,2,0.8,0,0,0,0
1619,7,cn-server-capture,1.1,2000,1.42,500,350,2,2,1,1,0,1,100,3,0.664,2304,1825,2070,1415,10,25.192,5,5,0.2,0.2,0.2,4760,0.25300002,0.06,0.01,3700,3036,3000,4350,4000,3500,1.8571999,1.5339999,1000,1500,2304,3745.588,0.6,0,1.5,0.88,0,20,30,1.07,100,0,0,0,0,0,0,0.02,0.07,0.15,1.16,3000,2500,500,0,50,0,3000,200,200,50,0,0,4,11,11,11,11,0.09,0.03,6,4500,350,2,0.8,0,0,0,0
1620,4,cn-server-capture,1.1,2000,1.31,500,350,2,3,2,1,0,1,100,3,0.667,2304,1825,2070,1415,10,25.166,5,5,0.2,0.2,0.2,4419,0.252,0.06,0.01,1,2800,3000,4000,4000,3500,1.8499401,1.494,1550,1000,4166.053,2304,0,0,1.5,1,0,20,30,1.07,100,0,0,0,0,0,0,0.016,0.06,0.15,1.3,3000,1000,300,0,50,1,3000,200,160,50,0,0,1,1,11,1,1,0,0,0,0,0,0,0,0,9,0,0
1620,7,cn-server-capture,1.1,2000,1.31,500,350,2,3,2,1,0,1,100,3,0.667,2304,1825,2070,1415,10,25.166,5,5,0.2,0.2,0.2,4419,0.252,0.06,0.01,4000,2800,3000,4000,4000,3500,1.8499401,1.494,1550,1000,4166.053,2304,0,0,1.5,1,0,20,30,1.07,100,0,0,0,0,0,0,0.016,0.06,0.15,1.3,3000,1000,300,0,50,1,3000,200,160,50,0,0,1,1,11,1,1,0,0,0,0,0,0,0,0,2,0,0
1621,4,cn-server-capture,1.1,2000,1.42,500,350,2,2,1,1,0,1,100,3,0.663,2304,1825,2070,1415,10,25.438002,5,5,0.2,0.2,0.2,4912,0.25300002,0.06,0.01,1,3109,3000,4360,4000,3500,1.85953,1.5339999,1000,1400,2304,3955.556,0.7,0,1.5,1,0,20,30,1.07,100,0,0,0,0,0,0,0.02,0.07,0.18,1.19,2100,2000,400,0,50,0,3000,200,200,50,0.77347,0.981104,9,21,21,21,21,0.11,0.03,5,3750,350,2,0.6,0,0,0,0
1621,7,cn-server-capture,1.1,2000,1.42,500,350,2,2,1,1,0,1,100,3,0.663,2304,1825,2070,1415,10,25.438002,5,5,0.2,0.2,0.2,4912,0.25300002,0.06,0.01,3810,3109,3000,4360,4000,3500,1.85953,1.5339999,1000,1400,2304,3955.556,0.7,0,1.5,1,0,20,30,1.07,100,0,0,0,0,0,0,0.02,0.07,0.18,1.19,2100,2000,400,0,50,0,3000,200,200,50,0.77347,0.981104,9,21,21,21,21,0.11,0.03,5,3750,350,2,0.6,0,0,0,0
1622,4,cn-server-capture,1.1,2000,1.31,500,350,2,3,2,1,0,1,100,3,0.667,2304,1825,2070,1415,10,25.146,5,5,0.2,0.2,0.2,4419,0.252,0.06,0.01,1,2800,3000,4000,4000,3500,1.8499401,1.494,1550,1000,4166.053,2304,0,0,1.5,1,0,20,30,1.07,100,0,0,0,0,0,0,0.016,0.06,0.15,1.3,3000,1000,300,0,50,1,3000,200,160,50,0,0,1,1,11,1,1,0,0,0,0,0,0,0,0,8,0,0
1622,7,cn-server-capture,1.1,2000,1.31,500,350,2,3,2,1,0,1,100,3,0.667,2304,1825,2070,1415,10,25.146,5,5,0.2,0.2,0.2,4419,0.252,0.06,0.01,4000,2800,3000,4000,4000,3500,1.8499401,1.494,1550,1000,4166.053,2304,0,0,1.5,1,0,20,30,1.07,100,0,0,0,0,0,0,0.016,0.06,0.15,1.3,3000,1000,300,0,50,1,3000,200,160,50,0,0,1,1,11,1,1,0,0,0,0,0,0,0,0,8,0,0
1623,4,cn-server-capture,1.1,2000,1.42,500,350,2,2,1,1,0,1,100,3,0.664,2304,1825,2070,1415,10,25.146,5,5,0.2,0.2,0.2,4766,0.25300002,0.06,0.01,1,3050,3000,4350,4000,3500,1.85706,1.5339999,1000,1500,2304,3745.588,0.6,0,1.5,1,0,20,30,1.07,100,0,0,0,0,0,0,0.02,0.07,0.15,1.16,3000,2500,500,0,50,0,3000,200,200,50,0.744729,1.053629,4,11,11,11,11,0.09,0.03,6,4500,350,2,0.8,0,0,0,0
1623,7,cn-server-capture,1.1,2000,1.42,500,350,2,2,1,1,0,1,100,3,0.664,2304,1825,2070,1415,10,25.146,5,5,0.2,0.2,0.2,4766,0.25300002,0.06,0.01,3800,3050,3000,4350,4000,3500,1.85706,1.5339999,1000,1500,2304,3745.588,0.6,0,1.5,1,0,20,30,1.07,100,0,0,0,0,0,0,0.02,0.07,0.15,1.16,3000,2500,500,0,50,0,3000,200,200,50,0.744729,1.053629,4,11,11,11,11,0.09,0.03,6,4500,350,2,0.8,0,0,0,0
1624,4,cn-server-capture,1.1,2000,1.42,500,350,2,2,1,1,0,1,100,3,0.664,2304,1825,2070,1415,10,25.126,5,5,0.2,0.2,0.2,4762,0.252,0.06,0.01,1,3042,3000,4350,4000,3500,1.85716,1.5339999,1000,1500,2304,3745.588,0.6,0,1.5,0.92,0,20,30,1.07,100,0,0,0,0,0,0,0.02,0.07,0.15,1.19,3000,2000,400,0,50,0,3000,200,200,50,0,0,3,11,11,11,11,0.09,0.03,5,3750,350,2,0.8,0,0,0,0
1624,7,cn-server-capture,1.1,2000,1.42,500,350,2,2,1,1,0,1,100,3,0.664,2304,1825,2070,1415,10,25.126,5,5,0.2,0.2,0.2,4762,0.252,0.06,0.01,3800,3042,3000,4350,4000,3500,1.85716,1.5339999,1000,1500,2304,3745.588,0.6,0,1.5,0.92,0,20,30,1.07,100,0,0,0,0,0,0,0.02,0.07,0.15,1.19,3000,2000,400,0,50,0,3000,200,200,50,0,0,3,11,11,11,11,0.09,0.03,5,3750,350,2,0.8,0,0,0,0
1625,4,cn-server-capture,1.1,2000,1.31,500,350,2,3,2,1,0,1,100,3,0.667,2304,1825,2070,1415,10,25.166,5,5,0.2,0.2,0.2,4419,0.252,0.06,0.01,1,2800,3000,4000,4000,3500,1.8499401,1.494,1550,1000,4166.053,2304,0,0,1.5,1,0,20,30,1.07,100,0,0,0,0,0,0,0.016,0.06,0.15,1.3,3000,1000,300,0,50,1,3000,200,160,50,0,0,1,1,11,1,1,0,0,0,0,0,0,0,0,113,0,0
1625,7,cn-server-capture,1.1,2000,1.31,500,350,2,3,2,1,0,1,100,3,0.667,2304,1825,2070,1415,10,25.166,5,5,0.2,0.2,0.2,4419,0.252,0.06,0.01,4000,2800,3000,4000,4000,3500,1.8499401,1.494,1550,1000,4166.053,2304,0,0,1.5,1,0,20,30,1.07,100,0,0,0,0,0,0,0.016,0.06,0.15,1.3,3000,1000,300,0,50,1,3000,200,160,50,0,0,1,1,11,1,1,0,0,0,0,0,0,0,0,8,0,0
1626,4,cn-server-capture,1.1,2000,1.42,500,350,2,2,1,1,0,1,100,3,0.663,2304,1825,2070,1415,10,25.458,5,5,0.2,0.2,0.2,4926,0.25300002,0.06,0.01,1,3113,3000,4360,4000,3500,1.85974,1.5339999,1000,1400,2304,3955.556,0.7,0,1.5,1,0,20,30,1.07,100,0,0,0,0,0,0,0.02,0.07,0.15,1.16,3000,2500,500,0,50,0,3000,200,200,50,0.75159,1.03934,4,21,21,21,21,0.09,0.03,6,4500,350,2,0.8,0,0,0,0
1626,7,cn-server-capture,1.1,2000,1.42,500,350,2,2,1,1,0,1,100,3,0.663,2304,1825,2070,1415,10,25.458,5,5,0.2,0.2,0.2,4926,0.25300002,0.06,0.01,3790,3113,3000,4360,4000,3500,1.85974,1.5339999,1000,1400,2304,3955.556,0.7,0,1.5,1,0,20,30,1.07,100,0,0,0,0,0,0,0.02,0.07,0.15,1.16,3000,2500,500,0,50,0,3000,200,200,50,0.75159,1.03934,4,21,21,21,21,0.09,0.03,6,4500,350,2,0.8,0,0,0,0
1627,4,cn-server-capture,1.1,2000,1.31,500,350,2,3,2,1,0,1,100,3,0.667,2304,1825,2070,1415,10,25.148,5,5,0.2,0.2,0.2,4465,0.252,0.06,0.01,1,2823,3000,4000,4000,3500,1.85086,1.494,1550,1000,4166.053,2304,0,0,1.5,1,0,20,30,1.07,100,0,0,0,0,0,1,0.016,0.06,0.15,1.3,3000,1000,300,0,50,1,3000,200,160,50,0,0,1,11,21,11,11,0,0,0,0,0,0,0,0,4,0,0
1627,7,cn-server-capture,1.1,2000,1.31,500,350,2,3,2,1,0,1,100,3,0.667,2304,1825,2070,1415,10,25.148,5,5,0.2,0.2,0.2,4465,0.252,0.06,0.01,4000,2823,3000,4000,4000,3500,1.85086,1.494,1550,1000,4166.053,2304,0,0,1.5,1,0,20,30,1.07,100,0,0,0,0,0,1,0.016,0.06,0.15,1.3,3000,1000,300,0,50,1,3000,200,160,50,0,0,1,11,21,11,11,0,0,0,0,0,0,0,0,12,0,0
1628,4,cn-server-capture,1.1,2000,1.42,500,350,2,2,1,1,0,1,100,3,0.664,2304,1825,2070,1415,10,25.166,5,5,0.2,0.2,0.2,4782,0.25300002,0.06,0.01,1,3044,3000,4350,4000,3500,1.85706,1.5339999,1000,1500,2304,3745.588,0.6,0,1.5,1,0,20,30,1.07,100,0,0,0,0,0,0,0.02,0.07,0.15,1.29,3000,1040,208,0,50,0,3000,200,200,50,0.7719,1.1538696,2,11,11,11,11,0.09,0.03,4,3000,350,2,0.8,0,0,0,0
1628,7,cn-server-capture,1.1,2000,1.42,500,350,2,2,1,1,0,1,100,3,0.664,2304,1825,2070,1415,10,25.166,5,5,0.2,0.2,0.2,4782,0.25300002,0.06,0.01,3780,3044,3000,4350,4000,3500,1.85706,1.5339999,1000,1500,2304,3745.588,0.6,0,1.5,1,0,20,30,1.07,100,0,0,0,0,0,0,0.02,0.07,0.15,1.29,3000,1040,208,0,50,0,3000,200,200,50,0.7719,1.1538696,2,11,11,11,11,0.09,0.03,4,3000,350,2,0.8,0,0,0,0
1629,4,cn-server-capture,1.1,2000,1.42,500,350,2,2,1,1,0,1,100,3,0.664,2304,1825,2070,1415,10,25.216,5,5,0.2,0.2,0.2,4772,0.252,0.06,0.01,1,3046,3000,4350,4000,3500,1.8569599,1.5339999,1000,1500,2304,3745.588,0.6,0,1.5,0.94,0,20,30,1.07,100,0,0,0,0,0,0,0.02,0.07,0.15,1.29,3000,1040,208,0,50,0,3000,200,200,50,0.720975,1.124307,2,11,11,11,11,0.09,0.03,4,3000,350,2,0.8,0,0,0,0
1629,7,cn-server-capture,1.1,2000,1.42,500,350,2,2,1,1,0,1,100,3,0.664,2304,1825,2070,1415,10,25.216,5,5,0.2,0.2,0.2,4772,0.252,0.06,0.01,3810,3046,3000,4350,4000,3500,1.8569599,1.5339999,1000,1500,2304,3745.588,0.6,0,1.5,0.94,0,20,30,1.07,100,0,0,0,0,0,0,0.02,0.07,0.15,1.29,3000,1040,208,0,50,0,3000,200,200,50,0.720975,1.124307,2,11,11,11,11,0.09,0.03,4,3000,350,2,0.8,0,0,0,0
1630,4,cn-server-capture,1.1,2000,1.31,500,350,2,3,2,1,0,1,100,3,0.667,2304,1825,2070,1415,10,25.186,5,5,0.2,0.2,0.2,4419,0.252,0.06,0.01,1,2800,3000,4000,4000,3500,1.8499401,1.494,1550,1000,4166.053,2304,0,0,1.5,1,0,20,30,1.07,100,0,0,0,0,0,0,0.016,0.06,0.15,1.3,3000,1000,300,0,50,1,3000,200,160,50,0,0,1,1,11,1,1,0,0,0,0,0,0,0,0,4,0,0
1630,7,cn-server-capture,1.1,2000,1.31,500,350,2,3,2,1,0,1,100,3,0.667,2304,1825,2070,1415,10,25.186,5,5,0.2,0.2,0.2,4419,0.252,0.06,0.01,4000,2800,3000,4000,4000,3500,1.8499401,1.494,1550,1000,4166.053,2304,0,0,1.5,1,0,20,30,1.07,100,0,0,0,0,0,0,0.016,0.06,0.15,1.3,3000,1000,300,0,50,1,3000,200,160,50,0,0,1,1,11,1,1,0,0,0,0,0,0,0,0,8,0,0
1631,4,cn-server-capture,1.1,2000,1.31,500,350,2,3,2,1,0,1,100,3,0.667,2304,1825,2070,1415,10,25.146,5,5,0.2,0.2,0.2,4419,0.252,0.06,0.01,1,2800,3000,4000,4000,3500,1.8499401,1.494,1550,1000,4166.053,2304,0,0,1.5,1,0,20,30,1.07,100,0,0,0,0,0,0,0.016,0.06,0.15,1.3,3000,1000,300,0,50,1,3000,200,160,50,0,0,1,1,11,1,1,0,0,0,0,0,0,0,0,111,0,0
1631,7,cn-server-capture,1.1,2000,1.31,500,350,2,3,2,1,0,1,100,3,0.667,2304,1825,2070,1415,10,25.146,5,5,0.2,0.2,0.2,4419,0.252,0.06,0.01,4000,2800,3000,4000,4000,3500,1.8499401,1.494,1550,1000,4166.053,2304,0,0,1.5,1,0,20,30,1.07,100,0,0,0,0,0,0,0.016,0.06,0.15,1.3,3000,1000,300,0,50,1,3000,200,160,50,0,0,1,1,11,1,1,0,0,0,0,0,0,0,0,6,0,0
1632,4,cn-server-capture,1.1,2000,1.42,500,350,2,2,1,1,0,1,100,3,0.664,2304,1825,2070,1415,10,25.206,5,5,0.2,0.2,0.2,4798,0.25300002,0.06,0.01,1,3062,3000,4360,4000,3500,1.85736,1.5339999,1000,1500,2304,3745.588,0.6,0,1.5,1,0,20,30,1.07,100,0,0,0,0,0,0,0.017,0.07,0.15,1.16,3000,3000,600,0,50,0,3000,200,200,50,0.80061,0.93701,6,11,11,11,11,0.09,0.02,6,4500,350,2,0.8,0,0,0,0
1632,7,cn-server-capture,1.1,2000,1.42,500,350,2,2,1,1,0,1,100,3,0.664,2304,1825,2070,1415,10,25.206,5,5,0.2,0.2,0.2,4798,0.25300002,0.06,0.01,3800,3062,3000,4360,4000,3500,1.85736,1.5339999,1000,1500,2304,3745.588,0.6,0,1.5,1,0,20,30,1.07,100,0,0,0,0,0,0,0.017,0.07,0.15,1.16,3000,3000,600,0,50,0,3000,200,200,50,0.80061,0.93701,6,11,11,11,11,0.09,0.02,6,4500,350,2,0.8,0,0,0,0
1633,4,cn-server-capture,1.1,2000,1.31,500,350,2,3,2,1,0,1,100,3,0.667,2304,1825,2070,1415,10,25.186,5,5,0.2,0.2,0.2,4419,0.252,0.06,0.01,1,2800,3000,4000,4000,3500,1.8499401,1.494,1550,1000,4166.053,2304,0,0,1.5,1,0,20,30,1.07,100,0,0,0,0,0,0,0.016,0.06,0.15,1.3,3000,1000,300,0,50,1,3000,200,160,50,0,0,1,1,11,1,1,0,0,0,0,0,0,0,0,7,0,0
1633,7,cn-server-capture,1.1,2000,1.31,500,350,2,3,2,1,0,1,100,3,0.667,2304,1825,2070,1415,10,25.186,5,5,0.2,0.2,0.2,4419,0.252,0.06,0.01,4000,2800,3000,4000,4000,3500,1.8499401,1.494,1550,1000,4166.053,2304,0,0,1.5,1,0,20,30,1.07,100,0,0,0,0,0,0,0.016,0.06,0.15,1.3,3000,1000,300,0,50,1,3000,200,160,50,0,0,1,1,11,1,1,0,0,0,0,0,0,0,0,3,0,0
1634,4,cn-server-capture,1.1,2000,1.42,500,350,2,2,1,1,0,1,100,3,0.664,2304,1825,2070,1415,10,25.196,5,5,0.2,0.2,0.2,4776,0.252,0.06,0.01,1,3044,3000,4350,4000,3500,1.8567599,1.5339999,1000,1500,2304,3745.588,0.6,0,1.5,0.92,0,20,30,1.07,100,0,0,0,0,0,0,0.02,0.07,0.15,1.19,3000,2000,400,0,50,0,3000,200,200,50,0,0,3,11,11,11,11,0.09,0.03,5,3750,350,2,0.8,0,0,0,0
1634,7,cn-server-capture,1.1,2000,1.42,500,350,2,2,1,1,0,1,100,3,0.664,2304,1825,2070,1415,10,25.196,5,5,0.2,0.2,0.2,4776,0.252,0.06,0.01,3680,3044,3000,4350,4000,3500,1.8567599,1.5339999,1000,1500,2304,3745.588,0.6,0,1.5,0.92,0,20,30,1.07,100,0,0,0,0,0,0,0.02,0.07,0.15,1.19,3000,2000,400,0,50,0,3000,200,200,50,0,0,3,11,11,11,11,0.09,0.03,5,3750,350,2,0.8,0,0,0,0
1635,4,cn-server-capture,1.1,2000,1.31,500,350,2,3,2,1,0,1,100,3,0.667,2304,1825,2070,1415,10,25.146,5,5,0.2,0.2,0.2,4419,0.252,0.06,0.01,1,2800,3000,4000,4000,3500,1.8499401,1.494,1550,1000,4166.053,2304,0,0,1.5,1,0,20,30,1.07,100,0,0,0,0,0,0,0.016,0.06,0.15,1.3,3000,1000,300,0,50,1,3000,200,160,50,0,0,1,1,11,1,1,0,0,0,0,0,0,0,0,7,0,0
1635,7,cn-server-capture,1.1,2000,1.31,500,350,2,3,2,1,0,1,100,3,0.667,2304,1825,2070,1415,10,25.146,5,5,0.2,0.2,0.2,4419,0.252,0.06,0.01,4000,2800,3000,4000,4000,3500,1.8499401,1.494,1550,1000,4166.053,2304,0,0,1.5,1,0,20,30,1.07,100,0,0,0,0,0,0,0.016,0.06,0.15,1.3,3000,1000,300,0,50,1,3000,200,160,50,0,0,1,1,11,1,1,0,0,0,0,0,0,0,0,3,0,0
