asset_path,bundle_path,object_type,object_name,path_id,png,width,height,error
image/achievement/honorcup/jb_003,ab/d0/d0e097e0c5d666a668c9d6e01a9f8504.unity3d,Texture2D,jb_003,-5856137475520489061,image/achievement/honorcup/jb_003.png,228,160,
image/achievement/honorcup/jb_006,ab/65/656d9edfe8ad78fbbf8857151d20eee9.unity3d,Texture2D,jb_006,-3954081219155923452,image/achievement/honorcup/jb_006.png,228,160,
image/achievement/honorcup/jb_009,ab/67/67e049eaf480fb14cce4c1ca5150f5f0.unity3d,Texture2D,jb_009,7691246626536939338,image/achievement/honorcup/jb_009.png,228,160,
image/achievement/honorcup/jb_011,ab/1d/1d95766421e85d832cbd1bcab20b781b.unity3d,Texture2D,jb_011,3153932383473529401,image/achievement/honorcup/jb_011.png,228,160,
image/achievement/honorcup/jb_019,ab/27/270c6ef6fd876f4ba805cb24d6e52c85.unity3d,Texture2D,jb_019,-3886300596263845010,image/achievement/honorcup/jb_019.png,228,160,
image/achievement/honorcup/jb_020,ab/49/49abaa4765f9eedbdcb1e7a60b9c6aa5.unity3d,Texture2D,jb_020,8454908278612674900,image/achievement/honorcup/jb_020.png,228,160,
image/achievement/honorcup/jb_023,ab/f3/f3bb5c080f22837e4c6d240617edeaf6.unity3d,Texture2D,jb_023,-5067625376048013813,image/achievement/honorcup/jb_023.png,228,160,
image/achievement/honorcup/jb_026,ab/67/67deef5734d4deaa21389aee68cf4242.unity3d,Texture2D,jb_026,5220248122941134820,image/achievement/honorcup/jb_026.png,228,160,
image/achievement/honorcup/jb_028,ab/e5/e55e82a54c80a1c88df282688aec2e06.unity3d,Texture2D,jb_028,-7207679678410381966,image/achievement/honorcup/jb_028.png,228,160,
image/achievement/honorcup/jb_029,ab/c6/c6cf10627081fcb3d8c43394fb553208.unity3d,Texture2D,jb_029,746960163000289112,image/achievement/honorcup/jb_029.png,228,160,
image/achievement/honorcup/jb_035,ab/49/4932f06a38bdc478ecaa2a281571fee9.unity3d,Texture2D,jb_035,-8456503882385306833,image/achievement/honorcup/jb_035.png,228,160,
image/achievement/honorlv/cj_lv2,ab/b5/b577e90ff1222862f091900950cab153.unity3d,Texture2D,CJ_lv2,-3961531291336781112,image/achievement/honorlv/cj_lv2.png,400,300,
image/achievement/honorlv/cj_lv3,ab/be/bea889e60de777da885145be16b2e6a6.unity3d,Texture2D,CJ_lv3,-4601954003577337723,image/achievement/honorlv/cj_lv3.png,400,300,
image/achievement/honorpic/30002,ab/0b/0b31ccd45637919c9254191454615d34.unity3d,Texture2D,30002,-9005817648859702389,image/achievement/honorpic/30002.png,200,200,
image/achievement/honorpic/30003,ab/3c/3c1c64d5e6045e84556ab1a1f85e158e.unity3d,Texture2D,30003,2488206983231702217,image/achievement/honorpic/30003.png,200,200,
image/achievement/honorpic/30005,ab/b8/b8d054b9bfc2dc7e1d09202d9586fbae.unity3d,Texture2D,30005,-342773728818436991,image/achievement/honorpic/30005.png,200,200,
image/achievement/honorpic/32005,ab/36/365ed42b5baa9cbd9c625ae69e51c2f4.unity3d,Texture2D,32005,1526312089487714427,image/achievement/honorpic/32005.png,200,200,
image/achievement/honorpic/32006,ab/e9/e9efec317e3985e53b3b29ea222057e3.unity3d,Texture2D,32006,-202621804864060617,image/achievement/honorpic/32006.png,200,200,
image/achievement/honorpic/32020,ab/17/1780b5e1cd66827c3da0e0254404a98b.unity3d,Texture2D,32020,3746838502818911826,image/achievement/honorpic/32020.png,200,200,
image/achievement/honorpic/32021,ab/35/35f41d851a86490a3cb93427076f31ab.unity3d,Texture2D,32021,2808077253949537200,image/achievement/honorpic/32021.png,200,200,
image/achievement/honorpic/32023,ab/d3/d3103e3061e19d56f5ecedd6116903c4.unity3d,Texture2D,32023,-1465724051192943115,image/achievement/honorpic/32023.png,200,200,
image/achievement/honorpic/32025,ab/f0/f0a9febc389a550b3f25a10864d6cd6e.unity3d,Texture2D,32025,6757495682467893459,image/achievement/honorpic/32025.png,200,200,
image/achievement/honorpic/32029,ab/d8/d847c8e5d47ce512b4404f669907beda.unity3d,Texture2D,32029,5872119935868360049,image/achievement/honorpic/32029.png,200,200,
image/achievement/honorpic/32033,ab/c8/c825bc4d26a86434c1956caf9356ab19.unity3d,Texture2D,32033,8523205846997236369,image/achievement/honorpic/32033.png,200,200,
image/achievement/honorpic/32034,ab/49/49bc6b8e946e292c97a417243e746a55.unity3d,Texture2D,32034,-2479315549407880742,image/achievement/honorpic/32034.png,200,200,
image/achievement/honorpic/32035,ab/e0/e003a58548ae1d54cc44fccaa2271992.unity3d,Texture2D,32035,451347350198931827,image/achievement/honorpic/32035.png,200,200,
image/achievement/honorpic/34002,ab/e2/e2fa41660ceb7f1cccb468592114d3b8.unity3d,Texture2D,34002,-2154071652734940884,image/achievement/honorpic/34002.png,200,200,
image/achievement/honorpic/34003,ab/49/490ebf49a5d8c2be3d282c0e58745986.unity3d,Texture2D,34003,1468455770353720336,image/achievement/honorpic/34003.png,200,200,
image/achievement/honorpic/34008,ab/b3/b3b177c6a1626ec80f2a40e15ca0930a.unity3d,Texture2D,34008,-6377344485835842364,image/achievement/honorpic/34008.png,200,200,
image/achievement/honorpic/36009,ab/c0/c09129b1412d4038ed464f498d6523a8.unity3d,Texture2D,36009,7268068024338229271,image/achievement/honorpic/36009.png,200,200,
image/achievement/honorpic/37012,ab/35/35650a62a098ad1bac7564a4b82bd992.unity3d,Texture2D,37012,-4917694035450365233,image/achievement/honorpic/37012.png,200,200,
image/achievement/honorpic/37020,ab/ee/eebef4db9b1dd619cde164731cb17f77.unity3d,Texture2D,37020,2186913101221498138,image/achievement/honorpic/37020.png,200,200,
image/achievement/honorpic/37021,ab/be/bef2c69ef105771fbcfd9522a9ce4c3c.unity3d,Texture2D,37021,-7274773400255405075,image/achievement/honorpic/37021.png,200,200,
image/achievement/honorpic/37022,ab/17/17ac125bdfd39febe3ec03538957d5e5.unity3d,Texture2D,37022,-2071573365376780971,image/achievement/honorpic/37022.png,200,200,
image/achievement/honorpic/37024,ab/50/504c8529b7e4a9fed27cf576a595cc97.unity3d,Texture2D,37024,-2546802672048111755,image/achievement/honorpic/37024.png,200,200,
image/achievement/honorpic/37030,ab/f8/f8be507e85dd775093e47554f69bb4ea.unity3d,Texture2D,37030,2279661895613398928,image/achievement/honorpic/37030.png,200,200,
image/achievement/honorpic/37032,ab/23/23f8cb42ef80133f52a7f9286e6bbc9a.unity3d,Texture2D,37032,8917704068943853442,image/achievement/honorpic/37032.png,200,200,
image/achievement/honorpic/37038,ab/b8/b8353c858ba98070e4b807cb1b3c3fd9.unity3d,Texture2D,37038,2908056819825187678,image/achievement/honorpic/37038.png,200,200,
image/achievement/honorpic/37040,ab/f8/f83e4720d253ddbec1d10ecd5920f27e.unity3d,Texture2D,37040,-6834913786873296593,image/achievement/honorpic/37040.png,200,200,
image/achievement/honorpic/37041,ab/f3/f347b6b6194b51073dea027e153a9434.unity3d,Texture2D,37041,6376887932846424148,image/achievement/honorpic/37041.png,200,200,
image/achievement/honorpic/37045,ab/ed/ed6b05b9368a460fc98acc4b055be888.unity3d,Texture2D,37045,9140424307179165824,image/achievement/honorpic/37045.png,200,200,
image/achievement/honorpic/37047,ab/41/4103598d15b23509c4e506a21dc6db7b.unity3d,Texture2D,37047,4615488774216349623,image/achievement/honorpic/37047.png,200,200,
image/achievement/honorpic/37049,ab/d0/d088f33cf8ec3b6906813e0d981b2b79.unity3d,Texture2D,37049,7443419930758941228,image/achievement/honorpic/37049.png,200,200,
image/achievement/honorpic/37050,ab/26/26df5d862a2fdada352a708f1c81b2d7.unity3d,Texture2D,37050,-5323803100915940838,image/achievement/honorpic/37050.png,200,200,
image/achievement/honorpic/37053,ab/be/be084fb62b2fb67a6e7ac11a171f3c97.unity3d,Texture2D,37053,-364409123409951096,image/achievement/honorpic/37053.png,200,200,
image/achievement/honorpic/37054,ab/0b/0b4500abe1bfbf7bbc54fbdd501a2cae.unity3d,Texture2D,37054,-1651903409209293344,image/achievement/honorpic/37054.png,200,200,
image/achievement/honorpic/37055,ab/b6/b6ff28ccdb668c1f1c6382ddf2870339.unity3d,Texture2D,37055,-5293909834055028693,image/achievement/honorpic/37055.png,200,200,
image/achievement/honorpic/37056,ab/ee/eee13f799f55fdb374a9225799f583ab.unity3d,Texture2D,37056,-1313534857252418453,image/achievement/honorpic/37056.png,200,200,
image/achievement/honorpic/37057,ab/41/41706657be4eb7f5e0b9cf00d8209a55.unity3d,Texture2D,37057,1505787497573178023,image/achievement/honorpic/37057.png,200,200,
image/achievement/honorpic/37058,ab/43/4383c5f940195b86ac22e16bccbe80d1.unity3d,Texture2D,37058,4591587935284878039,image/achievement/honorpic/37058.png,200,200,
image/achievement/honorpic/37060,ab/18/1822a1f9de1a0c13f260f0a2c0bb5a3b.unity3d,Texture2D,37060,-6238602945523217301,image/achievement/honorpic/37060.png,200,200,
image/achievement/honortitle/cj_chen_tgano1,ab/d3/d379525cfe8b53687baa75070eb1c245.unity3d,Texture2D,CJ_chen_TGAno1,7582628673978788449,image/achievement/honortitle/cj_chen_tgano1.png,228,160,
image/achievement/honortitle/cj_chenghao_2023dhxzsch,ab/0d/0dca8c1f57a63079ea310ece142f6078.unity3d,Texture2D,CJ_chenghao_2023DHXZSCH,8538690569116611311,image/achievement/honortitle/cj_chenghao_2023dhxzsch.png,228,160,
image/achievement/honortitle/cj_chenghao_bqcw,ab/29/29908227269c7d9ab4597b23445a4286.unity3d,Texture2D,CJ_chenghao_bqcw,-3125884658197666626,image/achievement/honortitle/cj_chenghao_bqcw.png,228,160,
image/achievement/honortitle/cj_chenghao_ddfyzj,ab/b8/b88b43b2a7a7f4825c767faf208db536.unity3d,Texture2D,CJ_chenghao_ddfyzj,-3350069022231654625,image/achievement/honortitle/cj_chenghao_ddfyzj.png,228,160,
image/achievement/honortitle/cj_chenghao_f3jingliren,ab/f9/f97c0ff87d28e398c5e69a0051476dd2.unity3d,Texture2D,CJ_chenghao_F3jingliren,-4979855552450201310,image/achievement/honortitle/cj_chenghao_f3jingliren.png,228,160,
image/achievement/honortitle/cj_chenghao_fbjt,ab/e3/e3072d8eb3f3061c5cb10893e27e5f25.unity3d,Texture2D,CJ_chenghao_fbjt,-3093710370051259573,image/achievement/honortitle/cj_chenghao_fbjt.png,228,160,
image/achievement/honortitle/cj_chenghao_fhcq,ab/26/262c8a17a3aa2d25d797b453f10f3799.unity3d,Texture2D,CJ_chenghao_fhcq,-555558686258703339,image/achievement/honortitle/cj_chenghao_fhcq.png,228,160,
image/achievement/honortitle/cj_chenghao_fzgjr,ab/cb/cb77291ec9f5db045f7badf002884e74.unity3d,Texture2D,CJ_chenghao_fzgjr,2409035841072000946,image/achievement/honortitle/cj_chenghao_fzgjr.png,228,160,
image/achievement/honortitle/cj_chenghao_gcs,ab/51/5152d4c39af6848e8bcd4b2733d88935.unity3d,Texture2D,CJ_chenghao_gcs,-4651486207536887342,image/achievement/honortitle/cj_chenghao_gcs.png,228,160,
image/achievement/honortitle/cj_chenghao_haiwanlingxiu,ab/e9/e9f224111cb7bb65da2b80658c9a271d.unity3d,Texture2D,CJ_chenghao_haiwanlingxiu,1607173059481075046,image/achievement/honortitle/cj_chenghao_haiwanlingxiu.png,228,160,
image/achievement/honortitle/cj_chenghao_jxxss,ab/c9/c973fec53f493a6b53fd072fa1842cd6.unity3d,Texture2D,CJ_chenghao_jxxss,8740682433756339342,image/achievement/honortitle/cj_chenghao_jxxss.png,228,160,
image/achievement/honortitle/cj_chenghao_rszw,ab/70/70ce42e058f7971e94d77ac1927ed311.unity3d,Texture2D,CJ_chenghao_rszw,-7087896038376409656,image/achievement/honortitle/cj_chenghao_rszw.png,228,160,
image/achievement/honortitle/cj_chenghao_rushpartys02,ab/c1/c1348f62fdf6b75fcba8ad92e05b13dd.unity3d,Texture2D,CJ_chenghao_RUSHPARTYS02,4083175350206121430,image/achievement/honortitle/cj_chenghao_rushpartys02.png,228,160,
image/achievement/honortitle/cj_chenghao_slxfy,ab/1d/1d059efcb773c7a69a550cc2f455a7a3.unity3d,Texture2D,CJ_chenghao_slxfy,-7956534301205643616,image/achievement/honortitle/cj_chenghao_slxfy.png,228,160,
image/achievement/honortitle/cj_chenghao_ssww,ab/c5/c5904938627d3749c96df44ebbbc5a0d.unity3d,Texture2D,CJ_chenghao_ssww,-4415891668050230910,image/achievement/honortitle/cj_chenghao_ssww.png,228,160,
image/achievement/honortitle/cj_chenghao_swjd,ab/f7/f78ea3444d958c1efc22ebe4abfad9aa.unity3d,Texture2D,CJ_chenghao_swjd,-8493340674046757739,image/achievement/honortitle/cj_chenghao_swjd.png,228,160,
image/achievement/honortitle/cj_chenghao_swwm,ab/64/64d2b6a90ecd8dba8f0e46aad71d238a.unity3d,Texture2D,CJ_chenghao_swwm,455053391507857897,image/achievement/honortitle/cj_chenghao_swwm.png,228,160,
image/achievement/honortitle/cj_chenghao_tsfynew,ab/3d/3d258fddfc751bd528eca1bdf17ec126.unity3d,Texture2D,CJ_chenghao_TSFYnew,8359187124735024471,image/achievement/honortitle/cj_chenghao_tsfynew.png,228,160,
image/achievement/honortitle/cj_chenghao_tycsr,ab/19/1943796a2cd93cf50e5fc7eab9572580.unity3d,Texture2D,CJ_chenghao_tycsr,-2402629926611699174,image/achievement/honortitle/cj_chenghao_tycsr.png,228,160,
image/achievement/honortitle/cj_chenghao_xxsyy,ab/f8/f89b73c59c7145f4a7bc97a0bdb1ff8c.unity3d,Texture2D,CJ_chenghao_xxsyy,3675175683143812919,image/achievement/honortitle/cj_chenghao_xxsyy.png,228,160,
image/achievement/honortitle/cj_chenghao_yhlq,ab/c6/c6444e96e6ccec5c4ab8d9019476df7b.unity3d,Texture2D,CJ_chenghao_yhlq,-4900459044669115127,image/achievement/honortitle/cj_chenghao_yhlq.png,228,160,
image/achievement/honortitle/cj_chenghao_ywzc,ab/f9/f9a121e9802fa4e5527acc0d23c3f48c.unity3d,Texture2D,CJ_chenghao_ywzc,-3699754650452909499,image/achievement/honortitle/cj_chenghao_ywzc.png,228,160,
image/achievement/honortitle/cj_chenghao_zzzw,ab/fd/fd7e7c5067871876070755657f22699d.unity3d,Texture2D,CJ_chenghao_zzzw,-6593855880714572926,image/achievement/honortitle/cj_chenghao_zzzw.png,228,160,
image/achievement/honortitle/cj_chenhao_2022hunian,ab/53/53fdd1895feeab96a2ca19d0f75c4d5b.unity3d,Texture2D,CJ_chenhao_2022hunian,4965932269084229068,image/achievement/honortitle/cj_chenhao_2022hunian.png,228,160,
image/achievement/honortitle/cj_chenhao_730,ab/c6/c696495b5a539db6c8d9f6a11222a941.unity3d,Texture2D,CJ_chenhao_730,-3187624363042435739,image/achievement/honortitle/cj_chenhao_730.png,228,160,
image/achievement/honortitle/cj_chenhao_bounty1,ab/49/49acab47b12b6857df0636d829d47d60.unity3d,Texture2D,CJ_chenhao_Bounty1,-5062654499386504505,image/achievement/honortitle/cj_chenhao_bounty1.png,228,160,
image/achievement/honortitle/cj_chenhao_buliuhen,ab/c3/c3ac49d6f64934a36b668e9b704425ee.unity3d,Texture2D,CJ_chenhao_buliuhen,4820564624549859225,image/achievement/honortitle/cj_chenhao_buliuhen.png,228,160,
image/achievement/honortitle/cj_chenhao_chigua,ab/0d/0d437fd2cd082396f6d2d3d67e55f62b.unity3d,Texture2D,CJ_chenhao_chigua,5587815115421995006,image/achievement/honortitle/cj_chenhao_chigua.png,228,160,
image/achievement/honortitle/cj_chenhao_cloud,ab/d3/d3101718a7fb927b434d8c82024bb9e7.unity3d,Texture2D,CJ_chenhao_cloud,9169256556988142136,image/achievement/honortitle/cj_chenhao_cloud.png,228,160,
image/achievement/honortitle/cj_chenhao_da10,ab/67/67332d394d1668a5f4b737c1943730e7.unity3d,Texture2D,CJ_chenhao_da10,6842650400961489368,image/achievement/honortitle/cj_chenhao_da10.png,228,160,
image/achievement/honortitle/cj_chenhao_jzz,ab/e4/e40a5cc47c1338edd897d064ebc9fcf3.unity3d,Texture2D,CJ_chenhao_jzz,6775113095431262847,image/achievement/honortitle/cj_chenhao_jzz.png,228,160,
image/achievement/honortitle/cj_chenhao_lv3,ab/e8/e81bbb25a89a7803bad018e2e3e37100.unity3d,Texture2D,CJ_chenhao_lv3,1679938568961117590,image/achievement/honortitle/cj_chenhao_lv3.png,228,160,
image/achievement/honortitle/cj_chenhao_lv4,ab/04/0481f3379b60d57b65c056fb12c205e1.unity3d,Texture2D,CJ_chenhao_lv4,-8344666333654354752,image/achievement/honortitle/cj_chenhao_lv4.png,228,160,
image/achievement/honortitle/cj_chenhao_niu,ab/03/03216dc723cffb4ade8b95f6975c159a.unity3d,Texture2D,CJ_chenhao_niu,-4216122747147528131,image/achievement/honortitle/cj_chenhao_niu.png,228,160,
image/achievement/honortitle/cj_chenhao_pro,ab/0c/0c0f5860dffc99d68894a5eb26a0f8a9.unity3d,Texture2D,CJ_chenhao_Pro,1756847952214680149,image/achievement/honortitle/cj_chenhao_pro.png,228,160,
image/achievement/honortitle/cj_chenhao_ranks11,ab/e8/e8ceeaa18b76e4b7022d9ae489f7ad62.unity3d,Texture2D,CJ_chenhao_rankS11,2291878267800391965,image/achievement/honortitle/cj_chenhao_ranks11.png,228,160,
image/achievement/honortitle/cj_chenhao_ranks13,ab/62/6248c862c2749be1a6613c2d2f696601.unity3d,Texture2D,CJ_chenhao_rankS13,519017052290768330,image/achievement/honortitle/cj_chenhao_ranks13.png,228,160,
image/achievement/honortitle/cj_chenhao_ranks16,ab/bd/bd27578c3c2e9bd2f554e91c48bf5557.unity3d,Texture2D,CJ_chenhao_rankS16,1132276614095065174,image/achievement/honortitle/cj_chenhao_ranks16.png,228,160,
image/achievement/honortitle/cj_chenhao_ranks21,ab/40/40a3831938ef547deb7e41f5e5183c8a.unity3d,Texture2D,CJ_chenhao_rankS21,-6958317179852027124,image/achievement/honortitle/cj_chenhao_ranks21.png,228,160,
image/achievement/honortitle/cj_chenhao_ranks22,ab/b5/b55372bd60e4444b0934e8841c50b933.unity3d,Texture2D,CJ_chenhao_rankS22,4832878514353186873,image/achievement/honortitle/cj_chenhao_ranks22.png,228,160,
image/achievement/honortitle/cj_chenhao_ranks23,ab/2f/2f709ed572bb1590bf9c96bf964f05a3.unity3d,Texture2D,CJ_chenhao_rankS23,-5381999984391581477,image/achievement/honortitle/cj_chenhao_ranks23.png,228,160,
image/achievement/honortitle/cj_chenhao_ranks25,ab/c0/c097415d8ab7e49afd62a66992b55f4d.unity3d,Texture2D,CJ_chenhao_rankS25,7182425413238941459,image/achievement/honortitle/cj_chenhao_ranks25.png,228,160,
image/achievement/honortitle/cj_chenhao_ranks26,ab/d3/d31c0d9f8d930f8baf6f52047da92e22.unity3d,Texture2D,CJ_chenhao_rankS26,3688441534034213362,image/achievement/honortitle/cj_chenhao_ranks26.png,228,160,
image/achievement/honortitle/cj_chenhao_ranks5,ab/58/585cf9756b71c1627bc7a29e680d9f94.unity3d,Texture2D,CJ_chenhao_rankS5,5377209107218461732,image/achievement/honortitle/cj_chenhao_ranks5.png,228,160,
image/achievement/honortitle/cj_chenhao_ranks6,ab/19/19ee897b6002bf688bf576e00c63b4ff.unity3d,Texture2D,CJ_chenhao_rankS6,-5467555396715795084,image/achievement/honortitle/cj_chenhao_ranks6.png,228,160,
image/achievement/honortitle/cj_chenhao_ranks7,ab/af/af9356f77fa933b9c59d1792eff27ae6.unity3d,Texture2D,CJ_chenhao_rankS7,-4560596279911844006,image/achievement/honortitle/cj_chenhao_ranks7.png,228,160,
image/achievement/honortitle/cj_chenhao_ranks8,ab/0c/0c8e58fe98e235a11ec68c9d6b8191f3.unity3d,Texture2D,CJ_chenhao_rankS8,-1704272578488434322,image/achievement/honortitle/cj_chenhao_ranks8.png,228,160,
image/achievement/honortitle/cj_chenhao_s17sonicteam,ab/62/62f6bc534d8f468dc0c6470cbba42d07.unity3d,Texture2D,CJ_chenhao_S17sonicteam,-7103872782516919999,image/achievement/honortitle/cj_chenhao_s17sonicteam.png,228,160,
image/achievement/honortitle/cj_chenhao_s17xianding,ab/22/221c70b9212a8871d51f8ccc72365285.unity3d,Texture2D,CJ_chenhao_S17xianding,-1818854995471524455,image/achievement/honortitle/cj_chenhao_s17xianding.png,228,160,
image/achievement/honortitle/cj_chenhao_s19xianding,ab/e3/e3c4c120c3281905b616359c7b48b232.unity3d,Texture2D,CJ_chenhao_S19xianding,-6088817866320455184,image/achievement/honortitle/cj_chenhao_s19xianding.png,228,160,
image/achievement/honortitle/cj_chenhao_shamojzt,ab/1d/1dbc4d3fd5a90ff6737acb2ba1d5d9f3.unity3d,Texture2D,CJ_chenhao_shamojzt,-516031659519313101,image/achievement/honortitle/cj_chenhao_shamojzt.png,228,160,
image/achievement/honortitle/cj_chenhao_shejiao,ab/02/02d57564f03274417927e3b3652f4c4f.unity3d,Texture2D,CJ_chenhao_shejiao,-8686468895165151116,image/achievement/honortitle/cj_chenhao_shejiao.png,228,160,
image/achievement/honortitle/cj_chenhao_shoucangjia,ab/03/033365ed0f298c6fa0afecf5024449e9.unity3d,Texture2D,CJ_chenhao_shoucangjia,-5135358387595785614,image/achievement/honortitle/cj_chenhao_shoucangjia.png,228,160,
image/achievement/honortitle/cj_chenhao_tjz,ab/32/32df548f1bc6a2234e186531facb951d.unity3d,Texture2D,CJ_chenhao_tjz,4108391213791838241,image/achievement/honortitle/cj_chenhao_tjz.png,228,160,
image/achievement/honortitle/cj_chenhao_tuanzhan,ab/f9/f96429dc8903ee07a49247c26430fefb.unity3d,Texture2D,CJ_chenhao_tuanzhan,5344407111580900852,image/achievement/honortitle/cj_chenhao_tuanzhan.png,228,160,
image/achievement/honortitle/cj_chenhao_tuzhuang,ab/f0/f07d2ca6de3620f785feff4cd3928de5.unity3d,Texture2D,CJ_chenhao_tuzhuang,-4124767761747568019,image/achievement/honortitle/cj_chenhao_tuzhuang.png,228,160,
image/achievement/honortitle/cj_chenhao_wabao,ab/d2/d2c68554a9b3ce41ca066a078a6b6373.unity3d,Texture2D,CJ_chenhao_wabao,200822097842301079,image/achievement/honortitle/cj_chenhao_wabao.png,228,160,
image/achievement/honortitle/cj_chenhao_wlcc,ab/64/64c940123b9bffd1c4bd8412461fe64b.unity3d,Texture2D,CJ_chenhao_wlcc,-6824253139370264927,image/achievement/honortitle/cj_chenhao_wlcc.png,228,160,
image/achievement/honortitle/cj_chenhao_xiaowu,ab/d5/d517d1e0faad44f94a6ba9ec8351ece3.unity3d,Texture2D,CJ_chenhao_xiaowu,-7921684323007731675,image/achievement/honortitle/cj_chenhao_xiaowu.png,228,160,
image/achievement/honortitle/cj_chenhao_zhinang,ab/f1/f1df241dc47f8ff919f187b69cfb9996.unity3d,Texture2D,CJ_chenhao_zhinang,-3417021145484444105,image/achievement/honortitle/cj_chenhao_zhinang.png,228,160,
image/badgeicon/cj_icon_19_gray,ab/0e/0ec11281ef042cbc8d720647f76069dd.unity3d,Texture2D,cj_icon_19_gray,-7012881967965315950,image/badgeicon/cj_icon_19_gray.png,400,300,
image/badgeicon/cj_icon_beiwang,ab/d0/d081827c39a42f1c1e40c08cdf893542.unity3d,Texture2D,cj_icon_beiwang,3458194031736124551,image/badgeicon/cj_icon_beiwang.png,400,300,
image/badgeicon/cj_icon_caihong_gray,ab/0d/0d13446d4b69debfe2a20951699a7f8a.unity3d,Texture2D,cj_icon_caihong_gray,1850974506547257793,image/badgeicon/cj_icon_caihong_gray.png,400,300,
image/badgeicon/cj_icon_chaojixinxing_gray,ab/ed/ed492efe9dca8c9dfb621fdea98a66aa.unity3d,Texture2D,cj_icon_chaojixinxing_gray,4676606591910122761,image/badgeicon/cj_icon_chaojixinxing_gray.png,400,300,
image/badgeicon/cj_icon_daka,ab/d8/d80cf480d78675c30be10be22d382da2.unity3d,Texture2D,cj_icon_daka,720854751582753827,image/badgeicon/cj_icon_daka.png,400,300,
image/badgeicon/cj_icon_daka_gray,ab/c1/c1dcab8ca8595767c48fb6628af9a55c.unity3d,Texture2D,cj_icon_daka_gray,-7019982397312182347,image/badgeicon/cj_icon_daka_gray.png,400,300,
image/badgeicon/cj_icon_daojvdaren,ab/40/40b75fb2a75a29713e67ffc904c7fffa.unity3d,Texture2D,cj_icon_daojvdaren,-1875201655533695865,image/badgeicon/cj_icon_daojvdaren.png,400,300,
image/badgeicon/cj_icon_daojvdaren_gray,ab/65/65118ac05164b565c9b455c4f5b36fa4.unity3d,Texture2D,cj_icon_daojvdaren_gray,-7175640841283258335,image/badgeicon/cj_icon_daojvdaren_gray.png,400,300,
image/badgeicon/cj_icon_f1liansai,ab/eb/eb11662a00780e2609bbba574a038e18.unity3d,Texture2D,cj_icon_F1liansai,-7273719907362194993,image/badgeicon/cj_icon_f1liansai.png,400,300,
image/badgeicon/cj_icon_gcs,ab/d2/d2dc55e2406ee7d9b20bf92bc37a9d1f.unity3d,Texture2D,cj_icon_gcs,-3935208191331899027,image/badgeicon/cj_icon_gcs.png,400,300,
image/badgeicon/cj_icon_huangdi,ab/47/47c88630fea5e182bf5b5d0fb956b322.unity3d,Texture2D,cj_icon_huangdi,699847540627739457,image/badgeicon/cj_icon_huangdi.png,400,300,
image/badgeicon/cj_icon_jingying_gray,ab/b5/b52b119ff51a4c817f6de1fdf875f97a.unity3d,Texture2D,cj_icon_jingying_gray,-5489748384446099029,image/badgeicon/cj_icon_jingying_gray.png,400,300,
image/badgeicon/cj_icon_jixianbiaoke_gray,ab/e0/e0dc491b78e51d087d367e78d155dda9.unity3d,Texture2D,cj_icon_jixianbiaoke_gray,-3349189354952065379,image/badgeicon/cj_icon_jixianbiaoke_gray.png,400,300,
image/badgeicon/cj_icon_jlz,ab/b3/b3bb62204f0e977e317eb235f09e92c6.unity3d,Texture2D,cj_icon_JLZ,4034601163383823369,image/badgeicon/cj_icon_jlz.png,400,300,
image/badgeicon/cj_icon_juedoudashi_gray,ab/19/19a444e6a78ed3c7856d304320b570f4.unity3d,Texture2D,cj_icon_juedoudashi_gray,-78040394845640580,image/badgeicon/cj_icon_juedoudashi_gray.png,400,300,
image/badgeicon/cj_icon_mingrentang_gray,ab/d2/d23cf00ef8d00bfa6e776ab232eefe61.unity3d,Texture2D,cj_icon_mingrentang_gray,292578251796678737,image/badgeicon/cj_icon_mingrentang_gray.png,400,300,
image/badgeicon/cj_icon_mingxingxuanshou,ab/65/650932c5871f09a40c3cfe3d2ab6773f.unity3d,Texture2D,cj_icon_mingxingxuanshou,5027457023672038799,image/badgeicon/cj_icon_mingxingxuanshou.png,400,300,
image/badgeicon/cj_icon_mingxingxuanshou_invisible,ab/02/0216a647a15139657136d9642726c227.unity3d,Texture2D,cj_icon_mingxingxuanshou_invisible,951449364494581939,image/badgeicon/cj_icon_mingxingxuanshou_invisible.png,400,300,
image/badgeicon/cj_icon_mrt,ab/cd/cdd1e458f53cfda400dd677f77f1abde.unity3d,Texture2D,cj_icon_mrt,7087958892003999226,image/badgeicon/cj_icon_mrt.png,400,300,
image/badgeicon/cj_icon_paopaoxianfeng,ab/22/22c7635a2c6662c9d72150db65b285e4.unity3d,Texture2D,cj_icon_paopaoxianfeng,-4017140998977797150,image/badgeicon/cj_icon_paopaoxianfeng.png,400,300,
image/badgeicon/cj_icon_paopaoxianfeng_invisible,ab/c6/c678149965b075e06d16817f6d2b3e1d.unity3d,Texture2D,cj_icon_paopaoxianfeng_invisible,1094460483762189721,image/badgeicon/cj_icon_paopaoxianfeng_invisible.png,400,300,
image/badgeicon/cj_icon_paopaoxinxing,ab/eb/eb7be85971de7f906a642329dcbae691.unity3d,Texture2D,cj_icon_paopaoxinxing,6247662691151886870,image/badgeicon/cj_icon_paopaoxinxing.png,400,300,
image/badgeicon/cj_icon_prohuizhang,ab/cb/cb1091355161f7ebf4dabb114d2b7052.unity3d,Texture2D,cj_icon_prohuizhang,-6161779325798103465,image/badgeicon/cj_icon_prohuizhang.png,400,300,
image/badgeicon/cj_icon_s10saiji_gray,ab/f5/f5987bf95b4f51d75c8508c58401874d.unity3d,Texture2D,cj_icon_S10saiji_gray,7590796570266312175,image/badgeicon/cj_icon_s10saiji_gray.png,400,300,
image/badgeicon/cj_icon_s11saiji_gray,ab/af/afb1560e4eefe782494e0be7d81ee2aa.unity3d,Texture2D,cj_icon_S11saiji_gray,-2604766871533948094,image/badgeicon/cj_icon_s11saiji_gray.png,400,300,
image/badgeicon/cj_icon_s12saiji_gray,ab/67/6761bda8f27cf42c21c31f9ff28c01cb.unity3d,Texture2D,cj_icon_S12saiji_gray,-2116965115638295499,image/badgeicon/cj_icon_s12saiji_gray.png,400,300,
image/badgeicon/cj_icon_s15saiji_gray,ab/d1/d1e7d9f0988017d39e40203527427b1b.unity3d,Texture2D,cj_icon_S15saiji_gray,1291326740022592062,image/badgeicon/cj_icon_s15saiji_gray.png,400,300,
image/badgeicon/cj_icon_s16saiji,ab/e5/e52cc3984fc7e8d99877979695e189e6.unity3d,Texture2D,cj_icon_S16saiji,-4508163256200258130,image/badgeicon/cj_icon_s16saiji.png,400,300,
image/badgeicon/cj_icon_s16saiji_gray,ab/32/327f68c4e48c575e5dfe32f47f416f62.unity3d,Texture2D,cj_icon_S16saiji_gray,-1932492445104852759,image/badgeicon/cj_icon_s16saiji_gray.png,400,300,
image/badgeicon/cj_icon_s17saiji,ab/c8/c80cbd4184917bff890ac14e994c9195.unity3d,Texture2D,cj_icon_S17saiji,1894961850550781439,image/badgeicon/cj_icon_s17saiji.png,400,300,
image/badgeicon/cj_icon_s18saiji,ab/c3/c31bc969bc14bf84c3201aa78cb56164.unity3d,Texture2D,cj_icon_S18saiji,-4198858752231286833,image/badgeicon/cj_icon_s18saiji.png,400,300,
image/badgeicon/cj_icon_s18saiji_gray,ab/04/041d08d20dce7fecdbe8b8c2874270aa.unity3d,Texture2D,cj_icon_S18saiji_gray,1752479667195894799,image/badgeicon/cj_icon_s18saiji_gray.png,400,300,
image/badgeicon/cj_icon_s20saiji_gray,ab/e5/e5ad26eea8476bd714fd0c66b39ebb8d.unity3d,Texture2D,cj_icon_S20saiji_gray,-7754075980678803045,image/badgeicon/cj_icon_s20saiji_gray.png,400,300,
image/badgeicon/cj_icon_s22saiji,ab/00/008f595cef858c55f3fa3a447b13a990.unity3d,Texture2D,cj_icon_S22saiji,-2083063274763479072,image/badgeicon/cj_icon_s22saiji.png,400,300,
image/badgeicon/cj_icon_s22saiji_gray,ab/cf/cfbd34c988215a57795a0d6533e452d2.unity3d,Texture2D,cj_icon_S22saiji_gray,-3781682997210445023,image/badgeicon/cj_icon_s22saiji_gray.png,400,300,
image/badgeicon/cj_icon_s23saiji_gray,ab/17/178a52dd37303d448257fafc3610ce1f.unity3d,Texture2D,cj_icon_S23saiji_gray,-2233459809545520121,image/badgeicon/cj_icon_s23saiji_gray.png,400,300,
image/badgeicon/cj_icon_s24saiji,ab/53/53693b8f682cf73145af6cec634e193a.unity3d,Texture2D,cj_icon_S24saiji,4737532602033679045,image/badgeicon/cj_icon_s24saiji.png,400,300,
image/badgeicon/cj_icon_s25saiji_gray,ab/f0/f0c49e68cf112d0f2fc0d3392ceead76.unity3d,Texture2D,cj_icon_S25saiji_gray,8006256702501306939,image/badgeicon/cj_icon_s25saiji_gray.png,400,300,
image/badgeicon/cj_icon_s26saiji_gray,ab/43/438383921d92d66c144a0354e6ec45c6.unity3d,Texture2D,cj_icon_S26saiji_gray,4501026509504034290,image/badgeicon/cj_icon_s26saiji_gray.png,400,300,
image/badgeicon/cj_icon_s27saiji,ab/1d/1d2cc2d52b2bd32a256e1d71245f019a.unity3d,Texture2D,cj_icon_S27saiji,-4672716351484953810,image/badgeicon/cj_icon_s27saiji.png,400,300,
image/badgeicon/cj_icon_s27saiji_gray,ab/b0/b07e4daf7b23feb2f76863484f27eef6.unity3d,Texture2D,cj_icon_S27saiji_gray,-2213465932128205963,image/badgeicon/cj_icon_s27saiji_gray.png,400,300,
image/badgeicon/cj_icon_s2saiji,ab/22/223d31f632b0ea6fedd3916d3c1d1dfe.unity3d,Texture2D,cj_icon_S2saiji,8643792535446050007,image/badgeicon/cj_icon_s2saiji.png,400,300,
image/badgeicon/cj_icon_s2saiji_gray,ab/cd/cd455b23fead21966897ee5981d7290b.unity3d,Texture2D,cj_icon_S2saiji_gray,-7015538022090210123,image/badgeicon/cj_icon_s2saiji_gray.png,400,300,
image/badgeicon/cj_icon_s3saiji_gray,ab/bc/bce80973b6b5033425f78f0bfa957f07.unity3d,Texture2D,cj_icon_S3saiji_gray,5272192127424848687,image/badgeicon/cj_icon_s3saiji_gray.png,400,300,
image/badgeicon/cj_icon_s4saiji_gray,ab/47/4732b560b016274060cfa20e6d049ef8.unity3d,Texture2D,cj_icon_S4saiji_gray,8633420112519384818,image/badgeicon/cj_icon_s4saiji_gray.png,400,300,
image/badgeicon/cj_icon_s5saiji_gray,ab/28/28b6b109e3162e2090be4b5787692f2f.unity3d,Texture2D,cj_icon_S5saiji_gray,-5353116192633992226,image/badgeicon/cj_icon_s5saiji_gray.png,400,300,
image/badgeicon/cj_icon_s6saiji_gray,ab/cc/cc6c4337f67ae8c293dcfb4b5885f5b4.unity3d,Texture2D,cj_icon_S6saiji_gray,8022610417355983277,image/badgeicon/cj_icon_s6saiji_gray.png,400,300,
image/badgeicon/cj_icon_s7saiji_gray,ab/3c/3c2e1123498928a253fa289fc3564773.unity3d,Texture2D,cj_icon_S7saiji_gray,-8460448868544106147,image/badgeicon/cj_icon_s7saiji_gray.png,400,300,
image/badgeicon/cj_icon_s8saiji_gray,ab/cd/cd445d2b03b9d129bbd99ce4bf5a534b.unity3d,Texture2D,cj_icon_S8saiji_gray,8152724767715700820,image/badgeicon/cj_icon_s8saiji_gray.png,400,300,
image/badgeicon/cj_icon_s9saiji_gray,ab/fd/fded01490d64368447b9bafb374f259f.unity3d,Texture2D,cj_icon_S9saiji_gray,763306553577151317,image/badgeicon/cj_icon_s9saiji_gray.png,400,300,
image/badgeicon/cj_icon_shoucangjia_invisible,ab/d8/d8e52c2ff3d9f9b9cbe84b8226bc9992.unity3d,Texture2D,cj_icon_shoucangjia_invisible,-1186572660778354721,image/badgeicon/cj_icon_shoucangjia_invisible.png,400,300,
image/badgeicon/cj_icon_wrm,ab/e8/e82dba953189007e81e931e4afabc19e.unity3d,Texture2D,cj_icon_wrm,3609398188324404122,image/badgeicon/cj_icon_wrm.png,400,300,
image/badgeicon/cj_icon_wrm_gray,ab/c3/c3cff825cbc93138d44408446fb1212e.unity3d,Texture2D,cj_icon_wrm_gray,-165309647069833116,image/badgeicon/cj_icon_wrm_gray.png,400,300,
image/badgeicon/cj_icon_xc,ab/b8/b8a61fb7c1634bf249a49a3dd1b30711.unity3d,Texture2D,cj_icon_xc,-1930994112492609113,image/badgeicon/cj_icon_xc.png,400,300,
image/badgeicon/cj_icon_xc_gray,ab/70/703d831106146f719def618c47ae619a.unity3d,Texture2D,cj_icon_xc_gray,6154430546836774143,image/badgeicon/cj_icon_xc_gray.png,400,300,
image/badgeicon/cj_icon_xingzuanwj,ab/cf/cfb12166734dacb3cb8ba88358b6bf7d.unity3d,Texture2D,cj_icon_xingzuanwj,8981156305844979986,image/badgeicon/cj_icon_xingzuanwj.png,400,300,
image/badgeicon/cj_icon_yuecheng,ab/35/35248555747068fed413373885f13633.unity3d,Texture2D,cj_icon_yuecheng,-4191579975427157526,image/badgeicon/cj_icon_yuecheng.png,400,300,
image/badgeicon/cj_icon_zhiai_gray,ab/f1/f1f859ca663564165ae764238965d349.unity3d,Texture2D,cj_icon_zhiai_gray,-8625195123348864196,image/badgeicon/cj_icon_zhiai_gray.png,400,300,
image/badgeicon/cj_icon_zuanshiwj,ab/27/278fdc5d2b8a4eeb6f0d6db9ccdf309c.unity3d,Texture2D,cj_icon_zuanshiwj,8746130430704129577,image/badgeicon/cj_icon_zuanshiwj.png,400,300,
image/badgeicon/cj_icon_zuanshiwj_gray,ab/d8/d82bda76f58e9f192e24b4292be53730.unity3d,Texture2D,cj_icon_zuanshiwj_gray,-1640873064911533608,image/badgeicon/cj_icon_zuanshiwj_gray.png,400,300,
image/badgeicon/dl4,ab/17/17e2a308ea57ba07f61ad48326d408d0.unity3d,Texture2D,DL4,49718690486314526,image/badgeicon/dl4.png,400,300,
image/badgeicon/share/cj_icon_caihong,ab/fc/fc7930d289b47ce2991d92af0e99778d.unity3d,Texture2D,cj_icon_caihong,-6682342894628583522,image/badgeicon/share/cj_icon_caihong.png,308,44,
image/badgeicon/share/cj_icon_daka,ab/2f/2f58203aa9dd624a46cbc1198e13dbae.unity3d,Texture2D,cj_icon_daka,2740550809654287587,image/badgeicon/share/cj_icon_daka.png,312,44,
image/badgeicon/share/cj_icon_huangdi,ab/be/be49a5cd8a429560b5dc13e8d286355d.unity3d,Texture2D,cj_icon_huangdi,2521558802074614864,image/badgeicon/share/cj_icon_huangdi.png,360,44,
image/badgeicon/share/cj_icon_jingji,ab/17/17809842bc60435f060cf74fe08257e7.unity3d,Texture2D,cj_icon_jingji,-5836362837886416580,image/badgeicon/share/cj_icon_jingji.png,308,44,
image/badgeicon/share/cj_icon_jixianbiaoke,ab/62/62bbbf8973a2ab4de2e3f5c5386de61a.unity3d,Texture2D,cj_icon_jixianbiaoke,2243121311301765401,image/badgeicon/share/cj_icon_jixianbiaoke.png,312,44,
image/badgeicon/share/cj_icon_mingxingxuanshou,ab/55/553a401aee0f3288d67f848ce50763a5.unity3d,Texture2D,cj_icon_mingxingxuanshou,5431776439609247172,image/badgeicon/share/cj_icon_mingxingxuanshou.png,312,44,
image/badgeicon/share/cj_icon_paopaoxianfeng,ab/b0/b0ed0eefb49ef5d6fbd673e7e3c6aaec.unity3d,Texture2D,cj_icon_paopaoxianfeng,2524327881586279848,image/badgeicon/share/cj_icon_paopaoxianfeng.png,312,44,
image/badgeicon/share/cj_icon_s11saiji,ab/d2/d274fe1be54adcf837b8b60899629b1e.unity3d,Texture2D,cj_icon_S11saiji,4574548505961483247,image/badgeicon/share/cj_icon_s11saiji.png,312,44,
image/badgeicon/share/cj_icon_s14saiji,ab/eb/ebc772ad0cae6fb2b0dff66762edef58.unity3d,Texture2D,cj_icon_S14saiji,6509167507490711754,image/badgeicon/share/cj_icon_s14saiji.png,360,44,
image/badgeicon/share/cj_icon_s18saiji,ab/00/00e5b44695d9eb003db3b42bb4c5ef8a.unity3d,Texture2D,cj_icon_S18saiji,-9175844791169509388,image/badgeicon/share/cj_icon_s18saiji.png,352,44,
image/badgeicon/share/cj_icon_s26saiji,ab/3b/3b9fb85247118978ce02ba1770c2fb51.unity3d,Texture2D,cj_icon_S26saiji,-6594341734768280249,image/badgeicon/share/cj_icon_s26saiji.png,312,44,
image/badgeicon/share/cj_icon_s4saiji_jingsu,ab/0b/0b40c77871c07deccfc336ebaabb2e93.unity3d,Texture2D,cj_icon_S4saiji_jingsu,-9127556516485640884,image/badgeicon/share/cj_icon_s4saiji_jingsu.png,312,44,
image/badgeicon/share/cj_icon_s8saiji,ab/f4/f44508b4f413cd7c7651d63916f2f07c.unity3d,Texture2D,cj_icon_S8saiji,7629864144085602862,image/badgeicon/share/cj_icon_s8saiji.png,312,44,
image/badgeicon/share/cj_icon_s9saiji,ab/f7/f7950a41f41bc57bea6bbfd636fa4120.unity3d,Texture2D,cj_icon_S9saiji,-4867191340581914668,image/badgeicon/share/cj_icon_s9saiji.png,312,44,
image/badgeicon/share/cj_icon_wrm,ab/46/46817eb8bcce075626148eb87aa1c575.unity3d,Texture2D,cj_icon_wrm,644220278971999359,image/badgeicon/share/cj_icon_wrm.png,312,44,
image/badgeicon/share/cj_icon_xingzuanwj,ab/f3/f34bf1d8b513c5f10abc1858da249f1f.unity3d,Texture2D,cj_icon_xingzuanwj,4146219437608045646,image/badgeicon/share/cj_icon_xingzuanwj.png,312,44,
image/badgeicon/share/cj_icon_xinxiaowu,ab/43/4353cb3348188548e730497c9472342a.unity3d,Texture2D,cj_icon_xinxiaowu,-2046029482024269011,image/badgeicon/share/cj_icon_xinxiaowu.png,300,44,
image/badgeicon/share/cj_icon_zhiai,ab/f8/f8be9006ac69aa17a5ee490b8d80684a.unity3d,Texture2D,cj_icon_zhiai,-8347870081308693732,image/badgeicon/share/cj_icon_zhiai.png,308,44,
image/cardicon/2021newyear_card,ab/e8/e826243f30785f3c565eec78e08a5cea.unity3d,Texture2D,2021NewYear_Card,-4243728822585436990,image/cardicon/2021newyear_card.png,536,336,
image/cardicon/2021ouhuang_card,ab/c8/c8e8eacb250a1eeb04900583d45cedee.unity3d,Texture2D,2021Ouhuang_Card,6901660358225134055,image/cardicon/2021ouhuang_card.png,536,336,
image/cardicon/2022newyear_card,ab/46/468170450e8700482548ca187e6aed37.unity3d,Texture2D,2022NewYear_Card,2939383814131539742,image/cardicon/2022newyear_card.png,536,336,
image/cardicon/2023ouhuang_card,ab/d5/d5fc4b16c1c8ac04ff3f6b9a79d871d1.unity3d,Texture2D,2023Ouhuang_Card,1983543752671326163,image/cardicon/2023ouhuang_card.png,536,336,
image/cardicon/cabin_card,ab/de/ded020e16450dd4492c7904ed6fd92b9.unity3d,Texture2D,cabin_card,4094296280662945422,image/cardicon/cabin_card.png,536,336,
image/cardicon/wish_card,ab/50/50bc875b74b5dafdcc2eb95170659112.unity3d,Texture2D,wish_Card,-2210505989528418081,image/cardicon/wish_card.png,536,336,
image/championracebufficon/10303,ab/18/186b8d1ee7a86ca1f55f6b602586e5bf.unity3d,Texture2D,10303,-7434741749275250033,image/championracebufficon/10303.png,48,48,
image/championracebufficon/activewakeeff_d,ab/ed/ed59e12f0b7ef5781e7f94a06f8e83f0.unity3d,Texture2D,activewakeeff_d,-2230607586148774953,image/championracebufficon/activewakeeff_d.png,92,92,
image/championracebufficon/bangbangtang,ab/00/00eccbe26aac818c1b93079aad94f134.unity3d,Texture2D,bangbangtang,-402667269068151150,image/championracebufficon/bangbangtang.png,48,48,
image/championracebufficon/baojundamowang,ab/cf/cfad7f58e1793258e827673f86bad443.unity3d,Texture2D,baojundamowang,4698301874071814218,image/championracebufficon/baojundamowang.png,48,48,
image/championracebufficon/beidiancitie,ab/ed/edb4186806f070241df974d31eff3e68.unity3d,Texture2D,beidiancitie,997733655084125808,image/championracebufficon/beidiancitie.png,48,48,
image/championracebufficon/beishuijd,ab/58/58a4d008f701e1bc39452e8dfd7d1f3a.unity3d,Texture2D,beishuijd,-6861222501869812544,image/championracebufficon/beishuijd.png,48,48,
image/championracebufficon/bingcangying,ab/bc/bcc96f94d9451171d6af9c0cd2abd0a4.unity3d,Texture2D,bingcangying,-6588060526412869142,image/championracebufficon/bingcangying.png,48,48,
image/championracebufficon/bjlcmfdfj,ab/43/4305e7e1e450b30cc5134d098074006c.unity3d,Texture2D,bjlcmfdfj,5648630235810242172,image/championracebufficon/bjlcmfdfj.png,48,48,
image/championracebufficon/budanqi,ab/3d/3dd8dc0c716fd078a06e97bdf6b98a96.unity3d,Texture2D,budanqi,-1875260394568171027,image/championracebufficon/budanqi.png,48,48,
image/championracebufficon/cangyingbuqi,ab/dd/dd8c0c35d255cc3100fcaca179677b1a.unity3d,Texture2D,cangyingbuqi,7085313669101986500,image/championracebufficon/cangyingbuqi.png,48,48,
image/championracebufficon/chaoxuntuo,ab/66/664ac53eb882b41d5ccccc5c6f72044a.unity3d,Texture2D,chaoxuntuo,-3536830495731432736,image/championracebufficon/chaoxuntuo.png,48,48,
image/championracebufficon/citiecmfd,ab/eb/ebdff24c388c1afad0b7c67498818aa8.unity3d,Texture2D,citiecmfd,-8743221896296080824,image/championracebufficon/citiecmfd.png,48,48,
image/championracebufficon/citiedanqi,ab/55/55ed4afeb79e1f460c3aa6fae915eceb.unity3d,Texture2D,citiedanqi,-3139387456163997418,image/championracebufficon/citiedanqi.png,48,48,
image/championracebufficon/citiedaodeng,ab/de/de5d51386d7727ee9542b5795d69ab92.unity3d,Texture2D,citiedaodeng,7143837434181363275,image/championracebufficon/citiedaodeng.png,48,48,
image/championracebufficon/citiehd,ab/42/429bac12065a0d15877d3529cfe4952a.unity3d,Texture2D,citiehd,7705037723136830058,image/championracebufficon/citiehd.png,48,48,
image/championracebufficon/citieshandian,ab/bd/bd5d3690524da2b7e6608051a3fc5513.unity3d,Texture2D,citieshandian,3852378092082408906,image/championracebufficon/citieshandian.png,48,48,
image/championracebufficon/citietianshi,ab/cc/ccf3685506ded419623c13b42c24e5d1.unity3d,Texture2D,citietianshi,247906866861020709,image/championracebufficon/citietianshi.png,48,48,
image/championracebufficon/ctcjd,ab/c1/c183a7967d7f5f75aca531d2b4da06b2.unity3d,Texture2D,ctcjd,-757088512459768663,image/championracebufficon/ctcjd.png,48,48,
image/championracebufficon/cyuncjd,ab/55/551db5ba4006818d176c4c35757f3d22.unity3d,Texture2D,cyuncjd,-5516035445661868909,image/championracebufficon/cyuncjd.png,48,48,
image/championracebufficon/dancidedun,ab/f9/f915aed2cc2cf6860ab0611ba8ce852f.unity3d,Texture2D,dancidedun,2077667826548388061,image/championracebufficon/dancidedun.png,48,48,
image/championracebufficon/danqidedun,ab/b0/b01954b384a0e3b83a7f677362aba159.unity3d,Texture2D,danqidedun,5947317576809926350,image/championracebufficon/danqidedun.png,48,48,
image/championracebufficon/danqishijian1,ab/49/49360b66b2006d19e4559d59aa194cdc.unity3d,Texture2D,danqishijian1,295570857031761302,image/championracebufficon/danqishijian1.png,48,48,
image/championracebufficon/daodanbucitie,ab/e5/e56c816d0c7e8567a066a32655743c05.unity3d,Texture2D,daodanbucitie,6160917091041412429,image/championracebufficon/daodanbucitie.png,48,48,
image/championracebufficon/daodanbuqi,ab/46/461c089779017bc0cf2d4c84618ab5e9.unity3d,Texture2D,daodanbuqi,-7817247793661084412,image/championracebufficon/daodanbuqi.png,48,48,
image/championracebufficon/deshandian,ab/c9/c90ba942466463efa6eb1747759d9d1a.unity3d,Texture2D,deshandian,-6860555480087775089,image/championracebufficon/deshandian.png,48,48,
image/championracebufficon/dffydtxxj,ab/62/627edeedfa950701549701baebc8257d.unity3d,Texture2D,dffydtxxj,1039175569795830868,image/championracebufficon/dffydtxxj.png,48,48,
image/championracebufficon/dfrdilei,ab/2f/2fcfc9f44ad83f86900b16ceba6c6392.unity3d,Texture2D,dfrdilei,-8593421878277129786,image/championracebufficon/dfrdilei.png,48,48,
image/championracebufficon/diancidaodan,ab/19/197ac3c03901a468f6fd966ab1c78b06.unity3d,Texture2D,diancidaodan,3909134824202694073,image/championracebufficon/diancidaodan.png,48,48,
image/championracebufficon/diancidilei,ab/fa/fa906669f770f9801430fd64e487acbb.unity3d,Texture2D,diancidilei,7103549592776226678,image/championracebufficon/diancidilei.png,48,48,
image/championracebufficon/diancizhuandun,ab/f8/f86f3ec03456e1fb6abf492369ca5472.unity3d,Texture2D,diancizhuandun,5530784497053590492,image/championracebufficon/diancizhuandun.png,48,48,
image/championracebufficon/djfjdushui,ab/f1/f1923025a5daa15c623d0b983bdcaf0a.unity3d,Texture2D,djfjdushui,-341432046687405707,image/championracebufficon/djfjdushui.png,48,48,
image/championracebufficon/dunfangdrsd,ab/0d/0df2835e097dc578568ee68ede9aa2a5.unity3d,Texture2D,dunfangdrsd,-1105748114680493774,image/championracebufficon/dunfangdrsd.png,48,48,
image/championracebufficon/dushui,ab/d1/d105af18fbfd23a9f268128dfdeba75e.unity3d,Texture2D,dushui,7805348506013368319,image/championracebufficon/dushui.png,48,48,
image/championracebufficon/dushuibuqi,ab/fc/fc5d8028445f69c1ffc28d3b34db7fa3.unity3d,Texture2D,dushuibuqi,3796129905771151245,image/championracebufficon/dushuibuqi.png,48,48,
image/championracebufficon/duxingshuicangying,ab/fc/fcd812f58b430f8b81f24180c7be406c.unity3d,Texture2D,duxingshuicangying,-1582878038645970598,image/championracebufficon/duxingshuicangying.png,48,48,
image/championracebufficon/fangbjscangying,ab/c9/c94e5c24198101105f64a3f99a40e845.unity3d,Texture2D,fangbjscangying,-7009490904501943998,image/championracebufficon/fangbjscangying.png,48,48,
image/championracebufficon/fangyubingcangying,ab/58/58fe00d39d861c7c50398c86c11f1a65.unity3d,Texture2D,fangyubingcangying,-5581072133719200787,image/championracebufficon/fangyubingcangying.png,48,48,
image/championracebufficon/fangyudaodan,ab/d2/d20ee5537800b349e8dfb851fe3e2845.unity3d,Texture2D,fangyudaodan,-7892541460328257425,image/championracebufficon/fangyudaodan.png,48,48,
image/championracebufficon/fangyuddlz,ab/fc/fcd6fe106ea69767d369db036c543756.unity3d,Texture2D,fangyuddlz,-7768749758974204892,image/championracebufficon/fangyuddlz.png,48,48,
image/championracebufficon/fangyudilei2,ab/cf/cf974ae11a75ccdae8d83045e499d896.unity3d,Texture2D,fangyudilei2,2390021851441932663,image/championracebufficon/fangyudilei2.png,48,48,
image/championracebufficon/fangyulzjpyw,ab/eb/ebad2cb8f027d7dbf27235b1558d1fca.unity3d,Texture2D,fangyulzjpyw,-8457937539914057654,image/championracebufficon/fangyulzjpyw.png,48,48,
image/championracebufficon/fangyunangua,ab/ca/caaf671ee1a4ad327e7f6a351ac222fb.unity3d,Texture2D,fangyunangua,8097238736486844334,image/championracebufficon/fangyunangua.png,48,48,
image/championracebufficon/fangyushandian,ab/eb/eb468ee974e2d0adc12e5bb4dd4535b6.unity3d,Texture2D,fangyushandian,-3755310324397771775,image/championracebufficon/fangyushandian.png,48,48,
image/championracebufficon/fangyushuilei,ab/04/04d688cd036ab464c657dfbfb2e65dc1.unity3d,Texture2D,fangyushuilei,3398132283986520736,image/championracebufficon/fangyushuilei.png,48,48,
image/championracebufficon/fangyushuizhadan,ab/28/285af484ff5ecb2b6f2125510549d69d.unity3d,Texture2D,fangyushuizhadan,-4367493539922530016,image/championracebufficon/fangyushuizhadan.png,48,48,
image/championracebufficon/fangyuzibao,ab/2f/2ff8bdb2e869252fae0f91ba90ecea0e.unity3d,Texture2D,fangyuzibao,-1940277751194360719,image/championracebufficon/fangyuzibao.png,48,48,
image/championracebufficon/fcyspdhudun,ab/23/2303c85df2cacd3d4297220bb0980b9a.unity3d,Texture2D,fcyspdhudun,-8607552969454905658,image/championracebufficon/fcyspdhudun.png,48,48,
image/championracebufficon/feidiebingcangying,ab/31/31089b85c3c915fa99e80fa061646d60.unity3d,Texture2D,feidiebingcangying,-6322775150623994132,image/championracebufficon/feidiebingcangying.png,48,48,
image/championracebufficon/feidiehudun,ab/cd/cd18c09b9145ae9d1b0555ad45b8fd18.unity3d,Texture2D,feidiehudun,-8625292945737230815,image/championracebufficon/feidiehudun.png,48,48,
image/championracebufficon/feidiemowang,ab/f7/f71c263772b92903f6e018afb5928489.unity3d,Texture2D,feidiemowang,6434050428228283672,image/championracebufficon/feidiemowang.png,48,48,
image/championracebufficon/fuweidanqi,ab/42/4203fde2e61e5aa73f12b85ab5cfca6b.unity3d,Texture2D,fuweidanqi,-3164056381745784769,image/championracebufficon/fuweidanqi.png,48,48,
image/championracebufficon/gangjiadedan,ab/c0/c0a0dfd9822810ddff06db002f9f305d.unity3d,Texture2D,gangjiadedan,-5261455992587359909,image/championracebufficon/gangjiadedan.png,48,48,
image/championracebufficon/guiguidanqi2,ab/0e/0e29ffd786d19f4490bd5d9f707962e0.unity3d,Texture2D,guiguidanqi2,6001754170371022035,image/championracebufficon/guiguidanqi2.png,48,48,
image/championracebufficon/guiguihudun,ab/70/70268a4a7a02ab1192c3e721c6e2700e.unity3d,Texture2D,guiguihudun,3936118155750405205,image/championracebufficon/guiguihudun.png,48,48,
image/championracebufficon/houzhui,ab/65/6509c0234a04ffd9975ad9419f44ac47.unity3d,Texture2D,houzhui,4796872521470166835,image/championracebufficon/houzhui.png,48,48,
image/championracebufficon/houzhuidongli,ab/66/66844e1eb1f1ac8b1b6e2f8f33cdbbd0.unity3d,Texture2D,houzhuidongli,-2998509774339217978,image/championracebufficon/houzhuidongli.png,48,48,
image/championracebufficon/houzhuidongli1,ab/e9/e9a19154d0103d4e47b49e17c5ce5053.unity3d,Texture2D,houzhuidongli1,-9172122025294490526,image/championracebufficon/houzhuidongli1.png,48,48,
image/championracebufficon/huangjinhudun,ab/27/275f38e62a5dcf8774917b370fc97f91.unity3d,Texture2D,huangjinhudun,5447347335132746564,image/championracebufficon/huangjinhudun.png,48,48,
image/championracebufficon/huangjinkangxing,ab/d8/d89256d76d8ae2094dfd60f509aa8f87.unity3d,Texture2D,huangjinkangxing,8476600143927911465,image/championracebufficon/huangjinkangxing.png,48,48,
image/championracebufficon/huangjinshuicangying,ab/e5/e548bdfa4d6bf8ef34156521abfa2f28.unity3d,Texture2D,huangjinshuicangying,8756068354102559847,image/championracebufficon/huangjinshuicangying.png,48,48,
image/championracebufficon/huangjinshuizhadan,ab/3f/3f8de162594558063d33cc4d9770e443.unity3d,Texture2D,huangjinshuizhadan,6087273728202487616,image/championracebufficon/huangjinshuizhadan.png,48,48,
image/championracebufficon/hudundaodan,ab/f1/f1f56ccdb35f8c3d8522ce829c535712.unity3d,Texture2D,hudundaodan,-830369415721510156,image/championracebufficon/hudundaodan.png,48,48,
image/championracebufficon/hudunfyys,ab/b0/b0637237adb35e52b62fbd9e807917dc.unity3d,Texture2D,hudunfyys,8340099427147700842,image/championracebufficon/hudunfyys.png,48,48,
image/championracebufficon/hudunxiangjiao,ab/55/553a929d147b79456ef40088a96ff31f.unity3d,Texture2D,hudunxiangjiao,6778311100342193468,image/championracebufficon/hudunxiangjiao.png,48,48,
image/championracebufficon/icon_atemis,ab/0e/0e57a61c70452cf7b0661654420cc000.unity3d,Texture2D,icon_atemis,7328779189997843536,image/championracebufficon/icon_atemis.png,48,48,
image/championracebufficon/icon_charge,ab/3d/3d53df7027ae5e37ec825911f4683c5c.unity3d,Texture2D,icon_charge,-2007682636758783422,image/championracebufficon/icon_charge.png,48,48,
image/championracebufficon/icon_copy,ab/42/421bdc02be30d8347e21e60a79fe08f0.unity3d,Texture2D,icon_copy,-4240702154888433287,image/championracebufficon/icon_copy.png,48,48,
image/championracebufficon/icon_forestbear,ab/c6/c6593c9577dcfb7f1945c0b110abfcb7.unity3d,Texture2D,icon_forestbear,1904133233251155141,image/championracebufficon/icon_forestbear.png,48,48,
image/championracebufficon/icon_forestking,ab/ee/eed6815110085697db642b38c5236acd.unity3d,Texture2D,icon_forestking,7765282925596843436,image/championracebufficon/icon_forestking.png,48,48,
image/championracebufficon/icon_h2,ab/0a/0a6c2ad8fbacb4e0bcb73a96ed29fa01.unity3d,Texture2D,icon_H2,-5542956128228689825,image/championracebufficon/icon_h2.png,48,48,
image/championracebufficon/icon_houzhui,ab/55/55e9a50e5179dcc8dc0d88e5b992f783.unity3d,Texture2D,icon_houzhui,7265971648802162603,image/championracebufficon/icon_houzhui.png,48,48,
image/championracebufficon/icon_jfdoragon,ab/55/554d5e4bc811280efadced3d1cab2abb.unity3d,Texture2D,icon_jfdoragon,7563685659650356962,image/championracebufficon/icon_jfdoragon.png,48,48,
image/championracebufficon/invisiablefeature,ab/cc/cce9ca82fc865c233ece4eae89ffd64a.unity3d,Texture2D,invisiableFeature,-4558737080104397435,image/championracebufficon/invisiablefeature.png,48,48,
image/championracebufficon/jcymzddq,ab/b3/b34ee46b17ae0a8622fea9737b72e138.unity3d,Texture2D,jcymzddq,3097225463417039545,image/championracebufficon/jcymzddq.png,48,48,
image/championracebufficon/jiandiwuyunmidu,ab/d8/d8e687879c4913a6bba1a85422b43c9e.unity3d,Texture2D,jiandiwuyunmidu,3712274565292749258,image/championracebufficon/jiandiwuyunmidu.png,48,48,
image/championracebufficon/jianongpmbq,ab/d5/d5c2ab5f8bb31552ca2390be0dd6c4b2.unity3d,Texture2D,jianongpmbq,7157687870114778331,image/championracebufficon/jianongpmbq.png,48,48,
image/championracebufficon/jinbidanqi,ab/d0/d0914acf11992924fbbf199003bee547.unity3d,Texture2D,jinbidanqi,-822795686420537322,image/championracebufficon/jinbidanqi.png,48,48,
image/championracebufficon/jingdeng,ab/bd/bdfe966a6dd1539808aae8c5628f3a06.unity3d,Texture2D,jingdeng,5959547925695927444,image/championracebufficon/jingdeng.png,48,48,
image/championracebufficon/jinglingmenqi,ab/69/692f12569d5ee6cbf630605412bd6f28.unity3d,Texture2D,jinglingmenqi,-7147750616524389460,image/championracebufficon/jinglingmenqi.png,48,48,
image/championracebufficon/jiqisudu,ab/ec/ec1336cecb806f0a0d1ba2fc5a86a1ba.unity3d,Texture2D,jiqisudu,-5018682824851028221,image/championracebufficon/jiqisudu.png,48,48,
image/championracebufficon/jiqisudu1,ab/e0/e07265234efa9ff3afedf1bc6aac3242.unity3d,Texture2D,jiqisudu1,724328093267910331,image/championracebufficon/jiqisudu1.png,48,48,
image/championracebufficon/juxingxiangjiao,ab/42/4201b944799a94d69054ef1d93fb7e7a.unity3d,Texture2D,juxingxiangjiao,7367864822654002361,image/championracebufficon/juxingxiangjiao.png,48,48,
image/championracebufficon/liwuhe,ab/0a/0a725f3b68a12bafc726c83c7523da51.unity3d,Texture2D,liwuhe,5892367962967145564,image/championracebufficon/liwuhe.png,48,48,
image/championracebufficon/nanguadanqi,ab/ca/ca87d022cfbe9e3b81286a2d289d23fb.unity3d,Texture2D,nanguadanqi,-7973584724011706146,image/championracebufficon/nanguadanqi.png,48,48,
image/championracebufficon/nanguazdd,ab/b5/b526fffce169a1ae142d757e1eacc3e2.unity3d,Texture2D,nanguazdd,6006872040619389880,image/championracebufficon/nanguazdd.png,48,48,
image/championracebufficon/pengzhuangfangyu,ab/fb/fb427402d93d9e4e60f6fec5942cdf48.unity3d,Texture2D,pengzhuangfangyu,-4215854882881275326,image/championracebufficon/pengzhuangfangyu.png,48,48,
image/championracebufficon/piaoyidanqidongli,ab/29/29a003f48c50226fd783bca8cec9a118.unity3d,Texture2D,piaoyidanqidongli,-6656526519201003867,image/championracebufficon/piaoyidanqidongli.png,48,48,
image/championracebufficon/piaoyidanqidongli1,ab/c9/c9888dbee57a079e8875a82daa3ed312.unity3d,Texture2D,piaoyidanqidongli1,7355676757383496720,image/championracebufficon/piaoyidanqidongli1.png,48,48,
image/championracebufficon/piaoyijiqixiaolv,ab/29/29e03102627d8c7db812323e62af4c9d.unity3d,Texture2D,piaoyijiqixiaolv,4068620279168433951,image/championracebufficon/piaoyijiqixiaolv.png,48,48,
image/championracebufficon/piaoyijiqixiaolv1,ab/b6/b63ad5eb9f0325a25f31538d5a5ae9a0.unity3d,Texture2D,piaoyijiqixiaolv1,-7525591943086749694,image/championracebufficon/piaoyijiqixiaolv1.png,48,48,
image/championracebufficon/piaoyizuduidanqidongli1,ab/be/be7e5411c695f40a8292442928e9415e.unity3d,Texture2D,piaoyizuduidanqidongli1,-1015828317658141656,image/championracebufficon/piaoyizuduidanqidongli1.png,48,48,
image/championracebufficon/pingdifj,ab/2f/2f5112d9e7d867f3598c1d6745963770.unity3d,Texture2D,pingdifj,6824142985649793105,image/championracebufficon/pingdifj.png,48,48,
image/championracebufficon/pingdiguo,ab/3b/3b4be6bf8d5b7f8a079894c369de0399.unity3d,Texture2D,pingdiguo,-314307831739882990,image/championracebufficon/pingdiguo.png,48,48,
image/championracebufficon/qidongjiasu,ab/bc/bc124dcbe910fa156325e1a7e24dd1b4.unity3d,Texture2D,qidongjiasu,3025047227266154058,image/championracebufficon/qidongjiasu.png,48,48,
image/championracebufficon/rldanqi,ab/42/42a7c8fa8d55dd41ded1a9d3a4af6d43.unity3d,Texture2D,rldanqi,-1438586537993540171,image/championracebufficon/rldanqi.png,48,48,
image/championracebufficon/rtbuhq,ab/1d/1d1898f6291d2b42b0e95c02fb9b2908.unity3d,Texture2D,rtbuhq,-237123630800378748,image/championracebufficon/rtbuhq.png,48,48,
image/championracebufficon/sbwlian,ab/bc/bcad963f578b84d453d931d4bbedc5df.unity3d,Texture2D,sbwlian,1730299127907052320,image/championracebufficon/sbwlian.png,48,48,
image/championracebufficon/shandian,ab/58/589e6a03df2b6c4d294dc6ac97666669.unity3d,Texture2D,shandian,-586166073652900436,image/championracebufficon/shandian.png,48,48,
image/championracebufficon/shenhoushuidan,ab/00/0000ad3700ee70137004b4f2b9d22f4c.unity3d,Texture2D,shenhoushuidan,-1247431032741528978,image/championracebufficon/shenhoushuidan.png,48,48,
image/championracebufficon/shoujidzb,ab/26/26d02565a67f4e9c2f9447b687950007.unity3d,Texture2D,shoujidzb,6194247738430810811,image/championracebufficon/shoujidzb.png,48,48,
image/championracebufficon/shoujixiadan,ab/ea/ea7d664330eff63d5ad6401ae71b07e6.unity3d,Texture2D,shoujixiadan,-5551799820414957887,image/championracebufficon/shoujixiadan.png,48,48,
image/championracebufficon/shoujizibao,ab/3c/3c3400f5eaf43ed43689f41ac67efa61.unity3d,Texture2D,shoujizibao,-1037331514494574559,image/championracebufficon/shoujizibao.png,48,48,
image/championracebufficon/shoulei,ab/bc/bcab698094d2c34cb83a40482165b0a2.unity3d,Texture2D,shoulei,-4688668531451377286,image/championracebufficon/shoulei.png,48,48,
image/championracebufficon/shuangjiacheng,ab/17/1775e2ef10babe9f3b231fd64b45f3a0.unity3d,Texture2D,shuangjiacheng,-1448148272458285908,image/championracebufficon/shuangjiacheng.png,48,48,
image/championracebufficon/shuicangyingbuqi,ab/04/04cc29b4f28eabcf1abab030dfb1035f.unity3d,Texture2D,shuicangyingbuqi,-792424967376880727,image/championracebufficon/shuicangyingbuqi.png,48,48,
image/championracebufficon/shuiyingdaodan,ab/e3/e3df4e3dc748b95b3d666be756532a4b.unity3d,Texture2D,shuiyingdaodan,1245917819688256247,image/championracebufficon/shuiyingdaodan.png,48,48,
image/championracebufficon/shuizhabuqi,ab/31/31621a182e8beaaee7559f89609f67de.unity3d,Texture2D,shuizhabuqi,3173321502668626374,image/championracebufficon/shuizhabuqi.png,48,48,
image/championracebufficon/sslls,ab/d1/d1e99cf4e0eb83a816a782d749dc7bd4.unity3d,Texture2D,sslls,7661260179528498954,image/championracebufficon/sslls.png,48,48,
image/championracebufficon/superfd,ab/e3/e301751af227a36f8d1f5d16f3cc228f.unity3d,Texture2D,superfd,-4423277168920864187,image/championracebufficon/superfd.png,48,48,
image/championracebufficon/tianxie,ab/69/69a33eb2b555213919a6e30205a3205f.unity3d,Texture2D,tianxie,-1286131414997348849,image/championracebufficon/tianxie.png,48,48,
image/championracebufficon/tuopiaodanqidongli,ab/0d/0d59eab248ca496f426429a32dff812a.unity3d,Texture2D,tuopiaodanqidongli,-5477461162930300386,image/championracebufficon/tuopiaodanqidongli.png,48,48,
image/championracebufficon/tuopiaodongli,ab/67/674c996a4d8a6d208dfbc0d66c0fea58.unity3d,Texture2D,tuopiaodongli,-5649328104576281776,image/championracebufficon/tuopiaodongli.png,48,48,
image/championracebufficon/tuopiaozuduidanqidongli1,ab/36/36c8d279834718b856b955fe832c16d1.unity3d,Texture2D,tuopiaozuduidanqidongli1,-6937372895307602474,image/championracebufficon/tuopiaozuduidanqidongli1.png,48,48,
image/championracebufficon/twzdcitie,ab/de/ded2f1278aca1f3298d2d118a0951b12.unity3d,Texture2D,twzdcitie,3652266082955222058,image/championracebufficon/twzdcitie.png,48,48,
image/championracebufficon/txztx_icon_01,ab/c0/c07bf32da0aa6b6e49b0d037984452cb.unity3d,Texture2D,TXZtx_icon_01,-852613292377781963,image/championracebufficon/txztx_icon_01.png,48,48,
image/championracebufficon/txztx_icon_01_h,ab/f0/f01c24b681fb7587a195020487645fd1.unity3d,Texture2D,TXZtx_icon_01_h,-3973266786717022770,image/championracebufficon/txztx_icon_01_h.png,48,48,
image/championracebufficon/wuxianqiqiu,ab/e3/e3591e10142ee1f9b953061df8036559.unity3d,Texture2D,wuxianqiqiu,5360260273880514076,image/championracebufficon/wuxianqiqiu.png,48,48,
image/championracebufficon/xiangjiao,ab/cc/cca3f7c6180ee5c51dfcfb99bc0d8e44.unity3d,Texture2D,xiangjiao,5240820959569741114,image/championracebufficon/xiangjiao.png,48,48,
image/championracebufficon/xiaomifeng,ab/ed/eddace5e9efd232df929868680a7fbc6.unity3d,Texture2D,xiaomifeng,-245983078289468134,image/championracebufficon/xiaomifeng.png,48,48,
image/championracebufficon/xiaopendongli1,ab/2f/2f4c10abfb1e7383b1aa7623a6963c97.unity3d,Texture2D,xiaopendongli1,503187738584433993,image/championracebufficon/xiaopendongli1.png,48,48,
image/championracebufficon/xiaopenjiasu,ab/35/35e2611526f1d30fbcb7c7ae4f804981.unity3d,Texture2D,xiaopenjiasu,2654362755651625400,image/championracebufficon/xiaopenjiasu.png,48,48,
image/championracebufficon/xiaopenshijian,ab/49/492724b29d85f76cbf8353fade412f5f.unity3d,Texture2D,xiaopenshijian,-4817889061305318854,image/championracebufficon/xiaopenshijian.png,48,48,
image/championracebufficon/xiaopenshijian1,ab/dd/ddfe74a725d855f1f736e01341af379e.unity3d,Texture2D,xiaopenshijian1,-743523930461108555,image/championracebufficon/xiaopenshijian1.png,48,48,
image/championracebufficon/xiayingfeibiao,ab/d2/d2859094b8ef33c6a513d1017275bf9d.unity3d,Texture2D,xiayingfeibiao,1343192644801115142,image/championracebufficon/xiayingfeibiao.png,48,48,
image/championracebufficon/xielongdan,ab/fd/fd07405283205009892eb3988c2148a4.unity3d,Texture2D,xielongdan,-6127277514724690217,image/championracebufficon/xielongdan.png,48,48,
image/championracebufficon/xielongqi,ab/1d/1d745e8af7020c9524c700c8f32ae3c8.unity3d,Texture2D,xielongqi,5429041611439021639,image/championracebufficon/xielongqi.png,48,48,
image/championracebufficon/xielongxi,ab/c9/c93fb0c98712a44975b96525d2d87380.unity3d,Texture2D,xielongxi,9149977269586430991,image/championracebufficon/xielongxi.png,48,48,
image/championracebufficon/xindanqi,ab/36/3600820e9e7f214d50f267371f3bc985.unity3d,Texture2D,xindanqi,-1426961434513632201,image/championracebufficon/xindanqi.png,48,48,
image/championracebufficon/xingxingdanqi,ab/40/409668e55b4791150600bf965e3ca673.unity3d,Texture2D,xingxingdanqi,-361393120683084367,image/championracebufficon/xingxingdanqi.png,48,48,
image/championracebufficon/xuedilei,ab/bc/bc5c46c596aeeb05d0c22e7384ef098a.unity3d,Texture2D,xuedilei,843191368615504448,image/championracebufficon/xuedilei.png,48,48,
image/championracebufficon/xuntuo,ab/2d/2d9b2e745d94513133f35566f8f06456.unity3d,Texture2D,xuntuo,6288681043308509494,image/championracebufficon/xuntuo.png,48,48,
image/championracebufficon/xuntuojincangying,ab/32/32ddf0662cda4e878910d2246baebf79.unity3d,Texture2D,xuntuojincangying,-5546843158124925605,image/championracebufficon/xuntuojincangying.png,48,48,
image/championracebufficon/yaotoudongli1,ab/02/021daa346aba28c90f8a49fe659f9a95.unity3d,Texture2D,yaotoudongli1,8428548189756000710,image/championracebufficon/yaotoudongli1.png,48,48,
image/championracebufficon/yunwudanqi,ab/ed/ede6ac869b5c74aa38819354525f85dd.unity3d,Texture2D,yunwudanqi,-4050132154763918492,image/championracebufficon/yunwudanqi.png,48,48,
image/championracebufficon/zhixiandanqidongli,ab/2f/2f1a0322c376c9230168f75581990fee.unity3d,Texture2D,zhixiandanqidongli,1401673480039884915,image/championracebufficon/zhixiandanqidongli.png,48,48,
image/championracebufficon/zhixiandanqidongli1,ab/18/1823f823cc7208ddece91f78ef0f6d92.unity3d,Texture2D,zhixiandanqidongli1,5248454478681617756,image/championracebufficon/zhixiandanqidongli1.png,48,48,
image/championracebufficon/zhixiangty,ab/ed/ed73e313cc5292bcfdf63e409ad2db48.unity3d,Texture2D,zhixiangty,-5320400420768320623,image/championracebufficon/zhixiangty.png,48,48,
image/championracebufficon/zhuangqiangbaoqi1,ab/f4/f402a976f3bea3191dc8d390f7c5a583.unity3d,Texture2D,zhuangqiangbaoqi1,6890922580460274645,image/championracebufficon/zhuangqiangbaoqi1.png,48,48,
image/championracebufficon/zidongjiqi,ab/fb/fb7fd999fed51634571fa9c68e39c106.unity3d,Texture2D,zidongjiqi,6940142998117979550,image/championracebufficon/zidongjiqi.png,48,48,
image/championracebufficon/zuduidanqidongli,ab/49/49f1c7246b097df82af82a22c08ae326.unity3d,Texture2D,zuduidanqidongli,2011625430128236963,image/championracebufficon/zuduidanqidongli.png,48,48,
image/championracebufficon/zxdbingwen,ab/ee/ee1f48e50fcace300cfb4cd35314b997.unity3d,Texture2D,zxdbingwen,-1523938544937319752,image/championracebufficon/zxdbingwen.png,48,48,
image/championraceillustrationicon/702,ab/d8/d8b117bf3e04205166a453494268ec21.unity3d,Texture2D,702,3482977763427139053,image/championraceillustrationicon/702.png,144,164,
image/championraceillustrationicon/707,ab/67/6743f3c11b081acb059805b24f5772eb.unity3d,Texture2D,707,3372629760176681850,image/championraceillustrationicon/707.png,144,148,
image/championraceillustrationicon/708,ab/cc/cc0e1947dcfd64ad75a1f0d7529257db.unity3d,Texture2D,708,1897869811659897695,image/championraceillustrationicon/708.png,196,196,
image/championraceillustrationicon/715,ab/27/27792e309d7fffbc714990c5895b59da.unity3d,Texture2D,715,-1360676151797074719,image/championraceillustrationicon/715.png,228,228,
image/charheadicon/f_0005_02_icon,ab/d1/d1235f4480d6e1f8203c57c3516f445a.unity3d,Texture2D,f_0005_02_icon,8406464151684154413,image/charheadicon/f_0005_02_icon.png,456,320,
image/charheadicon/f_0016,ab/23/23de21fced7c865664937e38f6498a86.unity3d,Texture2D,f_0016,-7839952826216313416,image/charheadicon/f_0016.png,456,320,
image/charheadicon/f_0017,ab/b8/b87ca01f778cdc1c4ca8333ad2f0735f.unity3d,Texture2D,f_0017,5394805335708493210,image/charheadicon/f_0017.png,456,320,
image/charheadicon/f_0024,ab/de/ded5fc19cdd30d781dddc6cbd023fec7.unity3d,Texture2D,f_0024,6136768591413031179,image/charheadicon/f_0024.png,456,320,
image/charheadicon/f_0025,ab/c0/c01fc425ee5751bc436d947fb86003e6.unity3d,Texture2D,f_0025,301621305172765034,image/charheadicon/f_0025.png,456,320,
image/charheadicon/f_0027,ab/19/19109018ef1bbf3a32e0c1911ef255fe.unity3d,Texture2D,f_0027,-2515525375126058342,image/charheadicon/f_0027.png,456,320,
image/charheadicon/f_0030,ab/0b/0ba811b2efe69519fab8871525e60b80.unity3d,Texture2D,f_0030,5547179016800161595,image/charheadicon/f_0030.png,456,320,
image/charheadicon/f_0031,ab/cd/cdaaea66f3a7ef88288b2c9bc0b2cdd4.unity3d,Texture2D,f_0031,-2342509820572100481,image/charheadicon/f_0031.png,456,320,
image/charheadicon/f_0033,ab/e8/e8218cd4f3eaa586d9f3111ca7a57222.unity3d,Texture2D,f_0033,-7705939946200493175,image/charheadicon/f_0033.png,456,320,
image/charheadicon/f_0034,ab/0b/0b8847ddb580059f43225f562d3ba102.unity3d,Texture2D,f_0034,-5641228133211229834,image/charheadicon/f_0034.png,456,320,
image/charheadicon/f_0035,ab/bc/bc9a05be67dd3335475a23f63fb465c3.unity3d,Texture2D,f_0035,394868728888116219,image/charheadicon/f_0035.png,456,320,
image/charheadicon/f_0037,ab/46/46d9e2353ac383b15929d87bf9df8ad4.unity3d,Texture2D,f_0037,-5937848557997961034,image/charheadicon/f_0037.png,456,320,
image/charheadicon/f_0042,ab/e0/e09dad0e709135cf299a3e50f2c93d9a.unity3d,Texture2D,f_0042,8939687354280119521,image/charheadicon/f_0042.png,456,320,
image/charheadicon/f_0054,ab/b6/b6dcc057e0d0bb9c05c5d2fdc9912d24.unity3d,Texture2D,f_0054,-6543707937410173716,image/charheadicon/f_0054.png,456,320,
image/charheadicon/f_1014_02_icon,ab/67/67fe46f806b7d141e0b876edd2a91fa8.unity3d,Texture2D,f_1014_02_icon,1445368648914540437,image/charheadicon/f_1014_02_icon.png,456,320,
image/charheadicon/f_1027,ab/be/bedbc95bf8365a42be9e40ebf5c4615a.unity3d,Texture2D,f_1027,-1068416083766732318,image/charheadicon/f_1027.png,456,320,
image/charheadicon/f_1149,ab/0c/0c011c9a1df26dba9b334386b8d3a0b9.unity3d,Texture2D,f_1149,7049053523535969536,image/charheadicon/f_1149.png,456,320,
image/charheadicon/f_1152,ab/2d/2d7d3f506797c9486c0ee43fbf5368b2.unity3d,Texture2D,f_1152,7181509512155906801,image/charheadicon/f_1152.png,456,320,
image/charheadicon/f_1164,ab/36/36dee187ad53054e26ede8b416744e7a.unity3d,Texture2D,f_1164,5631472472303570427,image/charheadicon/f_1164.png,456,320,
image/charheadicon/f_1165,ab/3b/3b96fa6fb2838d5aae15773b34e631c9.unity3d,Texture2D,f_1165,145130626243155609,image/charheadicon/f_1165.png,456,320,
image/charheadicon/f_1187,ab/3c/3c684a8098ac9c2598fc55e4d24a1c90.unity3d,Texture2D,f_1187,3258242952156289451,image/charheadicon/f_1187.png,456,320,
image/charheadicon/f_1204,ab/ca/ca088db3ffabe223b041d3fb1c9b60c8.unity3d,Texture2D,f_1204,3384670425354924405,image/charheadicon/f_1204.png,456,320,
image/charheadicon/f_1213,ab/d1/d162ffbee51d5bc74fcb630aba6ec673.unity3d,Texture2D,f_1213,-5784228262059031602,image/charheadicon/f_1213.png,456,320,
image/charheadicon/f_1231,ab/e4/e41b0339ce0ad1f5fdaa2e7305ad5cec.unity3d,Texture2D,f_1231,5852941671402742325,image/charheadicon/f_1231.png,456,320,
image/charheadicon/f_1233,ab/e8/e8071e41d70357dea598ee60e7518f32.unity3d,Texture2D,f_1233,2507798548921086441,image/charheadicon/f_1233.png,456,320,
image/charheadicon/f_1244,ab/c9/c99db4f827d5c92c2e8d025fd9928366.unity3d,Texture2D,f_1244,5368565373786721828,image/charheadicon/f_1244.png,456,320,
image/charheadicon/f_1251,ab/c8/c8a8a1a09e01de3b4cba3b14bdf7c3c0.unity3d,Texture2D,f_1251,-3594847145838198170,image/charheadicon/f_1251.png,456,320,
image/charheadicon/f_1311,ab/2f/2ffedad9538a3ec9b53a2a975caa9904.unity3d,Texture2D,f_1311,2258077532429510956,image/charheadicon/f_1311.png,456,320,
image/charheadicon/f_1347,ab/d5/d5d39044e3825f3e5b2a997544f9fc3f.unity3d,Texture2D,f_1347,-2083427559481038365,image/charheadicon/f_1347.png,456,320,
image/charheadicon/f_1348,ab/3b/3b07576ffa40907623f3d424630ac5f8.unity3d,Texture2D,f_1348,3671546936023844358,image/charheadicon/f_1348.png,456,320,
image/charheadicon/f_1360,ab/64/645628d42ec078f10a896c05e2ebee67.unity3d,Texture2D,f_1360,4580460049643049372,image/charheadicon/f_1360.png,456,320,
image/charheadicon/f_1368,ab/d8/d81b195dea2ee0af1d4a675231012d9f.unity3d,Texture2D,f_1368,6585216664680381396,image/charheadicon/f_1368.png,456,320,
image/charheadicon/f_1369,ab/26/268f02f8b22fd34793086632c5a49d96.unity3d,Texture2D,f_1369,7016044472804294806,image/charheadicon/f_1369.png,456,320,
image/charheadicon/f_1373,ab/3c/3c29f778a9b7879cc47901f6671964c9.unity3d,Texture2D,f_1373,-4112550275323489492,image/charheadicon/f_1373.png,456,320,
image/charheadicon/f_1374,ab/c1/c161a1f91cb5869189c02375cdf13854.unity3d,Texture2D,f_1374,2384849735067544488,image/charheadicon/f_1374.png,456,320,
image/charheadicon/f_1375,ab/af/af9da45cab10a1d5a699494d6b971a36.unity3d,Texture2D,f_1375,1514090011088186314,image/charheadicon/f_1375.png,456,320,
image/charheadicon/f_1386,ab/47/47f07b8d489b209c641c0ff4268bcaeb.unity3d,Texture2D,f_1386,-7730870551155865982,image/charheadicon/f_1386.png,456,320,
image/charheadicon/f_1409,ab/b3/b3cdf3b84c42191a01b13fb601aa1de2.unity3d,Texture2D,f_1409,266080824342328717,image/charheadicon/f_1409.png,456,320,
image/charheadicon/f_1413,ab/cf/cfcbd1d9a825ff46d2b339c4417f60df.unity3d,Texture2D,f_1413,8382334742232447152,image/charheadicon/f_1413.png,456,320,
image/charheadicon/f_1424,ab/ec/ec5acdcc3d92c5d0c46fb575e3d52be0.unity3d,Texture2D,f_1424,1516985573144756270,image/charheadicon/f_1424.png,456,320,
image/charheadicon/m_0008_02_icon,ab/0c/0c9020536f8533089f9af8e965d04793.unity3d,Texture2D,m_0008_02_icon,4535521186859092254,image/charheadicon/m_0008_02_icon.png,456,320,
image/charheadicon/m_0010_02_icon,ab/b8/b8fc8a744bd63b32b1d312e6abc2053c.unity3d,Texture2D,m_0010_02_icon,5479226373494215633,image/charheadicon/m_0010_02_icon.png,456,320,
image/charheadicon/m_0022,ab/0e/0e033c43c5343a18112e553a55746fa1.unity3d,Texture2D,m_0022,9009640519191134757,image/charheadicon/m_0022.png,456,320,
image/charheadicon/m_0034,ab/fa/fa0455b0b89af14c8b8ca09fe5a4e027.unity3d,Texture2D,m_0034,7327606441988502002,image/charheadicon/m_0034.png,456,320,
image/charheadicon/m_0039,ab/47/47f36730fd808d463e9aaf19a6acbf27.unity3d,Texture2D,m_0039,5636470333819371697,image/charheadicon/m_0039.png,456,320,
image/charheadicon/m_0045,ab/00/00b2f8f40a065230ff015f9ab50ed386.unity3d,Texture2D,m_0045,-4564014440586683552,image/charheadicon/m_0045.png,456,320,
image/charheadicon/m_0047,ab/b8/b8ca8462da7a453886aeb916e061029a.unity3d,Texture2D,m_0047,-6839098741838028307,image/charheadicon/m_0047.png,456,320,
image/charheadicon/m_0053,ab/43/4309220fb97772be20682dcda0e55c95.unity3d,Texture2D,m_0053,8217647840282677188,image/charheadicon/m_0053.png,456,320,
image/charheadicon/m_0054,ab/af/afc6199bb9c3f81f4d1d336cdb7b2c0a.unity3d,Texture2D,m_0054,-128197214375861252,image/charheadicon/m_0054.png,456,320,
image/charheadicon/m_0056,ab/e5/e505ef6bf34042aa77ebe2064cccc4a3.unity3d,Texture2D,m_0056,-2482263139005243508,image/charheadicon/m_0056.png,456,320,
image/charheadicon/m_0058,ab/ed/ed96349669c198117f4004217d0d2015.unity3d,Texture2D,m_0058,-5256051042719195992,image/charheadicon/m_0058.png,456,320,
image/charheadicon/m_0059,ab/17/177ca9e9cca5e83f464bfaae89332057.unity3d,Texture2D,m_0059,7668098273031051673,image/charheadicon/m_0059.png,456,320,
image/charheadicon/m_0060,ab/0b/0b158a012e17c733f6ef32f3ec9fbec5.unity3d,Texture2D,m_0060,3762378791657283866,image/charheadicon/m_0060.png,456,320,
image/charheadicon/m_0062,ab/d5/d52572ebbd7f6b102838ab692c279937.unity3d,Texture2D,m_0062,4483139704731741035,image/charheadicon/m_0062.png,456,320,
image/charheadicon/m_0065,ab/00/005f583ad3981e4c1ba749f00402ee1e.unity3d,Texture2D,m_0065,206914343809650491,image/charheadicon/m_0065.png,456,320,
image/charheadicon/m_0071,ab/3c/3c937c509b4fd7ad2f4956d45f053fb5.unity3d,Texture2D,m_0071,-9179535967506466040,image/charheadicon/m_0071.png,456,320,
image/charheadicon/m_0075,ab/d3/d3feb42c326b933320d3669983225541.unity3d,Texture2D,m_0075,288251722078692976,image/charheadicon/m_0075.png,456,320,
image/charheadicon/m_0079,ab/c3/c3e81df82bab7bdc81574aead911f164.unity3d,Texture2D,m_0079,-7479110609274684944,image/charheadicon/m_0079.png,456,320,
image/charheadicon/m_0082,ab/f3/f35958bcbaec9a7c37a74c7618a75f02.unity3d,Texture2D,m_0082,368036072850785562,image/charheadicon/m_0082.png,456,320,
image/charheadicon/m_0087,ab/c5/c57ac1e3b240ee6ff6fedde175cd8246.unity3d,Texture2D,m_0087,4581307218712477395,image/charheadicon/m_0087.png,456,320,
image/charheadicon/m_0095,ab/e2/e2fb77f715bc83e1772d3a49a61655dc.unity3d,Texture2D,m_0095,2097834145950076483,image/charheadicon/m_0095.png,456,320,
image/charheadicon/m_0096,ab/3f/3f480c820c7b27511ec52ff57fb9cecf.unity3d,Texture2D,m_0096,2802074762523491895,image/charheadicon/m_0096.png,456,320,
image/charheadicon/m_1128,ab/65/652b90a6a3a606c1aca45344184b1f6c.unity3d,Texture2D,m_1128,-7021283760505522826,image/charheadicon/m_1128.png,456,320,
image/charheadicon/m_1135,ab/af/af36f7bb3df416b0d3e0669d1e515810.unity3d,Texture2D,m_1135,8817114530520437805,image/charheadicon/m_1135.png,456,320,
image/charheadicon/m_1142,ab/0b/0be44b8137de0a3f465cf710e1523e74.unity3d,Texture2D,m_1142,444925794230777082,image/charheadicon/m_1142.png,456,320,
image/charheadicon/m_1144,ab/3b/3b26acc23d593a97489d3ce37c938d4b.unity3d,Texture2D,m_1144,-7427982565491480951,image/charheadicon/m_1144.png,456,320,
image/charheadicon/m_1148,ab/3c/3ca4d0670368764a9d06d133a35fa333.unity3d,Texture2D,m_1148,-5859814878562568151,image/charheadicon/m_1148.png,456,320,
image/charheadicon/m_1166,ab/f1/f162f1a0a0f2f1c9ee0914bdfd6bbcef.unity3d,Texture2D,m_1166,2820919799489155390,image/charheadicon/m_1166.png,456,320,
image/charheadicon/m_1171,ab/bd/bd4b4153bf003dc7a97d3e4df1c807c8.unity3d,Texture2D,m_1171,-4285991531750748532,image/charheadicon/m_1171.png,456,320,
image/charheadicon/m_1174,ab/3b/3bc2ef47346e9c77a26efd310ac87009.unity3d,Texture2D,m_1174,8295091439295422849,image/charheadicon/m_1174.png,456,320,
image/charheadicon/m_1175,ab/c5/c57dc3d7a777ef64f15c3594051b7274.unity3d,Texture2D,m_1175,2060107933347436083,image/charheadicon/m_1175.png,456,320,
image/charheadicon/m_1186,ab/58/58b7aa9d0998dd94e4aa8264b8a43f70.unity3d,Texture2D,m_1186,2758047309886191904,image/charheadicon/m_1186.png,456,320,
image/charheadicon/m_1190,ab/1d/1d0ff970f22085007b8666360cba1cfb.unity3d,Texture2D,m_1190,-5435557404323185145,image/charheadicon/m_1190.png,456,320,
image/charheadicon/m_1191,ab/f1/f1d3fffa63ff4ed7fc749f6f9753be68.unity3d,Texture2D,m_1191,-3009265159397030746,image/charheadicon/m_1191.png,456,320,
image/charheadicon/m_1193,ab/c1/c16a5b47d282d8b6b05b2a4fce365f67.unity3d,Texture2D,m_1193,-432511410659520783,image/charheadicon/m_1193.png,456,320,
image/charheadicon/m_1199,ab/f5/f584ead8444b8d3a2273bbb091d15487.unity3d,Texture2D,m_1199,8714749952555724694,image/charheadicon/m_1199.png,456,320,
image/charheadicon/m_1202,ab/d2/d236a53dbd53e0654d486bd5db20457d.unity3d,Texture2D,m_1202,-5566630720502796862,image/charheadicon/m_1202.png,456,320,
image/charheadicon/m_1211,ab/cc/ccf0206fd5e9be0b9981ba62cba07121.unity3d,Texture2D,m_1211,5239826303185384506,image/charheadicon/m_1211.png,456,320,
image/charheadicon/m_1222,ab/58/588b0926834a3a6a8be119f0a4f27a26.unity3d,Texture2D,m_1222,-7047226301005308675,image/charheadicon/m_1222.png,456,320,
image/charheadicon/m_1223,ab/bc/bc937adc823b1a90211e8bbea794d84c.unity3d,Texture2D,m_1223,-7943580843793633694,image/charheadicon/m_1223.png,456,320,
image/charheadicon/m_1226,ab/c1/c1e33838049d68874d52b60f6424076c.unity3d,Texture2D,m_1226,5368338124809278683,image/charheadicon/m_1226.png,456,320,
image/charheadicon/m_1240,ab/42/424d5afa0e9a8269ef16eb3d1f015b32.unity3d,Texture2D,m_1240,5124725694465688359,image/charheadicon/m_1240.png,456,320,
image/charheadicon/m_1263,ab/c3/c379186ab5721619e1f3f87d21f62ea6.unity3d,Texture2D,m_1263,3520189821206269082,image/charheadicon/m_1263.png,456,320,
image/charheadicon/m_1291,ab/fd/fdbf34ed14130f470c627126a92064ee.unity3d,Texture2D,m_1291,1471480976521267807,image/charheadicon/m_1291.png,456,320,
image/charheadicon/m_1320,ab/c3/c363815e7aa2645b1635884c25424e95.unity3d,Texture2D,m_1320,-4872724545220466914,image/charheadicon/m_1320.png,456,320,
image/charheadicon/m_1328,ab/3c/3c0c56e5d041473af102bafd7b7ee1d4.unity3d,Texture2D,m_1328,340429327930518318,image/charheadicon/m_1328.png,456,320,
image/charheadicon/m_1379,ab/29/290cd6300926986b0d7ed63ea125c405.unity3d,Texture2D,m_1379,-151138113782032045,image/charheadicon/m_1379.png,456,320,
image/charheadicon/m_1394,ab/f8/f8afbfe93107436743d488b7e1f17ef6.unity3d,Texture2D,m_1394,-5027287841406696782,image/charheadicon/m_1394.png,456,320,
image/charheadicon/m_1400,ab/f1/f18fb092b50ad672042f860eb2bb1291.unity3d,Texture2D,m_1400,5456580729947028130,image/charheadicon/m_1400.png,456,320,
image/charheadicon/m_1403,ab/f0/f0ff3b3591b765be1706ff49107cf92e.unity3d,Texture2D,m_1403,193816140974307180,image/charheadicon/m_1403.png,456,320,
image/charheadicon/m_1408,ab/0b/0b65a7d16124a85d7dd90c5162b521e1.unity3d,Texture2D,m_1408,-6018136031982886394,image/charheadicon/m_1408.png,456,320,
image/charheadicon/m_1411,ab/42/42c8dcef467dc1f1d7e57ca0029558b7.unity3d,Texture2D,m_1411,2860815988634012336,image/charheadicon/m_1411.png,456,320,
image/charheadicon/m_1435,ab/43/43efa7f6a556e8af6e83c36b588e51e1.unity3d,Texture2D,m_1435,-2208488188885349862,image/charheadicon/m_1435.png,456,320,
image/charheadicon/m_1447,ab/e9/e950264519c93279b914b6f87c570d8b.unity3d,Texture2D,m_1447,5425888020294541108,image/charheadicon/m_1447.png,456,320,
image/charheadicon/m_1450,ab/c9/c9ee9e95ca42ca56513613aaaf19e2f5.unity3d,Texture2D,m_1450,-1820992351196272498,image/charheadicon/m_1450.png,456,320,
image/charheadicon/m_1480,ab/c1/c1f15c5bd0d9ebcaa32a0f4c6d1abaaf.unity3d,Texture2D,m_1480,4774910314434368669,image/charheadicon/m_1480.png,456,320,
image/charheadicon/m_1486,ab/e3/e3fc9c8a9c817e2eb928ebb0969afcda.unity3d,Texture2D,m_1486,-4203081046598194334,image/charheadicon/m_1486.png,456,320,
image/charheadicon/m_1489,ab/70/701371823c57ce1b69a1996e1edddc44.unity3d,Texture2D,m_1489,-8568687330780256130,image/charheadicon/m_1489.png,456,320,
image/charheadicon/m_1499,ab/f5/f5dd36de6b3ca311171f6ecfc7f6ea40.unity3d,Texture2D,m_1499,-46536265055337793,image/charheadicon/m_1499.png,456,320,
image/charheadicon/m_1502,ab/f8/f80ff142bbc3dd29789580f5b27437b3.unity3d,Texture2D,m_1502,2428122401224946392,image/charheadicon/m_1502.png,456,320,
image/charheadicon/m_1521,ab/69/691127d86b002f6bcea6a0b3c0661f64.unity3d,Texture2D,m_1521,7722074973248029892,image/charheadicon/m_1521.png,456,320,
image/charheadicon/m_1559,ab/67/67907be858961d667b5b950ac81ec0c6.unity3d,Texture2D,m_1559,8526106500481649803,image/charheadicon/m_1559.png,456,320,
image/customtrackicon/trackmodule/forest_middle_build_01_icon,ab/b0/b0a120dff43ec29828f131ce320fec53.unity3d,Texture2D,forest_middle_build_01_icon,5292099942310172958,image/customtrackicon/trackmodule/forest_middle_build_01_icon.png,228,160,
image/customtrackicon/trackmodule/forest_middle_build_09_icon,ab/f1/f1aad431c6c2354f9276614b992abdef.unity3d,Texture2D,forest_middle_build_09_icon,-7479004786481225600,image/customtrackicon/trackmodule/forest_middle_build_09_icon.png,228,160,
image/customtrackicon/trackmodule/forest_tree_01_icon,ab/3f/3f7505cc46339f2209f9857e1bfd9983.unity3d,Texture2D,forest_tree_01_icon,-4593366366075590805,image/customtrackicon/trackmodule/forest_tree_01_icon.png,228,160,
image/customtrackicon/trackmodule/forest02_icon,ab/23/23220cd6c9bfa5e6f7b7073d3cf58d22.unity3d,Texture2D,forest02_icon,-3941823223652943936,image/customtrackicon/trackmodule/forest02_icon.png,228,160,
image/customtrackicon/trackmodule/forest03_icon,ab/0b/0b75aa7fb2792e5344d1b3cbe2ca1bbf.unity3d,Texture2D,forest03_icon,4348638690536535701,image/customtrackicon/trackmodule/forest03_icon.png,228,160,
image/customtrackicon/trackmodule/forest05_icon,ab/e2/e2add1773c86715dc4b345360ebd5215.unity3d,Texture2D,forest05_icon,-7701010050265467397,image/customtrackicon/trackmodule/forest05_icon.png,228,160,
image/customtrackicon/trackmodule/road_auto_end_icon,ab/2d/2de7135a16323d5d28287589ed949316.unity3d,Texture2D,road_auto_end_icon,-113296671823764087,image/customtrackicon/trackmodule/road_auto_end_icon.png,228,160,
image/customtrackicon/trackmodule/road_blunt_icon,ab/f7/f786ee6c639fe15d804a1cf3b089115f.unity3d,Texture2D,road_blunt_icon,-1908956382303751371,image/customtrackicon/trackmodule/road_blunt_icon.png,228,160,
image/customtrackicon/trackmodule/road_complexity_03_icon,ab/c8/c834154a86492789d1ce907561fe4f39.unity3d,Texture2D,road_complexity_03_icon,-3022269864952182883,image/customtrackicon/trackmodule/road_complexity_03_icon.png,228,160,
image/customtrackicon/trackmodule/road_curve_06_icon,ab/2d/2de9ea84afa2847601fdf5b694a4a5ee.unity3d,Texture2D,road_curve_06_icon,946940191587789338,image/customtrackicon/trackmodule/road_curve_06_icon.png,228,160,
image/customtrackicon/trackmodule/road_curve_07_icon,ab/be/becd1b98a5d7ab4da9f75e7468393a48.unity3d,Texture2D,road_curve_07_icon,-3323234006562753746,image/customtrackicon/trackmodule/road_curve_07_icon.png,228,160,
image/customtrackicon/trackmodule/road_curve_08_icon,ab/f5/f5b21cd1c253fe94e4a8f4d3432a6c96.unity3d,Texture2D,road_curve_08_icon,228911631592231059,image/customtrackicon/trackmodule/road_curve_08_icon.png,228,160,
image/customtrackicon/trackmodule/road_curve_c_01_icon,ab/41/4127584db22471d63d5b1a4710d5ed56.unity3d,Texture2D,road_curve_c_01_icon,5358608923961371803,image/customtrackicon/trackmodule/road_curve_c_01_icon.png,228,160,
image/customtrackicon/trackmodule/road_curve_c_icon,ab/c5/c533567852dbb2f8438da126afe0c58b.unity3d,Texture2D,road_curve_c_icon,6662500536709050811,image/customtrackicon/trackmodule/road_curve_c_icon.png,228,160,
image/customtrackicon/trackmodule/road_curve_v_02_icon,ab/f3/f32d4b66479e1d4a60206f4959696e4b.unity3d,Texture2D,road_curve_v_02_icon,-4111766179692278256,image/customtrackicon/trackmodule/road_curve_v_02_icon.png,228,160,
image/customtrackicon/trackmodule/road_line_01_icon,ab/55/5531c634acc64c4baf264c22e6be5422.unity3d,Texture2D,road_line_01_icon,-4315400598066737927,image/customtrackicon/trackmodule/road_line_01_icon.png,228,160,
image/customtrackicon/trackmodule/road_line_icon,ab/17/17ed336f0c127fe8d41078785d53a553.unity3d,Texture2D,road_line_icon,-2729296212147027577,image/customtrackicon/trackmodule/road_line_icon.png,228,160,
image/customtrackicon/trackmodule/road_right_angle_01_icon,ab/d1/d182ce2a9aec83f29812b39e115546b9.unity3d,Texture2D,road_right_angle_01_icon,-5707184610464921433,image/customtrackicon/trackmodule/road_right_angle_01_icon.png,228,160,
image/customtrackicon/trackmodule/road_right_angle_d_icon,ab/b0/b0020096db056d3ef4d88aad34dd4acd.unity3d,Texture2D,road_right_angle_d_icon,655853252005007294,image/customtrackicon/trackmodule/road_right_angle_d_icon.png,228,160,
image/customtrackicon/trackmodule/road_right_angle_l_icon,ab/40/40922b7a219401f1f0285302652836ac.unity3d,Texture2D,road_right_angle_L_icon,-7387649951684217668,image/customtrackicon/trackmodule/road_right_angle_l_icon.png,228,160,
image/customtrackicon/trackmodule/road_right_angle_z_icon,ab/c7/c7955a056519ed1180a556d40ac54592.unity3d,Texture2D,road_right_angle_z_icon,-3373427615623651164,image/customtrackicon/trackmodule/road_right_angle_z_icon.png,228,160,
image/customtrackicon/trackmodule/road_right_raised_01_icon,ab/43/431e81c68709cbcb21e9b31f6ecc732e.unity3d,Texture2D,road_right_raised_01_icon,-1965693640047584022,image/customtrackicon/trackmodule/road_right_raised_01_icon.png,228,160,
image/customtrackicon/trackmodule/road_right_stretch_02_icon,ab/16/16f7e1c8c056c8336219a237df817fd4.unity3d,Texture2D,road_right_Stretch_02_icon,7773962719080707829,image/customtrackicon/trackmodule/road_right_stretch_02_icon.png,228,160,
image/customtrackicon/trackmodule/road_right_stretch_03_icon,ab/f7/f72c5ed4e785edee64f88332b7ee9971.unity3d,Texture2D,road_right_Stretch_03_icon,-2522260112065697490,image/customtrackicon/trackmodule/road_right_stretch_03_icon.png,228,160,
image/customtrackicon/trackmodule/road_slope_01_icon,ab/04/04f86fb2a8243f5fa218880ef7867bbe.unity3d,Texture2D,road_Slope_01_icon,-4798237078852510850,image/customtrackicon/trackmodule/road_slope_01_icon.png,228,160,
image/customtrackicon/trackmodule/springitem_big_icon,ab/f1/f1ff5af59c39e6453d17a5ec5efaa919.unity3d,Texture2D,SpringItem_big_icon,4561491250418178091,image/customtrackicon/trackmodule/springitem_big_icon.png,228,160,
image/customtrackicon/trackmodule/springitem_icon,ab/26/26fbb13d3288eaa85eb47bf6744dc8f3.unity3d,Texture2D,SpringItem_icon,-3112785641412626033,image/customtrackicon/trackmodule/springitem_icon.png,228,160,
image/customtrackicon/trackmodule/village_arch_01_icon,ab/0a/0a33920946bfc28f3a6764f35cbf9252.unity3d,Texture2D,village_arch_01_icon,4273121988640614437,image/customtrackicon/trackmodule/village_arch_01_icon.png,228,160,
image/customtrackicon/trackmodule/village_arch_02_icon,ab/65/6531f219582147a406ffc2371aaa8f79.unity3d,Texture2D,village_arch_02_icon,2697511532250048144,image/customtrackicon/trackmodule/village_arch_02_icon.png,228,160,
image/customtrackicon/trackmodule/village_arch_06_icon,ab/19/19dbc6c51e2f281f7f10aaf17815d71f.unity3d,Texture2D,village_arch_06_icon,-4559434449701374716,image/customtrackicon/trackmodule/village_arch_06_icon.png,228,160,
image/customtrackicon/trackmodule/village_middle_build_01_icon,ab/e5/e550ed97135729e2cc95f6c1d8c0eb3f.unity3d,Texture2D,village_middle_build_01_icon,-6928455253007662268,image/customtrackicon/trackmodule/village_middle_build_01_icon.png,228,160,
image/customtrackicon/trackmodule/village_middle_build_05_icon,ab/c8/c84423fe12038754e757349357f2ec65.unity3d,Texture2D,village_middle_build_05_icon,-2491226272272839787,image/customtrackicon/trackmodule/village_middle_build_05_icon.png,228,160,
image/customtrackicon/trackmodule/village_middle_build_07_icon,ab/f7/f71fe216567e5c31b15eaae93c432a9a.unity3d,Texture2D,village_middle_build_07_icon,-6754598393721835156,image/customtrackicon/trackmodule/village_middle_build_07_icon.png,228,160,
image/customtrackicon/trackmodule/village_middle_build_08_icon,ab/e0/e0125c60e9dfbbbc84ef7577f52e0ba5.unity3d,Texture2D,village_middle_build_08_icon,-5610559116468934721,image/customtrackicon/trackmodule/village_middle_build_08_icon.png,228,160,
image/customtrackicon/trackmodule/village_middle_build_09_icon,ab/ea/eaddf9e636fe57fb66e26bcdfd34c35c.unity3d,Texture2D,village_middle_build_09_icon,-8146594271694834731,image/customtrackicon/trackmodule/village_middle_build_09_icon.png,228,160,
image/customtrackicon/trackmodule/village_middle_build_14_icon,ab/32/3203b21008a8fe95de1192bde4360395.unity3d,Texture2D,village_middle_build_14_icon,4081913625975737766,image/customtrackicon/trackmodule/village_middle_build_14_icon.png,228,160,
image/customtrackicon/trackmodule/village_middle_build_15_icon,ab/ed/ed0b17a0cb098f8573cba84d5fa0cad2.unity3d,Texture2D,village_middle_build_15_icon,-7551267857067085187,image/customtrackicon/trackmodule/village_middle_build_15_icon.png,228,160,
image/customtrackicon/trackmodule/village_tree_02_icon,ab/55/55e8c939473043ed92a869487c6cc03a.unity3d,Texture2D,village_tree_02_icon,4167193675103992579,image/customtrackicon/trackmodule/village_tree_02_icon.png,228,160,
image/customtrackicon/trackmodule/village01_icon,ab/26/26c6b70ab5af16f369f44225587a33db.unity3d,Texture2D,village01_icon,-3343419597704608576,image/customtrackicon/trackmodule/village01_icon.png,228,160,
image/customtrackicon/trackmodule/village07_icon,ab/e2/e2facea66731b552f459edaf89762d7b.unity3d,Texture2D,village07_icon,-6727479087873012699,image/customtrackicon/trackmodule/village07_icon.png,228,160,
image/customtrackicon/trackmodule/word_middle_build_02_icon,ab/e9/e94d9625db6e3f3534a6e1318a79798b.unity3d,Texture2D,word_middle_build_02_icon,1421298549546268660,image/customtrackicon/trackmodule/word_middle_build_02_icon.png,228,160,
image/customtrackicon/trackmodule/word_middle_build_03_icon,ab/e5/e5ba04795e91280a6ca1c80d37a8b356.unity3d,Texture2D,word_middle_build_03_icon,-2873303047786947473,image/customtrackicon/trackmodule/word_middle_build_03_icon.png,228,160,
image/customtrackicon/trackmodule/word_middle_build_04_icon,ab/e8/e85f30bff03506d02e458dce6ab7cca3.unity3d,Texture2D,word_middle_build_04_icon,-8430674225992619895,image/customtrackicon/trackmodule/word_middle_build_04_icon.png,228,160,
image/customtrackicon/trackmodule/word_middle_build_09_icon,ab/fc/fccf46ca03f8f2bce84d54ec24a8ac74.unity3d,Texture2D,word_middle_build_09_icon,-5310938444752032399,image/customtrackicon/trackmodule/word_middle_build_09_icon.png,228,160,
image/customtrackicon/trackmodule/word_middle_build_12_icon,ab/ea/ea73a96492fbea2d6dcc26684b60b55b.unity3d,Texture2D,word_middle_build_12_icon,-5445303616939404858,image/customtrackicon/trackmodule/word_middle_build_12_icon.png,228,160,
image/fettericon/shitu_baishi,ab/43/438d438977e18450d5b07c776a6b1eac.unity3d,Texture2D,ShiTu_baishi,-5617430281229055782,image/fettericon/shitu_baishi.png,440,564,
image/fettericon/zyou_zhiai_bg,ab/50/50529b387d09ea937e2ce7ee593259d5.unity3d,Texture2D,Zyou_zhiai_bg,6771551473133743401,image/fettericon/zyou_zhiai_bg.png,276,72,
image/fleetmanagermapicon/headicon/4,ab/b5/b585a28668b706932130246b9f7cc250.unity3d,Texture2D,4,2877506068448170242,image/fleetmanagermapicon/headicon/4.png,132,114,
image/fleetmanagermapicon/headicon/8,ab/eb/ebb8bda14b3d44bef1979efa937f211c.unity3d,Texture2D,8,7818976699551406233,image/fleetmanagermapicon/headicon/8.png,132,132,
image/fleetmanagermapicon/headicon/fm_300001,ab/d1/d14001016dc3e7e70f0e52a488a7f728.unity3d,Texture2D,fm_300001,577246035003873774,image/fleetmanagermapicon/headicon/fm_300001.png,80,80,
image/fleetmanagermapicon/headicon/fm_300013,ab/b8/b8b845cbca9e20471021c13ce6b830b7.unity3d,Texture2D,fm_300013,3171764025342438979,image/fleetmanagermapicon/headicon/fm_300013.png,80,80,
image/fleetmanagermapicon/headicon/fm_300028,ab/fa/fad5307dd001fb22c84c00caf0058c12.unity3d,Texture2D,fm_300028,8924548668869790475,image/fleetmanagermapicon/headicon/fm_300028.png,80,80,
image/fleetmanagermapicon/headicon/fm_301002,ab/51/51f31c82957e7cdd2e7ac76335a36f5d.unity3d,Texture2D,fm_301002,-3333555973413918306,image/fleetmanagermapicon/headicon/fm_301002.png,80,80,
image/fleetmanagermapicon/headicon/fm_301007,ab/be/bef9954afa0ee40b92143a32b135b2a6.unity3d,Texture2D,fm_301007,-5340902958229089231,image/fleetmanagermapicon/headicon/fm_301007.png,80,80,
image/fleetmanagermapicon/headicon/fm_303001,ab/d2/d2c2057985186eafccff396285b2a627.unity3d,Texture2D,fm_303001,8822552676989315129,image/fleetmanagermapicon/headicon/fm_303001.png,80,80,
image/fleetmanagermapicon/headicon/fm_304004,ab/d1/d19874d0b304c4385e4cf57c597cd78a.unity3d,Texture2D,fm_304004,-9162141296671953186,image/fleetmanagermapicon/headicon/fm_304004.png,80,80,
image/fleetmanagermapicon/headicon/fm_309001,ab/55/55061ce87bbdd7038fb37f72dabb00b8.unity3d,Texture2D,fm_309001,-2060978666608481515,image/fleetmanagermapicon/headicon/fm_309001.png,80,80,
image/fleetmanagermapicon/headicon/fm_310012,ab/ec/ecab7969c8d1f8201e1e9a6bc80eb87a.unity3d,Texture2D,fm_310012,8322466467300707268,image/fleetmanagermapicon/headicon/fm_310012.png,80,80,
image/fleetmanagermapicon/headicon/fm_310013,ab/0c/0c2d07e7b6aea890602e49aff94e5073.unity3d,Texture2D,fm_310013,-4959814156844312709,image/fleetmanagermapicon/headicon/fm_310013.png,80,80,
image/fleetmanagermapicon/headicon/fm_310017,ab/04/04baec44572be8eadeecfd780b09cdeb.unity3d,Texture2D,fm_310017,-2618095086999039838,image/fleetmanagermapicon/headicon/fm_310017.png,80,80,
image/fleetmanagermapicon/headicon/fm_310026,ab/3d/3d39c8c6a70611d1a7f6ae2d531869a8.unity3d,Texture2D,fm_310026,-249633105591591546,image/fleetmanagermapicon/headicon/fm_310026.png,80,80,
image/fleetmanagermapicon/headicon/fm_310031,ab/cc/cc591d33f353f2e09df65f302a8623ef.unity3d,Texture2D,fm_310031,1295504174853733267,image/fleetmanagermapicon/headicon/fm_310031.png,80,80,
image/fleetmanagermapicon/headicon/fm_310033,ab/fa/fa12d2e528ee71cc8054087959e37536.unity3d,Texture2D,fm_310033,6238597355407938949,image/fleetmanagermapicon/headicon/fm_310033.png,80,80,
image/fleetmanagermapicon/headicon/fm_310035,ab/47/4701787eac36ba2415d1e125bba7aa89.unity3d,Texture2D,fm_310035,588073979111262073,image/fleetmanagermapicon/headicon/fm_310035.png,80,80,
image/fleetmanagermapicon/headicon/fm_310043,ab/c1/c1a75e2ecc06636c80335cb1332751f2.unity3d,Texture2D,fm_310043,-6595358917520001074,image/fleetmanagermapicon/headicon/fm_310043.png,80,80,
image/fleetmanagermapicon/headicon/fm_310054,ab/2d/2dc6e67f496b4a6cc207647b9a99794a.unity3d,Texture2D,fm_310054,8830815363892587325,image/fleetmanagermapicon/headicon/fm_310054.png,80,80,
image/fleetmanagermapicon/headicon/fm_310066,ab/c7/c771e062db83014091e59e34f63e7c7e.unity3d,Texture2D,fm_310066,-5387116005151702594,image/fleetmanagermapicon/headicon/fm_310066.png,80,80,
image/fleetmanagermapicon/headicon/fm_310088,ab/3d/3de3e8f253906473e2c0d2ce48c67b3a.unity3d,Texture2D,fm_310088,-6376746274669147428,image/fleetmanagermapicon/headicon/fm_310088.png,80,80,
image/fleetmanagermapicon/headicon/fm_310092,ab/b3/b322b3202d82e721932dca6ae97a45e3.unity3d,Texture2D,fm_310092,8468916573333552589,image/fleetmanagermapicon/headicon/fm_310092.png,80,80,
image/fleetmanagermapicon/headicon/fm_310101,ab/0b/0b4414b47fe22f9765977715e0112104.unity3d,Texture2D,fm_310101,8672008371148826767,image/fleetmanagermapicon/headicon/fm_310101.png,80,80,
image/fleetmanagermapicon/headicon/fm_310102,ab/ea/ea7f7ae94f3365aa2d5ea932ccbcc8b5.unity3d,Texture2D,fm_310102,6086804109935270407,image/fleetmanagermapicon/headicon/fm_310102.png,80,80,
image/fleetmanagermapicon/headicon/fm_310104,ab/62/62d812ae39dadf2a889468527225dbe9.unity3d,Texture2D,fm_310104,744706995830728654,image/fleetmanagermapicon/headicon/fm_310104.png,80,80,
image/fleetmanagermapicon/headicon/fm_310106,ab/dd/dd3db7f6d6368c5409d10accd57a7a2e.unity3d,Texture2D,fm_310106,-3551254513221170135,image/fleetmanagermapicon/headicon/fm_310106.png,80,80,
image/fleetmanagermapicon/headicon/fm_310107,ab/02/0249aecd002aa56fc29e07b49a62c9df.unity3d,Texture2D,fm_310107,-240640972746293821,image/fleetmanagermapicon/headicon/fm_310107.png,80,80,
image/fleetmanagermapicon/headicon/fm_310112,ab/46/46afbd8c00c6240b02a723b23fc70f7c.unity3d,Texture2D,fm_310112,1591322773664062200,image/fleetmanagermapicon/headicon/fm_310112.png,80,80,
image/fleetmanagermapicon/headicon/fm_310115,ab/f1/f159930d59b1b5671e3e1661c943f40f.unity3d,Texture2D,fm_310115,-8126421480720203871,image/fleetmanagermapicon/headicon/fm_310115.png,80,80,
image/fleetmanagermapicon/headicon/fm_310118,ab/e2/e2176a66d5c8cf025e072c948b8219a3.unity3d,Texture2D,fm_310118,5484519723964771937,image/fleetmanagermapicon/headicon/fm_310118.png,80,80,
image/fleetmanagermapicon/headicon/fm_310119,ab/53/53dcf9c4c5c46b5e5fe7e258eea0e55c.unity3d,Texture2D,fm_310119,-2883618593356479763,image/fleetmanagermapicon/headicon/fm_310119.png,80,80,
image/fleetmanagermapicon/headicon/fm_310125,ab/b5/b57ab049b8b3de6a87e1bf3e8af3dda4.unity3d,Texture2D,fm_310125,-2549014344716792809,image/fleetmanagermapicon/headicon/fm_310125.png,80,80,
image/fleetmanagermapicon/headicon/fm_310134,ab/fc/fcf000d3261a527011c7b0b7776be955.unity3d,Texture2D,fm_310134,5248155480297851981,image/fleetmanagermapicon/headicon/fm_310134.png,80,80,
image/fleetmanagermapicon/headicon/fm_310144,ab/fa/fa9d14995705712d25c124fcd1f363a6.unity3d,Texture2D,fm_310144,-1816816850192058298,image/fleetmanagermapicon/headicon/fm_310144.png,80,80,
image/fleetmanagermapicon/headicon/fm_310149,ab/26/26eebb665b15bff7596ed3d4304e5393.unity3d,Texture2D,fm_310149,-3212997259814559841,image/fleetmanagermapicon/headicon/fm_310149.png,80,80,
image/fleetmanagermapicon/headicon/fm_310152,ab/16/16c5c56b5a7a110a78a02424fb0decea.unity3d,Texture2D,fm_310152,-6472161246083502955,image/fleetmanagermapicon/headicon/fm_310152.png,80,80,
image/fleetmanagermapicon/headicon/fm_310158,ab/b5/b548c2353e7c8a64b2357e905a6bd901.unity3d,Texture2D,fm_310158,8372423640247648877,image/fleetmanagermapicon/headicon/fm_310158.png,80,80,
image/fleetmanagermapicon/headicon/fm_310175,ab/c0/c06374dfcee3c7b36a94ec50527990c6.unity3d,Texture2D,fm_310175,5049101518979704483,image/fleetmanagermapicon/headicon/fm_310175.png,80,80,
image/fleetmanagermapicon/map/110004_map,ab/27/2730215d5a7521c7f630567302fa6398.unity3d,Texture2D,110004_map,-4012577374554619245,image/fleetmanagermapicon/map/110004_map.png,512,512,
image/fleetmanagermapicon/map/110005_map,ab/e2/e2401626c10e1f20531404f5757bd20a.unity3d,Texture2D,110005_map,8790142470818011395,image/fleetmanagermapicon/map/110005_map.png,512,512,
image/fleetmanagermapicon/map/110006_map,ab/b3/b32893a2a90797199cef4db565e7718c.unity3d,Texture2D,110006_map,167944497213917657,image/fleetmanagermapicon/map/110006_map.png,512,512,
image/fleetmanagermapicon/map/110007_map,ab/f0/f0aaef927cef9baf2ad138ffe8172ea8.unity3d,Texture2D,110007_map,6225616542026250462,image/fleetmanagermapicon/map/110007_map.png,512,512,
image/fleetmanagermapicon/map/110008_map,ab/e4/e4ce66460d2589c11bf6bdd50ac19bc3.unity3d,Texture2D,110008_map,4784356398966346215,image/fleetmanagermapicon/map/110008_map.png,512,512,
image/fleetmanagermapicon/map/110009_map,ab/e8/e8360ee2e30b98c6450ecaaae2335ceb.unity3d,Texture2D,110009_map,-6328416263150829075,image/fleetmanagermapicon/map/110009_map.png,512,512,
image/fleetmanagermapicon/map/110012_map,ab/e2/e2d1f4e397dde91abbd11641a3958519.unity3d,Texture2D,110012_map,7180621626392431422,image/fleetmanagermapicon/map/110012_map.png,512,512,
image/fleetmanagermapicon/map/110014_map,ab/53/53eee9aceb9dbfa0466c44e6e8ac92c0.unity3d,Texture2D,110014_map,-1237437159867005517,image/fleetmanagermapicon/map/110014_map.png,512,512,
image/fleetmanagermapicon/map/110016_map,ab/d1/d19d0e36f4abad206327601d7dbc0dd5.unity3d,Texture2D,110016_map,3917438062278971572,image/fleetmanagermapicon/map/110016_map.png,512,512,
image/fleetmanagermapicon/map/110017_map,ab/d0/d060237bf53d88b4f8dd6607583c82a9.unity3d,Texture2D,110017_map,4094258886982941769,image/fleetmanagermapicon/map/110017_map.png,512,512,
image/fleetmanagermapicon/map/110019_map,ab/c6/c654d81b752b0f4a9b278ffa6aefa657.unity3d,Texture2D,110019_map,-3670465690397737001,image/fleetmanagermapicon/map/110019_map.png,512,512,
image/fleetmanagermapicon/map/210001_map,ab/e8/e880db4aa1684570eedd89d2dd97c876.unity3d,Texture2D,210001_map,4757161532642000941,image/fleetmanagermapicon/map/210001_map.png,512,512,
image/fleetmanagermapicon/map/210002_map,ab/53/5373c359715af2b0361c472e7f249550.unity3d,Texture2D,210002_map,-214544657322038156,image/fleetmanagermapicon/map/210002_map.png,512,512,
image/fleetmanagermapicon/map/210003_map,ab/46/46d3d4d2b9c80c15b9a4c124b6492c6a.unity3d,Texture2D,210003_map,-5483741842852857351,image/fleetmanagermapicon/map/210003_map.png,512,512,
image/fleetmanagermapicon/map/210004_map,ab/41/418e9a83babc9b407aca33ea2c07cc2b.unity3d,Texture2D,210004_map,-4609097386015373059,image/fleetmanagermapicon/map/210004_map.png,512,512,
image/fleetmanagermapicon/map/210006_map,ab/66/668e406deba2095fec3e0332c35c48e4.unity3d,Texture2D,210006_map,251358970200463456,image/fleetmanagermapicon/map/210006_map.png,512,512,
image/fleetmanagermapicon/map/210008_map,ab/00/00c354760bed8af3cde6da88101e2cb1.unity3d,Texture2D,210008_map,84159438818849139,image/fleetmanagermapicon/map/210008_map.png,512,512,
image/fleetmanagermapicon/map/210009_map,ab/d2/d249c219bdd15f5276a6f44939be0f51.unity3d,Texture2D,210009_map,-5512629217803585039,image/fleetmanagermapicon/map/210009_map.png,512,512,
image/fleetmanagermapicon/map/210012_map,ab/04/047ccbf221f645d4cf5399eff189c95c.unity3d,Texture2D,210012_map,9158383480691735410,image/fleetmanagermapicon/map/210012_map.png,512,512,
image/fleetmanagermapicon/map/210016_map,ab/f7/f77c9301214198fd0cc68bf10efc70b1.unity3d,Texture2D,210016_map,-7312021276163522478,image/fleetmanagermapicon/map/210016_map.png,512,512,
image/fleetmanagermapicon/map/210022_map,ab/be/beb80a65a8fe32d9641b159125a1aaa1.unity3d,Texture2D,210022_map,5241330510829531040,image/fleetmanagermapicon/map/210022_map.png,512,512,
image/fleetmanagermapicon/map/210025_map,ab/c8/c8a63f0143256b87955a643f7a1cbb1a.unity3d,Texture2D,210025_map,9033918302635002484,image/fleetmanagermapicon/map/210025_map.png,512,512,
image/fleetmanagermapicon/map/210028_map,ab/cb/cb2afd244a7f1812a8e1328907eaa228.unity3d,Texture2D,210028_map,-7243234916851277450,image/fleetmanagermapicon/map/210028_map.png,512,512,
image/fleetmanagermapicon/map/300002_map,ab/eb/eb423009a103703ba18ffe5d7f8f6484.unity3d,Texture2D,300002_map,3949305146819513777,image/fleetmanagermapicon/map/300002_map.png,512,512,
image/fleetmanagermapicon/map/300007_map,ab/18/18b7b484a375b5660a65380ca01e6242.unity3d,Texture2D,300007_map,-4582363950679790805,image/fleetmanagermapicon/map/300007_map.png,512,512,
image/fleetmanagermapicon/map/300015_map,ab/dd/dd381e473e76a5d9be66955fca8a7bf8.unity3d,Texture2D,300015_map,4248852818173799806,image/fleetmanagermapicon/map/300015_map.png,512,512,
image/fleetmanagermapicon/map/300018_map,ab/35/35094e24ec061684865b4fd4eee97783.unity3d,Texture2D,300018_map,-3881198563060153056,image/fleetmanagermapicon/map/300018_map.png,512,512,
image/fleetmanagermapicon/map/300023_map,ab/ec/ec4d78aedc41686e23cfaac661f24ccb.unity3d,Texture2D,300023_map,573965369668930556,image/fleetmanagermapicon/map/300023_map.png,512,512,
image/fleetmanagermapicon/map/300027_map,ab/26/26e6b8e4340ed3d05a34216821458140.unity3d,Texture2D,300027_map,6504533159493046188,image/fleetmanagermapicon/map/300027_map.png,512,512,
image/fleetmanagermapicon/map/300028_map,ab/2f/2f1807cf8b48f3f0f1930e5c741c39cb.unity3d,Texture2D,300028_map,7799757713149618117,image/fleetmanagermapicon/map/300028_map.png,512,512,
image/fleetmanagermapicon/map/300032_map,ab/f4/f418809a42df41e5ca14b1a52d1148f7.unity3d,Texture2D,300032_map,-5159766433154010493,image/fleetmanagermapicon/map/300032_map.png,512,512,
image/fleetmanagermapicon/map/300033_map,ab/be/beb79a83af926e860d8350f5392e5903.unity3d,Texture2D,300033_map,2596406643544170981,image/fleetmanagermapicon/map/300033_map.png,512,512,
image/fleetmanagermapicon/map/300034_map,ab/b8/b89e31906ba9d023b484b2904a3f1270.unity3d,Texture2D,300034_map,-1687103115481362284,image/fleetmanagermapicon/map/300034_map.png,512,512,
image/fleetmanagermapicon/map/300035_map,ab/43/4337c9982bb6d178636c0771ab818985.unity3d,Texture2D,300035_map,4332707905200881176,image/fleetmanagermapicon/map/300035_map.png,512,512,
image/fleetmanagermapicon/map/300036_map,ab/dd/ddcf5f436a7e9c1a7bf77e17ee1656a7.unity3d,Texture2D,300036_map,7969453160619935304,image/fleetmanagermapicon/map/300036_map.png,512,512,
image/fleetmanagermapicon/map/300038_map,ab/e5/e56238fc94175e71714044ef2931a738.unity3d,Texture2D,300038_map,7810944811353366978,image/fleetmanagermapicon/map/300038_map.png,512,512,
image/fleetmanagermapicon/map/310001_map,ab/f0/f02acd3264ec676bb0bd6efa9dab6f9a.unity3d,Texture2D,310001_map,7252985930854245064,image/fleetmanagermapicon/map/310001_map.png,512,512,
image/fleetmanagermapicon/map/310008_map,ab/ee/ee0fe69f051ebb4c782b5c1c7a188ea7.unity3d,Texture2D,310008_map,-8876336431901529508,image/fleetmanagermapicon/map/310008_map.png,512,512,
image/fleetmanagermapicon/map/310011_map,ab/ea/ea5555bd0b9a4996bdb515ae70d9751f.unity3d,Texture2D,310011_map,6497307627031630296,image/fleetmanagermapicon/map/310011_map.png,512,512,
image/fleetmanagermapicon/map/310012_map,ab/d2/d252d708e0fd045a38962399029966df.unity3d,Texture2D,310012_map,-63291008049257497,image/fleetmanagermapicon/map/310012_map.png,512,512,
image/fleetmanagermapicon/map/310016_map,ab/cf/cf5a415be343283afcc6396108981e99.unity3d,Texture2D,310016_map,-8453012502737219920,image/fleetmanagermapicon/map/310016_map.png,512,512,
image/fleetmanagermapicon/map/310017_map,ab/00/007c1999f8dca2fb548b4d9ea2d25b93.unity3d,Texture2D,310017_map,-6604562875921893157,image/fleetmanagermapicon/map/310017_map.png,512,512,
image/fleetmanagermapicon/map/310023_map,ab/e8/e822dc88289abe5c27e9fdabe7beaabb.unity3d,Texture2D,310023_map,6939341716802187002,image/fleetmanagermapicon/map/310023_map.png,512,512,
image/fleetmanagermapicon/map/310026_map,ab/40/40a68b036c80fe52174ac0c1201001bd.unity3d,Texture2D,310026_map,6388176490259824060,image/fleetmanagermapicon/map/310026_map.png,512,512,
image/fleetmanagermapicon/map/310030_map,ab/67/6764d52940ad161a50b4012e049d5c5c.unity3d,Texture2D,310030_map,6259446442894318849,image/fleetmanagermapicon/map/310030_map.png,512,512,
image/fleetmanagermapicon/map/320002_map,ab/0e/0e07639481b71ed765afb9a5908c3a6f.unity3d,Texture2D,320002_map,3973456277654763888,image/fleetmanagermapicon/map/320002_map.png,512,512,
image/fleetmanagermapicon/map/320008_map,ab/49/49092c113cea3a407c9505d3d41cac4b.unity3d,Texture2D,320008_map,5208742655780202468,image/fleetmanagermapicon/map/320008_map.png,512,512,
image/fleetmanagermapicon/map/320012_map,ab/d3/d3e9b18bc3896ede27bb697beac435a3.unity3d,Texture2D,320012_map,2358536594187052499,image/fleetmanagermapicon/map/320012_map.png,512,512,
image/fleetmanagermapicon/map/320013_map,ab/3d/3db6c5fd902ea932afe9038acd391bfd.unity3d,Texture2D,320013_map,4812909819526327530,image/fleetmanagermapicon/map/320013_map.png,512,512,
image/fleetmanagermapicon/map/320016_map,ab/c0/c08f94b0fa27b9933fbc34b56a81c1d2.unity3d,Texture2D,320016_map,-2635801735043862201,image/fleetmanagermapicon/map/320016_map.png,512,512,
image/fleetmanagermapicon/map/320022_map,ab/bd/bd4653b076d7d094f390d96691561b21.unity3d,Texture2D,320022_map,-7203188224078550154,image/fleetmanagermapicon/map/320022_map.png,512,512,
image/fleetmanagermapicon/map/320023_map,ab/fb/fbe832d9c040b3ac796c32031d1093f5.unity3d,Texture2D,320023_map,5655921686403293430,image/fleetmanagermapicon/map/320023_map.png,512,512,
image/fleetmanagermapicon/map/320025_map,ab/f7/f71f81f37c2f68976cbffcd5e88c1791.unity3d,Texture2D,320025_map,6657934047432241060,image/fleetmanagermapicon/map/320025_map.png,512,512,
image/fleetmanagermapicon/map/320026_map,ab/d2/d26bc5afc4f9da83719b393104d41557.unity3d,Texture2D,320026_map,-8110834872159252493,image/fleetmanagermapicon/map/320026_map.png,512,512,
image/fleetmanagermapicon/map/320028_map,ab/40/400c1a579852360791b9c4242d140fc5.unity3d,Texture2D,320028_map,-5959422285597037126,image/fleetmanagermapicon/map/320028_map.png,512,512,
image/fleetmanagermapicon/map/320030_map,ab/40/407614476fc39d5cbf1b4ff50f5937a8.unity3d,Texture2D,320030_map,8531194989189689611,image/fleetmanagermapicon/map/320030_map.png,512,512,
image/fleetmanagermapicon/mapicon/110003_icon,ab/0c/0c8143e68c0f854fd9a03b42a2449d4b.unity3d,Texture2D,110003_icon,-6250162237935152967,image/fleetmanagermapicon/mapicon/110003_icon.png,256,256,
image/fleetmanagermapicon/mapicon/110005_icon,ab/f5/f58abc37c546725fd0e20d8b44a0bba8.unity3d,Texture2D,110005_icon,8792230473659222571,image/fleetmanagermapicon/mapicon/110005_icon.png,256,256,
image/fleetmanagermapicon/mapicon/110006_icon,ab/eb/ebf07270164f4f344acecb84819874d0.unity3d,Texture2D,110006_icon,4062310009691275616,image/fleetmanagermapicon/mapicon/110006_icon.png,256,256,
image/fleetmanagermapicon/mapicon/110009_icon,ab/03/035e1b5f0c6fae46b50e903bd86aac0d.unity3d,Texture2D,110009_icon,-7054240308705217830,image/fleetmanagermapicon/mapicon/110009_icon.png,256,256,
image/fleetmanagermapicon/mapicon/110012_icon,ab/62/62f40ec4eb5ba574d20d2680e28c0f97.unity3d,Texture2D,110012_icon,-7321885689399039619,image/fleetmanagermapicon/mapicon/110012_icon.png,256,256,
image/fleetmanagermapicon/mapicon/110014_icon,ab/e5/e524acc238afef95c23a661b999c5ba3.unity3d,Texture2D,110014_icon,1530238526215565776,image/fleetmanagermapicon/mapicon/110014_icon.png,256,256,
image/fleetmanagermapicon/mapicon/110015_icon,ab/c5/c5dfa72ca9da9740b8e1cdcac4943b6b.unity3d,Texture2D,110015_icon,2388070928383436612,image/fleetmanagermapicon/mapicon/110015_icon.png,256,256,
image/fleetmanagermapicon/mapicon/210004_icon,ab/29/294badaa2e70d5746255fbfc1dd0bb2f.unity3d,Texture2D,210004_icon,-6849357222586263984,image/fleetmanagermapicon/mapicon/210004_icon.png,256,256,
image/fleetmanagermapicon/mapicon/210008_icon,ab/e8/e8de43730bca5087cd57253844182284.unity3d,Texture2D,210008_icon,-8839842903440075960,image/fleetmanagermapicon/mapicon/210008_icon.png,256,256,
image/fleetmanagermapicon/mapicon/210011_icon,ab/c5/c568cfd8d91ae3e78afa2c3ab536e188.unity3d,Texture2D,210011_icon,3968901286774882786,image/fleetmanagermapicon/mapicon/210011_icon.png,256,256,
image/fleetmanagermapicon/mapicon/210018_icon,ab/f7/f7d2aa265ba8d990a1d67b2320a9d9bf.unity3d,Texture2D,210018_icon,-6764519200110670508,image/fleetmanagermapicon/mapicon/210018_icon.png,256,256,
image/fleetmanagermapicon/mapicon/210020_icon,ab/23/23f3e2c341d659c3289ab4cda8aedf8a.unity3d,Texture2D,210020_icon,2774199206659249990,image/fleetmanagermapicon/mapicon/210020_icon.png,256,256,
image/fleetmanagermapicon/mapicon/210021_icon,ab/62/62a90a85261755b1e628f1b5b1bd5141.unity3d,Texture2D,210021_icon,1954536273176454957,image/fleetmanagermapicon/mapicon/210021_icon.png,256,256,
image/fleetmanagermapicon/mapicon/210025_icon,ab/e5/e575d47d349319056d9e44d9cb16c918.unity3d,Texture2D,210025_icon,3289351010923442953,image/fleetmanagermapicon/mapicon/210025_icon.png,256,256,
image/fleetmanagermapicon/mapicon/210026_icon,ab/65/657f7427dbd0a8c14a04f67856d45d65.unity3d,Texture2D,210026_icon,-8097016603112313929,image/fleetmanagermapicon/mapicon/210026_icon.png,256,256,
image/fleetmanagermapicon/mapicon/210028_icon,ab/0c/0c697ba5d03886c08d5aeada516b5668.unity3d,Texture2D,210028_icon,-4631891294210349583,image/fleetmanagermapicon/mapicon/210028_icon.png,256,256,
image/fleetmanagermapicon/mapicon/300001_icon,ab/04/04a95a682746e9c78f543f8f9688d011.unity3d,Texture2D,300001_icon,1291338428182524991,image/fleetmanagermapicon/mapicon/300001_icon.png,256,256,
image/fleetmanagermapicon/mapicon/300009_icon,ab/eb/eb53a8f96e356888be303a07057f2fd1.unity3d,Texture2D,300009_icon,184334832734026273,image/fleetmanagermapicon/mapicon/300009_icon.png,256,256,
image/fleetmanagermapicon/mapicon/300012_icon,ab/c7/c7e252448df60d9055ce6674e3ac50af.unity3d,Texture2D,300012_icon,-1393518484443245593,image/fleetmanagermapicon/mapicon/300012_icon.png,256,256,
image/fleetmanagermapicon/mapicon/300013_icon,ab/28/2839924dcdabbb5d2001ed40fdaec986.unity3d,Texture2D,300013_icon,-4376796133829285371,image/fleetmanagermapicon/mapicon/300013_icon.png,256,256,
image/fleetmanagermapicon/mapicon/300021_icon,ab/ee/ee48c65e424523b71e21b683e579e91e.unity3d,Texture2D,300021_icon,-3273812104599855083,image/fleetmanagermapicon/mapicon/300021_icon.png,256,256,
image/fleetmanagermapicon/mapicon/300029_icon,ab/f0/f0f068b7e5cdfd4bdc5d2f8cadc7ee5a.unity3d,Texture2D,300029_icon,-4670665641878335569,image/fleetmanagermapicon/mapicon/300029_icon.png,256,256,
image/fleetmanagermapicon/mapicon/300033_icon,ab/cc/cc7da2c917fd6a0c15dd1c6b67c1e4d3.unity3d,Texture2D,300033_icon,-4862292767432260170,image/fleetmanagermapicon/mapicon/300033_icon.png,256,256,
image/fleetmanagermapicon/mapicon/300035_icon,ab/3d/3d947b17d266bb7157074876eb6cb420.unity3d,Texture2D,300035_icon,5730449411280470208,image/fleetmanagermapicon/mapicon/300035_icon.png,256,256,
image/fleetmanagermapicon/mapicon/310003_icon,ab/d1/d11a6f1268cb9c09d59406c02baf024a.unity3d,Texture2D,310003_icon,3049546484198867268,image/fleetmanagermapicon/mapicon/310003_icon.png,256,256,
image/fleetmanagermapicon/mapicon/310008_icon,ab/c8/c8c9863dc2f7bdf140c0b39f811b3227.unity3d,Texture2D,310008_icon,-9037719132216591489,image/fleetmanagermapicon/mapicon/310008_icon.png,256,256,
image/fleetmanagermapicon/mapicon/310011_icon,ab/bd/bde09db7581635e30dd6a76976b64d68.unity3d,Texture2D,310011_icon,-1242354955403372355,image/fleetmanagermapicon/mapicon/310011_icon.png,256,256,
image/fleetmanagermapicon/mapicon/310012_icon,ab/f7/f7cf8ed72fbea5a0ae84d58aa761afa4.unity3d,Texture2D,310012_icon,-5398361145763457330,image/fleetmanagermapicon/mapicon/310012_icon.png,256,256,
image/fleetmanagermapicon/mapicon/310017_icon,ab/62/6233a7ada78c8594ba8c95d3d4c5a9dc.unity3d,Texture2D,310017_icon,-976435127698789800,image/fleetmanagermapicon/mapicon/310017_icon.png,256,256,
image/fleetmanagermapicon/mapicon/310022_icon,ab/c5/c5df83d3c394636ab5455878a76acb87.unity3d,Texture2D,310022_icon,7222499262303965144,image/fleetmanagermapicon/mapicon/310022_icon.png,256,256,
image/fleetmanagermapicon/mapicon/310029_icon,ab/f5/f5fdf265ce009a40cca80eda0d50e445.unity3d,Texture2D,310029_icon,3137338509117701183,image/fleetmanagermapicon/mapicon/310029_icon.png,256,256,
image/fleetmanagermapicon/mapicon/310030_icon,ab/d0/d0e9c297c11bb15a816d7cb8e997bede.unity3d,Texture2D,310030_icon,9118904809123838360,image/fleetmanagermapicon/mapicon/310030_icon.png,256,256,
image/fleetmanagermapicon/mapicon/320002_icon,ab/c1/c1b338d4ac55b59a720ee1d73c8986fc.unity3d,Texture2D,320002_icon,1092222012596690749,image/fleetmanagermapicon/mapicon/320002_icon.png,256,256,
image/fleetmanagermapicon/mapicon/320003_icon,ab/40/40cd62077ae1aa1e93b62254f0525dd0.unity3d,Texture2D,320003_icon,-6825273129160390888,image/fleetmanagermapicon/mapicon/320003_icon.png,256,256,
image/fleetmanagermapicon/mapicon/320006_icon,ab/41/417d4d4681ba3fb1396f9bac40a26621.unity3d,Texture2D,320006_icon,-8484930014941424198,image/fleetmanagermapicon/mapicon/320006_icon.png,256,256,
image/fleetmanagermapicon/mapicon/320011_icon,ab/3c/3c6dcc215d2f011cbae22ac5d9b6d4bb.unity3d,Texture2D,320011_icon,3628646297393033394,image/fleetmanagermapicon/mapicon/320011_icon.png,256,256,
image/fleetmanagermapicon/mapicon/320013_icon,ab/c6/c60cbad70fbc5d613926cafcd7192a00.unity3d,Texture2D,320013_icon,7399698339258359562,image/fleetmanagermapicon/mapicon/320013_icon.png,256,256,
image/fleetmanagermapicon/mapicon/320014_icon,ab/f7/f7572bf6c8492a06352b3d2db7d9ccb5.unity3d,Texture2D,320014_icon,6022002897468686997,image/fleetmanagermapicon/mapicon/320014_icon.png,256,256,
image/fleetmanagermapicon/mapicon/320016_icon,ab/19/19fa1dcdbca117e99856077a4b5c6c65.unity3d,Texture2D,320016_icon,2943279839045788346,image/fleetmanagermapicon/mapicon/320016_icon.png,256,256,
image/fleetmanagermapicon/mapicon/320018_icon,ab/1d/1d2c97149bfd904582838c0a4e38b466.unity3d,Texture2D,320018_icon,3433014102474576958,image/fleetmanagermapicon/mapicon/320018_icon.png,256,256,
image/fleetmanagermapicon/mapicon/320019_icon,ab/c1/c171bf033a500d4155f066e01a2ae874.unity3d,Texture2D,320019_icon,-6427748913150940360,image/fleetmanagermapicon/mapicon/320019_icon.png,256,256,
image/fleetmanagermapicon/mapicon/320020_icon,ab/47/47d04f3a831c2263e36f535a236a4dde.unity3d,Texture2D,320020_icon,4170944636733927180,image/fleetmanagermapicon/mapicon/320020_icon.png,256,256,
image/fleetmanagermapicon/mapicon/320022_icon,ab/51/513579fecd378b060cf48c46d7cd10de.unity3d,Texture2D,320022_icon,7012305494814730316,image/fleetmanagermapicon/mapicon/320022_icon.png,256,256,
image/fleetmanagermapicon/mapicon/320024_icon,ab/17/17a916871963453f455d8a3f162982aa.unity3d,Texture2D,320024_icon,-5294218236791639482,image/fleetmanagermapicon/mapicon/320024_icon.png,256,256,
image/fleetmanagermapicon/mapicon/320027_icon,ab/32/32eb681f031e7af075c9626ce73e4e4c.unity3d,Texture2D,320027_icon,-6452255108788608029,image/fleetmanagermapicon/mapicon/320027_icon.png,256,256,
image/fleetmanagermapicon/mapicon/320029_icon,ab/55/55df08bcc3840b01d45b3c0a21083615.unity3d,Texture2D,320029_icon,5475390735256325943,image/fleetmanagermapicon/mapicon/320029_icon.png,256,256,
image/fleetmanagermapicon/rankicon/10001,ab/51/51d9f361490b2f1acedf4f0825577b58.unity3d,Texture2D,10001,-1866251796947414477,image/fleetmanagermapicon/rankicon/10001.png,520,380,
image/fleetmanagermapicon/rankicon/10004,ab/f4/f42b4f76f8d8320f973439de5e3de5b4.unity3d,Texture2D,10004,5996590153227915605,image/fleetmanagermapicon/rankicon/10004.png,520,380,
image/functionicon/function_gaizhuang,ab/3f/3f5a80e760e08207d6af4d6d86ddcfee.unity3d,Texture2D,function_gaizhuang,532491953806033038,image/functionicon/function_gaizhuang.png,64,64,
image/functionicon/function_gushimoshi,ab/03/03594a059a891ea003c215fa33f47e4d.unity3d,Texture2D,function_gushimoshi,-7285448286580586584,image/functionicon/function_gushimoshi.png,64,64,
image/functionicon/function_jiaxiao,ab/ea/ea7eca81bf119211714cc1055c1827f0.unity3d,Texture2D,function_jiaxiao,8902683908404595531,image/functionicon/function_jiaxiao.png,64,64,
image/functionicon/function_paiweisai,ab/3d/3dc2b7304795b3baad0497b4956070ec.unity3d,Texture2D,function_paiweisai,4580767529284360806,image/functionicon/function_paiweisai.png,64,64,
image/functionicon/function_psss,ab/f5/f5754944b7df2b16f49774eaa8fca735.unity3d,Texture2D,function_psss,-5739925305655680333,image/functionicon/function_psss.png,64,64,
image/functionicon/function_qiangcaishen,ab/cb/cb45902d0e97ff6ae55b67321d3b786a.unity3d,Texture2D,function_qiangcaishen,8861158486922603855,image/functionicon/function_qiangcaishen.png,64,64,
image/functionicon/function_renwu,ab/be/be20c76540ab992a6d450263e748c252.unity3d,Texture2D,function_renwu,-9058943674034019643,image/functionicon/function_renwu.png,64,64,
image/functionicon/function_xiaowu,ab/e5/e5688a7173f31401d5ea92695ca1fb84.unity3d,Texture2D,function_xiaowu,-5789476627343532629,image/functionicon/function_xiaowu.png,64,64,
image/functionicon/function_xinshouxunlianying,ab/f8/f8e5963d135a28a090e1f36c11a93300.unity3d,Texture2D,function_xinshouxunlianying,-232352810707730261,image/functionicon/function_xinshouxunlianying.png,64,64,
image/functionicon/function_xiuxian,ab/d8/d8a5c1e6b1c4afefeb938b59ff177056.unity3d,Texture2D,function_xiuxian,8825539594066087930,image/functionicon/function_xiuxian.png,64,64,
image/functionicon/function_zhiyou,ab/f9/f9c8b0029b1795309e24098a16272dc7.unity3d,Texture2D,function_zhiyou,7301356665648245459,image/functionicon/function_zhiyou.png,64,64,
image/headframeicon/2021zhounian,ab/c1/c1f117fbc0ec919f312c4cb5c4714349.unity3d,Texture2D,2021zhounian,6943387985456188881,image/headframeicon/2021zhounian.png,228,160,
image/headframeicon/2023ptc,ab/af/afef0fcce15645f2eff83ce599e9361a.unity3d,Texture2D,2023PTC,6405340793335766386,image/headframeicon/2023ptc.png,228,160,
image/headframeicon/2023xinchun,ab/b3/b3547e85ad3e57102160ed0bc0651d4e.unity3d,Texture2D,2023xinchun,-208472627575654267,image/headframeicon/2023xinchun.png,228,160,
image/headframeicon/2023zwrmb,ab/53/53402e7b4d6e4673e987dd7a976e7f1f.unity3d,Texture2D,2023ZWRMB,-273774676967414879,image/headframeicon/2023zwrmb.png,228,160,
image/headframeicon/51booking,ab/f0/f023c2d8ea438cf7912235f806caeb41.unity3d,Texture2D,51booking,5691078949718481048,image/headframeicon/51booking.png,228,160,
image/headframeicon/51party,ab/af/af88238cf74a882c2494277d70b61f88.unity3d,Texture2D,51party,-1332632919270082448,image/headframeicon/51party.png,228,160,
image/headframeicon/ali225,ab/eb/ebfd059947312f5fd75f45c6f4f2ace9.unity3d,Texture2D,ali225,-6932217294372825216,image/headframeicon/ali225.png,228,160,
image/headframeicon/anyeyiyang,ab/c9/c948628ec1a2951b177df776a6f2bb78.unity3d,Texture2D,anyeyiyang,-5857051721816698897,image/headframeicon/anyeyiyang.png,228,160,
image/headframeicon/beach,ab/b3/b3dbd8ae388977c5248422bac65d77cc.unity3d,Texture2D,beach,-6791613305275175787,image/headframeicon/beach.png,228,160,
image/headframeicon/chengjiu2,ab/f4/f4d563ec2c0576079d2c8ce1a5ebe119.unity3d,Texture2D,chengjiu2,-4517275491355261801,image/headframeicon/chengjiu2.png,228,160,
image/headframeicon/chengjiu3,ab/ea/eac4d1fe1d53c6e716379bcfccf52c80.unity3d,Texture2D,chengjiu3,2898615282870922015,image/headframeicon/chengjiu3.png,228,160,
image/headframeicon/city,ab/53/532576f7dfc0b7e7fe01d0dc00e63fb5.unity3d,Texture2D,city,-1478692241467165402,image/headframeicon/city.png,228,160,
image/headframeicon/dayanguai,ab/67/6754fa054e10b80c21101857843cc0db.unity3d,Texture2D,dayanguai,-5416988905334014206,image/headframeicon/dayanguai.png,228,160,
image/headframeicon/dgmm,ab/dd/dd432dfc8b4647e2beb8215630a21a8a.unity3d,Texture2D,dgmm,2453379690140675785,image/headframeicon/dgmm.png,228,160,
image/headframeicon/haishenwang,ab/0a/0a32bdd4cd6fdb6451996eb4bd9de473.unity3d,Texture2D,haishenwang,6621762406504111081,image/headframeicon/haishenwang.png,228,160,
image/headframeicon/hlxd,ab/43/433cd198c990247e44a7dc6ae12b92f6.unity3d,Texture2D,HLXD,5166167518643593768,image/headframeicon/hlxd.png,228,160,
image/headframeicon/huaxia,ab/ec/ecee756262d12271b86f97d22bfe174a.unity3d,Texture2D,huaxia,5739309174495980196,image/headframeicon/huaxia.png,228,160,
image/headframeicon/jinqiukuanghuan,ab/ed/ed09c0c2e1a1a349f6faa38803f18e95.unity3d,Texture2D,jinqiukuanghuan,6255740495246194344,image/headframeicon/jinqiukuanghuan.png,228,160,
image/headframeicon/joyclub,ab/58/58e46ab391404122359f0aade63b9e08.unity3d,Texture2D,joyclub,5502573862825511628,image/headframeicon/joyclub.png,228,160,
image/headframeicon/klc02,ab/16/166cc5e647654694d2fd844740435e5d.unity3d,Texture2D,KLC02,8176772208682865038,image/headframeicon/klc02.png,228,160,
image/headframeicon/s12smsd,ab/b8/b8ef00f41ff04b4ba1b056a2b1b2ceec.unity3d,Texture2D,S12smsd,4706693055729775388,image/headframeicon/s12smsd.png,228,160,
image/headframeicon/s15moon,ab/0c/0c5e2e6d3945fa43e8597196986cb4ac.unity3d,Texture2D,S15moon,8332499599108335912,image/headframeicon/s15moon.png,228,160,
image/headframeicon/shamocike,ab/f0/f01ab695b7890eb29a303fa87c4c824c.unity3d,Texture2D,shamocike,-8661372178722634910,image/headframeicon/shamocike.png,228,160,
image/headframeicon/storys11,ab/cf/cf871f0957a4dc7d383af5234cfc688d.unity3d,Texture2D,StoryS11,5701227017599632343,image/headframeicon/storys11.png,228,160,
image/headframeicon/txk_vip12,ab/bd/bd4b1bd5d2d63fb4ced2bdabb0e5a115.unity3d,Texture2D,TXK_VIP12,1636430195766511053,image/headframeicon/txk_vip12.png,228,160,
image/headframeicon/v12,ab/cd/cdf576ba439dea20ce01bfab3b157b13.unity3d,Texture2D,V12,5382499563846789667,image/headframeicon/v12.png,228,160,
image/headframeicon/v8,ab/c0/c052722aaf55f5f5351fa8c6e6ef47af.unity3d,Texture2D,V8,-2900788061522529820,image/headframeicon/v8.png,228,160,
image/headframeicon/zhiai,ab/32/327ba7da134af0c487325447702385ca.unity3d,Texture2D,zhiai,-1830108087352156446,image/headframeicon/zhiai.png,228,160,
image/headframeicon/zhiaiboy,ab/3f/3fc09245635d743626f8c557130f8b54.unity3d,Texture2D,zhiaiboy,-4457848591606391929,image/headframeicon/zhiaiboy.png,228,160,
image/headframeicon/zhounianqin,ab/28/2881c625f799251654258cc7c2a85a97.unity3d,Texture2D,zhounianqin,-2193167955498508245,image/headframeicon/zhounianqin.png,228,160,
image/item/10,ab/ec/ec0fa8134e37b0b2e2cc867ac872f29e.unity3d,Texture2D,10,-6247788160282045354,image/item/10.png,228,160,
image/item/100002,ab/51/514e29d893ae63a8fb3a41a1bfb916e0.unity3d,Texture2D,100002,4380252347932124955,image/item/100002.png,228,160,
image/item/100017,ab/f5/f5032187663eb530cd470dc649b18115.unity3d,Texture2D,100017,-576968009093284207,image/item/100017.png,228,160,
image/item/10002,ab/3d/3da2b583b808c33d1e2ef6dcd0da71f3.unity3d,Texture2D,10002,-1140423073634847754,image/item/10002.png,152,152,
image/item/100041,ab/d0/d0ac678b29c13e2b5bcf076faba9f50f.unity3d,Texture2D,100041,9019390914999933159,image/item/100041.png,228,160,
image/item/10005,ab/e2/e2b5a928cd017acb5bf7a6b1c412eb99.unity3d,Texture2D,10005,5259230947217268832,image/item/10005.png,152,152,
image/item/100061,ab/fa/faa695b257158dafe6ebb2976aed7af9.unity3d,Texture2D,100061,-5687189092373782136,image/item/100061.png,228,160,
image/item/10010,ab/27/272b96b983696ab53dc894a22eb91779.unity3d,Texture2D,10010,-8934346803117592554,image/item/10010.png,152,152,
image/item/10011,ab/f8/f8d3ef185f49de858e240bfa89c11955.unity3d,Texture2D,10011,5614911619199827985,image/item/10011.png,152,152,
image/item/10014,ab/46/46e574b78d55369fea7dcc116a727c6f.unity3d,Texture2D,10014,99486779833805813,image/item/10014.png,152,152,
image/item/10019,ab/d5/d5eedd3d08760d97919ff173ba860327.unity3d,Texture2D,10019,-3698539118401967054,image/item/10019.png,152,152,
image/item/10021,ab/ee/ee431efd98e2ee478c20526e9bfd8954.unity3d,Texture2D,10021,4597812092130354481,image/item/10021.png,152,152,
image/item/1004001,ab/e8/e857615d34ac66f665447913ea8a7da7.unity3d,Texture2D,1004001,-538110927288508487,image/item/1004001.png,228,160,
image/item/1004002,ab/e8/e861c4b8164beb0a4da99e06428bd0e1.unity3d,Texture2D,1004002,871266567529548756,image/item/1004002.png,228,160,
image/item/1004005,ab/00/00b2bff9a145e47feed06df8ccf6df90.unity3d,Texture2D,1004005,836220355683359900,image/item/1004005.png,228,160,
image/item/1004009,ab/c6/c6bb45ae1c3b8221ff7f240ffff69443.unity3d,Texture2D,1004009,7353272834254614351,image/item/1004009.png,228,160,
image/item/1004011,ab/b8/b865cb719b4e6879b9d563a666a806a9.unity3d,Texture2D,1004011,4091001890186035035,image/item/1004011.png,228,160,
image/item/1004104,ab/41/41c57a2f8f4a457f9432235c546d2077.unity3d,Texture2D,1004104,499095055866004046,image/item/1004104.png,228,160,
image/item/1004106,ab/65/65ce56e6f9c903eaddb62d7f807377cb.unity3d,Texture2D,1004106,-7084503383185355431,image/item/1004106.png,228,160,
image/item/1004203,ab/e5/e5dfb736159d74ea2ca84e7193a6ffb2.unity3d,Texture2D,1004203,6234324394611594278,image/item/1004203.png,228,160,
image/item/1004204,ab/cd/cdc29a47ee5853eaa830b06e4eb0a6b1.unity3d,Texture2D,1004204,-2006712689614091221,image/item/1004204.png,228,160,
image/item/1004206,ab/ca/ca4fff2db2a4f744c274e7a0d440d672.unity3d,Texture2D,1004206,8909191862344118275,image/item/1004206.png,228,160,
image/item/1004211,ab/65/65b795e77f3d0da0bea8ed917f9760a6.unity3d,Texture2D,1004211,8284619442943412384,image/item/1004211.png,228,160,
image/item/10044,ab/31/3178a162458519a27b3f35883870cfc7.unity3d,Texture2D,10044,-6530090251173662849,image/item/10044.png,152,152,
image/item/10045,ab/65/65e597d3c164c938744a3c6663930413.unity3d,Texture2D,10045,448982157434824286,image/item/10045.png,256,256,
image/item/10063,ab/d0/d0e47f1e65025f57b141ae9fd0bc1851.unity3d,Texture2D,10063,3823805581712072861,image/item/10063.png,152,152,
image/item/10067,ab/e9/e98e1d70b29d88db3a3dc456c85b4315.unity3d,Texture2D,10067,-4525854911872075892,image/item/10067.png,84,84,
image/item/1007000,ab/cc/ccdf310e54e0d5e7dec96fe9664a730a.unity3d,Texture2D,1007000,7278467111073360913,image/item/1007000.png,228,160,
image/item/10074,ab/af/af6ebb8cca95d7d2d30d313538d14824.unity3d,Texture2D,10074,3127353357492609129,image/item/10074.png,152,152,
image/item/10075,ab/ca/ca3fc3d3107184b3e0a81e876521e282.unity3d,Texture2D,10075,-3541017960057653035,image/item/10075.png,152,152,
image/item/10076,ab/f4/f438b97ef27c48a2b04c989b21dc7b05.unity3d,Texture2D,10076,-1084541226539211021,image/item/10076.png,152,152,
image/item/10077,ab/cf/cf74671137a8c70da12816a1ebfd8b56.unity3d,Texture2D,10077,1361363241684550276,image/item/10077.png,152,152,
image/item/10091,ab/e4/e42a982c5568f7c5e8b5c5cb9b792fe7.unity3d,Texture2D,10091,-1527823273884137755,image/item/10091.png,152,152,
image/item/10095,ab/69/69ddce6fdd9172e7070c941ad467a455.unity3d,Texture2D,10095,-1262568582614557051,image/item/10095.png,152,152,
image/item/10100,ab/00/00a96f9bfaf7249cf67ecf0b52a1d1e5.unity3d,Texture2D,10100,8573358550361906983,image/item/10100.png,152,152,
image/item/10105,ab/65/654808020ecd92b8cc442af4108b8422.unity3d,Texture2D,10105,7354747169931350408,image/item/10105.png,152,152,
image/item/10107,ab/ee/eef1272d6c6278ab2eb376a98ac82cd6.unity3d,Texture2D,10107,6375773298024826194,image/item/10107.png,152,152,
image/item/10128,ab/f5/f5c12ff33c82284cb349f4ca2610b46e.unity3d,Texture2D,10128,3801574968029896608,image/item/10128.png,152,152,
image/item/10130,ab/3f/3fa0ac81f35600f1eeef1365a26a07b4.unity3d,Texture2D,10130,5860295259303201338,image/item/10130.png,152,152,
image/item/10132,ab/be/be04329448f290492bcf65aad929e237.unity3d,Texture2D,10132,4158892378871504651,image/item/10132.png,152,152,
image/item/10153,ab/58/5801aad77e0d9c46e6b0aa047eb2828b.unity3d,Texture2D,10153,-7006573404231159550,image/item/10153.png,152,152,
image/item/10155,ab/29/2954ca5b0db3d0068aa4ee5dd86da683.unity3d,Texture2D,10155,5067775745219270017,image/item/10155.png,152,152,
image/item/10157,ab/e8/e8e5258554768384fa67407ee83500c6.unity3d,Texture2D,10157,2490698971177682082,image/item/10157.png,152,152,
image/item/10159,ab/41/4151e841fb833b82fb96fce03a0925f5.unity3d,Texture2D,10159,-5210421218221565326,image/item/10159.png,152,152,
image/item/10170,ab/b5/b5abd4f86e0e79b40e6eaabbb8825165.unity3d,Texture2D,10170,-4522840720448295378,image/item/10170.png,152,152,
image/item/10180,ab/fb/fbdf30cb99d2dcbf52accdee85f77683.unity3d,Texture2D,10180,2345376623585930988,image/item/10180.png,152,152,
image/item/10184,ab/23/23c5bf6266c0ca6b6dcdf32d0c0c472d.unity3d,Texture2D,10184,7876268837703715813,image/item/10184.png,152,152,
image/item/10186,ab/62/6204255b36ffd78212a283bca5968018.unity3d,Texture2D,10186,-2282592906880194786,image/item/10186.png,152,152,
image/item/10191,ab/23/2383d163fb63adbdf56a8733f3c6411f.unity3d,Texture2D,10191,-5204379367994791464,image/item/10191.png,152,152,
image/item/10221,ab/e4/e4d59da14b6391abbf411c6e7b1a0d2e.unity3d,Texture2D,10221,5711893173404730613,image/item/10221.png,152,152,
image/item/10230,ab/ec/ec0ae6a5581569f3f3373829c8c6757c.unity3d,Texture2D,10230,-4607140185788222281,image/item/10230.png,152,152,
image/item/10241,ab/31/31e2f5365e32dab70298da362d9fc3a2.unity3d,Texture2D,10241,296541703828202908,image/item/10241.png,152,152,
image/item/10245,ab/c8/c86c7f7c3ed7ffc138750f4156929775.unity3d,Texture2D,10245,9212918436959786087,image/item/10245.png,152,152,
image/item/10251,ab/d2/d2f34d1b68d904565cd8e171cc5d38b8.unity3d,Texture2D,10251,-4981790866488273046,image/item/10251.png,152,152,
image/item/10253,ab/f1/f1325162516d1262a477009ad2f322a6.unity3d,Texture2D,10253,4011654564988582922,image/item/10253.png,152,152,
image/item/10256,ab/0c/0cbb4bf28ea4f3e95018c22cab708203.unity3d,Texture2D,10256,6256326938160345368,image/item/10256.png,152,152,
image/item/10260,ab/42/4226a3b8d5450f1f11cf3467d727d35d.unity3d,Texture2D,10260,-120573400393954718,image/item/10260.png,152,152,
image/item/10283,ab/58/58a647659fb9ea09b761d5540b2297d1.unity3d,Texture2D,10283,6244248159744131637,image/item/10283.png,152,152,
image/item/10285,ab/35/353855e50a9e9d4dac608212bae286d7.unity3d,Texture2D,10285,-5459094559085210052,image/item/10285.png,152,152,
image/item/10291,ab/f5/f50f39b931ecd8e7816d5138bfa7c757.unity3d,Texture2D,10291,4847049437407737123,image/item/10291.png,152,152,
image/item/10300,ab/2d/2d0314fe90a79cdd7d93677ae2cafb26.unity3d,Texture2D,10300,-5119319479709909161,image/item/10300.png,152,152,
image/item/10302,ab/be/be9c6027c1418573675f5b8b3a3f2443.unity3d,Texture2D,10302,-3581437365494744570,image/item/10302.png,152,152,
image/item/10311,ab/19/19417a406710ff3a4723d19c6d9ff6c1.unity3d,Texture2D,10311,8976461604773061979,image/item/10311.png,152,152,
image/item/10314,ab/22/22d17d5ed9225d6d8a15e1f4554ce270.unity3d,Texture2D,10314,3675322953544321295,image/item/10314.png,152,152,
image/item/10316,ab/c1/c1756d10fafcbe9cadac9faae9a3a391.unity3d,Texture2D,10316,-1970157566332641933,image/item/10316.png,152,152,
image/item/10329,ab/ed/ede4fa47664e0aa13bdf2a6283fc30e3.unity3d,Texture2D,10329,8099003210059202790,image/item/10329.png,152,152,
image/item/10338,ab/0a/0ae568a402647a16aeccda9f377597b7.unity3d,Texture2D,10338,2743914798387432317,image/item/10338.png,152,152,
image/item/10343,ab/0b/0b13f493100f68d620a94f17c93a431f.unity3d,Texture2D,10343,3762231092330129099,image/item/10343.png,152,152,
image/item/10345,ab/0e/0ec05823d2ef7f8a4193a69c1bf25725.unity3d,Texture2D,10345,8555059813171227513,image/item/10345.png,152,152,
image/item/10349,ab/40/408c5338b2ccd308cddad86bde88ee87.unity3d,Texture2D,10349,-5290501344857932925,image/item/10349.png,152,152,
image/item/1035000,ab/c3/c38be987daace142451b6e23e2fbd477.unity3d,Texture2D,1035000,-6174204708215704110,image/item/1035000.png,228,160,
image/item/10352,ab/50/50f1240f9671f6c922d9d86ba0e66b20.unity3d,Texture2D,10352,-6680712594210755380,image/item/10352.png,152,152,
image/item/10365,ab/22/22084b3c485a524c2b31491236f545d6.unity3d,Texture2D,10365,-6232507551537976731,image/item/10365.png,152,152,
image/item/10366,ab/c9/c9be57922397ebcaa1fb0922bfa5896d.unity3d,Texture2D,10366,-4926673310497359177,image/item/10366.png,150,150,
image/item/1036601,ab/2d/2d06ebe2ddab8dba0f67ddf58b3f4699.unity3d,Texture2D,1036601,2163172178757393702,image/item/1036601.png,145,145,
image/item/10372,ab/3d/3d8d1f841b2311bd9921efc04187a4e9.unity3d,Texture2D,10372,2601629957744292656,image/item/10372.png,256,256,
image/item/10373,ab/f7/f781ff08b1313a68262f55ab4f0e2efe.unity3d,Texture2D,10373,4128072657357556889,image/item/10373.png,256,256,
image/item/10375,ab/c9/c9f0736c94e75152364d348d794ce291.unity3d,Texture2D,10375,1557838730481449356,image/item/10375.png,256,256,
image/item/10376,ab/e4/e45b1d5e2aa7391fda8e89b5033b119b.unity3d,Texture2D,10376,9079341995343523718,image/item/10376.png,256,256,
image/item/10399,ab/2d/2da790f94c4b11bde52384923352ab70.unity3d,Texture2D,10399,-7508889460175415977,image/item/10399.png,152,152,
image/item/10401,ab/f5/f53f4b0db0834b25a194feea2aa89f1e.unity3d,Texture2D,10401,-3077882519627388498,image/item/10401.png,152,152,
image/item/10418,ab/66/66c29bee404fb0c15fe2752158f2455f.unity3d,Texture2D,10418,-7485634658796845140,image/item/10418.png,152,152,
image/item/10420,ab/36/368b88b87ced8506400e43c8e51a3f1a.unity3d,Texture2D,10420,-7034277833202247313,image/item/10420.png,152,152,
image/item/10439,ab/bc/bc22662872750e2ccb60976e7350d8fc.unity3d,Texture2D,10439,-7514282337433215810,image/item/10439.png,152,152,
image/item/10444,ab/28/281f693dd05d574d130bac03c3275a7b.unity3d,Texture2D,10444,7346098008298088540,image/item/10444.png,152,152,
image/item/10465,ab/c7/c7576a2b7777da79f785f838eb893036.unity3d,Texture2D,10465,-7389988282180791412,image/item/10465.png,152,152,
image/item/10473,ab/0d/0de8b41c4b61493e70d2e551e3e1ec51.unity3d,Texture2D,10473,2462308767653552587,image/item/10473.png,152,152,
image/item/10475,ab/f9/f93d3f2e2d500ce90a614e68632414ee.unity3d,Texture2D,10475,709692397017038613,image/item/10475.png,152,152,
image/item/10476,ab/51/51c20ba4f38d10227cedefbe4f06da82.unity3d,Texture2D,10476,-4244793756748846793,image/item/10476.png,150,150,
image/item/10479,ab/d2/d2faa690c190a84cb4637e87af28e3c5.unity3d,Texture2D,10479,-8230549887309127046,image/item/10479.png,152,152,
image/item/10488,ab/41/41895b71d52f1eba9e686109d7809f22.unity3d,Texture2D,10488,3509717216098455655,image/item/10488.png,152,152,
image/item/10501,ab/eb/eb926222de95222310cba45faa9ac3ad.unity3d,Texture2D,10501,5629628864793033545,image/item/10501.png,152,152,
image/item/12003,ab/bd/bdf9b242720a4a19a0499020c70120b5.unity3d,Texture2D,12003,2348663510985175620,image/item/12003.png,152,152,
image/item/2020qixi_body_zixuan,ab/f1/f1326f2b8c4a846029e3508dac40c7eb.unity3d,Texture2D,2020qixi_body_zixuan,4197176792822022262,image/item/2020qixi_body_zixuan.png,228,160,
image/item/2020qixi_hair_zixuan,ab/49/49d244649027aae37948156fcc98f315.unity3d,Texture2D,2020qixi_hair_zixuan,4551992426904881230,image/item/2020qixi_hair_zixuan.png,228,160,
image/item/5,ab/d0/d0274d09a64e72bd69667e432805a81e.unity3d,Texture2D,5,-9065028600527664051,image/item/5.png,228,160,
image/item/600015,ab/e5/e520495d4e0ea4dbca9395da7713dbc9.unity3d,Texture2D,600015,-695444179895342954,image/item/600015.png,228,160,
image/item/600042,ab/fc/fc014b9c9e3a670a001382473b5b2387.unity3d,Texture2D,600042,-2124403072777845049,image/item/600042.png,228,160,
image/item/600044,ab/26/26b4b267960931156e06fb814ba2a150.unity3d,Texture2D,600044,4839921131151466102,image/item/600044.png,228,160,
image/item/600051,ab/be/be0582051735dff9386f406260ff16c9.unity3d,Texture2D,600051,-3191885728213118315,image/item/600051.png,228,160,
image/item/600109,ab/ed/edd19dc7e2c9d64922e374110a454d1c.unity3d,Texture2D,600109,-3235499646432243969,image/item/600109.png,228,160,
image/item/600117,ab/49/4953ca8df1f000ae76be336013357e88.unity3d,Texture2D,600117,283217425098927285,image/item/600117.png,228,160,
image/item/600118,ab/42/42d15cb40708dcdc8979140a6eca6485.unity3d,Texture2D,600118,2535184749086853785,image/item/600118.png,228,160,
image/item/601003,ab/f9/f9f8e181e0adc123932b8831e31090c1.unity3d,Texture2D,601003,-6554661183312026715,image/item/601003.png,228,160,
image/item/601180,ab/66/66030f6fd3338b3b65c1372b2527216e.unity3d,Texture2D,601180,2987317691337417260,image/item/601180.png,228,160,
image/item/601181,ab/c9/c961a622681a12ca12f9fad395206bac.unity3d,Texture2D,601181,1938429445791671924,image/item/601181.png,228,160,
image/item/601183,ab/29/29f16e2e13120880854e2549614f68ce.unity3d,Texture2D,601183,-8149902464387423343,image/item/601183.png,228,160,
image/item/601187,ab/0e/0e0fe31cad7619ea9285db20584c2251.unity3d,Texture2D,601187,2506219871193189125,image/item/601187.png,228,160,
image/item/601197,ab/ca/cac2fa81df5cd399a4f9cd562805a922.unity3d,Texture2D,601197,29532192856117258,image/item/601197.png,228,160,
image/item/601243,ab/e8/e8d89cc32ace3ff5a9f63f9a95d0b836.unity3d,Texture2D,601243,-42223746616936481,image/item/601243.png,228,160,
image/item/601251,ab/47/477aee599822e6a16905a6721d61e413.unity3d,Texture2D,601251,-5826103377204289833,image/item/601251.png,228,160,
image/item/601284,ab/af/afd1412f994d45da9edf966115caea26.unity3d,Texture2D,601284,267196945582583228,image/item/601284.png,228,160,
image/item/601293,ab/0d/0d722be1707f93d3efc73fa62e0ac133.unity3d,Texture2D,601293,-1772768742348272336,image/item/601293.png,228,160,
image/item/601303,ab/66/668af0904d68eea13b49d0fbda3cf880.unity3d,Texture2D,601303,211999653177090972,image/item/601303.png,228,160,
image/item/601304,ab/28/28ae2d492042ae664c61503a74420481.unity3d,Texture2D,601304,-4070083565283949438,image/item/601304.png,228,160,
image/item/601309,ab/eb/ebb6dcc69e316ae80401d52630eb06ac.unity3d,Texture2D,601309,-8084879316470905018,image/item/601309.png,228,160,
image/item/601505,ab/dd/dd314d1271b2f7c87edd47f5d40cbe69.unity3d,Texture2D,601505,-7059009676041312503,image/item/601505.png,228,160,
image/item/601512,ab/af/af4cd6cf1dd8cccdd1e28a45d4effec5.unity3d,Texture2D,601512,2147270553787389512,image/item/601512.png,228,160,
image/item/601513,ab/fa/faf19cbc4cd1c1c757e8ef874ae813dc.unity3d,Texture2D,601513,-2142810566364542403,image/item/601513.png,228,160,
image/item/601517,ab/c7/c7d095cb57654253159cf31d87a26efb.unity3d,Texture2D,601517,5627992026803375037,image/item/601517.png,228,160,
image/item/601518,ab/42/42d96f887e30d00cfc6042572d723c2d.unity3d,Texture2D,601518,-3902255122750682347,image/item/601518.png,228,160,
image/item/601520,ab/2f/2fd685a648da6a1831b8843d7a5b589d.unity3d,Texture2D,601520,8128526091848327678,image/item/601520.png,228,160,
image/item/601528,ab/2f/2f6b96f5687697d140b539591e60657a.unity3d,Texture2D,601528,-5448570328349612627,image/item/601528.png,228,160,
image/item/601529,ab/f3/f35fe4973d2a38c38ccede5c4797cf57.unity3d,Texture2D,601529,506837470901281923,image/item/601529.png,228,160,
image/item/601535,ab/46/46178c72257b4f6389425a5d2a2664ba.unity3d,Texture2D,601535,-7335573121002727574,image/item/601535.png,228,160,
image/item/601545,ab/22/2297017748c270d3cd1c26bc15667eb7.unity3d,Texture2D,601545,-4600900461353139302,image/item/601545.png,228,160,
image/item/601546,ab/e3/e34b649aff9a76f443260ac12c7ba986.unity3d,Texture2D,601546,7916228753552998915,image/item/601546.png,228,160,
image/item/602002,ab/28/28623887941b16bd621c1b5e089f4aa8.unity3d,Texture2D,602002,-4890958724451758742,image/item/602002.png,228,160,
image/item/602007,ab/67/67ad30fe70db7ad4dcb6fc54e593da50.unity3d,Texture2D,602007,-8316836115352722009,image/item/602007.png,228,160,
image/item/602010,ab/03/03639f9237b00dada996c8ae01fc7458.unity3d,Texture2D,602010,-5575495812844545541,image/item/602010.png,228,160,
image/item/602027,ab/00/00dd9a09cd13ada990e5ec96412098d7.unity3d,Texture2D,602027,-2538668378601466034,image/item/602027.png,228,160,
image/item/602037,ab/e9/e9c0af34b7c8d66a7272031c149fde20.unity3d,Texture2D,602037,-1054810946549862668,image/item/602037.png,228,160,
image/item/602045,ab/b6/b61d3b21fa66e05464ed23870c8c3011.unity3d,Texture2D,602045,7914103212912016361,image/item/602045.png,228,160,
image/item/602047,ab/ca/ca91ae5689927ab2c492cc396991594e.unity3d,Texture2D,602047,1497530337125192978,image/item/602047.png,228,160,
image/item/602051,ab/69/6940b76f642499c78eb58b4758195012.unity3d,Texture2D,602051,4994393587915293530,image/item/602051.png,228,160,
image/item/602052,ab/cc/ccd205f123441bb6bc1ff407a4c952d5.unity3d,Texture2D,602052,7052553520471092911,image/item/602052.png,228,160,
image/item/602068,ab/e2/e2e2e538064362cc9f0f40c4ec082092.unity3d,Texture2D,602068,-487533182326450537,image/item/602068.png,228,160,
image/item/602072,ab/c1/c1eb5336ba0a99fd6c3f4c4d8be87ac6.unity3d,Texture2D,602072,5387178166915742644,image/item/602072.png,228,160,
image/item/602073,ab/36/36102b551b8d16e422f6b193736c99e1.unity3d,Texture2D,602073,6037799224353297873,image/item/602073.png,228,160,
image/item/602075,ab/d5/d559c9f9ac2399d81eafa611a649145d.unity3d,Texture2D,602075,7418665140639889763,image/item/602075.png,228,160,
image/item/602077,ab/0d/0dee4edc2988eea5ac8e4aafb566a438.unity3d,Texture2D,602077,-7781335168951983269,image/item/602077.png,228,160,
image/item/602088,ab/0d/0d293c90893c33254b1a43cc819a9c94.unity3d,Texture2D,602088,-7370090034868933866,image/item/602088.png,228,160,
image/item/602094,ab/be/beedc78eaaa5535b659cc6263885dacf.unity3d,Texture2D,602094,-6139984449909915108,image/item/602094.png,228,160,
image/item/602096,ab/c8/c854ae6c24b48cb04977f46560276934.unity3d,Texture2D,602096,5363546181162673847,image/item/602096.png,228,160,
image/item/602098,ab/2d/2dd3de0bb4b81a41e97d7ff20b670655.unity3d,Texture2D,602098,6328223941386308957,image/item/602098.png,228,160,
image/item/602099,ab/49/4991297de7f491f4efe14b05c3fb5a07.unity3d,Texture2D,602099,-2317088144502138787,image/item/602099.png,228,160,
image/item/602122,ab/64/64fff56bfc382f357088a06f6998d80b.unity3d,Texture2D,602122,-8176172197587616711,image/item/602122.png,228,160,
image/item/602123,ab/f8/f88fc2972ccb485cbafa9f36ec63d13c.unity3d,Texture2D,602123,-6929984508576080871,image/item/602123.png,228,160,
image/item/602124,ab/c7/c7b3aa70b02b813f42576c0dbd9815b0.unity3d,Texture2D,602124,-5453192120483201298,image/item/602124.png,228,160,
image/item/602139,ab/c9/c97c67544d163b4812e2e3289500eb9f.unity3d,Texture2D,602139,-342559612239092184,image/item/602139.png,228,160,
image/item/602156,ab/c6/c6fe25ab2e52700f9cf1742bbde3b5d1.unity3d,Texture2D,602156,8809186765930138739,image/item/602156.png,228,160,
image/item/602161,ab/f1/f1d5bde92e750b0e64665833520b83cf.unity3d,Texture2D,602161,6310111068911306872,image/item/602161.png,228,160,
image/item/602167,ab/e3/e3e7c15e57cd84345e60fe74df212981.unity3d,Texture2D,602167,5779907030645889057,image/item/602167.png,228,160,
image/item/602168,ab/f7/f7e0b8e2ac8b8a1af85d74d916874e84.unity3d,Texture2D,602168,7997155700801044430,image/item/602168.png,228,160,
image/item/602169,ab/d5/d5b351b0220f393d82cd3982d5c22878.unity3d,Texture2D,602169,498253357761224965,image/item/602169.png,228,160,
image/item/602174,ab/3d/3d12a01cc3ee9daeda9601aec273b902.unity3d,Texture2D,602174,336235313612107270,image/item/602174.png,228,160,
image/item/602175,ab/c3/c3ed47af142cffa94f05c9368cda7549.unity3d,Texture2D,602175,1791290174544718683,image/item/602175.png,228,160,
image/item/602177,ab/49/4909861b2e9102e91663700f325b2eb1.unity3d,Texture2D,602177,4150147008047408870,image/item/602177.png,228,160,
image/item/602186,ab/42/4215923b03be38b90e46aa6b8b855010.unity3d,Texture2D,602186,3661165844345940482,image/item/602186.png,228,160,
image/item/602187,ab/2d/2d4a501c1b2b8742c6d8c179838c78df.unity3d,Texture2D,602187,1839601164200644553,image/item/602187.png,228,160,
image/item/602190,ab/e4/e4ba66ad16cfb1b0f0125297a34016f3.unity3d,Texture2D,602190,-1209660080507340220,image/item/602190.png,228,160,
image/item/602198,ab/cd/cd4e1317439fccb3d80e120a90c3570d.unity3d,Texture2D,602198,-7255886018569680877,image/item/602198.png,228,160,
image/item/602204,ab/64/64347cf4d9f3400fe4b6351fe92c8ae3.unity3d,Texture2D,602204,-7477614783100165425,image/item/602204.png,228,160,
image/item/602901,ab/f0/f02891abb8fa55220c3da7909f73828c.unity3d,Texture2D,602901,5836558542164121410,image/item/602901.png,228,160,
image/item/602902,ab/46/463fa0b13f4cadc7308d202ba247e90d.unity3d,Texture2D,602902,3283308477500775999,image/item/602902.png,228,160,
image/item/602903,ab/0b/0bc21eb423b29a6a1b7eae4a4ee2e052.unity3d,Texture2D,602903,3611841425229813978,image/item/602903.png,228,160,
image/item/602904,ab/ed/ed2b80291a4d53a4a312b48fc6e3cadc.unity3d,Texture2D,602904,6946964616345500810,image/item/602904.png,228,160,
image/item/602915,ab/e2/e267fbd594bb3b0fd207ebc91f46b3f4.unity3d,Texture2D,602915,2988977807740559154,image/item/602915.png,228,160,
image/item/602924,ab/cb/cbe13137dc35e6a88acdda306a4b5291.unity3d,Texture2D,602924,1061545219280470425,image/item/602924.png,228,160,
image/item/602925,ab/3c/3cfcc326090836605c04275dfc915d48.unity3d,Texture2D,602925,1202502808333683652,image/item/602925.png,228,160,
image/item/602938,ab/f0/f0589218c2d38c13bd4c991817f3fc59.unity3d,Texture2D,602938,5932714739703596965,image/item/602938.png,228,160,
image/item/602943,ab/d1/d1ea7efb5cfeb2040cdeed4fedad70ee.unity3d,Texture2D,602943,-4462106280714460866,image/item/602943.png,228,160,
image/item/602946,ab/70/70e2d10f1124c3f4f83a388de8daa917.unity3d,Texture2D,602946,-3942290367341879298,image/item/602946.png,228,160,
image/item/602954,ab/ea/ea3b1395406b0af3c38fbac6b6d1a613.unity3d,Texture2D,602954,-3357355652807633503,image/item/602954.png,228,160,
image/item/602956,ab/f7/f72f7507cf64cef43efb008bba7be9cf.unity3d,Texture2D,602956,-934593816228950080,image/item/602956.png,228,160,
image/item/602963,ab/ca/cae047c45ebd808611e30865c2b8fb8b.unity3d,Texture2D,602963,-7911589169529047525,image/item/602963.png,228,160,
image/item/602965,ab/c3/c334a13021a60be8a42defcce84a46fd.unity3d,Texture2D,602965,-1207727946995365601,image/item/602965.png,228,160,
image/item/602967,ab/bd/bd51307db62de52d557e3b97e449327e.unity3d,Texture2D,602967,7977065606670682210,image/item/602967.png,228,160,
image/item/602972,ab/b5/b5e56380d3d41d523507273ef6f10b97.unity3d,Texture2D,602972,4302915314021604286,image/item/602972.png,228,160,
image/item/602975,ab/19/19a84a7ca6c92182482156644b2ffc62.unity3d,Texture2D,602975,-2888517951179984059,image/item/602975.png,228,160,
image/item/602983,ab/f9/f919da51037f4d34b3d3495cb71588e4.unity3d,Texture2D,602983,-2857828623453291049,image/item/602983.png,228,160,
image/item/602985,ab/e2/e20e1aa575f83b5b2020f5e2027e1424.unity3d,Texture2D,602985,-3208978864771336620,image/item/602985.png,228,160,
image/item/602997,ab/0b/0b15ba3927bbe269e81e4301d35c1a8f.unity3d,Texture2D,602997,-3854566228120570108,image/item/602997.png,228,160,
image/item/603001,ab/58/58dca0cdb2f6d67d5023b47aafce24f0.unity3d,Texture2D,603001,-1088254604036474622,image/item/603001.png,228,160,
image/item/603002,ab/51/51fb09b57c6c05cdccc9c0d93876c05a.unity3d,Texture2D,603002,-3725445720074206779,image/item/603002.png,228,160,
image/item/603004,ab/ed/ed104c0acda8883fa4805361f2a8b645.unity3d,Texture2D,603004,-5285986912077187876,image/item/603004.png,228,160,
image/item/603133,ab/35/35680591ea39284ada7a7729d079ee8f.unity3d,Texture2D,603133,1663662856593391291,image/item/603133.png,228,160,
image/item/603154,ab/70/70206e81a17ad09efa0e4bc811ae1e8e.unity3d,Texture2D,603154,-3850887992868380869,image/item/603154.png,228,160,
image/item/603155,ab/d3/d3ce2fac2b3ecbd63148375c08a5f70e.unity3d,Texture2D,603155,1777755805874526296,image/item/603155.png,228,160,
image/item/603158,ab/70/70f2527d09983c65abd1aca92a56b0da.unity3d,Texture2D,603158,3567276105608289739,image/item/603158.png,228,160,
image/item/603175,ab/16/1613e6fcb3ae459192c49a7a3456f4d7.unity3d,Texture2D,603175,-2922904611217935924,image/item/603175.png,228,160,
image/item/603176,ab/04/04a1ae79ebbdf1458effe354dc12b3b9.unity3d,Texture2D,603176,-6743140555961790318,image/item/603176.png,228,160,
image/item/603197,ab/ec/ec776c549cbbb24d26d66fd8025a7737.unity3d,Texture2D,603197,-1386498518720981907,image/item/603197.png,228,160,
image/item/603198,ab/43/436df97289dcdc6a93e4a50b7e43f324.unity3d,Texture2D,603198,3359449374151226407,image/item/603198.png,228,160,
image/item/603199,ab/66/66e7346bbe317878f8474f254e7a0ef6.unity3d,Texture2D,603199,-3764222564559352131,image/item/603199.png,228,160,
image/item/603200,ab/1d/1d902f4c7233514ea9ba3aae83fc34a5.unity3d,Texture2D,603200,5897518030608853609,image/item/603200.png,228,160,
image/item/603207,ab/c5/c56b9d1ed4cc8a8c3343b058a2031f85.unity3d,Texture2D,603207,-1714706793399869848,image/item/603207.png,228,160,
image/item/603217,ab/66/669c5e256ac4f647e17ad523756a263b.unity3d,Texture2D,603217,1672883163518031076,image/item/603217.png,228,160,
image/item/603223,ab/c8/c8a39c5278898b834e67f8a16d942859.unity3d,Texture2D,603223,436756451535479189,image/item/603223.png,228,160,
image/item/603224,ab/c8/c82ae01529b6a5bfa5ce274dfd8eb8dc.unity3d,Texture2D,603224,-4786925864636175695,image/item/603224.png,228,160,
image/item/603238,ab/c7/c7b7fb58388f8777a45976ed148c59a4.unity3d,Texture2D,603238,6693918384410240352,image/item/603238.png,228,160,
image/item/603241,ab/46/467f20d51f0d56659d1815d90eb85ed9.unity3d,Texture2D,603241,-891021127278251784,image/item/603241.png,228,160,
image/item/603243,ab/62/622e2b6ba4b29d8d5e9c79d94bd7c2d4.unity3d,Texture2D,603243,-3573364502528315254,image/item/603243.png,228,160,
image/item/603264,ab/bd/bd08edc7f7d40447ca88a4268dbe4d10.unity3d,Texture2D,603264,-3812072941098267796,image/item/603264.png,228,160,
image/item/603267,ab/b0/b068729490a762273191c8c5d8bfd868.unity3d,Texture2D,603267,-1227382147722732997,image/item/603267.png,228,160,
image/item/603268,ab/fc/fc631a1f29e6f7fc5f87dd8a6a9b172a.unity3d,Texture2D,603268,-7597420294137745686,image/item/603268.png,228,160,
image/item/603269,ab/04/04d80c43707e15caad6fd5d743651d4e.unity3d,Texture2D,603269,4739428346230321633,image/item/603269.png,228,160,
image/item/603320,ab/2d/2d89f71cb452d7e9ec08fe00b3fd3032.unity3d,Texture2D,603320,-6798252104475921393,image/item/603320.png,228,160,
image/item/603323,ab/f0/f09b6681e53f8ff634cceff780b3b3d4.unity3d,Texture2D,603323,-954672813524638439,image/item/603323.png,228,160,
image/item/603360,ab/ec/ece77e2328ecef3544e51188b0c15b20.unity3d,Texture2D,603360,-3953666160061419642,image/item/603360.png,228,160,
image/item/603390,ab/41/41e401cfae2f6c1f4ed64eedf053a33d.unity3d,Texture2D,603390,3364327942192159377,image/item/603390.png,228,160,
image/item/603464,ab/3c/3cc2fb8a552aa4ec35fcc8caac9e5f7d.unity3d,Texture2D,603464,4482495672031278367,image/item/603464.png,228,160,
image/item/603474,ab/0b/0be519306791d2eecfd9fd005580f38d.unity3d,Texture2D,603474,884587301461211674,image/item/603474.png,228,160,
image/item/603477,ab/e5/e5284e8243e384423222a11c91a13ccf.unity3d,Texture2D,603477,-5244813308807201056,image/item/603477.png,228,160,
image/item/603495,ab/23/23fa6d526aa30b3ed77e8de580feef9c.unity3d,Texture2D,603495,1148512213246256776,image/item/603495.png,228,160,
image/item/603524,ab/41/41543a6f495eda7ada82c449b2eb0ab8.unity3d,Texture2D,603524,-2651215059176442656,image/item/603524.png,228,160,
image/item/603530,ab/d2/d292546d86bcc8b59360d21cf8f03ce7.unity3d,Texture2D,603530,-5070772824329544570,image/item/603530.png,228,160,
image/item/603536,ab/de/ded81ebddb6ce1ea22d71e49c2b86a3c.unity3d,Texture2D,603536,-2223939950840886007,image/item/603536.png,228,160,
image/item/603539,ab/fb/fb6edca72383bc3ab384d87d0b12a04d.unity3d,Texture2D,603539,8023952525650106466,image/item/603539.png,228,160,
image/item/603541,ab/26/2688acfacf83706bf1754da8a3665aa9.unity3d,Texture2D,603541,1958905592974893320,image/item/603541.png,228,160,
image/item/603555,ab/50/508c9eb48c2ea9dcc7c78db527067f28.unity3d,Texture2D,603555,4634246841545849094,image/item/603555.png,228,160,
image/item/603557,ab/c0/c0ddc82fb08251132fa962ac110a70ff.unity3d,Texture2D,603557,-1235968031541581410,image/item/603557.png,228,160,
image/item/603561,ab/70/70e621ef8447561263508754e1a36fac.unity3d,Texture2D,603561,-789445127642555805,image/item/603561.png,228,160,
image/item/603565,ab/42/42d3b1d8c7f59eb183cb6bf2f6e6e99c.unity3d,Texture2D,603565,-7699899577501694768,image/item/603565.png,228,160,
image/item/603570,ab/47/47e1f6b3aeed6517f166b3ca639d5d04.unity3d,Texture2D,603570,-7269035371435318890,image/item/603570.png,228,160,
image/item/603573,ab/47/474175f52d01ae401105b5ae31ee76db.unity3d,Texture2D,603573,-5423857319709246003,image/item/603573.png,228,160,
image/item/603575,ab/f8/f84d0327aeb55c4401087db05931c623.unity3d,Texture2D,603575,-911439574386075559,image/item/603575.png,228,160,
image/item/603586,ab/d0/d0d6424a85eda50818040264f091afcd.unity3d,Texture2D,603586,-8536846514026353024,image/item/603586.png,164,128,
image/item/603587,ab/46/46743739c23757c1a88777061437c44c.unity3d,Texture2D,603587,-7576884728228321492,image/item/603587.png,228,160,
image/item/603590,ab/2d/2d76e308df29185cad22c5e438da212a.unity3d,Texture2D,603590,5996994476614094578,image/item/603590.png,228,160,
image/item/603597,ab/c7/c7a33dae4e30cfb8bcdc78608d482d25.unity3d,Texture2D,603597,-4780842992556755984,image/item/603597.png,228,160,
image/item/603602,ab/22/2203a36073d1dfc9806ff635b809e071.unity3d,Texture2D,603602,8139932349084067117,image/item/603602.png,228,160,
image/item/603603,ab/c0/c0881f1df981eefeb8f8e2f7774d6055.unity3d,Texture2D,603603,7530994907252471076,image/item/603603.png,164,128,
image/item/603608,ab/49/49735c29d25fd5139008557c4d391a40.unity3d,Texture2D,603608,6776300810355313290,image/item/603608.png,228,160,
image/item/603911,ab/d2/d27b7fdf674e4b145e540d6faf7eccfe.unity3d,Texture2D,603911,6376355524319980909,image/item/603911.png,228,160,
image/item/603934,ab/41/414689ae27b417c5963ce5828c5ea0aa.unity3d,Texture2D,603934,-24401373188169905,image/item/603934.png,228,160,
image/item/603935,ab/b8/b8daa8c5f3588fb980c05a2b27f034c0.unity3d,Texture2D,603935,-7130916737279786874,image/item/603935.png,228,160,
image/item/603936,ab/58/580f4c515c652f7a4ae87af4f922ad05.unity3d,Texture2D,603936,-2901439827236138399,image/item/603936.png,228,160,
image/item/603941,ab/eb/ebd4e4b93904712a0249d9df1fb91fd8.unity3d,Texture2D,603941,8045884476222985895,image/item/603941.png,228,160,
image/item/603942,ab/d5/d5f0a6994ef96d8ef01811a802de125e.unity3d,Texture2D,603942,-4824483619154963768,image/item/603942.png,228,160,
image/item/603954,ab/cc/cc999143bd1a35d19df1313165c037c0.unity3d,Texture2D,603954,1606094625239879290,image/item/603954.png,228,160,
image/item/603967,ab/f3/f381fac9b69f817d032299e46cd256b8.unity3d,Texture2D,603967,-5202421622014166530,image/item/603967.png,228,160,
image/item/603976,ab/f0/f028c4c64f5dd04c2e6f0beb653b78af.unity3d,Texture2D,603976,-6485231223103708541,image/item/603976.png,228,160,
image/item/603983,ab/e4/e46b9f3e90c9a43b7d07f2c990dba3a0.unity3d,Texture2D,603983,9079102816082440187,image/item/603983.png,228,160,
image/item/603985,ab/fa/fad3abcace929e5498f2659c089bb00e.unity3d,Texture2D,603985,6537533396381695767,image/item/603985.png,228,160,
image/item/603986,ab/46/469895e85c8de900146c3caf2b6ccac2.unity3d,Texture2D,603986,6857845538415484171,image/item/603986.png,228,160,
image/item/604002,ab/b3/b34e6c5ae8ec9f812fd3e4c64f5ab8c0.unity3d,Texture2D,604002,-7024433465937610934,image/item/604002.png,228,160,
image/item/604008,ab/40/40522f5e87a2ad67ca411aaa04e085b9.unity3d,Texture2D,604008,-1254935396193762281,image/item/604008.png,228,160,
image/item/604011,ab/1d/1db9628fb4a6121e8599b744ad50d1e8.unity3d,Texture2D,604011,-988369795690435925,image/item/604011.png,228,160,
image/item/604019,ab/3b/3b47b7490dbe3b308403af3125f855e5.unity3d,Texture2D,604019,3559217910327787985,image/item/604019.png,228,160,
image/item/604020,ab/0d/0d3d0459b61384684f4a252c8c815d34.unity3d,Texture2D,604020,6989070247718475544,image/item/604020.png,228,160,
image/item/604021,ab/18/1844fb678c239a7c9eb911ae46ade28b.unity3d,Texture2D,604021,-7738919079702251245,image/item/604021.png,228,160,
image/item/604022,ab/c8/c83bae93d375dd9c40bd1e6179767799.unity3d,Texture2D,604022,-3337894734885982623,image/item/604022.png,228,160,
image/item/604023,ab/de/de77fa77db10f91c67c50adc5e7d8d9f.unity3d,Texture2D,604023,635873908779786578,image/item/604023.png,228,160,
image/item/604025,ab/e8/e8436de44095c94155c90de49c78d679.unity3d,Texture2D,604025,8320463810176159961,image/item/604025.png,228,160,
image/item/604026,ab/d3/d3a61121e5ee902be006a25780798c95.unity3d,Texture2D,604026,-2797732364799694027,image/item/604026.png,228,160,
image/item/604044,ab/41/41d0b1346faf39bf938a494ccaf01495.unity3d,Texture2D,604044,-1114125165999792157,image/item/604044.png,228,160,
image/item/604047,ab/fd/fda74c3a1fd84b5b6c4f92c37eafae6a.unity3d,Texture2D,604047,-2453472223892573450,image/item/604047.png,228,160,
image/item/604048,ab/d3/d315eb2925d2565a6016b4635c5e7567.unity3d,Texture2D,604048,3625661609363251880,image/item/604048.png,228,160,
image/item/604049,ab/0e/0e4fc0d7ac35289b34adb2d8ca308e59.unity3d,Texture2D,604049,-2033164266846588101,image/item/604049.png,228,160,
image/item/604050,ab/0e/0e335ee67f049c156763a3899a34240a.unity3d,Texture2D,604050,-2112255414930443379,image/item/604050.png,228,160,
image/item/604067,ab/d8/d8479b56f5b9038ef1001e47050459d1.unity3d,Texture2D,604067,6508062012657227372,image/item/604067.png,228,160,
image/item/604074,ab/43/43292965c30b6e97e53f5632ee660ea8.unity3d,Texture2D,604074,-5958507623483749072,image/item/604074.png,228,160,
image/item/604802,ab/22/2212eb8241a6d4a90265fed88a349a38.unity3d,Texture2D,604802,3946116720164319354,image/item/604802.png,228,160,
image/item/604906,ab/0c/0c34d68642032465bc078b717c4bc66d.unity3d,Texture2D,604906,7830708989394966014,image/item/604906.png,228,160,
image/item/604925,ab/b6/b663a314e3f0bb2ec2053d5a40fc60ad.unity3d,Texture2D,604925,275431797270722799,image/item/604925.png,228,160,
image/item/604929,ab/e0/e04657da23cd0fb3ec3d282cccef792b.unity3d,Texture2D,604929,-5004181925888504663,image/item/604929.png,228,160,
image/item/604931,ab/16/16084c18db7337a0b4becf583682ee60.unity3d,Texture2D,604931,2586888063915947942,image/item/604931.png,228,160,
image/item/604932,ab/e8/e80e21de91ac34fc21f40b76625a34f4.unity3d,Texture2D,604932,-705823484158502721,image/item/604932.png,228,160,
image/item/604935,ab/3d/3d6463fe0c68f28dd101d18cd03acc90.unity3d,Texture2D,604935,-5605491498741859775,image/item/604935.png,228,160,
image/item/604946,ab/c8/c86b14a9bffab597df5b96f79a00342b.unity3d,Texture2D,604946,744898800757760071,image/item/604946.png,228,160,
image/item/604947,ab/18/18c2ea71c6d52be50f572530f14a6542.unity3d,Texture2D,604947,1337626594359991412,image/item/604947.png,228,160,
image/item/604949,ab/62/62fa5c1e3d1d2aad3f2ffc4fbb3f9a3e.unity3d,Texture2D,604949,2346579837226564532,image/item/604949.png,228,160,
image/item/604955,ab/3d/3dc0f2443f0d4544744893d61353d61e.unity3d,Texture2D,604955,511615433689479176,image/item/604955.png,228,160,
image/item/604959,ab/03/03443f604bea97cea33073a9694399b4.unity3d,Texture2D,604959,-6505534850164486104,image/item/604959.png,228,160,
image/item/604968,ab/51/51dc9a891e000a5b8206a50d8c03d957.unity3d,Texture2D,604968,-2676444656319146757,image/item/604968.png,228,160,
image/item/604990,ab/49/4964b7069e045cf0ff48e6c953e952b3.unity3d,Texture2D,604990,5596586129554149916,image/item/604990.png,228,160,
image/item/605037,ab/69/6935518e2425aa2f9f991c9e9abe7b55.unity3d,Texture2D,605037,7825558132954034758,image/item/605037.png,228,160,
image/item/608003,ab/c5/c525f331274603b0e5e143d9418b214d.unity3d,Texture2D,608003,-4632730542088525262,image/item/608003.png,228,160,
image/item/608004,ab/26/261624c1498fd7b3a8eda8d7415da969.unity3d,Texture2D,608004,7573432262513563337,image/item/608004.png,228,160,
image/item/608005,ab/3d/3dcbd0843431baeddd71fe37e461b8c8.unity3d,Texture2D,608005,4911938327705655232,image/item/608005.png,228,160,
image/item/608007,ab/d2/d289799f7cdd8e7ee9a861491465d5ee.unity3d,Texture2D,608007,-4461717840085426893,image/item/608007.png,228,160,
image/item/608013,ab/03/0323ee97b559fc159ff89640f2d4e41e.unity3d,Texture2D,608013,-5054523101451649140,image/item/608013.png,228,160,
image/item/608015,ab/d8/d8656568cef9b1c8074ac27f99ebbeb5.unity3d,Texture2D,608015,5444351360050716168,image/item/608015.png,228,160,
image/item/608018,ab/35/3565c493da40ca51912ea872103aeb74.unity3d,Texture2D,608018,657984245170120599,image/item/608018.png,228,160,
image/item/608019,ab/46/46105be5968d9f886db986c38b4d8a77.unity3d,Texture2D,608019,-1518288313644067527,image/item/608019.png,228,160,
image/item/608020,ab/d2/d218b92298751da8a94257c858694e0a.unity3d,Texture2D,608020,-4841549312558811588,image/item/608020.png,228,160,
image/item/608024,ab/1d/1d7a4ae79352fce68eee175bff4e5f38.unity3d,Texture2D,608024,-969058246546514957,image/item/608024.png,228,160,
image/item/608026,ab/c5/c58752360e03cb7bbe4d63cdb2b94d8e.unity3d,Texture2D,608026,2702413759559548268,image/item/608026.png,228,160,
image/item/608033,ab/d5/d5bcd2926cd0b23afd53b39e5aeac25a.unity3d,Texture2D,608033,-2590499278961383859,image/item/608033.png,228,160,
image/item/608039,ab/42/42b1978ec1620c50a9d82f2eabe2cb46.unity3d,Texture2D,608039,-616255170341703878,image/item/608039.png,228,160,
image/item/608040,ab/49/49749dbbb21a3dd2d075ea7dcedcd03d.unity3d,Texture2D,608040,-5546861133152168462,image/item/608040.png,228,160,
image/item/608042,ab/f8/f89558fce24ab21f7d1d653712888125.unity3d,Texture2D,608042,4770204563739896054,image/item/608042.png,228,160,
image/item/608044,ab/35/359633f6aa50741078121989e04b90e9.unity3d,Texture2D,608044,2107771136765841958,image/item/608044.png,228,160,
image/item/608052,ab/50/505292ad096a64e74b38feb8399d817c.unity3d,Texture2D,608052,1691238819978361439,image/item/608052.png,228,160,
image/item/608065,ab/c7/c7b0f118cf31f2e37217e726beea68a5.unity3d,Texture2D,608065,8280922516399636766,image/item/608065.png,228,160,
image/item/608067,ab/2f/2f6e4973bc9752e8b2a269535767be67.unity3d,Texture2D,608067,6599612947161171171,image/item/608067.png,228,160,
image/item/608069,ab/f7/f732c0c7c7aa37bb049f1024c3d9ffc7.unity3d,Texture2D,608069,9114643427157977471,image/item/608069.png,228,160,
image/item/609002,ab/17/170e4deb80bbabc83bd015a23da2cf7c.unity3d,Texture2D,609002,4127269961764945928,image/item/609002.png,228,160,
image/item/609003,ab/26/26dda5aa2b5e5839def725afcb6fa06b.unity3d,Texture2D,609003,-3805044991205114950,image/item/609003.png,228,160,
image/item/609010,ab/55/55010ef41c95ba6c72fbc6c3ace031b6.unity3d,Texture2D,609010,-7376281627031282831,image/item/609010.png,228,160,
image/item/609017,ab/0a/0a3c4a3ec24ef2f8ac0ede5cb38ae559.unity3d,Texture2D,609017,4117863937857762832,image/item/609017.png,228,160,
image/item/609022,ab/e2/e22579466609a47d91da37675036ed9e.unity3d,Texture2D,609022,4115071215380481372,image/item/609022.png,228,160,
image/item/609023,ab/66/667fa9b85ae728fc28926a452d95edd4.unity3d,Texture2D,609023,8646277695505870914,image/item/609023.png,228,160,
image/item/609027,ab/e2/e294649f6d5cbe4e913f320a516a91cc.unity3d,Texture2D,609027,3181820829998228316,image/item/609027.png,228,160,
image/item/640001,ab/51/51ccfea00ccdb45dc37da0fba0ab5a05.unity3d,Texture2D,640001,-6456965395579288309,image/item/640001.png,228,160,
image/item/656005,ab/fd/fdb78cf50f5f83a2d8b5976bc4b18ad8.unity3d,Texture2D,656005,4090028193767218255,image/item/656005.png,228,160,
image/item/656010,ab/29/296640e72bb640b68a3b2de36c3565f7.unity3d,Texture2D,656010,5281287775564611300,image/item/656010.png,228,160,
image/item/656011,ab/53/531c8910f6263bfaba8099871dca6760.unity3d,Texture2D,656011,-5296885023857893216,image/item/656011.png,228,160,
image/item/656051,ab/f1/f1f5ec511bf3409b3fc5740a322efb8b.unity3d,Texture2D,656051,-3698586013580281605,image/item/656051.png,228,160,
image/item/656061,ab/ea/ea31c92055f0838258004d90e1496212.unity3d,Texture2D,656061,7971246328916934247,image/item/656061.png,228,160,
image/item/656064,ab/42/426290f7634856bb38b289c16417e465.unity3d,Texture2D,656064,4928482772393411320,image/item/656064.png,228,160,
image/item/656075,ab/fb/fb16a157063856ae01573b75987f1bd1.unity3d,Texture2D,656075,4169351064586704716,image/item/656075.png,228,160,
image/item/656081,ab/27/27b769bba6662107c1f2715ebeafc05e.unity3d,Texture2D,656081,1696939780712281277,image/item/656081.png,228,160,
image/item/656086,ab/04/045697ceccc82b3b6f81a1afc774cce5.unity3d,Texture2D,656086,-4431898986115051412,image/item/656086.png,228,160,
image/item/656087,ab/c8/c85a109f82077a41e3497719a38d748a.unity3d,Texture2D,656087,500570388237103021,image/item/656087.png,228,160,
image/item/657074,ab/c7/c7f3786f31b613ef746943e497395fb1.unity3d,Texture2D,657074,-3843669487528975389,image/item/657074.png,228,160,
image/item/680006,ab/36/36ba8a214a97d58ff9879af1f84b3723.unity3d,Texture2D,680006,6868314872624578012,image/item/680006.png,228,160,
image/item/690003,ab/69/69daed8648fe4d6fa6b7320b6adaee3f.unity3d,Texture2D,690003,-2059202474419685629,image/item/690003.png,228,160,
image/item/690006,ab/f5/f564970b43715a09b87897e526db77e9.unity3d,Texture2D,690006,1281584907294044630,image/item/690006.png,228,160,
image/item/690007,ab/02/026ed081fad2dcee11fd2271bce10cd3.unity3d,Texture2D,690007,-5626647581456025681,image/item/690007.png,228,160,
image/item/690009,ab/16/16be6a55f9643918222ca8a277fef727.unity3d,Texture2D,690009,-5108240605087720681,image/item/690009.png,228,160,
image/item/690011,ab/64/6483dfc8a9542ebd4d5c254b75a6e6d4.unity3d,Texture2D,690011,5139856090189870441,image/item/690011.png,228,160,
image/item/690012,ab/ea/ea58d923165a78c4fc72b7defb1acd68.unity3d,Texture2D,690012,941623796364884326,image/item/690012.png,228,160,
image/item/690013,ab/49/49fc88f01322478eff1329ba2a991f2a.unity3d,Texture2D,690013,-7596789380692423861,image/item/690013.png,228,160,
image/item/690014,ab/0b/0bd5b21fc782f6d6aff668ac51fb666b.unity3d,Texture2D,690014,5390818708918361567,image/item/690014.png,228,160,
image/item/690015,ab/46/463fbb36da8731a83f9cdb2a9d186afe.unity3d,Texture2D,690015,-124703674890086803,image/item/690015.png,228,160,
image/item/690017,ab/c8/c82c330d2291ba8f73467996e19f2ea1.unity3d,Texture2D,690017,-8300970234457465765,image/item/690017.png,228,160,
image/item/690021,ab/fd/fdf78362c4a24bc7c5529215a29212aa.unity3d,Texture2D,690021,-3438667687128949027,image/item/690021.png,228,160,
image/item/690022,ab/36/361ba90db86f9ca871d499af1d6af8f0.unity3d,Texture2D,690022,7273628758757512698,image/item/690022.png,228,160,
image/item/69002301,ab/d8/d8415217eb8ec4153272a1e4d25400ef.unity3d,Texture2D,69002301,-2139851196661967521,image/item/69002301.png,228,160,
image/item/690026,ab/cf/cf923cfc5b6530be960414784ad95557.unity3d,Texture2D,690026,-5356202998075333172,image/item/690026.png,228,160,
image/item/7,ab/0e/0e7c57a89e2770f7b17301f451c472fe.unity3d,Texture2D,7,2794119316134926136,image/item/7.png,228,160,
image/item/ac_02,ab/c1/c15954f6bc0cea91bb1596ae1c7147c1.unity3d,Texture2D,ac_02,-1208442524157395408,image/item/ac_02.png,228,160,
image/item/ac_10tian,ab/42/4218e19ccaec94524fe27a3e55ee7294.unity3d,Texture2D,ac_10tian,5698535466446397910,image/item/ac_10tian.png,228,160,
image/item/ac_12,ab/53/530b6d2c23c744011c5d9bea41485238.unity3d,Texture2D,ac_12,-3208104177910047561,image/item/ac_12.png,228,160,
image/item/ac_13,ab/17/174e2f1c81d94639a40840d5519f95b3.unity3d,Texture2D,ac_13,-1701096053886468688,image/item/ac_13.png,228,160,
image/item/ac_18,ab/41/41e6f244f9ebc89dc083a503a34d49f5.unity3d,Texture2D,ac_18,8110688466132961707,image/item/ac_18.png,228,160,
image/item/ac_1tian,ab/e2/e279c1a9f6af8aadb90d964a8f7d1845.unity3d,Texture2D,ac_1tian,-5198029011970616896,image/item/ac_1tian.png,228,160,
image/item/ac_25,ab/31/313ba46726e7a407a3834878054e8632.unity3d,Texture2D,ac_25,2707806846118154037,image/item/ac_25.png,228,160,
image/item/ac_26,ab/d8/d811da695d15945549e2abaf4f0ab271.unity3d,Texture2D,ac_26,-2021018724414260600,image/item/ac_26.png,228,160,
image/item/ac_31,ab/b8/b80cbe71dd308ce11839c6fabd4b1b2e.unity3d,Texture2D,ac_31,3075477870889292967,image/item/ac_31.png,228,160,
image/item/ac_33,ab/27/27bcdba743ababdedbd65a02ef9586b7.unity3d,Texture2D,ac_33,-6880806995041668973,image/item/ac_33.png,228,160,
image/item/ac_35,ab/c7/c7dbe1540df62707114b940e81fa8f8c.unity3d,Texture2D,ac_35,-5675296940264444643,image/item/ac_35.png,228,160,
image/item/ac_36,ab/58/580700ebae01adf32877fd703446d297.unity3d,Texture2D,ac_36,-6277886396203111453,image/item/ac_36.png,228,160,
image/item/ac_38,ab/17/17652c02eb76db0ccce3c6e245f1cb98.unity3d,Texture2D,ac_38,-4343284785129995243,image/item/ac_38.png,228,160,
image/item/ac_3tian,ab/b5/b514db1946a400267cbcf2b51919622d.unity3d,Texture2D,ac_3tian,5411854241843690592,image/item/ac_3tian.png,228,160,
image/item/ac_40,ab/f3/f3b34a21cbc5f956eb618d23bcc50dd6.unity3d,Texture2D,ac_40,1619755765894864146,image/item/ac_40.png,228,160,
image/item/ac_41,ab/22/22950ad42e9162ef2264aab34ab93793.unity3d,Texture2D,ac_41,-2865724177795510917,image/item/ac_41.png,228,160,
image/item/ac_43,ab/0b/0b52fb0b875e3fb78c401231031da61f.unity3d,Texture2D,ac_43,6418584652719700190,image/item/ac_43.png,228,160,
image/item/ac_7tian,ab/41/4163551c73d039d7e09317ec4e00ae72.unity3d,Texture2D,ac_7tian,-5562657039986854272,image/item/ac_7tian.png,228,160,
image/item/ac_818suipian,ab/3c/3c0c0564efc3fa9c8d9feec7eef84ffc.unity3d,Texture2D,ac_818suipian,6526000893172843880,image/item/ac_818suipian.png,228,160,
image/item/ac_98,ab/d8/d85f21cc3fe248fab5f3bd997f9d6f61.unity3d,Texture2D,ac_98,1872097621229954402,image/item/ac_98.png,228,160,
image/item/ac_aixin0520,ab/d8/d8dbafa83410311833c1ef95303f952f.unity3d,Texture2D,ac_aixin0520,6719640105790888854,image/item/ac_aixin0520.png,228,160,
image/item/ac_chang0112,ab/d0/d0a008d15e05e15e722a115dcd67ff89.unity3d,Texture2D,ac_chang0112,-1579965287772281864,image/item/ac_chang0112.png,228,160,
image/item/ac_chongci,ab/af/af282970b8b6e1d7854361c319e41f78.unity3d,Texture2D,ac_chongci,5475980077810237325,image/item/ac_chongci.png,228,160,
image/item/ac_chongci2,ab/67/679fbaf9a54ae3e08e6c221d2af6c694.unity3d,Texture2D,ac_chongci2,-1007040110453405324,image/item/ac_chongci2.png,228,160,
image/item/ac_chun0110,ab/51/5107624dfc956f173bd0d135820393ca.unity3d,Texture2D,ac_chun0110,2256919060707080567,image/item/ac_chun0110.png,228,160,
image/item/ac_dao0107,ab/d5/d509281ab4f78cd22955803340a40703.unity3d,Texture2D,ac_dao0107,6122609452931731508,image/item/ac_dao0107.png,228,160,
image/item/ac_duo,ab/ea/eaadabe6412df0799e25343ffbfbd06c.unity3d,Texture2D,ac_duo,-3642215866396437987,image/item/ac_duo.png,228,160,
image/item/ac_feichuan0301,ab/dd/dd0d7323be4a67b37507962afd867703.unity3d,Texture2D,ac_feichuan0301,-9062570750175461353,image/item/ac_feichuan0301.png,228,160,
image/item/ac_fu,ab/be/be560e586305f51dca00770a78650096.unity3d,Texture2D,ac_fu,4702324924726439805,image/item/ac_fu.png,228,160,
image/item/ac_ganennan1115,ab/e5/e5c859c9a20c2b9e4c90ed93264f3d68.unity3d,Texture2D,ac_ganennan1115,-9005760268131026426,image/item/ac_ganennan1115.png,228,160,
image/item/ac_gougutou,ab/03/0321c8d7c2a84500f642c9f7b9d8a016.unity3d,Texture2D,ac_gougutou,-7639526186368303240,image/item/ac_gougutou.png,228,160,
image/item/ac_gui,ab/31/3125c352d86e004a813a77e952ee0cb0.unity3d,Texture2D,ac_gui,-1844950652960106975,image/item/ac_gui.png,228,160,
image/item/ac_haidao,ab/70/702540b7893d6b60c860d82470ed99b8.unity3d,Texture2D,ac_haidao,-6694593399427467062,image/item/ac_haidao.png,228,160,
image/item/ac_haidaolb0504,ab/00/0092965c9a0f27ba825f6c88c4b88f67.unity3d,Texture2D,ac_haidaolb0504,-3442748670016608327,image/item/ac_haidaolb0504.png,228,160,
image/item/ac_hailanzhixing,ab/ed/ed90d3042e23478f989a8b6614110638.unity3d,Texture2D,ac_hailanzhixing,-4610540223358267580,image/item/ac_hailanzhixing.png,228,160,
image/item/ac_hanghaikh,ab/eb/ebd458a39e77cd026043e94e6e581faf.unity3d,Texture2D,ac_hanghaikh,-7179531651931314228,image/item/ac_hanghaikh.png,228,160,
image/item/ac_haoyunfu,ab/51/513728db1cd261f5bee44ab0124ec5f4.unity3d,Texture2D,ac_haoyunfu,6454055092888797477,image/item/ac_haoyunfu.png,228,160,
image/item/ac_heiniushengri,ab/f3/f367a19b725cfb3d899dcaf9b61e8a2d.unity3d,Texture2D,ac_heiniushengri,5738258783756938200,image/item/ac_heiniushengri.png,228,160,
image/item/ac_hudiejie,ab/ee/ee2c21f7fd1d473445757d704d7f3e78.unity3d,Texture2D,ac_hudiejie,-8497999512952769779,image/item/ac_hudiejie.png,228,160,
image/item/ac_hunsha,ab/e4/e4fef48054ffa3ac7b65d05d80a51916.unity3d,Texture2D,ac_hunsha,5406150606491860645,image/item/ac_hunsha.png,228,160,
image/item/ac_huojian,ab/62/620e123b08f0269e359001bc7815e261.unity3d,Texture2D,ac_huojian,-3815229226166762286,image/item/ac_huojian.png,228,160,
image/item/ac_huqizhi,ab/b3/b33b9a3a0f47f6b8fc4f31da8a365634.unity3d,Texture2D,ac_huqizhi,-2614308212243865477,image/item/ac_huqizhi.png,228,160,
image/item/ac_jinqiukh,ab/04/04bdc70b0b9b93be5370663ead9b4b92.unity3d,Texture2D,ac_jinqiukh,296768757017610052,image/item/ac_jinqiukh.png,228,160,
image/item/ac_jitui1115,ab/70/706a05a85b77b25d32351a66da6182a8.unity3d,Texture2D,ac_jitui1115,6938061555403035235,image/item/ac_jitui1115.png,228,160,
image/item/ac_jiu0112,ab/f4/f4809c7857e7b8abc397d56aa53edefe.unity3d,Texture2D,ac_jiu0112,7394448334117351833,image/item/ac_jiu0112.png,228,160,
image/item/ac_jzhaung,ab/65/652accced6f1fd835b9051ddb2c8b6c1.unity3d,Texture2D,ac_jzhaung,7583955739196633238,image/item/ac_jzhaung.png,228,160,
image/item/ac_kouhong,ab/ea/ea82a1fab9f3ad839ec557435bf6e7fb.unity3d,Texture2D,ac_kouhong,-1998516624017468776,image/item/ac_kouhong.png,228,160,
image/item/ac_kubiduih,ab/50/50a00cc2f0495fa20b4db3f00a2de26f.unity3d,Texture2D,ac_kubiduih,-1754485284714105993,image/item/ac_kubiduih.png,228,160,
image/item/ac_kubilicai,ab/58/58b79b2a65b834061077a3da7c31022f.unity3d,Texture2D,ac_kubilicai,5278007003501464116,image/item/ac_kubilicai.png,228,160,
image/item/ac_labazhou,ab/64/6422dfbb1b23804215a0a4d6afa4fa07.unity3d,Texture2D,ac_labazhou,8897009042188761844,image/item/ac_labazhou.png,228,160,
image/item/ac_lai,ab/f4/f42e488d4bd54f0002f4a8cf70ecdb22.unity3d,Texture2D,ac_lai,-2233393849393570170,image/item/ac_lai.png,228,160,
image/item/ac_lazhu,ab/3d/3d82e018ad3df943b15204763d665873.unity3d,Texture2D,ac_lazhu,6678716755211053460,image/item/ac_lazhu.png,228,160,
image/item/ac_luopan,ab/fb/fb407c70f6fe4ab48093d27fb08ece9f.unity3d,Texture2D,ac_luopan,-8922844576552291685,image/item/ac_luopan.png,228,160,
image/item/ac_luosi,ab/0e/0e593969af818e0d0ef6a18835abfb86.unity3d,Texture2D,ac_luosi,247926738752670014,image/item/ac_luosi.png,228,160,
image/item/ac_maoxianjia,ab/2d/2d7395340292b55b46c07f5591813ae5.unity3d,Texture2D,ac_maoxianjia,-6561108050285892511,image/item/ac_maoxianjia.png,228,160,
image/item/ac_maxixiaolian,ab/3b/3b99f70244c8e65768cfadcd0612897b.unity3d,Texture2D,ac_maxixiaolian,-7774943919931900358,image/item/ac_maxixiaolian.png,228,160,
image/item/ac_modao,ab/ed/ed70976568e7ef024481c75c6258a128.unity3d,Texture2D,ac_modao,5396715559636239888,image/item/ac_modao.png,228,160,
image/item/ac_mogu,ab/66/6602bac01f4475360cc64812f69dd227.unity3d,Texture2D,ac_mogu,-3822340152401898446,image/item/ac_mogu.png,228,160,
image/item/ac_muchui,ab/f7/f7fa2295e02be667c2b368ee148e02d4.unity3d,Texture2D,ac_muchui,-6303821949431013344,image/item/ac_muchui.png,228,160,
image/item/ac_nangua1018,ab/e4/e4ae20c4e253b7536d663b4cd24e85ac.unity3d,Texture2D,ac_nangua1018,-1949017099713912046,image/item/ac_nangua1018.png,228,160,
image/item/ac_pao0107,ab/bd/bde1c2fca1ee04421dd14f15c4085cb1.unity3d,Texture2D,ac_pao0107,6142268774553068225,image/item/ac_pao0107.png,228,160,
image/item/ac_qianzhihe0612,ab/1d/1d23ccc834a94c4c5ca973a263973fe7.unity3d,Texture2D,ac_qianzhihe0612,-8789955806015378512,image/item/ac_qianzhihe0612.png,228,160,
image/item/ac_qinggangbi,ab/0a/0a54b049eaa3dcffacb021fc0889cc0c.unity3d,Texture2D,ac_qinggangbi,738149718024101201,image/item/ac_qinggangbi.png,228,160,
image/item/ac_sai,ab/62/62c1e1768b2029066820da11826fdd29.unity3d,Texture2D,ac_sai,-5215457618824612833,image/item/ac_sai.png,228,160,
image/item/ac_saibo,ab/dd/dd1f776aae3791a6455c6c49438bd7c8.unity3d,Texture2D,ac_saibo,-2898398180367600562,image/item/ac_saibo.png,228,160,
image/item/ac_senlinluopan,ab/36/361dea8cca6affeda4142482edd77eb4.unity3d,Texture2D,ac_senlinluopan,-8607381600372110056,image/item/ac_senlinluopan.png,228,160,
image/item/ac_shandian1.1,ab/c3/c30311dc22a95c4a79cc336069e9a9cf.unity3d,Texture2D,ac_shandian1.1,7496283275847772045,image/item/ac_shandian1.1.png,228,160,
image/item/ac_shendun1.6,ab/3f/3f77fb53c607f6d77a2f21ab37eb9452.unity3d,Texture2D,ac_shendun1.6,1339193186728809241,image/item/ac_shendun1.6.png,228,160,
image/item/ac_shengdan1213,ab/cd/cdef9d8c99fa088cc1d676acac773f19.unity3d,Texture2D,ac_shengdan1213,7868990007871517114,image/item/ac_shengdan1213.png,228,160,
image/item/ac_shengdanwa,ab/b8/b80a76bb36c79299848dd92f4c06688e.unity3d,Texture2D,ac_shengdanwa,-22121339656348233,image/item/ac_shengdanwa.png,228,160,
image/item/ac_shuanglongdh0916,ab/22/2219a9a91acd5af403b6850c4e283d2d.unity3d,Texture2D,ac_shuanglongdh0916,-5505134147466925622,image/item/ac_shuanglongdh0916.png,228,160,
image/item/ac_tangguo1213,ab/65/65c476f188c57974a5300e49e8f6a16f.unity3d,Texture2D,ac_tangguo1213,3104174662035610560,image/item/ac_tangguo1213.png,228,160,
image/item/ac_tjtxian,ab/32/324e40cdc550f74bd6bf8192aed54e8c.unity3d,Texture2D,ac_tjtxian,-30480428124916432,image/item/ac_tjtxian.png,228,160,
image/item/ac_tou,ab/f8/f85073b839ef6fffd5efeebc52b6d232.unity3d,Texture2D,ac_tou,-8746041441769417453,image/item/ac_tou.png,228,160,
image/item/ac_weimeng,ab/f8/f8fedf6b960ab36b3a1aa03867f0643c.unity3d,Texture2D,ac_weimeng,4598887583282102790,image/item/ac_weimeng.png,228,160,
image/item/ac_weizhuang,ab/e2/e2bdbaf788d15960c44520b9a55b2b7e.unity3d,Texture2D,ac_weizhuang,1115105275043665851,image/item/ac_weizhuang.png,228,160,
image/item/ac_xiaobailh,ab/46/46852d8b75e77cba9343dc34a3bd2e5e.unity3d,Texture2D,ac_xiaobailh,-5851018354831266495,image/item/ac_xiaobailh.png,228,160,
image/item/ac_xiaohhua,ab/b3/b37ad6681127a4a7685f9ba28acb88ff.unity3d,Texture2D,ac_xiaohhua,-3610776711611353242,image/item/ac_xiaohhua.png,228,160,
image/item/ac_xiaoqiangbz,ab/0d/0dce2d74dc96f103e0eb6de73b1d1baa.unity3d,Texture2D,ac_xiaoqiangbz,-8418776216681358413,image/item/ac_xiaoqiangbz.png,228,160,
image/item/ac_xiaoxinnv,ab/ea/eab0e50bb9a0f342809300135a69caa6.unity3d,Texture2D,ac_xiaoxinnv,6909034284586224691,image/item/ac_xiaoxinnv.png,228,160,
image/item/ac_xiaozhenzhu,ab/0b/0b8ba6a5587b005e1007c90590e71456.unity3d,Texture2D,ac_xiaozhenzhu,-8517435867087716443,image/item/ac_xiaozhenzhu.png,228,160,
image/item/ac_xiayingdh0721,ab/0c/0c98d69fa93d5a2f92b582e61d173d8f.unity3d,Texture2D,ac_xiayingdh0721,-6736495228511584783,image/item/ac_xiayingdh0721.png,228,160,
image/item/ac_xinchunyaoqing0110,ab/dd/dd5e47776aad3da756958cc19887bd87.unity3d,Texture2D,ac_xinchunyaoqing0110,5070129082372936800,image/item/ac_xinchunyaoqing0110.png,228,160,
image/item/ac_xinyuansheng1220,ab/c0/c00a270430ba5633f09dfdef0b02d24b.unity3d,Texture2D,ac_xinyuansheng1220,8885077752489209812,image/item/ac_xinyuansheng1220.png,228,160,
image/item/ac_yuanyouquan,ab/b6/b6581193e5b67ca0a4369fa650beabc3.unity3d,Texture2D,ac_yuanyouquan,-5337501830171655764,image/item/ac_yuanyouquan.png,228,160,
image/item/ac_yueliang0321,ab/cb/cb1dab70c0d06ea3d3b1eb99d276a990.unity3d,Texture2D,ac_yueliang0321,-5475717234378033738,image/item/ac_yueliang0321.png,228,160,
image/item/ac_yunshi,ab/fd/fd41e1e8e2bc1ea21b79d7094ae6963e.unity3d,Texture2D,ac_yunshi,-6821540033341565868,image/item/ac_yunshi.png,228,160,
image/item/ac_zhiaiduichi,ab/26/26d164be641f5d590eec7c34aaccdeac.unity3d,Texture2D,ac_zhiaiduichi,-4327539030948314678,image/item/ac_zhiaiduichi.png,228,160,
image/item/ac_zhouniankh,ab/c9/c9ea4945f4af1bdd67572bb490730edf.unity3d,Texture2D,ac_zhouniankh,-6586573968478799070,image/item/ac_zhouniankh.png,228,160,
image/item/ac_zongzi,ab/2d/2d1bd7912d0556d9cbaabd83552b0175.unity3d,Texture2D,ac_zongzi,-632618553173016180,image/item/ac_zongzi.png,228,160,
image/item/back_kart2,ab/41/417e4aac2093822046e5d32d09659efb.unity3d,Texture2D,back_kart2,-8210797830907656747,image/item/back_kart2.png,228,160,
image/item/back_kart3,ab/0b/0baa0a4320c0e1430f8dcba37db0a4c3.unity3d,Texture2D,back_kart3,815105829882743157,image/item/back_kart3.png,228,160,
image/item/back_kart4,ab/f0/f0bd59f7f2d480b6810519d076f99394.unity3d,Texture2D,back_kart4,8874572154010466400,image/item/back_kart4.png,228,160,
image/item/back_kart5,ab/3f/3f401e1cb94ae5dd8ad3c19fc41fb983.unity3d,Texture2D,back_kart5,-5329671139387856347,image/item/back_kart5.png,228,160,
image/item/back_kart6,ab/b0/b0b5c1ce2e04119c60df907a55b53329.unity3d,Texture2D,back_kart6,-8232378869038626029,image/item/back_kart6.png,228,160,
image/item/backgift_icon,ab/67/670d78eebc53cb8ff04f88617aeba681.unity3d,Texture2D,backgift_icon,-1177738612869518228,image/item/backgift_icon.png,228,160,
image/item/bainianhb,ab/e3/e3361e4ae0364fb4c807b9cc0fc3d7fc.unity3d,Texture2D,bainianhb,-2664083895745141271,image/item/bainianhb.png,228,160,
image/item/baobaoka,ab/22/22a54baebfb3802765909a128382df7b.unity3d,Texture2D,baobaoka,1513792572117415445,image/item/baobaoka.png,228,160,
image/item/baobaomh_208,ab/ee/eeacb78d68196a606a90a9683a1e6e6a.unity3d,Texture2D,baobaomh_208,2001296187659831141,image/item/baobaomh_208.png,228,160,
image/item/bbq_1,ab/e8/e856387a32ff947c1525e91e4570af76.unity3d,Texture2D,bbq_1,-3289681107494597477,image/item/bbq_1.png,228,160,
image/item/bg_toushijing_zuo,ab/16/16be6743d43c8cd591670a2572c672d8.unity3d,Texture2D,bg_toushijing_zuo,7498048030968300510,image/item/bg_toushijing_zuo.png,64,64,
image/item/bingo_hsjc_icon,ab/f5/f569cefe8dc47923781b36d4600dd3bc.unity3d,Texture2D,bingo_hsjc_icon,4332722788174370208,image/item/bingo_hsjc_icon.png,228,160,
image/item/bonusbox_150,ab/0b/0b76e32b9699d503cb13e04e966c8c71.unity3d,Texture2D,bonusbox_150,-1091024642937134821,image/item/bonusbox_150.png,228,160,
image/item/bonusbox_300,ab/18/189a71af08316b1098a5ad02c12f51d9.unity3d,Texture2D,bonusbox_300,4155546229031555395,image/item/bonusbox_300.png,228,160,
image/item/bonusbox2_1,ab/ec/ecd61378958dbf7f7076293cd4d093f7.unity3d,Texture2D,bonusbox2_1,-5559576339726876676,image/item/bonusbox2_1.png,228,160,
image/item/bonusbox3,ab/c6/c631233dcbb6dc1e8f5a5ed91856d9a3.unity3d,Texture2D,bonusbox3,652413566338834215,image/item/bonusbox3.png,228,160,
image/item/box_01_mentor,ab/dd/dd0ef14b46996b813a2fd61afe0f80ea.unity3d,Texture2D,box_01_mentor,-4780457400642846601,image/item/box_01_mentor.png,228,160,
image/item/box_03,ab/c1/c1b6caa31a3eb270eb55d8d534e516bc.unity3d,Texture2D,box_03,2047547718395025361,image/item/box_03.png,228,160,
image/item/box_1_icon,ab/fa/fa5c5b7148b1706987d64b43875a03bd.unity3d,Texture2D,box_1_icon,3699479538834943503,image/item/box_1_icon.png,228,160,
image/item/box_challenge01,ab/02/02d5d1ceb37e6cf170ce9143ba17730c.unity3d,Texture2D,box_challenge01,-7611445118275636849,image/item/box_challenge01.png,228,160,
image/item/box_challenge03,ab/53/53899bf8d9e936f989c5463f67299611.unity3d,Texture2D,box_challenge03,-7985244258855837174,image/item/box_challenge03.png,228,160,
image/item/box_k1_icon,ab/1d/1d0f69a5c2b94f3839711caa8c2f5091.unity3d,Texture2D,box_k1_icon,3920741952912827691,image/item/box_k1_icon.png,228,160,
image/item/box_nianshou,ab/c6/c69353fab031500b2045521e4f1d5d88.unity3d,Texture2D,box_nianshou,-811413626126111421,image/item/box_nianshou.png,228,160,
image/item/box_qiyuan,ab/28/283d1ea3fd9dce4fbb36d30329c7869d.unity3d,Texture2D,box_qiyuan,4352948123671681044,image/item/box_qiyuan.png,228,160,
image/item/canzhiluoye,ab/e9/e99e1a842d24abf9d663d5d5ed8b5412.unity3d,Texture2D,canzhiluoye,-3928358132705003290,image/item/canzhiluoye.png,228,160,
image/item/chaoliujiaodian,ab/b5/b573999ef40fc50a037bdba9f17771db.unity3d,Texture2D,chaoliujiaodian,-884841904578678404,image/item/chaoliujiaodian.png,228,160,
image/item/cheshi_10,ab/16/16acd54c2330566d7db65ff71b222371.unity3d,Texture2D,cheshi_10,4555056778137091038,image/item/cheshi_10.png,228,160,
image/item/cheshou_50,ab/3d/3dcbf6b2cb1219c3ac4164b03883b2f1.unity3d,Texture2D,cheshou_50,-8707097742372210593,image/item/cheshou_50.png,228,160,
image/item/common_item_kong,ab/32/32bf15347cbc62e1cd644d8f4dfd71c5.unity3d,Texture2D,common_item_kong,3051818294052229303,image/item/common_item_kong.png,228,160,
image/item/congtoumh,ab/c3/c365bcc204ac6fff27bd399bb1aaa16e.unity3d,Texture2D,congtoumh,814991962390410284,image/item/congtoumh.png,228,160,
image/item/crsp_icon,ab/d0/d094a5091d4ebe779def450665ba863f.unity3d,Texture2D,crsp_icon,-6305390955688793587,image/item/crsp_icon.png,228,160,
image/item/cup,ab/b0/b0b8c2edb8b9294cd8a46ba896ca23d1.unity3d,Texture2D,cup,-4672667002241854467,image/item/cup.png,228,160,
image/item/daoju_20,ab/d3/d3075e0ee4685594404b88caff015af8.unity3d,Texture2D,daoju_20,8924584442835705940,image/item/daoju_20.png,228,160,
image/item/daoju_50,ab/e5/e5910774d815fb7456e10c9f3a725cf8.unity3d,Texture2D,daoju_50,4760985373950874912,image/item/daoju_50.png,228,160,
image/item/dashboard_2021,ab/dd/dd305625097024e2f0c917560cf2c774.unity3d,Texture2D,Dashboard_2021,4620644559798739046,image/item/dashboard_2021.png,344,240,
image/item/dashboard_formula,ab/f7/f752508c0a92fbf98f751e4ba4249883.unity3d,Texture2D,Dashboard_formula,498416491407659910,image/item/dashboard_formula.png,344,240,
image/item/dashboard_qhsl,ab/bc/bc086a66a6f5772a327acebf1b9ee4d9.unity3d,Texture2D,Dashboard_QHSL,-3575127699671920546,image/item/dashboard_qhsl.png,344,240,
image/item/dashboard_s10,ab/55/55e2b584667294bbf2a3d5c934c0a877.unity3d,Texture2D,Dashboard_S10,7470756222111741789,image/item/dashboard_s10.png,344,240,
image/item/dashboard_s12,ab/23/232a77b27c34d69dd08d4244ea1541b7.unity3d,Texture2D,Dashboard_S12,5988126603944607791,image/item/dashboard_s12.png,344,240,
image/item/dashboard_s16,ab/c9/c9eb3bad5fed4fd07099438176298eac.unity3d,Texture2D,Dashboard_S16,5031393273060191137,image/item/dashboard_s16.png,344,240,
image/item/dashboard_s25_1,ab/f3/f364770bfc1b927e13cdd23b4356764b.unity3d,Texture2D,Dashboard_S25_1,1380517312876389078,image/item/dashboard_s25_1.png,344,240,
image/item/diyuhuojianfeng,ab/f8/f8871dfdd335109120c62d88595e9731.unity3d,Texture2D,diyuhuojianfeng,6068677772512869876,image/item/diyuhuojianfeng.png,228,160,
image/item/dt_0001,ab/65/65787596dbd9ea8b73d82f4ccae09b1f.unity3d,Texture2D,dt_0001,-5887680297832572400,image/item/dt_0001.png,228,160,
image/item/dt_0004,ab/69/6988a61bbc730bab476a719fac2df7ea.unity3d,Texture2D,dt_0004,-2391405485209710931,image/item/dt_0004.png,228,160,
image/item/dt_0005,ab/3d/3d09e0e50ffcaef04206c273771a9910.unity3d,Texture2D,dt_0005,2119249888154256228,image/item/dt_0005.png,228,160,
image/item/dt_0006,ab/de/de736553fd410419cbc57e61b1de3bdd.unity3d,Texture2D,dt_0006,-4587446938490946258,image/item/dt_0006.png,228,160,
image/item/dt_0009,ab/04/04fcb20be83b710c3176fa53b1b2caec.unity3d,Texture2D,dt_0009,9027874970580293812,image/item/dt_0009.png,228,160,
image/item/dt_0010,ab/e2/e21afff170424a50c39879e8c3d6c47e.unity3d,Texture2D,dt_0010,-6039151305235098466,image/item/dt_0010.png,228,160,
image/item/dt_0013,ab/c0/c0eb37cca53ad13007f420af59036d7d.unity3d,Texture2D,dt_0013,1201691812194914721,image/item/dt_0013.png,228,160,
image/item/dt_0016,ab/32/3256cb6e8b460d9bda635595c384c52f.unity3d,Texture2D,dt_0016,-3571853124903663202,image/item/dt_0016.png,228,160,
image/item/dt_0018,ab/51/51ad75a37471e7333c987c02597fbe7e.unity3d,Texture2D,dt_0018,2308907084717471385,image/item/dt_0018.png,228,160,
image/item/dt_0019,ab/51/519816756723ad41d5cb5a987922cf8f.unity3d,Texture2D,dt_0019,-7839505465355495474,image/item/dt_0019.png,228,160,
image/item/dt_0021,ab/d1/d1624ef9d39fbc3f6ae50fdb670f7ffe.unity3d,Texture2D,dt_0021,6149118249547302052,image/item/dt_0021.png,228,160,
image/item/dt_0024,ab/c8/c89500733b440bafb847e0795296ead3.unity3d,Texture2D,dt_0024,6143644380997652361,image/item/dt_0024.png,228,160,
image/item/dt_0026,ab/0e/0e417fffdd47d89572ceff806680b8df.unity3d,Texture2D,dt_0026,6218487299392499182,image/item/dt_0026.png,228,160,
image/item/dt_0028,ab/ca/ca7875c0ec50741db08e727561c0190d.unity3d,Texture2D,dt_0028,2037130646169610842,image/item/dt_0028.png,228,160,
image/item/dt_0029,ab/be/be91fb55903f8d1166444d95f99de1bb.unity3d,Texture2D,dt_0029,-406973531077206897,image/item/dt_0029.png,228,160,
image/item/dt_0030,ab/28/28a2d3a16b623ebe89757ffc9dd3724d.unity3d,Texture2D,dt_0030,4855795701270091471,image/item/dt_0030.png,228,160,
image/item/dt_0033,ab/55/55e746b7492b09fc3dabebd72cdbaad8.unity3d,Texture2D,dt_0033,3592059834412280191,image/item/dt_0033.png,228,160,
image/item/dt_0034,ab/f9/f983e9e05e2d8365dba2ce289984f1eb.unity3d,Texture2D,dt_0034,2837268277253030213,image/item/dt_0034.png,228,160,
image/item/dt_0036,ab/ec/ec4761893b69daa696d83d9c4a210f8d.unity3d,Texture2D,dt_0036,-7474248650696393808,image/item/dt_0036.png,228,160,
image/item/dt_0037,ab/f9/f9072018062cc2146418b384957c80ec.unity3d,Texture2D,dt_0037,2178920783362043965,image/item/dt_0037.png,228,160,
image/item/dt_0038,ab/47/47bf97e31d8e0cd4b7a8838c9d94f22d.unity3d,Texture2D,dt_0038,4464263661790417863,image/item/dt_0038.png,228,160,
image/item/dt_0040,ab/c6/c6a2d4e63655f91372d40bfb040a61b8.unity3d,Texture2D,dt_0040,-3934870557194386771,image/item/dt_0040.png,228,160,
image/item/dt_0043,ab/3b/3b9606f9aaec99f6b5a21504e019bcc6.unity3d,Texture2D,dt_0043,2183623382862970309,image/item/dt_0043.png,228,160,
image/item/dt_0044,ab/cd/cde8b1c97bc562aad8d5147b50606090.unity3d,Texture2D,dt_0044,6899272918749410929,image/item/dt_0044.png,228,160,
image/item/dt_0046,ab/43/439a9251207071e7f24416f1765b7d31.unity3d,Texture2D,dt_0046,3284321827780846142,image/item/dt_0046.png,228,160,
image/item/dt_0048,ab/c3/c3309e8a137048441c74fd3c485c3c89.unity3d,Texture2D,dt_0048,7630964657700325358,image/item/dt_0048.png,228,160,
image/item/dt_0051,ab/32/32642367d8bf03e9b8585d30a3fb7cc9.unity3d,Texture2D,dt_0051,7154621231034153153,image/item/dt_0051.png,228,160,
image/item/dt_0052,ab/fd/fd3952277ae4b45bb9e3cf57ebed8048.unity3d,Texture2D,dt_0052,-8575183636720591961,image/item/dt_0052.png,228,160,
image/item/dt_0054,ab/3c/3c48ede0cf1d310c6f9d6604fdb8ed7a.unity3d,Texture2D,dt_0054,6869761596743255059,image/item/dt_0054.png,228,160,
image/item/dt_0060,ab/29/292bdeaef04e7b169304bcb5a3019bfe.unity3d,Texture2D,dt_0060,8780515135882863446,image/item/dt_0060.png,228,160,
image/item/dt_0062,ab/b0/b0072732425db7032d9ebcf9199cc855.unity3d,Texture2D,dt_0062,6543360254306213517,image/item/dt_0062.png,228,160,
image/item/dt_0064,ab/00/004b66cdaaf81baaa74a9b92f911e023.unity3d,Texture2D,dt_0064,8025593939937448299,image/item/dt_0064.png,228,160,
image/item/dt_0065,ab/b3/b32a4330cb6adaebda7c4d8fd2e86aee.unity3d,Texture2D,dt_0065,-2302623528593873845,image/item/dt_0065.png,228,160,
image/item/dt_0068,ab/b0/b06c689f515694be9466db4f645f8c06.unity3d,Texture2D,dt_0068,8206410030589785006,image/item/dt_0068.png,228,160,
image/item/dt_0070,ab/2f/2f5f3223442b9a1d5b78ad05b501632c.unity3d,Texture2D,dt_0070,2497706322874428325,image/item/dt_0070.png,228,160,
image/item/dt_0075,ab/70/70b2a2a31eb0c1beb5e404295d0c2309.unity3d,Texture2D,dt_0075,8473351118927545975,image/item/dt_0075.png,228,160,
image/item/dt_0082,ab/66/66f6e4acc10969ebe3dcba8f47681c70.unity3d,Texture2D,dt_0082,-3949479342820683370,image/item/dt_0082.png,228,160,
image/item/dt_0088,ab/f4/f4f6c2eb8433ba6d739b99fd49571ebe.unity3d,Texture2D,dt_0088,6567377978852372223,image/item/dt_0088.png,228,160,
image/item/dt_0091,ab/bd/bd19ad50ccb9da6be2ddc03a65fc15c2.unity3d,Texture2D,dt_0091,1065570834493825829,image/item/dt_0091.png,228,160,
image/item/dt_0093,ab/03/03d7b7b22184dd24b9ef439b45cbc376.unity3d,Texture2D,dt_0093,9200610413144662229,image/item/dt_0093.png,228,160,
image/item/dt_0099,ab/f4/f455a8dc865eeae2168f7e780f2d55cd.unity3d,Texture2D,dt_0099,8897753334139170137,image/item/dt_0099.png,228,160,
image/item/dt_0101,ab/d2/d2d4ee18bcf50826d41d1009d8ee350f.unity3d,Texture2D,dt_0101,-2197614716318168186,image/item/dt_0101.png,228,160,
image/item/dt_0105,ab/ea/ea3bcc7587690b4634483b922fa32a7d.unity3d,Texture2D,dt_0105,-7003012014788203991,image/item/dt_0105.png,228,160,
image/item/dt_0108,ab/c6/c664c6636034522104fac8896d960779.unity3d,Texture2D,dt_0108,7262739713384328062,image/item/dt_0108.png,228,160,
image/item/dt_0109,ab/bc/bc804b90063d361a973d058fe681df25.unity3d,Texture2D,dt_0109,-1557781413698198159,image/item/dt_0109.png,228,160,
image/item/dt_0110,ab/d5/d5c25b998623b9d63a572a0f8fb3e36a.unity3d,Texture2D,dt_0110,3965017754455418705,image/item/dt_0110.png,228,160,
image/item/dt_0115,ab/35/35d2476a26fe7cfef1f7bc3ca508f045.unity3d,Texture2D,dt_0115,-3205755820051950894,image/item/dt_0115.png,228,160,
image/item/dt_0117,ab/27/27915be30a9f26f0a2ca13a962d1b98a.unity3d,Texture2D,dt_0117,-1030492067763639327,image/item/dt_0117.png,228,160,
image/item/dt_0119,ab/3c/3c157510c6906d755b4f71172b802aa8.unity3d,Texture2D,dt_0119,-7993116689090635302,image/item/dt_0119.png,228,160,
image/item/dt_0120,ab/fb/fb952c2ee87ebb28b60739f27716a45c.unity3d,Texture2D,dt_0120,785647186946054377,image/item/dt_0120.png,228,160,
image/item/dt_0122,ab/fc/fc6a8007c9bad52450b934ef18452615.unity3d,Texture2D,dt_0122,-3948023245533745121,image/item/dt_0122.png,228,160,
image/item/dt_0123,ab/be/beca25e2103bf092f5cc09c4e7bdebb4.unity3d,Texture2D,dt_0123,-4620528925103461992,image/item/dt_0123.png,228,160,
image/item/dt_0126,ab/0c/0cbbf1631065f6d0cbf0e4d6c67dae2c.unity3d,Texture2D,dt_0126,-3562055778015319836,image/item/dt_0126.png,228,160,
image/item/dt_0127,ab/fb/fb1a1911ac1cbf0105a3fa7a0fd82c92.unity3d,Texture2D,dt_0127,-5836687556002906069,image/item/dt_0127.png,228,160,
image/item/dt_0128,ab/0b/0b13094a401f31feb7d2b2c4575d978f.unity3d,Texture2D,dt_0128,-615772188049809312,image/item/dt_0128.png,228,160,
image/item/dt_0138,ab/c7/c79c3753cc2e5e01029b5316592af239.unity3d,Texture2D,dt_0138,405560223817963722,image/item/dt_0138.png,228,160,
image/item/dt_0141,ab/c5/c5f13ed32a1fb68c68d747811294a279.unity3d,Texture2D,dt_0141,-639218236250932613,image/item/dt_0141.png,228,160,
image/item/dt_0143,ab/69/699c8ebd9f304919467bed192aa1e6d8.unity3d,Texture2D,dt_0143,-58342683414453725,image/item/dt_0143.png,228,160,
image/item/dt_0144,ab/cb/cb0139cc618606bfa835ae36f14ad68e.unity3d,Texture2D,dt_0144,6023903756267056866,image/item/dt_0144.png,228,160,
image/item/dt_0146,ab/c0/c0c98cfe5edc79b408a41314b11cd1d1.unity3d,Texture2D,dt_0146,-1462183063156118262,image/item/dt_0146.png,228,160,
image/item/dt_0148,ab/00/007cdd2fb7e8108ec02870e30463fd5e.unity3d,Texture2D,dt_0148,2417075812744724832,image/item/dt_0148.png,228,160,
image/item/dt_0149,ab/41/417ac64239c8c9faddf8be34fd0bf40b.unity3d,Texture2D,dt_0149,5236728965683067662,image/item/dt_0149.png,228,160,
image/item/dt_0151,ab/e3/e32d48b2b53e4261c1a50e2a93ef0289.unity3d,Texture2D,dt_0151,-2541845681937056023,image/item/dt_0151.png,228,160,
image/item/dt_0155,ab/51/513415c6ea6a59a98adbaca5942c830a.unity3d,Texture2D,dt_0155,1064250111580440914,image/item/dt_0155.png,228,160,
image/item/dt_0159,ab/04/042b0eb132e9bd026e9bf63c00c30f1f.unity3d,Texture2D,dt_0159,-9124362888692100876,image/item/dt_0159.png,228,160,
image/item/dt_0161,ab/bc/bc9acc1b4191ff6644140af0cdfce977.unity3d,Texture2D,dt_0161,2447400761396210241,image/item/dt_0161.png,228,160,
image/item/dt_0166,ab/66/6671c5b63752f0d26358274dbee9f04f.unity3d,Texture2D,dt_0166,5132704645534107221,image/item/dt_0166.png,228,160,
image/item/dt_0167,ab/f5/f5e5512fb8c3ebf8f3feb26018ae2591.unity3d,Texture2D,dt_0167,4784270891179929810,image/item/dt_0167.png,228,160,
image/item/dt_0168,ab/62/62af1180fae531b966f49f3789bbc6d1.unity3d,Texture2D,dt_0168,3049766248973607543,image/item/dt_0168.png,228,160,
image/item/dt_0171,ab/e0/e0de56b1402286283a3b17b8e1363b8b.unity3d,Texture2D,dt_0171,8186794343706937105,image/item/dt_0171.png,228,160,
image/item/dt_0183,ab/03/03c624410c4eb4dc4a95faf0cae63a66.unity3d,Texture2D,dt_0183,2773180287420682269,image/item/dt_0183.png,228,160,
image/item/dt_0185,ab/d5/d517016b1114a7ba2f00cab63d055d74.unity3d,Texture2D,dt_0185,-68401008748328696,image/item/dt_0185.png,228,160,
image/item/dt_0186,ab/d3/d3a8467d4fbebcaf31014e85cd646051.unity3d,Texture2D,dt_0186,-1207998403674294147,image/item/dt_0186.png,228,160,
image/item/dt_0189,ab/42/4290092ae34f1c09a94b9ec7cd6e5d19.unity3d,Texture2D,dt_0189,-109999962121033125,image/item/dt_0189.png,228,160,
image/item/dt_0190,ab/c1/c1158e80c8f74e476333f18b04399de9.unity3d,Texture2D,dt_0190,7042003703191353805,image/item/dt_0190.png,228,160,
image/item/dt_0191,ab/0e/0e6adbc29df364779ab55f52dba7beeb.unity3d,Texture2D,dt_0191,77964928815397589,image/item/dt_0191.png,228,160,
image/item/dt_0192,ab/c5/c580e6bd6bc4eda6425f9887630bd56a.unity3d,Texture2D,dt_0192,5407580948460853658,image/item/dt_0192.png,228,160,
image/item/dt_0193,ab/51/51f7402ca61b9cd5dfa4c8322a19df84.unity3d,Texture2D,dt_0193,5384479550774833475,image/item/dt_0193.png,228,160,
image/item/dt_0196,ab/47/47751573e78f507fe7d69a000a3e4368.unity3d,Texture2D,dt_0196,2456722958037285329,image/item/dt_0196.png,228,160,
image/item/dt_0198,ab/f8/f89e515336aac081673dac1419135a08.unity3d,Texture2D,dt_0198,8734907162734389096,image/item/dt_0198.png,228,160,
image/item/dt_0201,ab/f1/f1884eb6de57762a94fe78350454b67c.unity3d,Texture2D,dt_0201,2999562780262835159,image/item/dt_0201.png,228,160,
image/item/dt_0202,ab/55/55b85ca55df212aaf8c58b81c848098c.unity3d,Texture2D,dt_0202,-5661332174126293957,image/item/dt_0202.png,228,160,
image/item/dt_0203,ab/c6/c68a5c3f44f2788dea84b10a48554759.unity3d,Texture2D,dt_0203,3141416319230569022,image/item/dt_0203.png,228,160,
image/item/dt_0204,ab/e2/e22d77d8e6483a02ac01138c8203e101.unity3d,Texture2D,dt_0204,6899984623846345149,image/item/dt_0204.png,228,160,
image/item/dt_0205,ab/fa/fa2941ece73547b9a2d43b85890ac1fa.unity3d,Texture2D,dt_0205,8095424116378408859,image/item/dt_0205.png,228,160,
image/item/dt_0209,ab/e2/e205808024f5f15eac1fb22228190ccf.unity3d,Texture2D,dt_0209,2574325961429669760,image/item/dt_0209.png,228,160,
image/item/dt_0214,ab/66/66e347b07b604a59cb567ec22ce16a19.unity3d,Texture2D,dt_0214,-4890915827861991490,image/item/dt_0214.png,228,160,
image/item/dt_0218,ab/b6/b669b51799fca59a4c8b72342ed6400a.unity3d,Texture2D,dt_0218,-3407520423020981111,image/item/dt_0218.png,228,160,
image/item/dt_0221,ab/0d/0d591c96c21dda1ea4a7f1bf37b831d1.unity3d,Texture2D,dt_0221,-6925236306691125703,image/item/dt_0221.png,228,160,
image/item/dt_0224,ab/f5/f5e6307ba62917f4825e9f2fec8051f2.unity3d,Texture2D,dt_0224,7584971309813942523,image/item/dt_0224.png,228,160,
image/item/dt_0225,ab/f8/f88b56dc638954efdaecdb633938c746.unity3d,Texture2D,dt_0225,-1053979384065424413,image/item/dt_0225.png,228,160,
image/item/dt_0226,ab/fd/fd6ef5497d439792cb43c551fc7feb2f.unity3d,Texture2D,dt_0226,4193359988831186524,image/item/dt_0226.png,228,160,
image/item/dt_0227,ab/f0/f0ac8b749d1ced01f146bca1a6080f16.unity3d,Texture2D,dt_0227,710102144416908322,image/item/dt_0227.png,228,160,
image/item/dt_0229,ab/43/4376b32b76aa15bbe06fd3aeaf2b95b2.unity3d,Texture2D,dt_0229,-5276335037725041242,image/item/dt_0229.png,228,160,
image/item/dt_0237,ab/f0/f0645eafdcd350c1bd9f1385c4228ed1.unity3d,Texture2D,dt_0237,-7669166959605188944,image/item/dt_0237.png,228,160,
image/item/dt_0240,ab/e4/e45231d52d1de5870a8cca11c5080343.unity3d,Texture2D,dt_0240,2391862045119830544,image/item/dt_0240.png,228,160,
image/item/dt_0241,ab/26/26466da364c0f86135b692dbc9c6fb8b.unity3d,Texture2D,dt_0241,1116891774123997016,image/item/dt_0241.png,228,160,
image/item/dt_0242,ab/41/41d70029c5a050e58cfc8e24cf0371b7.unity3d,Texture2D,dt_0242,2748758161957097034,image/item/dt_0242.png,228,160,
image/item/dt_0243,ab/2f/2f510ec268518ad32c7301e125380e26.unity3d,Texture2D,dt_0243,8352420249394137477,image/item/dt_0243.png,228,160,
image/item/dt_0248,ab/e3/e34b69e9398fcab934427d180daee7b0.unity3d,Texture2D,dt_0248,5560869643995120330,image/item/dt_0248.png,228,160,
image/item/dt_0250,ab/70/700e8d1026b3732d5886717531baeb2e.unity3d,Texture2D,dt_0250,3767412906463711437,image/item/dt_0250.png,228,160,
image/item/dt_0254,ab/ed/edcb39397e5ff515b6c32284ef05d128.unity3d,Texture2D,dt_0254,507887965539772914,image/item/dt_0254.png,228,160,
image/item/dt_0261,ab/f9/f936afb042c6d0e59a10c75ff5465875.unity3d,Texture2D,dt_0261,4805432506990911574,image/item/dt_0261.png,228,160,
image/item/dt_0266,ab/bd/bd545d749b73be19447f9804b4653331.unity3d,Texture2D,dt_0266,-2806408316356451097,image/item/dt_0266.png,228,160,
image/item/dt_0271,ab/70/700d73dad545f96e3f74d87a4b13f6e4.unity3d,Texture2D,dt_0271,6027958071630243842,image/item/dt_0271.png,228,160,
image/item/dt_0272,ab/c5/c54b1b55ad659db2ab09b3b38c1f00b6.unity3d,Texture2D,dt_0272,6403767101128758774,image/item/dt_0272.png,228,160,
image/item/dt_0275,ab/c8/c813bcf6e7f66632f6d0df7b25abf3bf.unity3d,Texture2D,dt_0275,3807514437092292784,image/item/dt_0275.png,228,160,
image/item/dt_0277,ab/cd/cd52aae985dc046ad6710568fa9ad28b.unity3d,Texture2D,dt_0277,7717471440366688744,image/item/dt_0277.png,228,160,
image/item/dt_0278,ab/c8/c8ba699306b340f37f44cb23951637ac.unity3d,Texture2D,dt_0278,-2447538801733960323,image/item/dt_0278.png,228,160,
image/item/dt_0279,ab/18/183bed8931adcd91af3a0a0e5a7895bf.unity3d,Texture2D,dt_0279,4955056915444200782,image/item/dt_0279.png,228,160,
image/item/dt_0280,ab/46/46f2a76bef7b73015fd6419c9c3c53a6.unity3d,Texture2D,dt_0280,-4041325245820623251,image/item/dt_0280.png,228,160,
image/item/dt_0282,ab/41/415d4e480e0d39d473b977279df5a6b0.unity3d,Texture2D,dt_0282,-6112114044155306392,image/item/dt_0282.png,228,160,
image/item/dt_0284,ab/53/530e38dc7d18cdcd4accc3467707ba89.unity3d,Texture2D,dt_0284,-8623795615368386819,image/item/dt_0284.png,228,160,
image/item/dt_0285,ab/d2/d2d6f80965f271b2d18af49f0d296dfc.unity3d,Texture2D,dt_0285,8772953729170422056,image/item/dt_0285.png,228,160,
image/item/dt_0287,ab/35/35360d74269788702c9a2b67f27e8fa8.unity3d,Texture2D,dt_0287,8801776617364129905,image/item/dt_0287.png,228,160,
image/item/dt_0311,ab/36/36b06ba6bfef816d00852cfdc26005c9.unity3d,Texture2D,dt_0311,-4076428379566188524,image/item/dt_0311.png,228,160,
image/item/dt_0313,ab/d1/d145741d6cca95807ddb480a03dc9921.unity3d,Texture2D,dt_0313,650702908505426199,image/item/dt_0313.png,228,160,
image/item/dt_0314,ab/27/277f8e000110839bbb431251b61c3691.unity3d,Texture2D,dt_0314,-6475938428050405477,image/item/dt_0314.png,228,160,
image/item/dt_0320,ab/51/51cbaf5a4091aef86acdd7a9f8dc03ca.unity3d,Texture2D,dt_0320,5625093110558737738,image/item/dt_0320.png,228,160,
image/item/dt_0321,ab/b8/b8581da384ef46983af9869e3a6d1d82.unity3d,Texture2D,dt_0321,6403133236900834879,image/item/dt_0321.png,228,160,
image/item/dt_0322,ab/0b/0b82419d59427cb9fa1958cf0fef5583.unity3d,Texture2D,dt_0322,-5798557904600404079,image/item/dt_0322.png,228,160,
image/item/dt_0324,ab/d0/d02a51272e47ca6f6063d14a6fe1347f.unity3d,Texture2D,dt_0324,-4612904081781986643,image/item/dt_0324.png,228,160,
image/item/dt_0327,ab/f4/f4b697acf857d66bfcee7c8a227cb285.unity3d,Texture2D,dt_0327,-2802606772231429530,image/item/dt_0327.png,228,160,
image/item/dt_0328,ab/65/65b1472fb59dd20165347b9eea4af614.unity3d,Texture2D,dt_0328,-7290657474739680768,image/item/dt_0328.png,228,160,
image/item/dt_0329,ab/64/64475b18683f8e64a247bcc8e597f2dd.unity3d,Texture2D,dt_0329,-307201341212836181,image/item/dt_0329.png,228,160,
image/item/dt_0333,ab/16/1649b77bd5ef8eb02b124509a1982f48.unity3d,Texture2D,dt_0333,1007767355833900293,image/item/dt_0333.png,228,160,
image/item/dt_0335,ab/2d/2de8166174f43777f37bbee6854d157d.unity3d,Texture2D,dt_0335,-8809967173893510823,image/item/dt_0335.png,228,160,
image/item/dt_0336,ab/fc/fcbd43b2f30fab62dd08113a32432468.unity3d,Texture2D,dt_0336,-8890654445856774705,image/item/dt_0336.png,228,160,
image/item/dt_0340,ab/b3/b30b60571f1ac0d25eca29638190cb65.unity3d,Texture2D,dt_0340,-1669921387241423165,image/item/dt_0340.png,228,160,
image/item/dt_0343,ab/c9/c9735dcccab5bb88ad3ef41c947bc119.unity3d,Texture2D,dt_0343,-1887342268162753145,image/item/dt_0343.png,228,160,
image/item/dt_0346,ab/f4/f4721f6468f6d7a7f7b3bea9a5ca02c7.unity3d,Texture2D,dt_0346,-8851575875035352058,image/item/dt_0346.png,228,160,
image/item/dt_0347,ab/f3/f31e27b790e2709b0afbcdc23c46efdf.unity3d,Texture2D,dt_0347,-5973022665175839075,image/item/dt_0347.png,228,160,
image/item/dt_0348,ab/ec/ec4cbf42b7d988b78c3adcd5d5100687.unity3d,Texture2D,dt_0348,3168921178743514669,image/item/dt_0348.png,228,160,
image/item/dt_0349,ab/b8/b8ec474c48a7354189ce899353cfd203.unity3d,Texture2D,dt_0349,-2228524179099760234,image/item/dt_0349.png,228,160,
image/item/dt_0350,ab/e3/e3c8d1f228855a07dd485bbed4bd9ec6.unity3d,Texture2D,dt_0350,985316581104665426,image/item/dt_0350.png,228,160,
image/item/dt_0363,ab/c9/c9e9820b56b8c8cd5db6e926c49629cd.unity3d,Texture2D,dt_0363,8239488314871511778,image/item/dt_0363.png,228,160,
image/item/dt_0366,ab/17/1733b5b4df43472e4311d420a957b35a.unity3d,Texture2D,dt_0366,6015360653911364924,image/item/dt_0366.png,228,160,
image/item/dt_0368,ab/26/26200c5076f9d1fa77e9f8feecd1fbed.unity3d,Texture2D,dt_0368,-7803749314161653018,image/item/dt_0368.png,228,160,
image/item/dt_0374,ab/19/19dc595dd5c16bb755013ba94e524938.unity3d,Texture2D,dt_0374,3099686024116802024,image/item/dt_0374.png,228,160,
image/item/dt_0378,ab/e5/e5abe8365fce1c718b87138edfb7462b.unity3d,Texture2D,dt_0378,-6359157074120506765,image/item/dt_0378.png,228,160,
image/item/dt_0379,ab/0e/0e952fd3c1069ee2c9a0042e02ad6c4f.unity3d,Texture2D,dt_0379,-7073902817022205825,image/item/dt_0379.png,228,160,
image/item/dt_0380,ab/d5/d563822e186d68ede1e02fbec710b7ad.unity3d,Texture2D,dt_0380,-2271486180442615934,image/item/dt_0380.png,228,160,
image/item/dt_0382,ab/51/5184d6964302c2cf55e0c55da53d7074.unity3d,Texture2D,dt_0382,-5411720845838638825,image/item/dt_0382.png,228,160,
image/item/dt_0386,ab/02/02871e8557e6bcac48ef1a5b4b595655.unity3d,Texture2D,dt_0386,2683539650472601029,image/item/dt_0386.png,228,160,
image/item/dt_0388,ab/b5/b5dff39a175502e7c215030fca73ed00.unity3d,Texture2D,dt_0388,-426965613736710718,image/item/dt_0388.png,228,160,
image/item/dt_0389,ab/c1/c14e2a0ebd983e19bdb4c24284e1572d.unity3d,Texture2D,dt_0389,907630689068239134,image/item/dt_0389.png,228,160,
image/item/dt_0399,ab/d3/d3c6fb523fd75d8bc340c8781d87d60c.unity3d,Texture2D,dt_0399,5232031070026766637,image/item/dt_0399.png,228,160,
image/item/dt_0400,ab/03/038ed30242196e2af995ea4ac48577b2.unity3d,Texture2D,dt_0400,-5984689714037711032,image/item/dt_0400.png,228,160,
image/item/dt_0404,ab/b5/b5ede3706cc6b444824bae941855fd70.unity3d,Texture2D,dt_0404,-756244927767204031,image/item/dt_0404.png,228,160,
image/item/dt_0406,ab/35/35733140153b829e9ffa18a3e6a266ef.unity3d,Texture2D,dt_0406,560187901100543264,image/item/dt_0406.png,228,160,
image/item/dt_0407,ab/2d/2d21e66663e1f6cc351f13b047fe6d2a.unity3d,Texture2D,dt_0407,2750427154530290670,image/item/dt_0407.png,228,160,
image/item/dt_0408,ab/d8/d85f60a905d8a39c57310b6c96a69232.unity3d,Texture2D,dt_0408,175727656328253428,image/item/dt_0408.png,228,160,
image/item/dt_0409,ab/3b/3b5c029400ffc5316072e17ab7fb7671.unity3d,Texture2D,dt_0409,-353065998688461208,image/item/dt_0409.png,228,160,
image/item/dt_0419,ab/70/7039b315a8d49cd0e10a3b552c5a497f.unity3d,Texture2D,dt_0419,-8016971713877278557,image/item/dt_0419.png,228,160,
image/item/dt_0420,ab/e5/e53f704909b34ae4fb2165af4ea46f87.unity3d,Texture2D,dt_0420,-8508956781577850612,image/item/dt_0420.png,228,160,
image/item/dt_0422,ab/f4/f4ac970577f3518dc924d49124e7ef78.unity3d,Texture2D,dt_0422,-7144504223163682156,image/item/dt_0422.png,228,160,
image/item/dt_0424,ab/f3/f32f7ae3651bf3fa6329eb65ae185eaf.unity3d,Texture2D,dt_0424,4039180495301516907,image/item/dt_0424.png,228,160,
image/item/dt_0425,ab/e2/e2ea8fd5110ac43ad4fe4b340a188572.unity3d,Texture2D,dt_0425,-7947698160153446046,image/item/dt_0425.png,228,160,
image/item/dt_0426,ab/32/326f2fa426eb28a1bf8ba0e01db82435.unity3d,Texture2D,dt_0426,5176205631841643481,image/item/dt_0426.png,228,160,
image/item/dt_0427,ab/00/003f69034bd8af55ff48c80e633c7744.unity3d,Texture2D,dt_0427,-3091076496763924967,image/item/dt_0427.png,228,160,
image/item/dt_0430,ab/c5/c5e4127c7cc8b4c23ced9f459fdff13d.unity3d,Texture2D,dt_0430,6405198595998832672,image/item/dt_0430.png,228,160,
image/item/dt_0431,ab/f3/f373b1be1f9d1cce81fa8a163955415a.unity3d,Texture2D,dt_0431,8466033071287014678,image/item/dt_0431.png,228,160,
image/item/dt_0432,ab/b3/b3d0e03e5ae4a65a7939b5e8145e0b5c.unity3d,Texture2D,dt_0432,7271313138008855204,image/item/dt_0432.png,228,160,
image/item/dt_0433,ab/be/be771cdb4adfa91fdb69f45ccd1fb63f.unity3d,Texture2D,dt_0433,-992209071602598935,image/item/dt_0433.png,228,160,
image/item/dt_0434,ab/03/030af96fa9d14182b2ba002131642468.unity3d,Texture2D,dt_0434,-182526286204565016,image/item/dt_0434.png,228,160,
image/item/dt_0435,ab/31/31d91c8974d6784d5e0161bcfbd54793.unity3d,Texture2D,dt_0435,-8210869262670448980,image/item/dt_0435.png,228,160,
image/item/dt_0438,ab/d3/d3fcba016a55284ba4e538f08d25c305.unity3d,Texture2D,dt_0438,5479720245546853809,image/item/dt_0438.png,228,160,
image/item/dt_0442,ab/f5/f54115679825856c5bea6fa38ca9208c.unity3d,Texture2D,dt_0442,-37427186371836564,image/item/dt_0442.png,228,160,
image/item/dt_0444,ab/3f/3f27bc7ea4914a26d6ed4ec733c4321e.unity3d,Texture2D,dt_0444,-5210583663021081000,image/item/dt_0444.png,228,160,
image/item/dt_0451,ab/2d/2db8f895dfc2eb272c2bf960fdb55c71.unity3d,Texture2D,dt_0451,7746835748218646769,image/item/dt_0451.png,228,160,
image/item/dt_0454,ab/0c/0cc16ea0d6073df3a6ee9fb23edf2ebc.unity3d,Texture2D,dt_0454,-6902154222259355434,image/item/dt_0454.png,228,160,
image/item/dt_0455,ab/fc/fce4efc4369959e2911f954b3a4314b2.unity3d,Texture2D,dt_0455,-7739561265276582556,image/item/dt_0455.png,228,160,
image/item/dt_0456,ab/d5/d51e3ffd9dae78b519eceaecc76a5484.unity3d,Texture2D,dt_0456,-6310493658460242983,image/item/dt_0456.png,228,160,
image/item/dt_0460,ab/c5/c56681cce920487fecc1e6518befe628.unity3d,Texture2D,dt_0460,2153745165634777057,image/item/dt_0460.png,228,160,
image/item/dt_0464,ab/62/6251d27f883cf75a1efc33ad8965f8c0.unity3d,Texture2D,dt_0464,-3983158699526653301,image/item/dt_0464.png,228,160,
image/item/dt_0467,ab/67/67e918cc295d14b38cae991c7316a46e.unity3d,Texture2D,dt_0467,3970456972588101890,image/item/dt_0467.png,228,160,
image/item/dt_0469,ab/e9/e942fa1835fcab7fe39599307c51576c.unity3d,Texture2D,dt_0469,1081262296443168536,image/item/dt_0469.png,228,160,
image/item/dt_0473,ab/69/69c24d5c82490917c57ef9a411316d20.unity3d,Texture2D,dt_0473,-4582662551839926383,image/item/dt_0473.png,228,160,
image/item/dt_0477,ab/0b/0b035aab4daf545610749b988945dd45.unity3d,Texture2D,dt_0477,8216586942016910038,image/item/dt_0477.png,228,160,
image/item/dt_0482,ab/49/49b54a43200022aa1d73a4072cb3a43b.unity3d,Texture2D,dt_0482,-5844835788794864231,image/item/dt_0482.png,228,160,
image/item/dt_0484,ab/cb/cbbe4306766f60e2d25a42501180c3d3.unity3d,Texture2D,dt_0484,-9106469245080043886,image/item/dt_0484.png,228,160,
image/item/dt_0488,ab/3d/3d54c69d6a7df6833e3b4280a6921512.unity3d,Texture2D,dt_0488,-5588757744658057658,image/item/dt_0488.png,228,160,
image/item/dt_0490,ab/cb/cb23c74afd03fb2af67a3083defaba0b.unity3d,Texture2D,dt_0490,1939309594170420754,image/item/dt_0490.png,228,160,
image/item/dt_0491,ab/b5/b5fb67bbfa395bc8232ea774376d5d86.unity3d,Texture2D,dt_0491,115553341825727034,image/item/dt_0491.png,228,160,
image/item/dt_0501,ab/3c/3c04561b6d97c261e642b84dd8441255.unity3d,Texture2D,dt_0501,1300444877207945580,image/item/dt_0501.png,228,160,
image/item/dt_0502,ab/47/479974eba712f187bb9957c28ba0f366.unity3d,Texture2D,dt_0502,8220839636263560908,image/item/dt_0502.png,228,160,
image/item/dt_0510,ab/e2/e25607ec6fa0f0352b7eb21ab3d2c0f2.unity3d,Texture2D,dt_0510,5999761942332462895,image/item/dt_0510.png,228,160,
image/item/dt_0513,ab/f0/f043e4f900cd97633b4d18d5538b9ff3.unity3d,Texture2D,dt_0513,1851681503383114998,image/item/dt_0513.png,228,160,
image/item/dt_0514,ab/f5/f50152434887ec3ab3e71b7cf28d99fa.unity3d,Texture2D,dt_0514,-6892420198773004628,image/item/dt_0514.png,228,160,
image/item/dt_0515,ab/c0/c03a397d27be1b45fabdd867bf40d9b8.unity3d,Texture2D,dt_0515,1368778919912271775,image/item/dt_0515.png,228,160,
image/item/dt_0517,ab/0b/0b7497ec2b8ccfc1d42a8478ccc6c738.unity3d,Texture2D,dt_0517,-453477754042596373,image/item/dt_0517.png,228,160,
image/item/dt_0518,ab/02/023cd4cbf69bbbdd0c77e455a2d25b45.unity3d,Texture2D,dt_0518,-8391483762467027837,image/item/dt_0518.png,228,160,
image/item/dt_0520,ab/f5/f50ea71203fd5a408837cf245390f01b.unity3d,Texture2D,dt_0520,738146673875541151,image/item/dt_0520.png,228,160,
image/item/dt_0525,ab/d3/d3051c3452dfda27c8cf0a6b6550a508.unity3d,Texture2D,dt_0525,3545493618838346022,image/item/dt_0525.png,228,160,
image/item/dt_atms1,ab/b8/b800f4ffb3dd082cf491f0b5748170f3.unity3d,Texture2D,dt_atms1,-6607352575612887333,image/item/dt_atms1.png,240,140,
image/item/dt_atms3,ab/ea/ea9a523bb0d2ddbcd937f2165f9240e5.unity3d,Texture2D,dt_atms3,-945180363216324777,image/item/dt_atms3.png,240,140,
image/item/dt_chuangche5,ab/c7/c7c8f1f384e89e77d7d125dc93dbbc9f.unity3d,Texture2D,dt_chuangche5,-1987783954132915872,image/item/dt_chuangche5.png,240,140,
image/item/dt_cjjf,ab/40/40e3baf2c4f910e4fc83766490d55b5d.unity3d,Texture2D,dt_cjjf,9043651164430384513,image/item/dt_cjjf.png,240,140,
image/item/dt_cybl1,ab/eb/eb161ad3dfe8fca56c7e5789f13b9469.unity3d,Texture2D,dt_cybl1,-5215632707923832906,image/item/dt_cybl1.png,240,140,
image/item/dt_cybl2,ab/bc/bc8e2d0f5c3694c389888b7e7d542e40.unity3d,Texture2D,dt_cybl2,-1689183069391889079,image/item/dt_cybl2.png,240,140,
image/item/dt_cybl3,ab/49/4955741c39d96cca7abc4cdb16fe6bbb.unity3d,Texture2D,dt_cybl3,-6864818630072380089,image/item/dt_cybl3.png,240,140,
image/item/dt_cybl4,ab/43/433f428efa0d660f617def9a9b26eb62.unity3d,Texture2D,dt_cybl4,-7733213485814944934,image/item/dt_cybl4.png,240,140,
image/item/dt_gongcheng,ab/ec/ec8ed21703ed8ad233d7301ed792190d.unity3d,Texture2D,dt_gongcheng,-6621182330837239428,image/item/dt_gongcheng.png,240,140,
image/item/dt_heiqishi1,ab/03/038dd0eac2eba05bd812c2a615319235.unity3d,Texture2D,dt_heiqishi1,-1252791759894911880,image/item/dt_heiqishi1.png,240,140,
image/item/dt_hejinxingjian1,ab/2d/2dec72afd3e305896563603a28ca63cc.unity3d,Texture2D,dt_hejinxingjian1,-3760103329122801045,image/item/dt_hejinxingjian1.png,240,140,
image/item/dt_hejinxingjian2,ab/be/be91bd50051eb9a5228d90482757eaa9.unity3d,Texture2D,dt_hejinxingjian2,-1330764811989778701,image/item/dt_hejinxingjian2.png,240,140,
image/item/dt_hejinxingjian6,ab/eb/eb08d1b62a47aaad61a3a67d2615cbd8.unity3d,Texture2D,dt_hejinxingjian6,6717959943368570769,image/item/dt_hejinxingjian6.png,240,140,
image/item/dt_hjhy,ab/f0/f0d11b7428d02c5b74d62c914f40af6a.unity3d,Texture2D,dt_hjhy,-4954831947822809838,image/item/dt_hjhy.png,240,140,
image/item/dt_hllz1,ab/ec/ecfce9fa3dc7dc93a16285afc5f10075.unity3d,Texture2D,dt_hllz1,-3728036138555610899,image/item/dt_hllz1.png,240,140,
image/item/dt_hlw2,ab/64/647d525de1373818548c2c06883d49ad.unity3d,Texture2D,dt_hlw2,-8516967157813512750,image/item/dt_hlw2.png,240,140,
image/item/dt_hlw3,ab/0b/0be3863b7343e9cd863ed1f54cdcfd06.unity3d,Texture2D,dt_hlw3,340574288761276292,image/item/dt_hlw3.png,240,140,
image/item/dt_hlw6,ab/fd/fd3c7c9f55e7989513d07879b139c0cb.unity3d,Texture2D,dt_hlw6,3214258662707658608,image/item/dt_hlw6.png,240,140,
image/item/dt_iapetos1,ab/0a/0a2f1dc041db329931e3769e18ebc9b2.unity3d,Texture2D,dt_iapetos1,8308141764897308363,image/item/dt_iapetos1.png,240,140,
image/item/dt_jindouyun,ab/2f/2f6c7db0458a80193527ce604c891087.unity3d,Texture2D,dt_jindouyun,4620768241353854163,image/item/dt_jindouyun.png,240,140,
image/item/dt_laohu,ab/49/49506549c855232057143692a695371f.unity3d,Texture2D,dt_laohu,-8505364093057815547,image/item/dt_laohu.png,240,140,
image/item/dt_lgdujiaoshou,ab/ee/eea6d18d131c973fc1a63083ac10cbb7.unity3d,Texture2D,dt_lgdujiaoshou,1156478491289551687,image/item/dt_lgdujiaoshou.png,240,140,
image/item/dt_liuli,ab/51/51a785939604bf7573438a9bc1a1e420.unity3d,Texture2D,dt_liuli,-2432581274624622838,image/item/dt_liuli.png,240,140,
image/item/dt_lyxl2,ab/c6/c6bee6ef7d2cc960671515729bb8d0c1.unity3d,Texture2D,dt_lyxl2,-1876166060238053123,image/item/dt_lyxl2.png,240,140,
image/item/dt_ppc,ab/ea/eada8207eb6487cb1d3264c8209cca16.unity3d,Texture2D,dt_ppc,-1730525396580788811,image/item/dt_ppc.png,240,140,
image/item/dt_rljp1,ab/03/03396a9317dadda61004b78844aa07c1.unity3d,Texture2D,dt_rljp1,6109864486416034169,image/item/dt_rljp1.png,240,140,
image/item/dt_senlin,ab/ed/ed3bb4aa4e51b01e9dab7f829a94a403.unity3d,Texture2D,dt_senlin,-7274800757702814496,image/item/dt_senlin.png,240,140,
image/item/dt_shengdan2,ab/f5/f5f05c56311fda18b1971f1959afea5b.unity3d,Texture2D,dt_shengdan2,2668614610144340904,image/item/dt_shengdan2.png,240,140,
image/item/dt_shikong,ab/ec/ec42c9988f4ca261175a858c618191ee.unity3d,Texture2D,dt_shikong,-1439217344391309678,image/item/dt_shikong.png,240,140,
image/item/dt_superx2,ab/50/5027bfaea7c62d0b6a48cf0d39d7a711.unity3d,Texture2D,dt_SuperX2,-8311664947514023234,image/item/dt_superx2.png,240,140,
image/item/dt_xielong2,ab/23/23fcff05bf3895aeb9b8acb4f794600a.unity3d,Texture2D,dt_xielong2,4915016317667446712,image/item/dt_xielong2.png,240,140,
image/item/dt_xielong5,ab/cd/cd58373df32baca1ab2a0fa98319328e.unity3d,Texture2D,dt_xielong5,-1870647439675195236,image/item/dt_xielong5.png,240,140,
image/item/dt_xiongmao2,ab/e4/e4f41e1c84860965e71c5c1cecdd6e1d.unity3d,Texture2D,dt_xiongmao2,1261582811904174085,image/item/dt_xiongmao2.png,240,140,
image/item/dt_yejingling1,ab/d8/d85f22d75a6a32780876930c649348ad.unity3d,Texture2D,dt_yejingling1,-2963131134801450725,image/item/dt_yejingling1.png,240,140,
image/item/dt_yeying,ab/3f/3fa8bf9cd68dfead021aef529d309d6c.unity3d,Texture2D,dt_yeying,8735006911640435698,image/item/dt_yeying.png,240,140,
image/item/dt_yingci2,ab/fa/fa693e0c6077ecfa6978ec42ea28fb71.unity3d,Texture2D,dt_yingci2,-7742654504649812460,image/item/dt_yingci2.png,240,140,
image/item/dt_yongheng,ab/62/62c289f37fc2971aa939435f236b6152.unity3d,Texture2D,dt_yongheng,8770126101631890586,image/item/dt_yongheng.png,240,140,
image/item/dt_youxia1,ab/d5/d5da18dad5e60c640721a13b3e89ffcc.unity3d,Texture2D,dt_youxia1,8066309610260597645,image/item/dt_youxia1.png,240,140,
image/item/dt_yueying1,ab/2f/2f87b8d022621880078c4b769aca5e2d.unity3d,Texture2D,dt_yueying1,7877873993394549513,image/item/dt_yueying1.png,240,140,
image/item/dt_yxjnb3,ab/ea/ea11b6c6af8683f88e1ea0bacd0c1dbe.unity3d,Texture2D,dt_yxjnb3,5591533122867310200,image/item/dt_yxjnb3.png,240,140,
image/item/exchange_01,ab/ea/ea89d373a460eb3dc9984d125559505f.unity3d,Texture2D,exchange_01,-1429714308584261827,image/item/exchange_01.png,228,160,
image/item/exp,ab/eb/ebb05beac1d821204b379d4a0270aa06.unity3d,Texture2D,exp,-8041014564376297969,image/item/exp.png,228,160,
image/item/flowermoon,ab/fc/fc45670c117f720eb91dc638caafb3e6.unity3d,Texture2D,flowermoon,-8892543575796033858,image/item/flowermoon.png,228,160,
image/item/fog3,ab/eb/eb5c73ebf99151ae0d585ec2760bcd4e.unity3d,Texture2D,fog3,778516813861106019,image/item/fog3.png,228,160,
image/item/fs600003,ab/fc/fc85815e3013847a885be822d34d4ca1.unity3d,Texture2D,fs600003,4791431892531298867,image/item/fs600003.png,228,160,
image/item/fushi_100,ab/f3/f33ecc310e9f5808900d6dd49cfd98ca.unity3d,Texture2D,fushi_100,5482557432857013650,image/item/fushi_100.png,228,160,
image/item/fushi_50,ab/e2/e231dda9aa53a6d39a8d83509d20bd74.unity3d,Texture2D,fushi_50,2192047846184232323,image/item/fushi_50.png,228,160,
image/item/goldbox_01,ab/e5/e50fbb3440e32539972b4a76d991c004.unity3d,Texture2D,goldbox_01,-3826214015094555830,image/item/goldbox_01.png,228,160,
image/item/guanjia,ab/0e/0e1f75950c2c77e015145a25f8a58c0a.unity3d,Texture2D,guanjia,3223456553306260872,image/item/guanjia.png,228,160,
image/item/guanjia_01,ab/36/36a40ce868b57049c94a3d726bd8ea0e.unity3d,Texture2D,guanjia_01,2220921841242948043,image/item/guanjia_01.png,228,160,
image/item/guanjia_04,ab/c0/c03b19b6debe229bb10045ad22efbbcc.unity3d,Texture2D,guanjia_04,9022412729636560753,image/item/guanjia_04.png,228,160,
image/item/hand_0119,ab/f0/f022aa0ea1fe40b0e155f9301e672cbc.unity3d,Texture2D,hand_0119,8599874326166635056,image/item/hand_0119.png,228,160,
image/item/hand_0125,ab/65/65d49dccdb79221ccbc3c9d5e890eba0.unity3d,Texture2D,hand_0125,-1100856065907844737,image/item/hand_0125.png,228,160,
image/item/heibanca815,ab/c6/c60895f43e72aa96df1ca9458d30b9f1.unity3d,Texture2D,heibanca815,-6854683377162743473,image/item/heibanca815.png,228,160,
image/item/house_exchange_2,ab/2f/2f0581d2b5644ff565fd25b2fc0f7a32.unity3d,Texture2D,house_exchange_2,-1054221970608002058,image/item/house_exchange_2.png,228,160,
image/item/house_lottery_1,ab/49/49445d55ef2ae7316b183bc0a56f2834.unity3d,Texture2D,house_lottery_1,8216756643479977021,image/item/house_lottery_1.png,228,160,
image/item/housekeeperskill1,ab/f1/f1154a29fde5168cc9ea25c0874d18f1.unity3d,Texture2D,housekeeperskill1,-3441402743779570554,image/item/housekeeperskill1.png,228,160,
image/item/huniancheshouhb,ab/be/bebc6338d06dd680a34e1431bcc0757b.unity3d,Texture2D,huniancheshouhb,-6285883248075115249,image/item/huniancheshouhb.png,228,160,
image/item/icon_520,ab/cd/cdeae7930adae4607c3ba10f95d565fa.unity3d,Texture2D,icon_520,1217590592604935531,image/item/icon_520.png,228,160,
image/item/icon_banana,ab/46/462cea6d2fabf4f566771473710bbf9d.unity3d,Texture2D,icon_Banana,-101057365949112336,image/item/icon_banana.png,228,160,
image/item/icon_beike,ab/28/28e86d8672bc99a71f73aee3eb794244.unity3d,Texture2D,icon_beike,-3973544960469959974,image/item/icon_beike.png,228,160,
image/item/icon_bixin,ab/e9/e997e6462033f268e35267f630d6d6e3.unity3d,Texture2D,icon_bixin,1162129995523098802,image/item/icon_bixin.png,228,160,
image/item/icon_chonglang,ab/03/0364eb74b07d839a911d5995206cfa76.unity3d,Texture2D,icon_chonglang,-7316938114904527436,image/item/icon_chonglang.png,228,160,
image/item/icon_haixing,ab/0b/0b7da2999c33b505f56cb89ad883a95d.unity3d,Texture2D,icon_haixing,-7413309912112113183,image/item/icon_haixing.png,228,160,
image/item/icon_jiemaqi01,ab/fc/fc9d70c0b7fac75922d2960fd17333dc.unity3d,Texture2D,icon_jiemaqi01,1161748900205273826,image/item/icon_jiemaqi01.png,228,160,
image/item/icon_knapsack,ab/ca/ca2931a73e332398a5683448e1f87280.unity3d,Texture2D,icon_knapsack,970421259002761444,image/item/icon_knapsack.png,228,160,
image/item/icon_kylsqitian,ab/fb/fbaae928eef513a62e840e02f28b30d6.unity3d,Texture2D,icon_kylsqitian,5486606711760220440,image/item/icon_kylsqitian.png,228,160,
image/item/icon_lanhuojian,ab/f0/f00ee0387e3c1b7d6db2cf203e962144.unity3d,Texture2D,icon_lanhuojian,7306125127279034736,image/item/icon_lanhuojian.png,228,160,
image/item/icon_monkeyking,ab/18/18b6ac3a6adfcefb34b2ad97e9a49a3e.unity3d,Texture2D,icon_monkeyking,5995006997498144067,image/item/icon_monkeyking.png,228,160,
image/item/icon_party,ab/69/691764ef3bb8fa390fb42582877171a2.unity3d,Texture2D,icon_party,414252175375555552,image/item/icon_party.png,228,160,
image/item/icon_qishui,ab/3c/3cb6a4fb9540ad3b244118b9eaaa77cc.unity3d,Texture2D,icon_qishui,6617124299962951639,image/item/icon_qishui.png,228,160,
image/item/icon_rank,ab/f8/f8d3acba7315f18e91fdd5d5bd53c20c.unity3d,Texture2D,icon_rank,6908722881170455776,image/item/icon_rank.png,228,160,
image/item/icon_sheyinglibao,ab/27/276dec39269a24ec5c14ebd3eeafa692.unity3d,Texture2D,icon_sheyinglibao,-7270009864015610524,image/item/icon_sheyinglibao.png,228,160,
image/item/icon_thanks,ab/0d/0db7aff7f834f51fb180efd1cb51ec44.unity3d,Texture2D,icon_thanks,2094953771582469920,image/item/icon_thanks.png,228,160,
image/item/icon_tyre,ab/fd/fd6920992ec2f864d516a7b9e6af9971.unity3d,Texture2D,icon_tyre,2524828023697640835,image/item/icon_tyre.png,228,160,
image/item/icon_xintu,ab/2d/2df3dff2d870d3d260394bb27a84288c.unity3d,Texture2D,icon_xintu,814474753983460950,image/item/icon_xintu.png,228,160,
image/item/infibox_01,ab/28/285d9dbc146251692c9e5e882d1d9982.unity3d,Texture2D,Infibox_01,5669355591025267992,image/item/infibox_01.png,228,160,
image/item/infiitem1,ab/19/196219888d68833b87783458ec94b313.unity3d,Texture2D,infiitem1,2605016318893681870,image/item/infiitem1.png,228,160,
image/item/infiitem2,ab/e9/e9514ce5a93f7abf854c72757e272961.unity3d,Texture2D,infiitem2,-5041701367079283641,image/item/infiitem2.png,228,160,
image/item/infiitem3,ab/42/42bdc790fbf939c184766ef4c88e8bbd.unity3d,Texture2D,infiitem3,296457162151487388,image/item/infiitem3.png,228,160,
image/item/jbhb_icon,ab/f8/f8affce7aa14c7b924fe2b60174b9d6a.unity3d,Texture2D,jbhb_icon,5280275633753397110,image/item/jbhb_icon.png,228,160,
image/item/jili2,ab/0c/0cd553a48a5d1b9d96d48e24d5a387ca.unity3d,Texture2D,jili2,2452631440716715481,image/item/jili2.png,228,160,
image/item/jili3,ab/3b/3b7f4e89ae13842b9a8e0e9cbbda13a5.unity3d,Texture2D,jili3,7848494790458928964,image/item/jili3.png,228,160,
image/item/jss_icon_jinagbei,ab/53/53f711a1ac2c829fd5ac45a7b0675b2a.unity3d,Texture2D,jss_icon_jinagbei,-1099711914037193696,image/item/jss_icon_jinagbei.png,228,160,
image/item/lanpingguo,ab/35/351e6193edf46749c53bc8e67f66d0f0.unity3d,Texture2D,lanpingguo,8230716915527716327,image/item/lanpingguo.png,228,160,
image/item/lg_0002,ab/32/3213aef3ccbe1a75384a8dcf7dedc064.unity3d,Texture2D,lg_0002,-4685684750594661759,image/item/lg_0002.png,240,140,
image/item/lg_0003,ab/ee/ee36eecae121c9fdb9f45f394b88d824.unity3d,Texture2D,lg_0003,2696402818012191776,image/item/lg_0003.png,240,140,
image/item/lg_0010,ab/d1/d13d723f673d9fd4b5a2676ad7341ed5.unity3d,Texture2D,lg_0010,-1062508753188553001,image/item/lg_0010.png,240,140,
image/item/lg_0012,ab/c9/c9f099b5a48b4710659ed63fa102257c.unity3d,Texture2D,lg_0012,-9217288991580975066,image/item/lg_0012.png,240,140,
image/item/lg_0013,ab/e2/e23c8611ecb832b76bed180bfbab0d20.unity3d,Texture2D,lg_0013,6538804273127333612,image/item/lg_0013.png,240,140,
image/item/lg_0019,ab/55/556d21a909f7511c671e55598ffd3b03.unity3d,Texture2D,lg_0019,8974706581310192722,image/item/lg_0019.png,240,140,
image/item/lg_0023,ab/cf/cf88c5fb745f7dd6682f2ecc071f6ff0.unity3d,Texture2D,lg_0023,1158619645778882138,image/item/lg_0023.png,240,140,
image/item/lg_0024,ab/c6/c66707ff0a4a9111b84f2f6f2b2980c0.unity3d,Texture2D,lg_0024,3009523323544865126,image/item/lg_0024.png,240,140,
image/item/lg_0025,ab/cc/cc87b8e0b4b313732a4f8a86331673b5.unity3d,Texture2D,lg_0025,8936055386880188100,image/item/lg_0025.png,240,140,
image/item/lg_0031,ab/2d/2d4f6626f6968270150dad68308fc108.unity3d,Texture2D,lg_0031,780623253652012469,image/item/lg_0031.png,240,140,
image/item/lg_0032,ab/0d/0dac5fd8b1e40f2c64de90cf9b656331.unity3d,Texture2D,lg_0032,-2252925482090574847,image/item/lg_0032.png,240,140,
image/item/lg_0034,ab/32/32697cd3ede97addb5c7792d74323424.unity3d,Texture2D,lg_0034,7978899134801470202,image/item/lg_0034.png,240,140,
image/item/lg_0036,ab/de/de631f5badf54af1719d0fc370cba01f.unity3d,Texture2D,lg_0036,-2955224962528428669,image/item/lg_0036.png,240,140,
image/item/lg_0038,ab/64/64ccb16ab35e9c46aba8a4b3c8ef61ba.unity3d,Texture2D,lg_0038,-3307247695594552764,image/item/lg_0038.png,240,140,
image/item/lg_0040,ab/0c/0c63cc91677fe856b22c1d5a2b130228.unity3d,Texture2D,lg_0040,6386127499179528137,image/item/lg_0040.png,240,140,
image/item/lg_0043,ab/69/6912c4f1655e93104058dff36b783dd1.unity3d,Texture2D,lg_0043,5221118925664883312,image/item/lg_0043.png,240,140,
image/item/lg_0051,ab/0e/0e23884edade740eff6991abad4621aa.unity3d,Texture2D,lg_0051,-2021759698779102613,image/item/lg_0051.png,240,140,
image/item/lg_0052,ab/2d/2d5c5e2d4ba7266c11dd15918c1d2550.unity3d,Texture2D,lg_0052,-1827933423607737728,image/item/lg_0052.png,240,140,
image/item/lg_0054,ab/f9/f99a3b9401c8ffd27246e85e066e8d39.unity3d,Texture2D,lg_0054,3898281263575420513,image/item/lg_0054.png,240,140,
image/item/lg_0058,ab/2d/2d2cadc9d8652eb2e85e03f9c65ef15b.unity3d,Texture2D,lg_0058,-879834661469991743,image/item/lg_0058.png,240,140,
image/item/lg_0059,ab/ca/ca64ef37ec7b65de4c5b6e929aae7aca.unity3d,Texture2D,lg_0059,-2878784421813604026,image/item/lg_0059.png,240,140,
image/item/lg_0061,ab/40/40c9a63a790b3345308e9a86c3dffce8.unity3d,Texture2D,lg_0061,8966620859762601133,image/item/lg_0061.png,240,140,
image/item/lg_0062,ab/de/de180048e8866f158279abde7ecbba68.unity3d,Texture2D,lg_0062,-8849405714433273723,image/item/lg_0062.png,240,140,
image/item/libao_10,ab/c0/c0dce25146f937f54dbc394137754dec.unity3d,Texture2D,libao_10,440934757516685769,image/item/libao_10.png,228,160,
image/item/libao_20,ab/32/325a64df9d851075dcf68f18c6c09d66.unity3d,Texture2D,libao_20,-1651022646689136319,image/item/libao_20.png,228,160,
image/item/libao2,ab/32/3268fc75403b7e802eaa78cc072e4f1b.unity3d,Texture2D,libao2,-6222917471678632249,image/item/libao2.png,228,160,
image/item/licailibao03,ab/e0/e0144e6766de23b5ba47d9b5c01b69de.unity3d,Texture2D,licailibao03,6734642805417060958,image/item/licailibao03.png,228,160,
image/item/lis_0013,ab/b3/b3ca3e8f00be5b1cd81ae4ae343759a7.unity3d,Texture2D,lis_0013,6016669504077837314,image/item/lis_0013.png,228,160,
image/item/lis_0018,ab/50/50bc7b7a3e117bcf5c0bc8ae97a4510c.unity3d,Texture2D,lis_0018,5775170627156792405,image/item/lis_0018.png,228,160,
image/item/lis_0021,ab/22/226865914fbea08c0456309ed82e961e.unity3d,Texture2D,lis_0021,4765834959313841582,image/item/lis_0021.png,228,160,
image/item/lis_0022,ab/69/6991cf60940426def8cb3dc48ec1ccff.unity3d,Texture2D,lis_0022,3915200711119712155,image/item/lis_0022.png,228,160,
image/item/lis_0023,ab/bc/bc89ef734858aba9a63c457e09130069.unity3d,Texture2D,lis_0023,388335031427786667,image/item/lis_0023.png,228,160,
image/item/lis_0026,ab/35/351e432c3faf4e89fdb5edc3349f11c1.unity3d,Texture2D,lis_0026,2969566558971539863,image/item/lis_0026.png,228,160,
image/item/lis_0027,ab/c9/c959b636766f1539a86a986b5b69f0d3.unity3d,Texture2D,lis_0027,-1925287689785012390,image/item/lis_0027.png,228,160,
image/item/lis_0036,ab/58/58d0c4b23f9e0a87c647bad26d86734e.unity3d,Texture2D,lis_0036,5691463982038494110,image/item/lis_0036.png,228,160,
image/item/lis_0039,ab/f0/f0a262cb3051b432f44ffe4ff0b4261f.unity3d,Texture2D,lis_0039,-7558161162123246525,image/item/lis_0039.png,228,160,
image/item/lis_0040,ab/3d/3d1eceff0979b98b10953aa05c4f475f.unity3d,Texture2D,lis_0040,-2661614790457566328,image/item/lis_0040.png,228,160,
image/item/lis_0041,ab/d1/d189a5818761ea0d1cb28fafd6f944bb.unity3d,Texture2D,lis_0041,-2631201795653106124,image/item/lis_0041.png,228,160,
image/item/lis_0042,ab/d8/d8cb1bda1c05a8be6f41f2411d9b6d03.unity3d,Texture2D,lis_0042,7989256346974630834,image/item/lis_0042.png,228,160,
image/item/lis_0046,ab/19/198a9e889dfabd6f3f2d498b3058cfd9.unity3d,Texture2D,lis_0046,2703647304764378206,image/item/lis_0046.png,228,160,
image/item/lis_0047,ab/50/509ba9f415407ab4ccd9803b78d0439e.unity3d,Texture2D,lis_0047,1896010718454280832,image/item/lis_0047.png,228,160,
image/item/lis_0051,ab/c0/c08fa30339c4970d368f6433231006f1.unity3d,Texture2D,lis_0051,7685993203516650048,image/item/lis_0051.png,228,160,
image/item/lis_0052,ab/64/64dca82cff07ca44877563f14f037bb7.unity3d,Texture2D,lis_0052,-6924406871498202412,image/item/lis_0052.png,228,160,
image/item/lis_0057,ab/ed/edcd60de51bb6a8b4cc872632c404997.unity3d,Texture2D,lis_0057,8444010783696630127,image/item/lis_0057.png,228,160,
image/item/lis_0061,ab/50/50f3ff7bf9a41a361657ea01aba3231b.unity3d,Texture2D,lis_0061,-6988595515294974016,image/item/lis_0061.png,228,160,
image/item/lis_0067,ab/fd/fdd2a2662e8c19752169dafaacd29592.unity3d,Texture2D,lis_0067,-4572262525233968108,image/item/lis_0067.png,228,160,
image/item/lis_0071,ab/19/1924a5c7092090099d0f864a70aa4e5e.unity3d,Texture2D,lis_0071,-3545870977961870842,image/item/lis_0071.png,228,160,
image/item/lis_0073,ab/47/47584b79c9798016e685ceb0bb6a324d.unity3d,Texture2D,lis_0073,-352229972192999888,image/item/lis_0073.png,228,160,
image/item/lis_0077,ab/03/0306bbb9a22dea4521c9c384dfb0860c.unity3d,Texture2D,lis_0077,-5030181875596591003,image/item/lis_0077.png,228,160,
image/item/lis_0083,ab/3d/3d25e931d25311b3eb82f856991fb053.unity3d,Texture2D,lis_0083,-5759272667311659971,image/item/lis_0083.png,228,160,
image/item/lis_0084,ab/f3/f368e532d37143611808951c1d031b06.unity3d,Texture2D,lis_0084,-2669415211384525844,image/item/lis_0084.png,228,160,
image/item/lis_0086,ab/c0/c0955ff2e62fc6b9e07d471643046379.unity3d,Texture2D,lis_0086,-3703937100679715286,image/item/lis_0086.png,228,160,
image/item/lis_0088,ab/e8/e8d5b7be678689f179c359d1e97dd073.unity3d,Texture2D,lis_0088,266235147596892389,image/item/lis_0088.png,228,160,
image/item/lis_0089,ab/17/17a5345cc9e5a518c53842c67aa5058a.unity3d,Texture2D,lis_0089,-7681826173636066602,image/item/lis_0089.png,228,160,
image/item/lis_0090,ab/ca/cac4f42ab347b606fe8ce4d179317cee.unity3d,Texture2D,lis_0090,-4031302126268641880,image/item/lis_0090.png,228,160,
image/item/lis_0092,ab/f1/f14d5a44b518d3a7fcab2c4278f485c8.unity3d,Texture2D,lis_0092,-1251765207310284957,image/item/lis_0092.png,228,160,
image/item/lis_0093,ab/03/03fa831f23eaf86516af4e531459711d.unity3d,Texture2D,lis_0093,3290102920090438439,image/item/lis_0093.png,228,160,
image/item/lis_0095,ab/0b/0b5473e397970a9437e7a220a937032e.unity3d,Texture2D,lis_0095,833264488165583219,image/item/lis_0095.png,228,160,
image/item/lis_0098,ab/04/044a3341484acb24cb4ba159364688f5.unity3d,Texture2D,lis_0098,-4382789668201839908,image/item/lis_0098.png,228,160,
image/item/lis_0101,ab/62/62ebae5b39f9dbca63f1079287248e6c.unity3d,Texture2D,lis_0101,4682138869660951675,image/item/lis_0101.png,228,160,
image/item/lis_0103,ab/03/0378fc9c1d951e7aaf9ce813b993a662.unity3d,Texture2D,lis_0103,8738341990887138153,image/item/lis_0103.png,228,160,
image/item/lis_0105,ab/d1/d100364cee04f8872cf61778ad3a79e4.unity3d,Texture2D,lis_0105,4074600674314249633,image/item/lis_0105.png,228,160,
image/item/lis_0106,ab/16/168cda90b32704d5821d32f98d101fa5.unity3d,Texture2D,lis_0106,-1986433818179871212,image/item/lis_0106.png,228,160,
image/item/lis_0108,ab/03/03003d48272b01a3c6a33dac3da79402.unity3d,Texture2D,lis_0108,-6189988259741794668,image/item/lis_0108.png,228,160,
image/item/lis_0109,ab/53/534b8adecb0395f5a1a182816d800395.unity3d,Texture2D,lis_0109,-3925399184996324537,image/item/lis_0109.png,228,160,
image/item/lis_0111,ab/02/02d10b818084f26ac0afd2da19dcf693.unity3d,Texture2D,lis_0111,6602754158152353814,image/item/lis_0111.png,228,160,
image/item/lis_0117,ab/c7/c76291c091e1a26121d166f09169f064.unity3d,Texture2D,lis_0117,2939252051307377012,image/item/lis_0117.png,228,160,
image/item/lis_0121,ab/d0/d091d98553fd23b8bb963d336a84bc77.unity3d,Texture2D,lis_0121,1044437615895432796,image/item/lis_0121.png,228,160,
image/item/lis_0122,ab/de/debb575b05a32c2f9afb2ad51b0472b6.unity3d,Texture2D,lis_0122,1739951655765577104,image/item/lis_0122.png,228,160,
image/item/lis_0124,ab/23/236adccd3afd206c712f128e1780bc8c.unity3d,Texture2D,lis_0124,1966784901565876396,image/item/lis_0124.png,228,160,
image/item/lis_0126,ab/64/64dbf235280aa08d1001d6b3fe411b3d.unity3d,Texture2D,lis_0126,4718157023514528791,image/item/lis_0126.png,228,160,
image/item/lis_0131,ab/f5/f5fd71f7974ec6f3ddbc2735eed3988a.unity3d,Texture2D,lis_0131,6837069233986389,image/item/lis_0131.png,228,160,
image/item/lis_0132,ab/28/28855d0fc7a03ba3fa30b7ff041e54f1.unity3d,Texture2D,lis_0132,-6682690258171165968,image/item/lis_0132.png,228,160,
image/item/lis_0133,ab/c9/c94b697bc6a984e43c643b53f0ab39c3.unity3d,Texture2D,lis_0133,-6600897652150053197,image/item/lis_0133.png,228,160,
image/item/lis_0138,ab/f8/f8907eac3c6db9ea731a70653cebdcd1.unity3d,Texture2D,lis_0138,592748901691776636,image/item/lis_0138.png,228,160,
image/item/lis_0139,ab/2d/2d0527e30dd431b87e45729d5b7fbcef.unity3d,Texture2D,lis_0139,-8689894155899159762,image/item/lis_0139.png,228,160,
image/item/lis_0141,ab/0c/0c50757e283766bfcf45fec847a96eff.unity3d,Texture2D,lis_0141,8777186888196137746,image/item/lis_0141.png,228,160,
image/item/lis_0143,ab/b5/b5f6ac51e37360b00fb6ee7660d65a3c.unity3d,Texture2D,lis_0143,6708281329186364534,image/item/lis_0143.png,228,160,
image/item/lis_0146,ab/e5/e50d37e5f14ea1f3ba92b843007254e7.unity3d,Texture2D,lis_0146,8545578396353360835,image/item/lis_0146.png,228,160,
image/item/lis_0147,ab/70/70cfa2a632801b87fda4cdcdb5bc14ad.unity3d,Texture2D,lis_0147,-3179315986029968572,image/item/lis_0147.png,228,160,
image/item/lis_0148,ab/27/27940cd783bd5f0fca3449a1beec80fb.unity3d,Texture2D,lis_0148,6676323692673931100,image/item/lis_0148.png,228,160,
image/item/lis_0152,ab/70/7053862a891f98deadaaf37cf5c51ab3.unity3d,Texture2D,lis_0152,-4689412310420699859,image/item/lis_0152.png,228,160,
image/item/lis_0156,ab/1d/1d9edd2f93b6c6dcc2530fc6f8ff6b9d.unity3d,Texture2D,lis_0156,-5017227476728319047,image/item/lis_0156.png,228,160,
image/item/lis_0157,ab/b6/b637ed8f85c7bc5ef0b086b67d18a80a.unity3d,Texture2D,lis_0157,83351531189009951,image/item/lis_0157.png,228,160,
image/item/lis_0158,ab/29/2907091fcc3fa2edb3394cddfbb05e9a.unity3d,Texture2D,lis_0158,-861734344268865012,image/item/lis_0158.png,228,160,
image/item/lis_0160,ab/43/43a8e59aa2a42d04f1314d177603743c.unity3d,Texture2D,lis_0160,-1444336102659933433,image/item/lis_0160.png,228,160,
image/item/lis_0161,ab/29/2909e659d41f35688c777fef135024b4.unity3d,Texture2D,lis_0161,-5693339220881155019,image/item/lis_0161.png,228,160,
image/item/lis_0162,ab/3c/3c42e08c435b919327edff0b54227d9e.unity3d,Texture2D,lis_0162,5435746555913088279,image/item/lis_0162.png,228,160,
image/item/lis_0164,ab/1d/1da08eb4e888442d35be91d71ea6df86.unity3d,Texture2D,lis_0164,5472575459314766924,image/item/lis_0164.png,228,160,
image/item/lis_0167,ab/b6/b67ae3ea747904ad9aa3bb4af9ee59f9.unity3d,Texture2D,lis_0167,4319261455548538731,image/item/lis_0167.png,228,160,
image/item/lis_0168,ab/cb/cb9d51b905e63e0b52b4340667f53e8c.unity3d,Texture2D,lis_0168,-5180977078422485794,image/item/lis_0168.png,228,160,
image/item/lis_0175,ab/d8/d8eeb257a153b883dc9bb911baa87ee6.unity3d,Texture2D,lis_0175,-5340382244129272461,image/item/lis_0175.png,228,160,
image/item/lis_0176,ab/eb/eb8a67a2d92f1d8c7d3bd407e9905d04.unity3d,Texture2D,lis_0176,1221680380240775893,image/item/lis_0176.png,228,160,
image/item/lis_0181,ab/f4/f459de703822338fd6dd1ba21a7dc02d.unity3d,Texture2D,lis_0181,-4130590789128697450,image/item/lis_0181.png,228,160,
image/item/lis_0183,ab/dd/ddd9f231da4968a639b7bfd12cf93c8b.unity3d,Texture2D,lis_0183,-4593872940271498676,image/item/lis_0183.png,228,160,
image/item/lis_0185_icon,ab/36/365173518024a5bc29656a5d8f2d87e2.unity3d,Texture2D,lis_0185_icon,-5476669672017965949,image/item/lis_0185_icon.png,228,160,
image/item/lis_0188_icon,ab/cd/cd244799d4a27e8183d3f98276c6bb18.unity3d,Texture2D,lis_0188_icon,8173835352377714925,image/item/lis_0188_icon.png,228,160,
image/item/lis_0189_icon,ab/c9/c9b19a776ae558ffa41dccb7df8574bc.unity3d,Texture2D,lis_0189_icon,2454255535704189704,image/item/lis_0189_icon.png,228,160,
image/item/lis_0198,ab/c5/c59101f845a6ba5ec4c30c15abdbb8e1.unity3d,Texture2D,lis_0198,-1341063972543956496,image/item/lis_0198.png,228,160,
image/item/lis_0199,ab/18/18e301b0011fdbce6c1cc898afa12c99.unity3d,Texture2D,lis_0199,1875504065997489660,image/item/lis_0199.png,228,160,
image/item/lis_0200,ab/23/2373a6cb202fe9ca78989470779ae0d2.unity3d,Texture2D,lis_0200,8595013535649555621,image/item/lis_0200.png,228,160,
image/item/lis_0203,ab/c5/c5518a37e9fc492ca2581328fe5f1fe3.unity3d,Texture2D,lis_0203,2901571688644570928,image/item/lis_0203.png,228,160,
image/item/lis_0204_icon,ab/49/496c44ad2a19a970a1559d32c451c9a0.unity3d,Texture2D,lis_0204_icon,-1368186887361303790,image/item/lis_0204_icon.png,228,160,
image/item/lis_0208,ab/cb/cbe11df780c8402c3300a71f59983d60.unity3d,Texture2D,lis_0208,1648421198749624938,image/item/lis_0208.png,228,160,
image/item/lis_0221,ab/cd/cdc3e9feec586b86aae08ad2853c0710.unity3d,Texture2D,lis_0221,7458793144212383210,image/item/lis_0221.png,228,160,
image/item/lis_0222_icon,ab/fb/fbb9edb39a99882c67b00aa392d76bd5.unity3d,Texture2D,lis_0222_icon,-6546630163196062176,image/item/lis_0222_icon.png,228,160,
image/item/lis_0223_icon,ab/0d/0dadc1dcdc447bf340eb9f3a902ca4c3.unity3d,Texture2D,lis_0223_icon,-7030639138941886447,image/item/lis_0223_icon.png,228,160,
image/item/lis_0229_icon,ab/1d/1dabc90015d766a799350e052b1dcd35.unity3d,Texture2D,lis_0229_icon,-2911508971177091263,image/item/lis_0229_icon.png,228,160,
image/item/lis_0238,ab/35/354d78c3eaa35f85af4b8e4167e80768.unity3d,Texture2D,lis_0238,-5313422739555787355,image/item/lis_0238.png,228,160,
image/item/lis_0241_icon,ab/22/228b50291f120b61fc17c65f8a3d4ffc.unity3d,Texture2D,lis_0241_icon,8560951527755977988,image/item/lis_0241_icon.png,228,160,
image/item/lis_0242_icon,ab/19/19e1ff4ec7888251b1d1ef5eb38c0fca.unity3d,Texture2D,lis_0242_icon,3077160993515062749,image/item/lis_0242_icon.png,228,160,
image/item/lis_0243_icon,ab/e3/e3d553b55088c4cb791effe0f73c3c30.unity3d,Texture2D,lis_0243_icon,-7909717653931490882,image/item/lis_0243_icon.png,228,160,
image/item/lis_0245_icon,ab/af/aff164008322fe9e800e7b7d48f66969.unity3d,Texture2D,lis_0245_icon,-8927151150823674501,image/item/lis_0245_icon.png,228,160,
image/item/lis_0249_icon,ab/bd/bdaba23265d59c422de9f40de19c82da.unity3d,Texture2D,lis_0249_icon,2042008028440839532,image/item/lis_0249_icon.png,228,160,
image/item/lis_0251,ab/65/6529cd29ff31bcf7c1ac91cc7a35e28b.unity3d,Texture2D,lis_0251,1431879452147921531,image/item/lis_0251.png,228,160,
image/item/lis_0252,ab/67/67a9abd6fd6fc52add4d22d1cd7bb1f8.unity3d,Texture2D,lis_0252,4388399186175064727,image/item/lis_0252.png,228,160,
image/item/lis_0254,ab/ee/ee96c8d52a0c0df8dedc346246170869.unity3d,Texture2D,lis_0254,-921101285679523258,image/item/lis_0254.png,228,160,
image/item/lis_0256_icon,ab/43/43d40e890e77b0dbaea478f6904a056f.unity3d,Texture2D,lis_0256_icon,3714336778470221412,image/item/lis_0256_icon.png,228,160,
image/item/lis_0258_icon,ab/0e/0eee80c30a219b17b53b0045223cbe0f.unity3d,Texture2D,lis_0258_icon,9066111506124324045,image/item/lis_0258_icon.png,228,160,
image/item/lis_0259_icon,ab/e2/e29fef69de3a81adc800892a93dd14b9.unity3d,Texture2D,lis_0259_icon,6300181086997235869,image/item/lis_0259_icon.png,228,160,
image/item/lis_0261_icon,ab/f5/f51c5d0795333f825ec688c81a6d7033.unity3d,Texture2D,lis_0261_icon,6560557348942476970,image/item/lis_0261_icon.png,228,160,
image/item/lis_0266_icon,ab/3f/3f2a60e754a8d6a6951206c1c0048956.unity3d,Texture2D,lis_0266_icon,7828055856997272827,image/item/lis_0266_icon.png,228,160,
image/item/lis_0268_icon,ab/04/042a98f0a8518168474af66fd50a2245.unity3d,Texture2D,lis_0268_icon,6757947356578078205,image/item/lis_0268_icon.png,228,160,
image/item/lis_0269_icon,ab/55/555563f1a12016a6adc9772cbf506156.unity3d,Texture2D,lis_0269_icon,-4927502342971894993,image/item/lis_0269_icon.png,228,160,
image/item/lis_0270_icon,ab/04/04a794c763493445928561659e03100f.unity3d,Texture2D,lis_0270_icon,4083885678862215863,image/item/lis_0270_icon.png,228,160,
image/item/lis_0271_icon,ab/36/36bedc698498387251042760379a4740.unity3d,Texture2D,lis_0271_icon,-2188019755780791064,image/item/lis_0271_icon.png,228,160,
image/item/lis_0272_icon,ab/64/64a55d65383dead3d36c965c29366564.unity3d,Texture2D,lis_0272_icon,3927530631033254177,image/item/lis_0272_icon.png,228,160,
image/item/lis_0276_icon,ab/02/0221c5a4723e0576f29a26f92bf8d141.unity3d,Texture2D,lis_0276_icon,3619386290691638804,image/item/lis_0276_icon.png,228,160,
image/item/lis_0281_icon,ab/eb/eb8b959976947f736cdb44c874815884.unity3d,Texture2D,lis_0281_icon,-489921440636792867,image/item/lis_0281_icon.png,228,160,
image/item/lis_0287_icon,ab/cd/cd6549e5691db6b478f94f06bcb0e73e.unity3d,Texture2D,lis_0287_icon,3925154982299531553,image/item/lis_0287_icon.png,228,160,
image/item/lis_0289_icon,ab/0e/0e3df6737d1fa777dd99cff089fdbbe6.unity3d,Texture2D,lis_0289_icon,7493366260914915877,image/item/lis_0289_icon.png,228,160,
image/item/lis_0291_icon,ab/c1/c1fb813ac4c291cfd44402e2a91f07a2.unity3d,Texture2D,lis_0291_icon,-8136679046736294519,image/item/lis_0291_icon.png,228,160,
image/item/lis_0297_icon,ab/49/494a42e49796a3235b500eda969c5ce1.unity3d,Texture2D,lis_0297_icon,2392145923537865748,image/item/lis_0297_icon.png,228,160,
image/item/lis_0300_icon,ab/e9/e951ea8f13afe532f77ffa906a4623d4.unity3d,Texture2D,lis_0300_icon,3754967478939383706,image/item/lis_0300_icon.png,228,160,
image/item/lis_0305_icon,ab/f8/f8913343947882bf8cceb1e61ca5d61e.unity3d,Texture2D,lis_0305_icon,5262404633720984650,image/item/lis_0305_icon.png,228,160,
image/item/lis_0306_icon,ab/31/314cfed5d18ee6770206a3b1e5dc80cd.unity3d,Texture2D,lis_0306_icon,-8213939411351286585,image/item/lis_0306_icon.png,228,160,
image/item/lis_0308_icon,ab/bd/bdecb61b62fe584b6a086591a0e3f719.unity3d,Texture2D,lis_0308_icon,-6388042569506695818,image/item/lis_0308_icon.png,228,160,
image/item/lis_0311_icon,ab/cb/cb38fa1856c8093aca97fa6b00e2c40d.unity3d,Texture2D,lis_0311_icon,1735987823957111736,image/item/lis_0311_icon.png,228,160,
image/item/lis_0312_icon,ab/f8/f888ac02cbdd7041277760971f537e42.unity3d,Texture2D,lis_0312_icon,-1836857103740250713,image/item/lis_0312_icon.png,228,160,
image/item/lis_0316_icon,ab/e8/e824b03557bd9105f4e7dcd078f05102.unity3d,Texture2D,lis_0316_icon,8754833921775573311,image/item/lis_0316_icon.png,228,160,
image/item/lis_0322_icon,ab/bc/bc26d40845f2a4270179f171d7509d58.unity3d,Texture2D,lis_0322_icon,56928564218716771,image/item/lis_0322_icon.png,228,160,
image/item/lis_0323_icon,ab/d5/d5dd851d9a12f0bea72b9a4db4c6bd49.unity3d,Texture2D,lis_0323_icon,8825195689519773733,image/item/lis_0323_icon.png,228,160,
image/item/lis_0325_icon,ab/67/670954373a259bf99999aaad056e23ff.unity3d,Texture2D,lis_0325_icon,6804290087294594787,image/item/lis_0325_icon.png,228,160,
image/item/lis_0329_icon,ab/cd/cda0c4e3892910d9b273bfe975a87b7b.unity3d,Texture2D,lis_0329_icon,-6722915241601321523,image/item/lis_0329_icon.png,228,160,
image/item/lis_0330_icon,ab/d0/d05143369640d2d29fcbbc7c870541e5.unity3d,Texture2D,lis_0330_icon,-8050595760249576721,image/item/lis_0330_icon.png,228,160,
image/item/lis_0331_icon,ab/d8/d80e1e5ea34de474b3de97200919d4ed.unity3d,Texture2D,lis_0331_icon,3103297624326799310,image/item/lis_0331_icon.png,228,160,
image/item/lis_0332_icon,ab/fc/fc49c3d65390a3ea6779ff46daeabc62.unity3d,Texture2D,lis_0332_icon,-3717527975532648475,image/item/lis_0332_icon.png,228,160,
image/item/lis_0335_icon,ab/46/46cc786e4ae065eacfc6945b2dacaaaa.unity3d,Texture2D,lis_0335_icon,5229069877909917922,image/item/lis_0335_icon.png,228,160,
image/item/lis_0336_icon,ab/2f/2f2514477914a0dfcbc55e00f1df51b0.unity3d,Texture2D,lis_0336_icon,-1221709838220340922,image/item/lis_0336_icon.png,228,160,
image/item/lis_0338_icon,ab/eb/eb5eeadf54436c5c855cd6ad2ece2de9.unity3d,Texture2D,lis_0338_icon,-2206253301883137369,image/item/lis_0338_icon.png,228,160,
image/item/lis_0342_icon,ab/c7/c7c379a825e55ee4b361918306f572af.unity3d,Texture2D,lis_0342_icon,1746918179138603648,image/item/lis_0342_icon.png,228,160,
image/item/lis_0343_icon,ab/47/4761a866b127cbbde68acfc0f787994a.unity3d,Texture2D,lis_0343_icon,3377924949347345090,image/item/lis_0343_icon.png,228,160,
image/item/lis_0347_icon,ab/36/3650ba950b0ebc99dd5a0096c602ec1d.unity3d,Texture2D,lis_0347_icon,-565188108064325542,image/item/lis_0347_icon.png,228,160,
image/item/lis_0350_icon,ab/e9/e9f1036a081e0b5839a06844e35c5da4.unity3d,Texture2D,lis_0350_icon,6311823943820869893,image/item/lis_0350_icon.png,228,160,
image/item/lis_0351_icon,ab/c7/c750d1270210eafdfdc0bdf9168bd719.unity3d,Texture2D,lis_0351_icon,5759226893990476296,image/item/lis_0351_icon.png,228,160,
image/item/lis_0355_icon,ab/16/16ecc7a36c0a3f0550a4f75455a3404e.unity3d,Texture2D,lis_0355_icon,-241826861934647770,image/item/lis_0355_icon.png,228,160,
image/item/lis_0356_icon,ab/43/4351baa35d6ed6e0485354ce33cc89fb.unity3d,Texture2D,lis_0356_icon,1254748098626700974,image/item/lis_0356_icon.png,228,160,
image/item/lis_0363_icon,ab/c7/c71988cf43527e77dfcc83d78d60f300.unity3d,Texture2D,lis_0363_icon,-5643278389443980144,image/item/lis_0363_icon.png,228,160,
image/item/lis_0365_icon,ab/d0/d0170b19db8427a6b45fcd2da82bacd0.unity3d,Texture2D,lis_0365_icon,-1914708069693613309,image/item/lis_0365_icon.png,228,160,
image/item/lis_0366_icon,ab/19/197ce23040571f0768cc7209aa3be156.unity3d,Texture2D,lis_0366_icon,-3583628516718273071,image/item/lis_0366_icon.png,228,160,
image/item/lis_0370_icon,ab/b5/b54ead99bb7921b4665d0294332fa53c.unity3d,Texture2D,lis_0370_icon,5519717342460256979,image/item/lis_0370_icon.png,228,160,
image/item/lis_0371_icon,ab/b0/b059d5c42a135f7abd5206f682aa1fbf.unity3d,Texture2D,lis_0371_icon,-186977979877250369,image/item/lis_0371_icon.png,228,160,
image/item/lis_0382_icon,ab/41/4199231f0e84f056cdd39f017597fc3f.unity3d,Texture2D,lis_0382_icon,-9052539616753354367,image/item/lis_0382_icon.png,228,160,
image/item/lis_0385_icon,ab/51/51b1b2489fa0935c425820875c709cda.unity3d,Texture2D,lis_0385_icon,2682927944848566099,image/item/lis_0385_icon.png,228,160,
image/item/lis_0387_icon,ab/c9/c90d88bc2577ed35e69ad5d04d435c11.unity3d,Texture2D,lis_0387_icon,-6475601711086559995,image/item/lis_0387_icon.png,228,160,
image/item/lis_0389_icon,ab/0a/0a51ee10d62e0fbc991f1dff239843d1.unity3d,Texture2D,lis_0389_icon,525696117953473718,image/item/lis_0389_icon.png,228,160,
image/item/lis_0391_icon,ab/64/64ddfa1d2869f1e89e36887a8989bfc7.unity3d,Texture2D,lis_0391_icon,-491295108934760694,image/item/lis_0391_icon.png,228,160,
image/item/lis_0392_icon,ab/31/31981542499aab7241e03a0222b00c09.unity3d,Texture2D,lis_0392_icon,7221298892995130441,image/item/lis_0392_icon.png,228,160,
image/item/lis_0393_icon,ab/66/66ca4b57305bb62c94f85fdcebc14543.unity3d,Texture2D,lis_0393_icon,8646365901136829272,image/item/lis_0393_icon.png,228,160,
image/item/lis_0396_icon,ab/16/16979f22886de5681ac399732722b3ad.unity3d,Texture2D,lis_0396_icon,8428578761750517920,image/item/lis_0396_icon.png,228,160,
image/item/lis_0397_icon,ab/be/be63c8cc900938b2d736ea4eee22b71a.unity3d,Texture2D,lis_0397_icon,7093326821743698497,image/item/lis_0397_icon.png,228,160,
image/item/lis_0398_icon,ab/17/17e312d65c32e5039c4aa06a2f17133d.unity3d,Texture2D,lis_0398_icon,-1940493754623962788,image/item/lis_0398_icon.png,228,160,
image/item/lis_0399_icon,ab/fd/fd26cac36d9c7ce1e1b6499cc490e903.unity3d,Texture2D,lis_0399_icon,-4613442903941309945,image/item/lis_0399_icon.png,228,160,
image/item/lis_0405_icon,ab/70/704993c471fc58879acb0c34c919ab8e.unity3d,Texture2D,lis_0405_icon,-2218994317871491051,image/item/lis_0405_icon.png,228,160,
image/item/lis_0409_icon,ab/f7/f7eb12826e88d1612adf2d744980a85f.unity3d,Texture2D,lis_0409_icon,5240342085574998757,image/item/lis_0409_icon.png,228,160,
image/item/lis_0412_icon,ab/2f/2f268a9139ea3665c9ff8e302dd218e8.unity3d,Texture2D,lis_0412_icon,-7394854232220804481,image/item/lis_0412_icon.png,228,160,
image/item/lis_0415_icon,ab/b5/b5fcf2343b2d36d10c6986bf14f5668c.unity3d,Texture2D,lis_0415_icon,885774691861648365,image/item/lis_0415_icon.png,228,160,
image/item/lis_0417_icon,ab/17/1709ee7eab4d1032402c8c17295709ab.unity3d,Texture2D,lis_0417_icon,2493603174558934683,image/item/lis_0417_icon.png,228,160,
image/item/lis_0418_icon,ab/17/1709ebdfcd5e9a47a7138446e30c1598.unity3d,Texture2D,lis_0418_icon,-239466561529940998,image/item/lis_0418_icon.png,228,160,
image/item/lis_0421_icon,ab/2d/2d7130bdd22f822235ffb408d122c108.unity3d,Texture2D,lis_0421_icon,-1531467906003293081,image/item/lis_0421_icon.png,228,160,
image/item/lis_0422_icon,ab/d8/d840b45002ebfcf473f92afbabd4b449.unity3d,Texture2D,lis_0422_icon,-5297723745522551289,image/item/lis_0422_icon.png,228,160,
image/item/lis_0425_icon,ab/17/17f5c79dc70167788394ab06cd105ec9.unity3d,Texture2D,lis_0425_icon,-901793211827843643,image/item/lis_0425_icon.png,228,160,
image/item/lis_0426_icon,ab/16/160c2367997a725c97d184e52f2f427c.unity3d,Texture2D,lis_0426_icon,3059781356076492535,image/item/lis_0426_icon.png,228,160,
image/item/lis_0428_icon,ab/c7/c773a6f5c2f42fe8fda9452cd59fb7c8.unity3d,Texture2D,lis_0428_icon,6082611142906618645,image/item/lis_0428_icon.png,228,160,
image/item/lis_0430_icon,ab/d3/d38a5fd502552e2d8da263aa7e4a04a1.unity3d,Texture2D,lis_0430_icon,8235489647780651732,image/item/lis_0430_icon.png,228,160,
image/item/lis_0432_icon,ab/c9/c9a72d37d001b3e1196e9b5921428047.unity3d,Texture2D,lis_0432_icon,7020168556318774743,image/item/lis_0432_icon.png,228,160,
image/item/lis_0433_icon,ab/ea/ea78df99cc4c55ba807421ac7abd626f.unity3d,Texture2D,lis_0433_icon,-5185995569076706438,image/item/lis_0433_icon.png,228,160,
image/item/lis_0434_icon,ab/c7/c704a30a77eaaedfbf7ae61bbeb1cef6.unity3d,Texture2D,lis_0434_icon,-5486825155233025505,image/item/lis_0434_icon.png,228,160,
image/item/lis_0437_icon,ab/f1/f10ee5e30b4bc554be4569202987fe90.unity3d,Texture2D,lis_0437_icon,-5156313656165986093,image/item/lis_0437_icon.png,228,160,
image/item/lis_0440_icon,ab/bd/bd74ce370c979f3d1c0d04c2df6fb806.unity3d,Texture2D,lis_0440_icon,7333242180296258171,image/item/lis_0440_icon.png,228,160,
image/item/lis_0442_icon,ab/1d/1dfd7c0dffa338db728e516bdd3f330b.unity3d,Texture2D,lis_0442_icon,-8350448841680349997,image/item/lis_0442_icon.png,228,160,
image/item/lis_0444_icon,ab/16/16aedaa4b7184e06399dbca5f266b837.unity3d,Texture2D,lis_0444_icon,-2446078285945556403,image/item/lis_0444_icon.png,228,160,
image/item/lis_0449_icon,ab/3f/3faedb1c5a594e33a2a24b6b16443bef.unity3d,Texture2D,lis_0449_icon,-7009899790489418679,image/item/lis_0449_icon.png,228,160,
image/item/lis_0452_icon,ab/d0/d0bf97b8650423910d059a4b9be4a558.unity3d,Texture2D,lis_0452_icon,-7617663989548897574,image/item/lis_0452_icon.png,228,160,
image/item/lis_0456_icon,ab/c3/c3046c316501704142750c1b230be682.unity3d,Texture2D,lis_0456_icon,7533823278173261365,image/item/lis_0456_icon.png,228,160,
image/item/lis_0461_icon,ab/cd/cd7f91f3c8c857ca88df32a4c120e235.unity3d,Texture2D,lis_0461_icon,5628215578844711840,image/item/lis_0461_icon.png,228,160,
image/item/lis_0464_icon,ab/bd/bd4ba16100dc3fa84771fc6aac5ca2cd.unity3d,Texture2D,lis_0464_icon,5387994556608554100,image/item/lis_0464_icon.png,228,160,
image/item/lis_0465_icon,ab/0c/0cc28d10279c57c876621ca7a9446481.unity3d,Texture2D,lis_0465_icon,544293839119036108,image/item/lis_0465_icon.png,228,160,
image/item/lis_0468_icon,ab/e4/e48aaf51f92b383d591f9e1075b3fa59.unity3d,Texture2D,lis_0468_icon,7439851139971269764,image/item/lis_0468_icon.png,228,160,
image/item/lis_0470_icon,ab/b5/b502a12f5752c9c71e39d54797755c01.unity3d,Texture2D,lis_0470_icon,4605321471021227495,image/item/lis_0470_icon.png,228,160,
image/item/lis_0474_icon,ab/3b/3baac29cd1924780cc4b3e07cd65327d.unity3d,Texture2D,lis_0474_icon,1481385091003829443,image/item/lis_0474_icon.png,228,160,
image/item/lis_0476_icon,ab/64/644c5f51c94532c6ae689d702a6dbbb8.unity3d,Texture2D,lis_0476_icon,7136918560456840176,image/item/lis_0476_icon.png,228,160,
image/item/lis_0477_icon,ab/40/40c3d3d4160a7d51646d15be61c8d579.unity3d,Texture2D,lis_0477_icon,6293014710708818434,image/item/lis_0477_icon.png,228,160,
image/item/lis_0478_icon,ab/d0/d03aeb02df39095d7c81f96ec14798de.unity3d,Texture2D,lis_0478_icon,2121424865885919604,image/item/lis_0478_icon.png,228,160,
image/item/lis_0479_icon,ab/c3/c3b3b6e8158f99e537106c514a7b25a6.unity3d,Texture2D,lis_0479_icon,-1774056698852373717,image/item/lis_0479_icon.png,228,160,
image/item/lis_0480_icon,ab/cc/ccbdbb998c1382e65a3220bae9ffc3f3.unity3d,Texture2D,lis_0480_icon,4650555294614771781,image/item/lis_0480_icon.png,228,160,
image/item/lis_0481_icon,ab/65/655cb898d4f3be8a9be0a36fa2d6c301.unity3d,Texture2D,lis_0481_icon,-7214022405789320391,image/item/lis_0481_icon.png,228,160,
image/item/lis_0485_icon,ab/27/271ac844daf71340cfc4f341fa1e01f4.unity3d,Texture2D,lis_0485_icon,8531027571150704582,image/item/lis_0485_icon.png,228,160,
image/item/lis_0486_icon,ab/e2/e207f348aa6759c1a9403b7d84611113.unity3d,Texture2D,lis_0486_icon,5342966265545139745,image/item/lis_0486_icon.png,228,160,
image/item/lis_0487_icon,ab/66/6697ede27ed986f0f802bee09da69ab9.unity3d,Texture2D,lis_0487_icon,2912047297712667543,image/item/lis_0487_icon.png,228,160,
image/item/lis_0490_icon,ab/49/495c11c458b302005b800c0a96fed38c.unity3d,Texture2D,lis_0490_icon,4602527202370644752,image/item/lis_0490_icon.png,228,160,
image/item/lis_0491_icon,ab/19/198120ef3dc8d4b090545bf607146146.unity3d,Texture2D,lis_0491_icon,7915355047266328102,image/item/lis_0491_icon.png,228,160,
image/item/lis_0495_icon,ab/69/6964ec38fc42d4eeb1c3e3c1672787f1.unity3d,Texture2D,lis_0495_icon,7363821969913207506,image/item/lis_0495_icon.png,228,160,
image/item/lis_0498_icon,ab/f1/f19f09bc94ba02a60eb23854ff987dc3.unity3d,Texture2D,lis_0498_icon,3498639531698490156,image/item/lis_0498_icon.png,228,160,
image/item/lis_0499_icon,ab/36/36f5301425ef00822f6138087c03a4d7.unity3d,Texture2D,lis_0499_icon,1113013509723919968,image/item/lis_0499_icon.png,228,160,
image/item/lis_0500_icon,ab/41/41ae6e58a233121d58e5268933ed8b33.unity3d,Texture2D,lis_0500_icon,8864473747958481741,image/item/lis_0500_icon.png,228,160,
image/item/lis_0502_icon,ab/23/234ae3847f01fdac6e8705283d54dec5.unity3d,Texture2D,lis_0502_icon,1727540041240809139,image/item/lis_0502_icon.png,228,160,
image/item/lis_0512_icon,ab/de/de347336f1a86248b1c0f7f1506094f1.unity3d,Texture2D,lis_0512_icon,3906477464201783930,image/item/lis_0512_icon.png,228,160,
image/item/lis_0514_icon,ab/fa/fa65b0dd2077b22cf79fcaa43f6c944b.unity3d,Texture2D,lis_0514_icon,-987279124863234832,image/item/lis_0514_icon.png,228,160,
image/item/lis_0517_icon,ab/3b/3b2a3a6ec058a99806c0bdd08afeb6e8.unity3d,Texture2D,lis_0517_icon,3969192508521247684,image/item/lis_0517_icon.png,228,160,
image/item/lis_0523_icon,ab/28/28cf1dfefba3e7a926d73b24752007f0.unity3d,Texture2D,lis_0523_icon,8730026573730665359,image/item/lis_0523_icon.png,228,160,
image/item/lis_0526_icon,ab/ed/edb8fccae359294c50e47e72e32a53d2.unity3d,Texture2D,lis_0526_icon,6941248121510476875,image/item/lis_0526_icon.png,228,160,
image/item/lis_0527_icon,ab/f5/f5e0f23eb461c56eb05cb67dfef0efee.unity3d,Texture2D,lis_0527_icon,7581765912229424252,image/item/lis_0527_icon.png,228,160,
image/item/lis_0530_icon,ab/2f/2f90a235994dd8479f8d6f54b1d2a3ce.unity3d,Texture2D,lis_0530_icon,-7649731576679891682,image/item/lis_0530_icon.png,228,160,
image/item/lis_0532_icon,ab/fa/fa061fa4bd755d3575dfba27a0b1ba1b.unity3d,Texture2D,lis_0532_icon,-3470426686581851889,image/item/lis_0532_icon.png,228,160,
image/item/lis_0536_icon,ab/41/41cfdf378ecca6f42de8a58773b7928e.unity3d,Texture2D,lis_0536_icon,-6610337718312892588,image/item/lis_0536_icon.png,228,160,
image/item/lis_0537_icon,ab/3f/3f213bdb0cef86ec96b494aac7f2714f.unity3d,Texture2D,lis_0537_icon,4108382520332666718,image/item/lis_0537_icon.png,228,160,
image/item/lis_0539_icon,ab/40/40e55f4ec70fe4f6f247639344015d5b.unity3d,Texture2D,lis_0539_icon,-4469146395260407667,image/item/lis_0539_icon.png,228,160,
image/item/lis_0540_icon,ab/cb/cb3ed527fd5537597d406f689a90ac8e.unity3d,Texture2D,lis_0540_icon,-79728715941082470,image/item/lis_0540_icon.png,228,160,
image/item/lis_0542_icon,ab/22/228624900bf106c92b55024550c7d53a.unity3d,Texture2D,lis_0542_icon,-1692375491315516183,image/item/lis_0542_icon.png,228,160,
image/item/lis_0543_icon,ab/03/03bba9d966f26965aca8c7fb048ef0c3.unity3d,Texture2D,lis_0543_icon,-6124488288388928184,image/item/lis_0543_icon.png,228,160,
image/item/lis_0545_icon,ab/31/31f955925c1468229c7c6546cc76a1bf.unity3d,Texture2D,lis_0545_icon,3172096476078306696,image/item/lis_0545_icon.png,228,160,
image/item/lis_0546_icon,ab/cc/ccdf933435e5e9c9d71f70a10ba159e4.unity3d,Texture2D,lis_0546_icon,-5631978830745741757,image/item/lis_0546_icon.png,228,160,
image/item/lis_0547_icon,ab/cf/cf7e4d9eb79f0542633541b66007bb60.unity3d,Texture2D,lis_0547_icon,-630598593156886940,image/item/lis_0547_icon.png,228,160,
image/item/lis_0548_icon,ab/47/47f30dcbe61ab3a2e1659fa6da96cfbc.unity3d,Texture2D,lis_0548_icon,732634581645111981,image/item/lis_0548_icon.png,228,160,
image/item/lis_0553_icon,ab/d8/d8e6b7acdf27a85286423c146ddef804.unity3d,Texture2D,lis_0553_icon,7967988836892683755,image/item/lis_0553_icon.png,228,160,
image/item/lis_0555_icon,ab/f1/f196e7150c3c5e4eccec9efe6c604f48.unity3d,Texture2D,lis_0555_icon,128139264357767083,image/item/lis_0555_icon.png,228,160,
image/item/lis_0556_icon,ab/32/32bc529f80dddb1f67c0d3d26ed188dc.unity3d,Texture2D,lis_0556_icon,-1121665193001399869,image/item/lis_0556_icon.png,228,160,
image/item/lis_0562_icon,ab/be/be3188b2b8aa9e86676ae20dc4634253.unity3d,Texture2D,lis_0562_icon,-8354022983445492695,image/item/lis_0562_icon.png,228,160,
image/item/lis_0563_icon,ab/bc/bce350576bc0232179034c71522edfb0.unity3d,Texture2D,lis_0563_icon,-4100329717352147543,image/item/lis_0563_icon.png,228,160,
image/item/lis_0564_icon,ab/b6/b6ff9e3064d06fea4196885602f7e3f2.unity3d,Texture2D,lis_0564_icon,7108092889371414676,image/item/lis_0564_icon.png,228,160,
image/item/lis_0566_icon,ab/0b/0bd296840aee9e6a20074cc159c05f19.unity3d,Texture2D,lis_0566_icon,-4157309761085439755,image/item/lis_0566_icon.png,228,160,
image/item/lis_0571_icon,ab/c1/c18dab1a69f6f995fa55a7851a81b0e2.unity3d,Texture2D,lis_0571_icon,6467640869048197632,image/item/lis_0571_icon.png,228,160,
image/item/lis_0574_icon,ab/c9/c9d98a48e52d262cdd204f7dd8023662.unity3d,Texture2D,lis_0574_icon,8137119471331644074,image/item/lis_0574_icon.png,228,160,
image/item/lis_0578_icon,ab/fb/fbaaf96c182076859041638847fdcd4d.unity3d,Texture2D,lis_0578_icon,8114318269064645727,image/item/lis_0578_icon.png,228,160,
image/item/lis_0580_icon,ab/26/26c27a6f2566caf754d9d3a24303bdea.unity3d,Texture2D,lis_0580_icon,-359884206305781717,image/item/lis_0580_icon.png,228,160,
image/item/lis_0582_icon,ab/64/6447185d7d3b0f1149463d320a8e817a.unity3d,Texture2D,lis_0582_icon,-290071521841420358,image/item/lis_0582_icon.png,228,160,
image/item/lis_0583_icon,ab/51/5100920493be663e937b60709dc1ff8f.unity3d,Texture2D,lis_0583_icon,-6445512134644148159,image/item/lis_0583_icon.png,228,160,
image/item/lis_0586_icon,ab/e2/e2a5fd730c13015a18b2e1871208325e.unity3d,Texture2D,lis_0586_icon,1984964567042003831,image/item/lis_0586_icon.png,228,160,
image/item/lis_0594_icon,ab/62/6258eb2c48abbd68521d22ce79aea9cb.unity3d,Texture2D,lis_0594_icon,-8761442199491367356,image/item/lis_0594_icon.png,228,160,
image/item/loveswing,ab/29/2992d8cfd1df02e035a1c6ca021c3a4d.unity3d,Texture2D,loveswing,6106865518218936410,image/item/loveswing.png,228,160,
image/item/luckypoint,ab/d0/d0410b8fdb2116246f1429f7a45b09e3.unity3d,Texture2D,luckypoint,9006713715986345612,image/item/luckypoint.png,228,160,
image/item/lvbox_10,ab/c0/c0be2951fc921b7882c28d8e6e10da11.unity3d,Texture2D,LvBox_10,6402033814490409090,image/item/lvbox_10.png,228,160,
image/item/lvbox_20,ab/35/35bc4bd527cab062ee8df1f5ae60f14a.unity3d,Texture2D,LvBox_20,-7188348926999523304,image/item/lvbox_20.png,228,160,
image/item/lvbox_50,ab/29/29e64298c6a9eab4e6941d4f7ff10932.unity3d,Texture2D,LvBox_50,6665444972371624557,image/item/lvbox_50.png,228,160,
image/item/mianmo,ab/1d/1d58c36e36253f12816d9944a7e08d53.unity3d,Texture2D,mianmo,-6206703396651783926,image/item/mianmo.png,228,160,
image/item/mihan_bianzhuangxiu,ab/04/04082f41b058297d12327237f02e1149.unity3d,Texture2D,mihan_bianzhuangxiu,-9200690301441632019,image/item/mihan_bianzhuangxiu.png,228,160,
image/item/mihan_shoutaoqiqiu,ab/c9/c94632c1819f725b1b418da5a00a51d7.unity3d,Texture2D,mihan_shoutaoqiqiu,6185863014040959580,image/item/mihan_shoutaoqiqiu.png,228,160,
image/item/mihan_zhixushengdian,ab/d1/d1da628da17cb1383f7446918115acc9.unity3d,Texture2D,mihan_zhixushengdian,2289858210330569677,image/item/mihan_zhixushengdian.png,228,160,
image/item/new_boy,ab/23/23191b54735b327b18ec08d9ccc8df89.unity3d,Texture2D,new_boy,-7462594273281614490,image/item/new_boy.png,228,160,
image/item/new_gift,ab/ed/ed98e5d95a8342302426c589f0837441.unity3d,Texture2D,new_gift,980748898953898336,image/item/new_gift.png,228,160,
image/item/nianbi,ab/02/026ebd504e069cf4a1368648b73f417d.unity3d,Texture2D,nianbi,5694340417965595935,image/item/nianbi.png,228,160,
image/item/parkcoin,ab/53/53a2164939eb40f3b8ea370cd99f5592.unity3d,Texture2D,Parkcoin,-2679997068366411007,image/item/parkcoin.png,228,160,
image/item/pinkpoem,ab/fc/fc20b53277481e9a6f6fc6207ce212cb.unity3d,Texture2D,pinkpoem,7094750196896708289,image/item/pinkpoem.png,228,160,
image/item/pioneer_coin,ab/fd/fd43c2c80ee6707aacd1b7c6d489ded5.unity3d,Texture2D,pioneer_coin,-6509762374430738024,image/item/pioneer_coin.png,228,160,
image/item/pkcard,ab/36/36a4207bdc61d590ecb30f2d60c9a9b7.unity3d,Texture2D,PKcard,8459344777517521817,image/item/pkcard.png,228,160,
image/item/pkcoin,ab/fb/fb865c51fe16a443f002cfe5e3e17d03.unity3d,Texture2D,PKcoin,-6629411526411603685,image/item/pkcoin.png,228,160,
image/item/prop_0255,ab/00/00fd574a373a59aaa0a4ea71b36a284d.unity3d,Texture2D,prop_0255,777247141603348146,image/item/prop_0255.png,228,160,
image/item/qinglvche_lan,ab/e5/e564f10332266ea45c3cf6ba6d8bafc3.unity3d,Texture2D,qinglvche_lan,-1776468270295372890,image/item/qinglvche_lan.png,240,140,
image/item/qixixique,ab/bd/bd52e3dc79a3ccc163e76aabd84c70e3.unity3d,Texture2D,qixixique,5746006990066156635,image/item/qixixique.png,228,160,
image/item/qualifyingpasscard,ab/fd/fdcd91855d149adb490bca205cfe517f.unity3d,Texture2D,QualifyingPassCard,-1960739260289399,image/item/qualifyingpasscard.png,228,160,
image/item/rpbox_01,ab/e3/e34e7c2e29a2769cc518f75604abc949.unity3d,Texture2D,RPbox_01,8526004293164342753,image/item/rpbox_01.png,228,160,
image/item/rukou1,ab/03/03491ea862f25b5e658e7ffbb1a09c58.unity3d,Texture2D,rukou1,-852359755790997319,image/item/rukou1.png,228,160,
image/item/s2600004,ab/3c/3c0dd399fe56423d2c7533a867b93106.unity3d,Texture2D,S2600004,3357897706788760539,image/item/s2600004.png,228,160,
image/item/s3600004,ab/2f/2fef0b7ff321830b7ddf78dfba711269.unity3d,Texture2D,S3600004,-6075894627988279657,image/item/s3600004.png,228,160,
image/item/s3600009,ab/04/0465f2b146561d1f82c1bfc706ef3fea.unity3d,Texture2D,S3600009,9005296730280941646,image/item/s3600009.png,228,160,
image/item/saiche_100,ab/28/28123d306616631a448faa02b4b316f6.unity3d,Texture2D,saiche_100,7918159088243244434,image/item/saiche_100.png,228,160,
image/item/shalou,ab/c5/c53b365ae31ce20b15b01d21c32545be.unity3d,Texture2D,shalou,8553928749248262720,image/item/shalou.png,228,160,
image/item/shuangdkhlihe,ab/fd/fd5c9df803b0ee08277d5a86a5de54fd.unity3d,Texture2D,shuangdkhlihe,-9120748797330398779,image/item/shuangdkhlihe.png,228,160,
image/item/sj_xinmoguai,ab/1d/1d9e374452a1bdc542648653a45c0f58.unity3d,Texture2D,sj_xinmoguai,1107452028838952731,image/item/sj_xinmoguai.png,228,160,
image/item/skidmark_0005,ab/2f/2f39344319e8408dfefc7f4303dc1637.unity3d,Texture2D,skidmark_0005,-8487473049128710941,image/item/skidmark_0005.png,228,160,
image/item/skidmark_0007,ab/49/4927467fb6369f5d90f509ab795de947.unity3d,Texture2D,skidmark_0007,-7974210689314983752,image/item/skidmark_0007.png,228,160,
image/item/skidmark_0010,ab/e4/e4326df8be7f173bc5c990c9748c4385.unity3d,Texture2D,skidmark_0010,3250244869641693577,image/item/skidmark_0010.png,228,160,
image/item/skidmark_0012,ab/ec/ec61712cc5e8dc5d22526ed21a70014b.unity3d,Texture2D,skidmark_0012,6961623074740243669,image/item/skidmark_0012.png,228,160,
image/item/skidmark_0013,ab/e3/e33e088959fdcc98579507ab4775902d.unity3d,Texture2D,skidmark_0013,4487791051720263461,image/item/skidmark_0013.png,228,160,
image/item/skidmark_0021,ab/51/51f5e2729bb442ed9bf8d77d2adf7324.unity3d,Texture2D,skidmark_0021,4265018983353003527,image/item/skidmark_0021.png,228,160,
image/item/skidmark_0034,ab/c7/c73ee68b55dbf2d204946aff048d8756.unity3d,Texture2D,skidmark_0034,5609699798550815395,image/item/skidmark_0034.png,228,160,
image/item/skidmark_0041,ab/03/03594f0ed13ab1c80541bd6d367360a3.unity3d,Texture2D,skidmark_0041,1728892804072840120,image/item/skidmark_0041.png,228,160,
image/item/skidmark_0042,ab/49/4914d0a216dd62aa5be734a393af710e.unity3d,Texture2D,skidmark_0042,5676367293220418904,image/item/skidmark_0042.png,228,160,
image/item/skidmark_0045,ab/62/62847c1be405d966e13ac44346f183e3.unity3d,Texture2D,skidmark_0045,-5918907308327956514,image/item/skidmark_0045.png,228,160,
image/item/skidmark_0046,ab/35/35bb4f27381bb7c70e4eb5990ace81ed.unity3d,Texture2D,skidmark_0046,8562758235438813106,image/item/skidmark_0046.png,228,160,
image/item/skidmark_0050,ab/62/62b86f0eb2d13b877f76afea7d871524.unity3d,Texture2D,skidmark_0050,-1955697275750258366,image/item/skidmark_0050.png,228,160,
image/item/skidmark_0051,ab/1d/1dbd7047b29ee032e02732abbeff207d.unity3d,Texture2D,skidmark_0051,8579491726598487830,image/item/skidmark_0051.png,228,160,
image/item/skidmark_0052,ab/b0/b0fe888c398dc8ebdf9e03c9ef76a72e.unity3d,Texture2D,skidmark_0052,3856653571751433204,image/item/skidmark_0052.png,228,160,
image/item/skidmark_0056,ab/65/657fdf4761575fb40c1c20135b717f9f.unity3d,Texture2D,skidmark_0056,-4938693781724832750,image/item/skidmark_0056.png,228,160,
image/item/skidmark_0058,ab/42/420a9b147eb53dc3bca422471531c2c6.unity3d,Texture2D,skidmark_0058,4376468621088296424,image/item/skidmark_0058.png,228,160,
image/item/skidmark_0061,ab/35/35777f4f9136fb1908b44146877f1ecd.unity3d,Texture2D,skidmark_0061,7994632427593318729,image/item/skidmark_0061.png,228,160,
image/item/skidmark_0062,ab/62/622329836c4fcdb55e9ea5fd33a2110c.unity3d,Texture2D,skidmark_0062,-326642527386330724,image/item/skidmark_0062.png,228,160,
image/item/skidmark_0069,ab/0b/0b16c48cf8320bc40cbd48c431640656.unity3d,Texture2D,skidmark_0069,6862216524919117201,image/item/skidmark_0069.png,228,160,
image/item/skidmark_0070,ab/e9/e93744225d34bf27c4013c536241e410.unity3d,Texture2D,skidmark_0070,-3092917911797129304,image/item/skidmark_0070.png,228,160,
image/item/skidmark_0074,ab/ed/edbc99d205be1ca3268695f32cb9686c.unity3d,Texture2D,skidmark_0074,-6358288018659502464,image/item/skidmark_0074.png,228,160,
image/item/skidmark_0082,ab/55/55fabb8190a517c24a8365ae5e1d5b62.unity3d,Texture2D,skidmark_0082,8614507054316435006,image/item/skidmark_0082.png,228,160,
image/item/skidmark_0086,ab/b5/b5e56e166352167e4a0857971dd4e9f8.unity3d,Texture2D,skidmark_0086,9114640122951060585,image/item/skidmark_0086.png,228,160,
image/item/skidmark_0094,ab/f3/f35647a1e7fb8d3be15820ac1bf38ba9.unity3d,Texture2D,skidmark_0094,3135679532941124222,image/item/skidmark_0094.png,228,160,
image/item/skidmark_0097,ab/18/18c4973435e2b7b72d0179721da1e026.unity3d,Texture2D,skidmark_0097,-3813557429480723895,image/item/skidmark_0097.png,228,160,
image/item/skidmark_0098,ab/c9/c9ffb8c1250a7dd6f12c76eb7c2398a0.unity3d,Texture2D,skidmark_0098,-2994773712812595382,image/item/skidmark_0098.png,228,160,
image/item/skidmark_0099,ab/f3/f3c989ea153bb2bab4dccc3efa0bc2c8.unity3d,Texture2D,skidmark_0099,-7221258642154605379,image/item/skidmark_0099.png,228,160,
image/item/skidmark_0101,ab/f0/f0490edf02592384f862c9121c5b6e3e.unity3d,Texture2D,skidmark_0101,1111318815111349254,image/item/skidmark_0101.png,228,160,
image/item/skidmark_0103,ab/28/28e5ad6f26eff430605078066a4291c5.unity3d,Texture2D,skidmark_0103,-2379137633011750004,image/item/skidmark_0103.png,228,160,
image/item/skidmark_0107,ab/3b/3b96dbb2f72ff5e7e19a85e6623649f5.unity3d,Texture2D,skidmark_0107,7913481518144778759,image/item/skidmark_0107.png,228,160,
image/item/skidmark_0110,ab/66/668d4abdfaacd83385301d9d1c2dfbae.unity3d,Texture2D,skidmark_0110,-3661959630883279834,image/item/skidmark_0110.png,228,160,
image/item/skidmark_0111,ab/d1/d1852afcf9b0eb98784fef3e7cc22b7c.unity3d,Texture2D,skidmark_0111,-1017342504779950691,image/item/skidmark_0111.png,228,160,
image/item/skidmark_0112,ab/27/274756fdc8402bb7a83dcf1d2e7e24c0.unity3d,Texture2D,skidmark_0112,-7259070771066819188,image/item/skidmark_0112.png,228,160,
image/item/skidmark_0114,ab/dd/dd4285d6fb67e87173c5096b67b4756d.unity3d,Texture2D,skidmark_0114,1402878606102804478,image/item/skidmark_0114.png,228,160,
image/item/skidmark_0119,ab/fd/fdda36f77dd6c193a819997ee4ff7ecb.unity3d,Texture2D,skidmark_0119,-252725676286245868,image/item/skidmark_0119.png,228,160,
image/item/skidmark_0122,ab/fc/fca0173ce2f06f1cc8ef73b90632da76.unity3d,Texture2D,skidmark_0122,-5754871765474255907,image/item/skidmark_0122.png,228,160,
image/item/skidmark_0125,ab/cb/cb16507219309434c2b9ac6636af9cbc.unity3d,Texture2D,skidmark_0125,1933382811604611123,image/item/skidmark_0125.png,228,160,
image/item/skidmark_0127,ab/f0/f0dfb7751fdef607aa2bd7ad83a82d0c.unity3d,Texture2D,skidmark_0127,6584249966189612335,image/item/skidmark_0127.png,228,160,
image/item/skidmark_0132,ab/03/03925a84ab92d82bf32c01dc76c661e2.unity3d,Texture2D,skidmark_0132,4274753583595650880,image/item/skidmark_0132.png,228,160,
image/item/skidmark_0135,ab/bd/bd68319a01d1ef6a4a0cdb5f442f7f1d.unity3d,Texture2D,skidmark_0135,-2225833849229987093,image/item/skidmark_0135.png,228,160,
image/item/skidmark_0138,ab/e8/e8b1a236b8d3799123b645386810c1da.unity3d,Texture2D,skidmark_0138,870439617927541627,image/item/skidmark_0138.png,228,160,
image/item/skidmark_0145,ab/b6/b628387fc89223cec78dc3d8e7b3857e.unity3d,Texture2D,skidmark_0145,720987272188429708,image/item/skidmark_0145.png,228,160,
image/item/skidmark_0147,ab/0e/0e35ee29724c82558f3066e6ab171322.unity3d,Texture2D,skidmark_0147,-7496137117237339681,image/item/skidmark_0147.png,228,160,
image/item/skidmark_0156,ab/64/647df8abd2db4eed40f0aea6d292e71a.unity3d,Texture2D,skidmark_0156,-5321769544269195277,image/item/skidmark_0156.png,228,160,
image/item/skidmark_0160,ab/bd/bd58e57a6f15f3a65b4d60ffadbb3151.unity3d,Texture2D,skidmark_0160,5415725239976676716,image/item/skidmark_0160.png,228,160,
image/item/skidmark_0161,ab/0b/0baa45406ed3ea5b48974ec208ccacf9.unity3d,Texture2D,skidmark_0161,-7708829601510004331,image/item/skidmark_0161.png,228,160,
image/item/skidmark_0162,ab/c0/c0e04376a57855a16d48e0f897ccaa2c.unity3d,Texture2D,skidmark_0162,-3859524932610829049,image/item/skidmark_0162.png,228,160,
image/item/skidmark_0168,ab/c9/c9c1640f603fb93dd7a384a1085c208b.unity3d,Texture2D,skidmark_0168,-7189021913054915019,image/item/skidmark_0168.png,228,160,
image/item/skidmark_0169,ab/23/23b287813c8c0b8930b19a76861bc511.unity3d,Texture2D,skidmark_0169,-5094105677308487532,image/item/skidmark_0169.png,228,160,
image/item/skidmark_0171,ab/fc/fc2bfdaadf565758d263b582f241f697.unity3d,Texture2D,skidmark_0171,1701050136798945598,image/item/skidmark_0171.png,228,160,
image/item/skidmark_0182,ab/32/32bd53e34f7531e3733524316e724522.unity3d,Texture2D,skidmark_0182,-4483648246288478954,image/item/skidmark_0182.png,228,160,
image/item/skidmark_0183,ab/bd/bddae37f687270c19ac91f52911ecba8.unity3d,Texture2D,skidmark_0183,5531020283115343201,image/item/skidmark_0183.png,228,160,
image/item/skidmark_0186,ab/ec/ece94488b853490f967bfc85e3251c62.unity3d,Texture2D,skidmark_0186,6242268406369149539,image/item/skidmark_0186.png,228,160,
image/item/skidmark_0187,ab/fd/fdfed6d902e26fa5e89bc213da722081.unity3d,Texture2D,skidmark_0187,-5344545259182994981,image/item/skidmark_0187.png,228,160,
image/item/skidmark_0189,ab/c5/c51608ba64f7bac17c30d7039cc14772.unity3d,Texture2D,skidmark_0189,3624611999669907682,image/item/skidmark_0189.png,228,160,
image/item/skidmark_0190,ab/00/003b37ee6ff5363fb720db9f42af81cf.unity3d,Texture2D,skidmark_0190,1917508958635520589,image/item/skidmark_0190.png,228,160,
image/item/skidmark_0194,ab/d1/d1fe1137b636718351d29c970e26c880.unity3d,Texture2D,skidmark_0194,791989448033790836,image/item/skidmark_0194.png,228,160,
image/item/skidmark_0199,ab/d1/d1f89c2bfb6a4c349c1faced06feeb19.unity3d,Texture2D,skidmark_0199,-4303238782384789291,image/item/skidmark_0199.png,228,160,
image/item/skidmark_0200,ab/b3/b37a87234aae585a941197a2722a8510.unity3d,Texture2D,skidmark_0200,2746736097420499260,image/item/skidmark_0200.png,228,160,
image/item/skidmark_0203,ab/51/510bc15b7badd1d39534ff03be84f0b8.unity3d,Texture2D,skidmark_0203,-8627131742374597384,image/item/skidmark_0203.png,228,160,
image/item/skidmark_0207,ab/47/477b4894c2fc96a769f188be1538c6fe.unity3d,Texture2D,skidmark_0207,3057669839357434025,image/item/skidmark_0207.png,228,160,
image/item/skidmark_0208,ab/67/67e9c0994e9b4c4b4fc1dec152c516c0.unity3d,Texture2D,skidmark_0208,355643231726125468,image/item/skidmark_0208.png,228,160,
image/item/skidmark_0216,ab/e9/e92d9231704e3f389afd63dac4ab1078.unity3d,Texture2D,skidmark_0216,8378605203471462603,image/item/skidmark_0216.png,228,160,
image/item/skidmark_0218,ab/53/533ccc82ab2676de5e7ca6a60ecc98bd.unity3d,Texture2D,skidmark_0218,2596149660722457100,image/item/skidmark_0218.png,228,160,
image/item/skidmark_0221,ab/d0/d0ad9fc27a6775f5e22eb478d95aa5a0.unity3d,Texture2D,skidmark_0221,-7726017615173837753,image/item/skidmark_0221.png,228,160,
image/item/skidmark_0222,ab/0a/0a29c0cc71612852b8b8987b6cc2449f.unity3d,Texture2D,skidmark_0222,-3681750604632321389,image/item/skidmark_0222.png,228,160,
image/item/skidmark_0229,ab/ea/ea73c515997bd8c921a65f977ac36577.unity3d,Texture2D,skidmark_0229,5900989492818308636,image/item/skidmark_0229.png,228,160,
image/item/skidmark_0230,ab/c5/c54b13044a43b7ec14d3f822311c6d21.unity3d,Texture2D,skidmark_0230,-3657944736793650880,image/item/skidmark_0230.png,228,160,
image/item/skidmark_0231,ab/f8/f86597fa5cb7b86aeccff2d9d221f616.unity3d,Texture2D,skidmark_0231,-38005858685955019,image/item/skidmark_0231.png,228,160,
image/item/skidmark_0233,ab/0c/0c9b183cfd8b81b887ceba2da8c00b2b.unity3d,Texture2D,skidmark_0233,2813655422539709691,image/item/skidmark_0233.png,228,160,
image/item/skidmark_0234,ab/00/000ac754aee8ffe262cfcc8e9bb127ac.unity3d,Texture2D,skidmark_0234,-3010251125654284277,image/item/skidmark_0234.png,228,160,
image/item/skidmark_0236,ab/f9/f996e8cebae890e08edc6e2fcacc81e5.unity3d,Texture2D,skidmark_0236,-5379779274092203457,image/item/skidmark_0236.png,228,160,
image/item/skidmark_0237,ab/d8/d8529a102418d13858761ce673a0b1f8.unity3d,Texture2D,skidmark_0237,7955798978964721783,image/item/skidmark_0237.png,228,160,
image/item/skidmark_0245,ab/f3/f31cbbedcff6c1434a17ea370de1ac31.unity3d,Texture2D,skidmark_0245,1585365253506621563,image/item/skidmark_0245.png,228,160,
image/item/skidmark_0246,ab/41/4119d0126d9003d4f101eb50c7be6371.unity3d,Texture2D,skidmark_0246,3132093203048271994,image/item/skidmark_0246.png,228,160,
image/item/skidmark_0247,ab/0c/0c34901730319a4e69e86089c93c4cf8.unity3d,Texture2D,skidmark_0247,-5086268606044387706,image/item/skidmark_0247.png,228,160,
image/item/skidmark_0250,ab/de/de583d91776ba9da676aebd08b869391.unity3d,Texture2D,skidmark_0250,2084228374993072444,image/item/skidmark_0250.png,228,160,
image/item/skidmark_0252,ab/f7/f799e0c5f59ea9e82e95dbc4aa922f63.unity3d,Texture2D,skidmark_0252,8245190280238723169,image/item/skidmark_0252.png,228,160,
image/item/skidmark_0253,ab/c7/c7fbeeb130db68b07fac479843e696f6.unity3d,Texture2D,skidmark_0253,-39980859519160714,image/item/skidmark_0253.png,228,160,
image/item/skidmark_0255,ab/fd/fd596bbc2f9e012cb6b936ad0c37385d.unity3d,Texture2D,skidmark_0255,-1682220824224601933,image/item/skidmark_0255.png,228,160,
image/item/skidmark_0256,ab/2f/2f3db420395fc0b8a2846c3a81b28e65.unity3d,Texture2D,skidmark_0256,-1834723816071967827,image/item/skidmark_0256.png,228,160,
image/item/skidmark_0260,ab/e9/e94eb62f70d7a3e2c67bb0ffe3d290ed.unity3d,Texture2D,skidmark_0260,8947415950069927664,image/item/skidmark_0260.png,228,160,
image/item/skidmark_0262,ab/e3/e3edc242d7deb87ae128c44918480c8a.unity3d,Texture2D,skidmark_0262,-3351906033294605268,image/item/skidmark_0262.png,228,160,
image/item/skidmark_0263,ab/64/644f5ddf1723184f6a266069afe3f3f2.unity3d,Texture2D,skidmark_0263,7792949591904868410,image/item/skidmark_0263.png,228,160,
image/item/skidmark_0265,ab/fc/fc763888b41ca4f046f194ea8ff71565.unity3d,Texture2D,skidmark_0265,7814940187372671353,image/item/skidmark_0265.png,228,160,
image/item/skidmark_0266,ab/3d/3d1abdfa458abeca815306a743d82bbe.unity3d,Texture2D,skidmark_0266,-8494356795345826172,image/item/skidmark_0266.png,228,160,
image/item/skidmark_0274,ab/1d/1d2cd2a24298e5463c9421050b7a1ad1.unity3d,Texture2D,skidmark_0274,5250939681292442094,image/item/skidmark_0274.png,228,160,
image/item/skidmark_0275,ab/23/23de7158a7dfec19a560ed88fcc8afd6.unity3d,Texture2D,skidmark_0275,-2819039323952606000,image/item/skidmark_0275.png,228,160,
image/item/skidmark_0276,ab/bd/bd2f1685b0a2c19400fe9f76ebc28501.unity3d,Texture2D,skidmark_0276,-8226916245028649238,image/item/skidmark_0276.png,228,160,
image/item/skidmark_0279,ab/0b/0b9a08f733bb798551e1e4dc48918dc3.unity3d,Texture2D,skidmark_0279,-8854049026336011572,image/item/skidmark_0279.png,228,160,
image/item/skidmark_0280,ab/e9/e997df3ab3d75824533996fed535a737.unity3d,Texture2D,skidmark_0280,3795119888727136762,image/item/skidmark_0280.png,228,160,
image/item/skidmark_0282,ab/35/3526b756d1431a02f2202ad1c4b87f7d.unity3d,Texture2D,skidmark_0282,3612361693381302247,image/item/skidmark_0282.png,228,160,
image/item/skidmark_0283,ab/d0/d0f90db23e3214339e3f02a3b01a1fa4.unity3d,Texture2D,skidmark_0283,3910030934003223460,image/item/skidmark_0283.png,228,160,
image/item/skidmark_0284,ab/35/3513c01287ca1e9189c348f04a29ac0b.unity3d,Texture2D,skidmark_0284,5595262967316498043,image/item/skidmark_0284.png,228,160,
image/item/skidmark_0287,ab/e3/e3a24c88cc006afdf70e4afa2502c5e3.unity3d,Texture2D,skidmark_0287,-1606123100944177353,image/item/skidmark_0287.png,228,160,
image/item/skidmark_0288,ab/c7/c705020109d030c514c33c116f8f2848.unity3d,Texture2D,skidmark_0288,538052574053027188,image/item/skidmark_0288.png,228,160,
image/item/skidmark_0291,ab/58/58be6542d99bee8d3ecbb5aab562b027.unity3d,Texture2D,skidmark_0291,-1939010536930146162,image/item/skidmark_0291.png,228,160,
image/item/skidmark_0294,ab/47/47c73177e9c6bf8141210e89c1c7aeaf.unity3d,Texture2D,skidmark_0294,-7908139843287709235,image/item/skidmark_0294.png,228,160,
image/item/skidmark_0297,ab/2f/2f4f4843930b3e12fa3b815900338ba0.unity3d,Texture2D,skidmark_0297,8081386700412235779,image/item/skidmark_0297.png,228,160,
image/item/skidmark_0300,ab/3f/3f28a0720f9ece48008006489b4407b4.unity3d,Texture2D,skidmark_0300,-1177785690193815139,image/item/skidmark_0300.png,228,160,
image/item/skidmark_0304,ab/31/31206946793b24eaaff47a5e8b4743d1.unity3d,Texture2D,skidmark_0304,7596217442258669388,image/item/skidmark_0304.png,228,160,
image/item/skidmark_0305,ab/fa/fa95aa0b806f4ca9ed554e908eb8c53c.unity3d,Texture2D,skidmark_0305,416251649046925071,image/item/skidmark_0305.png,228,160,
image/item/skidmark_0306,ab/0d/0d2ccaf6e87977f33b25b676392a32f7.unity3d,Texture2D,skidmark_0306,243910013342862339,image/item/skidmark_0306.png,228,160,
image/item/skidmark_0307,ab/58/5898e62541775b1b335d19883feac754.unity3d,Texture2D,skidmark_0307,-8759048301696241298,image/item/skidmark_0307.png,228,160,
image/item/skidmark_0308,ab/d1/d10e41a75be985b136a605f802d4ee57.unity3d,Texture2D,skidmark_0308,1943494843529087840,image/item/skidmark_0308.png,228,160,
image/item/skidmark_0319,ab/03/03268c0b38d03f96cda4b31a6e45f41e.unity3d,Texture2D,skidmark_0319,4503795291401451157,image/item/skidmark_0319.png,228,160,
image/item/sszmh_1211,ab/de/de87ce3a99ce185668a8b7cbee6e605d.unity3d,Texture2D,sszmh_1211,-1909042911096767791,image/item/sszmh_1211.png,228,160,
image/item/stickbox,ab/f0/f071afc1f1f5da12c681a73e20d070f9.unity3d,Texture2D,stickbox,-6762204870047102318,image/item/stickbox.png,228,160,
image/item/tequan_tiyan,ab/e2/e2fb80137da05e35ff3736fd0b431d6f.unity3d,Texture2D,tequan_tiyan,4348105001548188641,image/item/tequan_tiyan.png,228,160,
image/item/ticket_huanlegu,ab/de/deadee1cab7aa532d5356278f8f1b324.unity3d,Texture2D,ticket_huanlegu,-555326293650693445,image/item/ticket_huanlegu.png,228,160,
image/item/ticket_yueguang,ab/c7/c730271a361c813b720173b4c742d2fe.unity3d,Texture2D,ticket_yueguang,-8565874758914510190,image/item/ticket_yueguang.png,228,160,
image/item/tiyan0045,ab/51/515dd82ccf38847427064f40f749ed8c.unity3d,Texture2D,tiyan0045,3975609705007741752,image/item/tiyan0045.png,228,160,
image/item/tiyan0154,ab/e2/e2265b4d1cb7f0e9e46065f5c4b86b08.unity3d,Texture2D,tiyan0154,-7214242744280553928,image/item/tiyan0154.png,228,160,
image/item/tiyan0177,ab/51/515f1b8e85bc8ddd9e65189855dbf787.unity3d,Texture2D,tiyan0177,8164044861182281042,image/item/tiyan0177.png,228,160,
image/item/tongyong_100,ab/f3/f32da5f942996690b56a3a2f322a6997.unity3d,Texture2D,tongyong_100,2842987413660860575,image/item/tongyong_100.png,228,160,
image/item/tongyong_200,ab/ea/eaa6cc76944b171dccc17c80116ac5ff.unity3d,Texture2D,tongyong_200,3455786454675385156,image/item/tongyong_200.png,228,160,
image/item/txzmh_1107,ab/02/02f94f94b8af95df6e4815f54925db4b.unity3d,Texture2D,txzmh_1107,-6464172171010325355,image/item/txzmh_1107.png,228,160,
image/item/ty_chuangshi,ab/50/508c7ce879d23f7c63864ad9cf8fd903.unity3d,Texture2D,TY_chuangshi,-1395171847345465887,image/item/ty_chuangshi.png,228,160,
image/item/tzicon,ab/b8/b8045409a51e3fb3b4e524d003507c24.unity3d,Texture2D,tzicon,-8209537717087011306,image/item/tzicon.png,152,152,
image/item/vfuli20,ab/04/04bdc5824d47c793b182d8c0a8575610.unity3d,Texture2D,vfuli20,7655327185086847158,image/item/vfuli20.png,228,160,
image/item/vfuli30,ab/c7/c7a798704b23fc9bea9f0e1b63c4b572.unity3d,Texture2D,vfuli30,-8090732812386869359,image/item/vfuli30.png,228,160,
image/item/vip_icon,ab/26/262744ae8fc644de2552535906b07ace.unity3d,Texture2D,VIP_icon,-2810530168480511728,image/item/vip_icon.png,228,160,
image/item/wingman_0002,ab/cb/cbccf40cbfab6972c0c885ef1ded1635.unity3d,Texture2D,wingman_0002,-7317781443763185639,image/item/wingman_0002.png,228,160,
image/item/wingman_0003,ab/53/531965ddd7cfb27c022c993d6c14c0e3.unity3d,Texture2D,wingman_0003,832713306189398824,image/item/wingman_0003.png,228,160,
image/item/wingman_0023,ab/62/62d77423f8c5015d538ee492597d0f1b.unity3d,Texture2D,wingman_0023,9179260341738310898,image/item/wingman_0023.png,228,160,
image/item/wingman_0025,ab/69/69a32669027cac380e024aa6e25be72f.unity3d,Texture2D,wingman_0025,-6084859121567520730,image/item/wingman_0025.png,228,160,
image/item/wingman_0026,ab/16/1628aa8166349151d9301a95db3924f8.unity3d,Texture2D,wingman_0026,-455852579587247328,image/item/wingman_0026.png,228,160,
image/item/wingman_0028,ab/e3/e3865a73fd24f5a98e489beb13d4d66c.unity3d,Texture2D,wingman_0028,-4285705660419274611,image/item/wingman_0028.png,228,160,
image/item/wingman_0030,ab/f0/f016fc4b9898099f09c4f5058e42f50e.unity3d,Texture2D,wingman_0030,6475174945636791946,image/item/wingman_0030.png,228,160,
image/item/wingman_0032,ab/e4/e4f8876d5048a2013495b7a6f69820e7.unity3d,Texture2D,wingman_0032,6828000958811828265,image/item/wingman_0032.png,228,160,
image/item/wingman_0033,ab/03/0395fcc2081dd4fae8ac6c71fc7abbc9.unity3d,Texture2D,wingman_0033,5161947041527332048,image/item/wingman_0033.png,228,160,
image/item/wingman_0034,ab/58/58c93e53dabdc04a3e074c94999d654a.unity3d,Texture2D,wingman_0034,4429860710965129823,image/item/wingman_0034.png,228,160,
image/item/wingman_0044,ab/2f/2f559a6f2460ad4b403eafbf58785d04.unity3d,Texture2D,wingman_0044,4093352118820880062,image/item/wingman_0044.png,228,160,
image/item/wingman_0055,ab/51/51c91cc78d54c876393a11a5abfb0669.unity3d,Texture2D,wingman_0055,1958897937737742578,image/item/wingman_0055.png,228,160,
image/item/workshop2,ab/50/50c6a651896be83dd5f4c47d9d9caf25.unity3d,Texture2D,workshop2,-7309664615239291293,image/item/workshop2.png,228,160,
image/item/xingxiupoint,ab/b5/b58b9620dcb9440baafd130d3755e43c.unity3d,Texture2D,xingxiupoint,2293778458234000749,image/item/xingxiupoint.png,228,160,
image/item/xn_icon_tangguo,ab/e8/e8785117193308b05bbd5ea9ca1d33b8.unity3d,Texture2D,XN_icon_tangguo,-4100391198554125788,image/item/xn_icon_tangguo.png,228,160,
image/item/xn_icon_tangying,ab/36/3668909c36ae68030236c6b4b50f9331.unity3d,Texture2D,XN_icon_tangying,2224081171717156278,image/item/xn_icon_tangying.png,128,128,
image/item/xn_icon_wananwen,ab/d3/d35de6003fa4a5da63bb593efb75eb41.unity3d,Texture2D,XN_icon_wananwen,7852930493663938444,image/item/xn_icon_wananwen.png,128,128,
image/item/xn_icon_yuanbao,ab/cf/cf70b2379afc0f9b0cdbe3ed55c66513.unity3d,Texture2D,XN_icon_yuanbao,4515475484723348766,image/item/xn_icon_yuanbao.png,228,160,
image/item/xs_jb,ab/be/be7e7a51c949175d3d79962dcfa5b76c.unity3d,Texture2D,XS_jb,8301060201513922813,image/item/xs_jb.png,228,160,
image/item/xs_sl,ab/fa/fadae64dacdbec679be24c0ae466734d.unity3d,Texture2D,XS_sl,-2153154775668738842,image/item/xs_sl.png,228,160,
image/item/xw_wb_dituicon,ab/62/626c370c042a613c9875c2aeedf0a21c.unity3d,Texture2D,XW_wb_dituicon,5201516475830698842,image/item/xw_wb_dituicon.png,228,160,
image/item/zixuan2,ab/eb/eb455cfcd0c1c7bb58572c7ce3953570.unity3d,Texture2D,zixuan2,-2189428567191877893,image/item/zixuan2.png,228,160,
image/item/zixuan4,ab/e4/e42073ae7376d7111568afbf8afa6b37.unity3d,Texture2D,zixuan4,5049727856662076610,image/item/zixuan4.png,228,160,
image/item/znz,ab/02/02b13b11c3a7762930d187efac7e5636.unity3d,Texture2D,ZNZ,6061822188846533996,image/item/znz.png,228,160,
image/item/zp_key,ab/3b/3b546dd9f2bd32271cfe3b344b9226fe.unity3d,Texture2D,ZP_KEY,-3228335497961204208,image/item/zp_key.png,228,160,
image/item/zp_keybox,ab/19/191a978a253ab9cb8e49a53725d0785d.unity3d,Texture2D,ZP_KEYBOX,5443679320106260561,image/item/zp_keybox.png,228,160,
image/karticon/r_0045_icon,ab/64/64a46d83d54364d936f659c04f25d7bc.unity3d,Texture2D,r_0045_icon,8454506378865308097,image/karticon/r_0045_icon.png,228,160,
image/karticon/r_0056_icon,ab/49/497feb03fac9153cd02ed938ce0e7c9c.unity3d,Texture2D,r_0056_icon,-7093013015769461303,image/karticon/r_0056_icon.png,228,160,
image/karticon/r_0057_icon,ab/0a/0a81dc342d133f084e94a46cd152afe7.unity3d,Texture2D,r_0057_icon,8502873138863853689,image/karticon/r_0057_icon.png,228,160,
image/karticon/r_0075_icon,ab/e8/e87573d4055524ad078349aa7f0edb14.unity3d,Texture2D,r_0075_icon,6024761203761079754,image/karticon/r_0075_icon.png,228,160,
image/karticon/r_0079_icon,ab/e8/e8a90ceadd8cb375c6c31614700f4f08.unity3d,Texture2D,r_0079_icon,-5426659952660626610,image/karticon/r_0079_icon.png,228,160,
image/karticon/r_0084_icon,ab/0c/0cdb81970379f88c3d0b568699451aae.unity3d,Texture2D,r_0084_icon,1540812695679170813,image/karticon/r_0084_icon.png,228,160,
image/karticon/r_0087_icon,ab/0a/0ae6fb56410616bf1df43a3b90ecb6f9.unity3d,Texture2D,r_0087_icon,8519249979925197749,image/karticon/r_0087_icon.png,228,160,
image/karticon/r_0088_icon,ab/50/5072e714ae7fb2387fb32cd2289e37f7.unity3d,Texture2D,r_0088_icon,-2446293239968050288,image/karticon/r_0088_icon.png,228,160,
image/karticon/r_0108_icon,ab/eb/eb62f4277f96548a1550575a8c0b6cc3.unity3d,Texture2D,r_0108_icon,6252870117783541082,image/karticon/r_0108_icon.png,228,160,
image/karticon/r_0114_icon,ab/e3/e35e7f84ebe4eab22b9b3d67214f1a68.unity3d,Texture2D,r_0114_icon,-7173831806224079231,image/karticon/r_0114_icon.png,228,160,
image/karticon/r_0119_icon,ab/69/69174919d3b7dad78ad57db1482f7091.unity3d,Texture2D,r_0119_icon,9186867882466551303,image/karticon/r_0119_icon.png,228,160,
image/karticon/r_0131_icon,ab/ec/ec3bc66631b36adcc6440de0df0f92aa.unity3d,Texture2D,r_0131_icon,-173997177879021509,image/karticon/r_0131_icon.png,228,160,
image/karticon/r_0136_icon,ab/d5/d503a082944e58a0251df1c740a6c6ac.unity3d,Texture2D,r_0136_icon,-4388908694245855338,image/karticon/r_0136_icon.png,228,160,
image/karticon/r_0137_icon,ab/e3/e3aa12eea9f966fb4ce2f3d7f9235054.unity3d,Texture2D,r_0137_icon,-8147195246077227308,image/karticon/r_0137_icon.png,228,160,
image/karticon/r_0140_icon,ab/c5/c56567ee000d4b4af77a57063a5249eb.unity3d,Texture2D,r_0140_icon,-349975159573392116,image/karticon/r_0140_icon.png,228,160,
image/karticon/r_0142_icon,ab/d2/d2205507d215d2da2fd897262bb6d070.unity3d,Texture2D,r_0142_icon,-5466516643842952490,image/karticon/r_0142_icon.png,228,160,
image/karticon/r_0158_icon,ab/62/62edda1174adb0162cdea5e884156829.unity3d,Texture2D,r_0158_icon,2335435368533509013,image/karticon/r_0158_icon.png,228,160,
image/karticon/r_0160_icon,ab/b5/b512e1fc1c01800e3d7967784d445d99.unity3d,Texture2D,r_0160_icon,-1028611677389184709,image/karticon/r_0160_icon.png,228,160,
image/karticon/r_0168_icon,ab/e8/e858e00fb5a20256c459fe0e9323874f.unity3d,Texture2D,r_0168_icon,-3093543498149292816,image/karticon/r_0168_icon.png,228,160,
image/karticon/r_0169_icon,ab/b5/b5fdef7726450106af5008284313e7f6.unity3d,Texture2D,r_0169_icon,5409832069534575621,image/karticon/r_0169_icon.png,228,160,
image/karticon/r_0173_icon,ab/69/6946e5be0cbf03a9142456170f6240c2.unity3d,Texture2D,r_0173_icon,1981113427743375765,image/karticon/r_0173_icon.png,228,160,
image/karticon/r_0175_icon,ab/31/31e662a25273154d893836c41e72aacd.unity3d,Texture2D,r_0175_icon,6350122888570592362,image/karticon/r_0175_icon.png,228,160,
image/karticon/r_0179_icon,ab/be/be0fe753f736c4a67e8bc72f204adc4b.unity3d,Texture2D,r_0179_icon,-3920648799345535462,image/karticon/r_0179_icon.png,228,160,
image/karticon/r_0186_icon,ab/e3/e34f0fbc30ed1cecef45355c965ce4e1.unity3d,Texture2D,r_0186_icon,-3660649493485223005,image/karticon/r_0186_icon.png,228,160,
image/karticon/r_0189_icon,ab/58/584336079e3e0861033f9384fab062c2.unity3d,Texture2D,r_0189_icon,-3473995560237062639,image/karticon/r_0189_icon.png,228,160,
image/karticon/r_0191_icon,ab/c0/c04698617faff6e69a9581c47ac681af.unity3d,Texture2D,r_0191_icon,1725989244365608054,image/karticon/r_0191_icon.png,228,160,
image/karticon/r_0194_icon,ab/e2/e21fcd90dc7af8fb5cb04e3acff599e9.unity3d,Texture2D,r_0194_icon,-8245320806642837085,image/karticon/r_0194_icon.png,228,160,
image/karticon/r_0196_icon,ab/31/31bfa3b37ee7f0aed700d5818acd7209.unity3d,Texture2D,r_0196_icon,4973137426616142395,image/karticon/r_0196_icon.png,228,160,
image/karticon/r_0197_icon,ab/b8/b870a3bd584bc773457b58e86b0e9611.unity3d,Texture2D,r_0197_icon,2637070534982941592,image/karticon/r_0197_icon.png,228,160,
image/karticon/r_0199_icon,ab/55/55c5fc427ba9d31dfaa493db0c44574e.unity3d,Texture2D,r_0199_icon,5969054435579544751,image/karticon/r_0199_icon.png,228,160,
image/karticon/r_0200_icon,ab/fb/fb7c4710631c43f3328b27243e3dd110.unity3d,Texture2D,r_0200_icon,-8832671477523908061,image/karticon/r_0200_icon.png,228,160,
image/karticon/r_0202_icon,ab/e9/e913a1fd0efb731a50bef95a399c50a6.unity3d,Texture2D,r_0202_icon,-989062597776113478,image/karticon/r_0202_icon.png,228,160,
image/karticon/r_0204_icon,ab/42/4267b1bd815248839f8d0780f3b8b482.unity3d,Texture2D,r_0204_icon,6063737190560001677,image/karticon/r_0204_icon.png,228,160,
image/karticon/r_0205_icon,ab/04/04381509336b093a2c771022d4292022.unity3d,Texture2D,r_0205_icon,-1105113982571375788,image/karticon/r_0205_icon.png,228,160,
image/karticon/r_0207_icon,ab/e2/e2c687af17c61c0f8e938dda04e845d0.unity3d,Texture2D,r_0207_icon,-2149928396380555159,image/karticon/r_0207_icon.png,228,160,
image/karticon/r_0208_icon,ab/29/29b391a0e369aa4710ff1bb8dc072e83.unity3d,Texture2D,r_0208_icon,-4760697690164514378,image/karticon/r_0208_icon.png,228,160,
image/karticon/r_0209_icon,ab/d0/d0d5001b67a978c8c4c1882515686ce9.unity3d,Texture2D,r_0209_icon,-6611592039644165877,image/karticon/r_0209_icon.png,228,160,
image/karticon/r_0216_icon,ab/1d/1d85531aad1aeaadfb5ae606ca2f5b0d.unity3d,Texture2D,r_0216_icon,6011469322937875520,image/karticon/r_0216_icon.png,228,160,
image/karticon/r_0217_icon,ab/b6/b696d772c719008eec4c90d07b164c10.unity3d,Texture2D,r_0217_icon,1914671311804637004,image/karticon/r_0217_icon.png,228,160,
image/karticon/r_0218_icon,ab/66/66970cb57cd0f63b9b6ddc8b4b43795c.unity3d,Texture2D,r_0218_icon,-5428521636251373674,image/karticon/r_0218_icon.png,228,160,
image/karticon/r_0222_icon,ab/0b/0bd1b8e62e3d4f4c41cedec6e49e7f90.unity3d,Texture2D,r_0222_icon,-73985232748501350,image/karticon/r_0222_icon.png,228,160,
image/karticon/r_0223_icon,ab/e0/e0afa802023f1edf8ef4666f6e8c7974.unity3d,Texture2D,r_0223_icon,6111185452008987477,image/karticon/r_0223_icon.png,228,160,
image/karticon/r_0227_icon,ab/d8/d8d205c7394be975672bfc4074cad1f4.unity3d,Texture2D,r_0227_icon,9153044364903265172,image/karticon/r_0227_icon.png,228,160,
image/karticon/r_0228_icon,ab/cc/cc730720ec08368995f254a55fde6086.unity3d,Texture2D,r_0228_icon,151161929756885689,image/karticon/r_0228_icon.png,228,160,
image/karticon/r_0230_icon,ab/0b/0b78aa7a61e752fe74445d6ff8dfa857.unity3d,Texture2D,r_0230_icon,-5957213516118591401,image/karticon/r_0230_icon.png,228,160,
image/karticon/r_0231_icon,ab/c7/c7f6a5b92a0e367698833c1f3f86f779.unity3d,Texture2D,r_0231_icon,-3415638488567649923,image/karticon/r_0231_icon.png,228,160,
image/karticon/r_0232_icon,ab/29/29f52804d04204e5d91356030a1330eb.unity3d,Texture2D,r_0232_icon,-3379002661171087880,image/karticon/r_0232_icon.png,228,160,
image/karticon/r_0233_icon,ab/02/023f09397460841cdb3f2ce79b7e43ac.unity3d,Texture2D,r_0233_icon,8319695814195882035,image/karticon/r_0233_icon.png,228,160,
image/karticon/r_0240_icon,ab/28/2804126bd12b4c6f2770afe65d010201.unity3d,Texture2D,r_0240_icon,9215897607890238240,image/karticon/r_0240_icon.png,228,160,
image/karticon/r_0244_icon,ab/de/de8053e56adb6f7e1dd70581434f9442.unity3d,Texture2D,r_0244_icon,-5167795610487683037,image/karticon/r_0244_icon.png,228,160,
image/karticon/r_0254_icon,ab/b3/b303482a7e9bf70ba1000a182480ef0a.unity3d,Texture2D,r_0254_icon,-4710902458810863557,image/karticon/r_0254_icon.png,228,160,
image/karticon/r_0256_icon,ab/cf/cfb94375325172d8cddf53d86707a71e.unity3d,Texture2D,r_0256_icon,7376820036525031179,image/karticon/r_0256_icon.png,228,160,
image/karticon/r_0260_icon,ab/64/6409c6b12a7b462e878f53dec39cc3c1.unity3d,Texture2D,r_0260_icon,-8510084688438140139,image/karticon/r_0260_icon.png,228,160,
image/karticon/r_0261_icon,ab/18/185eba505a7a71b2316145910b1ed913.unity3d,Texture2D,r_0261_icon,-5757025785260359430,image/karticon/r_0261_icon.png,228,160,
image/karticon/r_0262_icon,ab/cf/cf710e08f7087549705366d18c981b2d.unity3d,Texture2D,r_0262_icon,-5140226875362032975,image/karticon/r_0262_icon.png,228,160,
image/karticon/r_0266_icon,ab/3d/3da4e6a1bdd03de957b9a4406ac66b28.unity3d,Texture2D,r_0266_icon,-76428388249434367,image/karticon/r_0266_icon.png,228,160,
image/karticon/r_0268_icon,ab/55/55ccff5e82fa31e4a9c3988351c9e98c.unity3d,Texture2D,r_0268_icon,-266582427743752734,image/karticon/r_0268_icon.png,228,160,
image/karticon/r_0273_icon,ab/02/0229d5ed6c84beca53f3fb8a69bd6e89.unity3d,Texture2D,r_0273_icon,4438582756685476129,image/karticon/r_0273_icon.png,228,160,
image/karticon/r_0277_icon,ab/0e/0ef460cb05e8d151e26ea97c947de93e.unity3d,Texture2D,r_0277_icon,-1322960997265092697,image/karticon/r_0277_icon.png,228,160,
image/karticon/r_0280_icon,ab/bd/bd560b37d68074a0b98665aea1663ee4.unity3d,Texture2D,r_0280_icon,5650874765209212790,image/karticon/r_0280_icon.png,228,160,
image/karticon/r_0281_icon,ab/0c/0c1b5e943b484502fac1c274573400d8.unity3d,Texture2D,r_0281_icon,1723094915750542048,image/karticon/r_0281_icon.png,228,160,
image/karticon/r_0282_icon,ab/19/193e7224ee7be6cc8865769638e2e5a8.unity3d,Texture2D,r_0282_icon,7927467032953681567,image/karticon/r_0282_icon.png,228,160,
image/karticon/r_0284_icon,ab/50/5011e0daf9e3f5bccbaca788a486d53c.unity3d,Texture2D,r_0284_icon,-1702812775745498127,image/karticon/r_0284_icon.png,228,160,
image/karticon/r_0287_icon,ab/00/00af0052d4479dc7c9ae180df58c2a83.unity3d,Texture2D,r_0287_icon,-7133444715869906116,image/karticon/r_0287_icon.png,228,160,
image/karticon/r_0288_icon,ab/e3/e3e1c49027538e3a9dd420b6f07d9802.unity3d,Texture2D,r_0288_icon,148233166170855821,image/karticon/r_0288_icon.png,228,160,
image/karticon/r_0289_icon,ab/b3/b359ca15a53cc141977d0296972c6268.unity3d,Texture2D,r_0289_icon,9024245642260901530,image/karticon/r_0289_icon.png,228,160,
image/karticon/r_0290_icon,ab/cd/cdd90a4b0870908dfba4859d9dc3fca4.unity3d,Texture2D,r_0290_icon,999338456185218022,image/karticon/r_0290_icon.png,228,160,
image/karticon/r_0291_icon,ab/43/432d1c51d7ba2f7f143809cda9745998.unity3d,Texture2D,r_0291_icon,-1011289249752198560,image/karticon/r_0291_icon.png,228,160,
image/karticon/r_0292_icon,ab/c0/c0062c7af9533d57e24c1742cb5975b8.unity3d,Texture2D,r_0292_icon,8138303309727787779,image/karticon/r_0292_icon.png,228,160,
image/karticon/r_0299_icon,ab/c8/c801e6d976da77f1cfa0db8a2b1ec29b.unity3d,Texture2D,r_0299_icon,-977752348055537310,image/karticon/r_0299_icon.png,228,160,
image/karticon/r_0301_icon,ab/b3/b3feb57044f03c076476f1e3aa4a67d7.unity3d,Texture2D,r_0301_icon,7422931975436774870,image/karticon/r_0301_icon.png,228,160,
image/karticon/r_0302_icon,ab/d5/d59898231ab61f9501f39a851c9a3789.unity3d,Texture2D,r_0302_icon,-2203364309471731150,image/karticon/r_0302_icon.png,228,160,
image/karticon/r_0308_icon,ab/62/628b4266cbdb516bb454cb39a0f72f76.unity3d,Texture2D,r_0308_icon,6762552944643584040,image/karticon/r_0308_icon.png,228,160,
image/karticon/r_0310_icon,ab/dd/ddd74df2f94b11a3b31bef64c7cc8d3d.unity3d,Texture2D,r_0310_icon,8287046854637501372,image/karticon/r_0310_icon.png,228,160,
image/karticon/r_0311_icon,ab/d3/d34ea7b35b47fc59d8abbf7dbb923e08.unity3d,Texture2D,r_0311_icon,-5949706391514168434,image/karticon/r_0311_icon.png,228,160,
image/karticon/r_0316_icon,ab/2f/2f5c6871446dba27b0ac9a406ca932a0.unity3d,Texture2D,r_0316_icon,986570684195850630,image/karticon/r_0316_icon.png,228,160,
image/karticon/r_0322_icon,ab/23/23bc4f2a3e0c8722231d36d0702a72a3.unity3d,Texture2D,r_0322_icon,3857261808754816532,image/karticon/r_0322_icon.png,228,160,
image/karticon/r_0323_icon,ab/d8/d87d813d1f64a21b05e17792299dd947.unity3d,Texture2D,r_0323_icon,1804656045282608772,image/karticon/r_0323_icon.png,228,160,
image/karticon/r_0327_icon,ab/46/461ca0fb7ef09a12bd11345fbd0dd3ef.unity3d,Texture2D,r_0327_icon,8466103638657657137,image/karticon/r_0327_icon.png,228,160,
image/karticon/r_0330_icon,ab/36/368271ff702aad2d4c7b5986e70e5f74.unity3d,Texture2D,r_0330_icon,7739356863112578535,image/karticon/r_0330_icon.png,228,160,
image/karticon/r_0335_icon,ab/f7/f7e1b09996c2c104ca9e18fcaf6ef92a.unity3d,Texture2D,r_0335_icon,1351997225943518541,image/karticon/r_0335_icon.png,228,160,
image/karticon/r_0337_icon,ab/35/3507561cbf55ca8d9d91e4a6757f4ace.unity3d,Texture2D,r_0337_icon,-8251861809062689888,image/karticon/r_0337_icon.png,228,160,
image/karticon/r_0343_icon,ab/b5/b5db0dcefbdbb26e274604425c6f3c14.unity3d,Texture2D,r_0343_icon,-599234943786863977,image/karticon/r_0343_icon.png,228,160,
image/karticon/r_0344_icon,ab/55/55716549099f096a8ab8c5d964497c81.unity3d,Texture2D,r_0344_icon,-8073715054555367527,image/karticon/r_0344_icon.png,228,160,
image/karticon/r_0345_icon,ab/c8/c88f42e58be3f5aafca2e4827787b603.unity3d,Texture2D,r_0345_icon,7078049045893058901,image/karticon/r_0345_icon.png,228,160,
image/karticon/r_0347_icon,ab/e8/e847cb0e9f866aa41c84254b4e014c36.unity3d,Texture2D,r_0347_icon,1445316424206371062,image/karticon/r_0347_icon.png,228,160,
image/karticon/r_0349_icon,ab/fd/fd08002a55ade13b42eb3b71c92364ff.unity3d,Texture2D,r_0349_icon,7988014037810884658,image/karticon/r_0349_icon.png,228,160,
image/karticon/r_0351_icon,ab/d5/d505ef23138decc661c8d3c8203bc42e.unity3d,Texture2D,r_0351_icon,-6013843625486393738,image/karticon/r_0351_icon.png,228,160,
image/karticon/r_0352_icon,ab/dd/dd12b7aa0c19858667884245bdebbe66.unity3d,Texture2D,r_0352_icon,-8482274655692276829,image/karticon/r_0352_icon.png,228,160,
image/karticon/r_0355_icon,ab/b5/b567e64ba6101f8e104d82a7d11a54c6.unity3d,Texture2D,r_0355_icon,8616305196892978035,image/karticon/r_0355_icon.png,228,160,
image/karticon/r_0359_icon,ab/03/032e95a57d2a000a967346967e83511d.unity3d,Texture2D,r_0359_icon,3570218549509001682,image/karticon/r_0359_icon.png,228,160,
image/karticon/r_0362_icon,ab/f1/f16f197aa5b6ddc8a2f574b970c08498.unity3d,Texture2D,r_0362_icon,-7202616969964599071,image/karticon/r_0362_icon.png,228,160,
image/karticon/r_0364_icon,ab/be/be93a8d1b9d853d0536b94f86853bb3e.unity3d,Texture2D,r_0364_icon,3098161781613654837,image/karticon/r_0364_icon.png,228,160,
image/karticon/r_0366_icon,ab/58/5818176db0880bb27347a43cd2d80dcd.unity3d,Texture2D,r_0366_icon,1717556824034823842,image/karticon/r_0366_icon.png,228,160,
image/karticon/r_0368_icon,ab/28/2877c41f485cdb23e1a1a057902d4df7.unity3d,Texture2D,r_0368_icon,8156431060546170952,image/karticon/r_0368_icon.png,228,160,
image/karticon/r_0369_icon,ab/40/404189e44a28148d3596ce2a6c15680f.unity3d,Texture2D,r_0369_icon,-16282147191393809,image/karticon/r_0369_icon.png,228,160,
image/karticon/r_0370_icon,ab/c5/c59eda338b76adc141475c5e184257ac.unity3d,Texture2D,r_0370_icon,8240224496930275170,image/karticon/r_0370_icon.png,228,160,
image/karticon/r_0372_icon,ab/c0/c0fd9e84ccc910c636ed7866defc05b0.unity3d,Texture2D,r_0372_icon,-1395014158844327773,image/karticon/r_0372_icon.png,228,160,
image/karticon/r_0379_icon,ab/e8/e84258b30199a363999ee8861f93c616.unity3d,Texture2D,r_0379_icon,2810715220801807008,image/karticon/r_0379_icon.png,228,160,
image/karticon/r_0382_icon,ab/ec/ec7aa0bd27180d38aa2b09c3a03ed665.unity3d,Texture2D,r_0382_icon,9196795002603161908,image/karticon/r_0382_icon.png,228,160,
image/karticon/r_0383_icon,ab/51/5134e4a9ff1ba459132a0565715432b9.unity3d,Texture2D,r_0383_icon,7371071979142572296,image/karticon/r_0383_icon.png,228,160,
image/karticon/r_0385_icon,ab/66/669f3dc7d26e094f5cee04f21b66a254.unity3d,Texture2D,r_0385_icon,-177863644712430433,image/karticon/r_0385_icon.png,228,160,
image/karticon/r_0389_icon,ab/18/1873786ef715a06eb55afbd831c67606.unity3d,Texture2D,r_0389_icon,8769409773567835378,image/karticon/r_0389_icon.png,228,160,
image/karticon/r_0390_icon,ab/36/36a1b054530e9c2a8714f6202f0fd1a8.unity3d,Texture2D,r_0390_icon,4697748732624847021,image/karticon/r_0390_icon.png,228,160,
image/karticon/r_0392_icon,ab/cd/cd78d333823c3ddc35ce80f46cdfbebf.unity3d,Texture2D,r_0392_icon,-3658791303017085063,image/karticon/r_0392_icon.png,228,160,
image/karticon/r_0400_icon,ab/0a/0a61628bbad087622320ede664ad4196.unity3d,Texture2D,r_0400_icon,-7905480582973281965,image/karticon/r_0400_icon.png,228,160,
image/karticon/r_0402_icon,ab/47/4781d8e21a6a6122889c2c7a02c0c967.unity3d,Texture2D,r_0402_icon,-2384595451924573520,image/karticon/r_0402_icon.png,228,160,
image/karticon/r_0405_icon,ab/c3/c39e395ef09a37dbe3e215087ad743a4.unity3d,Texture2D,r_0405_icon,-3532862920625201116,image/karticon/r_0405_icon.png,228,160,
image/karticon/r_0407_icon,ab/f1/f1dc0f90f45989a401ec60d301bcdaf4.unity3d,Texture2D,r_0407_icon,7066666475986810189,image/karticon/r_0407_icon.png,228,160,
image/karticon/r_0412_icon,ab/f8/f89f6869204da4adf01aa9be31564c6e.unity3d,Texture2D,r_0412_icon,-2340349931001642056,image/karticon/r_0412_icon.png,228,160,
image/karticon/r_0413_icon,ab/c7/c74a9b25724aa8f50ec8072b5c5f7400.unity3d,Texture2D,r_0413_icon,-5162898177124130592,image/karticon/r_0413_icon.png,228,160,
image/karticon/r_0424_icon,ab/70/707abbab4ebae1b759f361352e3e43ac.unity3d,Texture2D,r_0424_icon,6859077089205242923,image/karticon/r_0424_icon.png,228,160,
image/karticon/r_0427_icon,ab/b3/b3ee8ce23c4ae129d52d2df32e517796.unity3d,Texture2D,r_0427_icon,3872874822883379309,image/karticon/r_0427_icon.png,228,160,
image/karticon/r_0429_icon,ab/cd/cd857e4726c2888fa058d6b7ea42f71e.unity3d,Texture2D,r_0429_icon,-4389333195357737572,image/karticon/r_0429_icon.png,228,160,
image/karticon/r_0436_icon,ab/27/27a1b4e04203224f62a04842bbeefb07.unity3d,Texture2D,r_0436_icon,-208414861669559078,image/karticon/r_0436_icon.png,228,160,
image/karticon/r_0443_icon,ab/40/40bf5f61a882542566ff146579fc6abb.unity3d,Texture2D,r_0443_icon,-3239687537713648089,image/karticon/r_0443_icon.png,228,160,
image/karticon/r_0444_icon,ab/c3/c332316f3a234382c12c1582443099ad.unity3d,Texture2D,r_0444_icon,4401406621380274408,image/karticon/r_0444_icon.png,228,160,
image/karticon/r_0448_icon,ab/26/26b38acbc8b3912253b90e2341bcb31e.unity3d,Texture2D,r_0448_icon,5638309965353984622,image/karticon/r_0448_icon.png,228,160,
image/karticon/r_0453_icon,ab/dd/ddbb1ac8a477291c54fbeb0724214d27.unity3d,Texture2D,r_0453_icon,7844838839021930414,image/karticon/r_0453_icon.png,228,160,
image/karticon/r_0462_icon,ab/c1/c17341a6b875cc232d9433e187af35a7.unity3d,Texture2D,r_0462_icon,-2895588843261211978,image/karticon/r_0462_icon.png,228,160,
image/karticon/r_0465_icon,ab/36/36d6f39ea797d4259bb66611312d57a2.unity3d,Texture2D,r_0465_icon,-414328095921952416,image/karticon/r_0465_icon.png,228,160,
image/karticon/r_0473_icon,ab/cf/cf47bf7dcce4814fc1718bd884b07748.unity3d,Texture2D,r_0473_icon,-6091008482203157407,image/karticon/r_0473_icon.png,228,160,
image/karticon/r_0474_icon,ab/fc/fcc989b303fdfebd28300c1720e6f7fa.unity3d,Texture2D,r_0474_icon,1035187203656697981,image/karticon/r_0474_icon.png,228,160,
image/karticon/r_0480_icon,ab/36/36bf72794de48842b4bddcc55501878f.unity3d,Texture2D,r_0480_icon,-8987926781088256822,image/karticon/r_0480_icon.png,228,160,
image/karticon/r_0489_icon,ab/53/531d8f49bcb02fb0722701eefa5e8ccb.unity3d,Texture2D,r_0489_icon,-2133110973891464234,image/karticon/r_0489_icon.png,228,160,
image/karticon/r_0490_icon,ab/55/550c54ad249b4fcc09ac2bf335a40b8d.unity3d,Texture2D,r_0490_icon,4396821274112231635,image/karticon/r_0490_icon.png,228,160,
image/karticon/r_0491_icon,ab/c1/c1cfd6a5acd9c82d6c2824099c16a06f.unity3d,Texture2D,r_0491_icon,-186095477849879613,image/karticon/r_0491_icon.png,228,160,
image/karticon/r_0495_icon,ab/fd/fd2bac5f1b62a5bdb80d25ee9bf81d88.unity3d,Texture2D,r_0495_icon,5124733843592778269,image/karticon/r_0495_icon.png,228,160,
image/karticon/r_0502_icon,ab/50/500ea4035170cedf00fdffa05f32169d.unity3d,Texture2D,r_0502_icon,7145970428108680951,image/karticon/r_0502_icon.png,228,160,
image/karticon/r_0505_icon,ab/fc/fc753a4b7d8242f4317a6169c55f1eb2.unity3d,Texture2D,r_0505_icon,-3876464956868679385,image/karticon/r_0505_icon.png,228,160,
image/karticon/r_0507_icon,ab/eb/eb84c5b92509fec537d2e91d4cb1f41e.unity3d,Texture2D,r_0507_icon,2955749320781478433,image/karticon/r_0507_icon.png,228,160,
image/karticon/r_0508_icon,ab/ed/edf4d55b3f33911cc1b50c10016cbaea.unity3d,Texture2D,r_0508_icon,7089694269954791015,image/karticon/r_0508_icon.png,228,160,
image/karticon/r_0520_icon,ab/e4/e4ed9a6cecc8c36925aa1fb82b9c18a6.unity3d,Texture2D,r_0520_icon,-1300945682596842143,image/karticon/r_0520_icon.png,228,160,
image/karticon/r_0521_icon,ab/58/588c9d718d70970058c1b4723b5548b2.unity3d,Texture2D,r_0521_icon,-6265102506711017455,image/karticon/r_0521_icon.png,228,160,
image/karticon/r_0522_icon,ab/65/6529891537bf0c067f3d376eef634709.unity3d,Texture2D,r_0522_icon,3288114545434607670,image/karticon/r_0522_icon.png,228,160,
image/karticon/r_0529_icon,ab/2f/2f139eabadfd29f9387e6ee4565a9050.unity3d,Texture2D,r_0529_icon,-5973200677391918514,image/karticon/r_0529_icon.png,228,160,
image/karticon/r_0530_icon,ab/b5/b52a1d9c9882feec43bf4184db12f3c1.unity3d,Texture2D,r_0530_icon,2618602290097301788,image/karticon/r_0530_icon.png,228,160,
image/karticon/r_0531_icon,ab/3d/3dd95863dea407a1a0c364af9bf056ee.unity3d,Texture2D,r_0531_icon,5115001809099824918,image/karticon/r_0531_icon.png,228,160,
image/karticon/r_0532_icon,ab/d2/d2f7686f0f1f36a9f42860754a4c24dc.unity3d,Texture2D,r_0532_icon,8740814968752650796,image/karticon/r_0532_icon.png,228,160,
image/karticon/r_0534_icon,ab/65/65a653f159d95b13fd64bbcfa0988acb.unity3d,Texture2D,r_0534_icon,8441190355458982075,image/karticon/r_0534_icon.png,228,160,
image/karticon/r_0540_icon,ab/3d/3dd2e288ba10c8ecf8058a8b29df39d1.unity3d,Texture2D,r_0540_icon,-2475224615205221312,image/karticon/r_0540_icon.png,228,160,
image/karticon/r_0542_icon,ab/b5/b5c6fb64c697236c91283e8a9996b20d.unity3d,Texture2D,r_0542_icon,-7294812893220720368,image/karticon/r_0542_icon.png,228,160,
image/karticon/r_0543_icon,ab/e8/e89e1dd792b13eedff38ca34ab9a1ca2.unity3d,Texture2D,r_0543_icon,7095876066237699191,image/karticon/r_0543_icon.png,228,160,
image/karticon/r_0544_icon,ab/d2/d210be3733d83e36f2b4e1e9256c1981.unity3d,Texture2D,r_0544_icon,-1602257615007060310,image/karticon/r_0544_icon.png,228,160,
image/karticon/r_0548_icon,ab/16/16a84dee08ef059725d8d4d5b8ac9ebf.unity3d,Texture2D,r_0548_icon,273231583891659914,image/karticon/r_0548_icon.png,228,160,
image/karticon/r_0549_icon,ab/cd/cd7cbea5d07cf44eace9f2efa08ea3c7.unity3d,Texture2D,r_0549_icon,1076931104667647030,image/karticon/r_0549_icon.png,228,160,
image/karticon/r_0550_icon,ab/42/42b219b3faf9727f05e5b194812fba58.unity3d,Texture2D,r_0550_icon,-1517295974268286343,image/karticon/r_0550_icon.png,228,160,
image/karticon/r_0558_icon,ab/47/474135b8e1a99aab303e13fbd359ccdc.unity3d,Texture2D,r_0558_icon,43969881871226992,image/karticon/r_0558_icon.png,228,160,
image/karticon/r_0564_icon,ab/16/1602f19f3cae0c22cff88678eeeac9cd.unity3d,Texture2D,r_0564_icon,270571250283289017,image/karticon/r_0564_icon.png,228,160,
image/karticon/r_0565_icon,ab/f3/f30abe0ebc4faa46fadd982be3b63c31.unity3d,Texture2D,r_0565_icon,-3396243852641360383,image/karticon/r_0565_icon.png,228,160,
image/karticon/r_0569_icon,ab/ca/cad482dfd10b7478c35258bc127c2fd6.unity3d,Texture2D,r_0569_icon,-2876282259062828451,image/karticon/r_0569_icon.png,228,160,
image/karticon/r_0572_icon,ab/3c/3c8ef5362929644874bf64328d5ab46f.unity3d,Texture2D,r_0572_icon,-8310175919237175483,image/karticon/r_0572_icon.png,228,160,
image/karticon/r_0578_icon,ab/f1/f18d93d311d0599bcd34a630cb8fc880.unity3d,Texture2D,r_0578_icon,2793015301401646831,image/karticon/r_0578_icon.png,228,160,
image/kartparticon/1002011,ab/ed/ed1502c69c86ff1ebe185cc8e1f6761c.unity3d,Texture2D,1002011,-1573187549846463266,image/kartparticon/1002011.png,228,160,
image/kartparticon/1002012,ab/69/690fea68d513887325265e14945addf1.unity3d,Texture2D,1002012,-3948179134179839158,image/kartparticon/1002012.png,228,160,
image/kartparticon/1002013,ab/64/6417d900ac306732cc646599fa117f45.unity3d,Texture2D,1002013,8739328490612636966,image/kartparticon/1002013.png,228,160,
image/kartparticon/1002032,ab/cc/cc826c187adf12cf8afaab18a701b18e.unity3d,Texture2D,1002032,-8890924488745813896,image/kartparticon/1002032.png,228,160,
image/kartparticon/1002033,ab/62/62f1bfbb2bd41965a40b54a72b0dd525.unity3d,Texture2D,1002033,-3223587438830763958,image/kartparticon/1002033.png,228,160,
image/kartparticon/1002062,ab/46/46cd2964b7bcaa17d48dcba2eddcade5.unity3d,Texture2D,1002062,6847758643173523797,image/kartparticon/1002062.png,228,160,
image/kartparticon/1002066,ab/2d/2da3f479ee7962fc2f3056f07f80c17d.unity3d,Texture2D,1002066,-4353519543392405745,image/kartparticon/1002066.png,228,160,
image/kartparticon/1002067,ab/b6/b6bea3972b169e4e705d073436fe645a.unity3d,Texture2D,1002067,6504232096713652857,image/kartparticon/1002067.png,228,160,
image/kartparticon/1002231,ab/41/419246b4466a230380554dc31e3cc9ce.unity3d,Texture2D,1002231,1729313704348849815,image/kartparticon/1002231.png,228,160,
image/kartparticon/1002232,ab/cc/ccaa15d6183e06f24e90f75d7b88755a.unity3d,Texture2D,1002232,7122902691066091693,image/kartparticon/1002232.png,228,160,
image/kartparticon/1002234,ab/ea/ea418d10d7e698a39453e0729b8fc5ed.unity3d,Texture2D,1002234,-5944348350360770545,image/kartparticon/1002234.png,228,160,
image/kartparticon/1002235,ab/0b/0b4f87b127eb201158cda511c6e945cb.unity3d,Texture2D,1002235,3151266036660339200,image/kartparticon/1002235.png,228,160,
image/kartparticon/1002261,ab/e4/e4cea5affb98e27c07e480d42a3d6b31.unity3d,Texture2D,1002261,-8804273157878455570,image/kartparticon/1002261.png,228,160,
image/kartparticon/1002265,ab/fa/fa4503b26cac99ce965c838de92ab582.unity3d,Texture2D,1002265,4170920986803305782,image/kartparticon/1002265.png,228,160,
image/kartparticon/1002273,ab/02/02d0f91553fba9bbf95f4606e63e6600.unity3d,Texture2D,1002273,-3528258420803275092,image/kartparticon/1002273.png,228,160,
image/kartparticon/1002274,ab/fb/fb64e85323458121d1b0d03503ca9339.unity3d,Texture2D,1002274,-1212174662114188270,image/kartparticon/1002274.png,228,160,
image/kartparticon/1002401,ab/17/17e4eac379f3954b341ec69e62b11eff.unity3d,Texture2D,1002401,-2230242638435601549,image/kartparticon/1002401.png,228,160,
image/kartparticon/1002402,ab/d2/d2f296583557a736e1aa5ec9804c0cda.unity3d,Texture2D,1002402,-1956862710271546389,image/kartparticon/1002402.png,228,160,
image/kartparticon/1002411,ab/c1/c14b05513c09690aef5d3c812b18db22.unity3d,Texture2D,1002411,-8252437556336647792,image/kartparticon/1002411.png,228,160,
image/kartparticon/1002412,ab/e9/e9a789e550c8b184ac312096a7633f00.unity3d,Texture2D,1002412,1175401822101589407,image/kartparticon/1002412.png,228,160,
image/kartparticon/1002433,ab/d2/d2ba38e85fcf37d0e419ad87505a1ad5.unity3d,Texture2D,1002433,8487860689971179687,image/kartparticon/1002433.png,228,160,
image/kartparticon/1002464,ab/32/32b4872064db604f8e7a4d56706cc6bf.unity3d,Texture2D,1002464,-7181480602628095980,image/kartparticon/1002464.png,228,160,
image/kartparticon/1002466,ab/d0/d054bd42f862be4c692ce6cf43740d05.unity3d,Texture2D,1002466,3341780553673921144,image/kartparticon/1002466.png,228,160,
image/kartparticon/1002471,ab/fd/fdbfed83d99405ec43b84ad65f700608.unity3d,Texture2D,1002471,5923288352653684050,image/kartparticon/1002471.png,228,160,
image/kartparticon/1002474,ab/0e/0e8aaacf2620cf8c630e9ccb5f021f59.unity3d,Texture2D,1002474,-4663027807534255653,image/kartparticon/1002474.png,228,160,
image/kartparticon/1002602,ab/2d/2ddd0e9df35ab51551b048b77d62411f.unity3d,Texture2D,1002602,459324987575744632,image/kartparticon/1002602.png,228,160,
image/kartparticon/1002611,ab/04/04fc7d72ba73ae58150dffd81bbbf59c.unity3d,Texture2D,1002611,-4815348198637825506,image/kartparticon/1002611.png,228,160,
image/kartparticon/1002613,ab/3b/3b60ad668216a3e56fb19601224d6f1d.unity3d,Texture2D,1002613,3806987283063793799,image/kartparticon/1002613.png,228,160,
image/kartparticon/1002632,ab/f7/f7bb368ce7636ea885d894f412d2e41f.unity3d,Texture2D,1002632,-3404029571264530812,image/kartparticon/1002632.png,228,160,
image/kartparticon/1002635,ab/c9/c9f75491dea676821b6156a60df15223.unity3d,Texture2D,1002635,-3736885548655767391,image/kartparticon/1002635.png,228,160,
image/kartparticon/1002663,ab/70/70f81ec5c3b9e293c6713fa3af0577ab.unity3d,Texture2D,1002663,-3379108143965672105,image/kartparticon/1002663.png,228,160,
image/kartparticon/1002666,ab/dd/dd98f8c4e64091d58b8e681e1e44c79e.unity3d,Texture2D,1002666,6850540014894538458,image/kartparticon/1002666.png,228,160,
image/kartparticon/1002667,ab/3f/3fa3bd0e2a6d5a3159ba21c80d6e08b0.unity3d,Texture2D,1002667,9122333753689333773,image/kartparticon/1002667.png,228,160,
image/kartparticon/1002670,ab/50/502581ca167a412077a25d06643399aa.unity3d,Texture2D,1002670,4665443374876275158,image/kartparticon/1002670.png,228,160,
image/kartparticon/1002673,ab/49/49db2430a686bb5e4d692edd476a4b16.unity3d,Texture2D,1002673,-3282496332186050414,image/kartparticon/1002673.png,228,160,
image/kartparticon/1002802,ab/d0/d0b2a4245ef6055c88c0c194c97c82d8.unity3d,Texture2D,1002802,-7438658887886992487,image/kartparticon/1002802.png,228,160,
image/kartparticon/1002804,ab/31/31c784b5bdb585953146dd046a2af903.unity3d,Texture2D,1002804,-3328943054728697972,image/kartparticon/1002804.png,228,160,
image/levelicon/100,ab/fd/fd0880e0ef2046789794700d85207827.unity3d,Texture2D,100,-5181019472023817628,image/levelicon/100.png,260,260,
image/levelicon/102,ab/55/55c061a19950ea89d67afa1e3d6c9171.unity3d,Texture2D,102,164140813598516488,image/levelicon/102.png,260,260,
image/levelicon/107,ab/e0/e02a73a440d4b9b419496ea8a3482739.unity3d,Texture2D,107,8378589739349530780,image/levelicon/107.png,260,260,
image/levelicon/108,ab/c1/c16772814990a02b2df06c8a6f90042c.unity3d,Texture2D,108,3259415629726300818,image/levelicon/108.png,260,260,
image/levelicon/110,ab/47/47f40a0c91e82fb1dfa379c0058fee44.unity3d,Texture2D,110,5227621021678148033,image/levelicon/110.png,260,260,
image/levelicon/111,ab/02/0294453b0a463835511c363f5450bdad.unity3d,Texture2D,111,4926792085287629228,image/levelicon/111.png,260,260,
image/levelicon/112,ab/62/62a15df3f64178f0f3151b893b0f6e3b.unity3d,Texture2D,112,-1235253005937731253,image/levelicon/112.png,260,260,
image/levelicon/118,ab/ee/ee38790cfe57026ed9d618ff0010d3f4.unity3d,Texture2D,118,-27688391281548851,image/levelicon/118.png,260,260,
image/levelicon/119,ab/70/70cba95818be1657995b7d0e7fa54649.unity3d,Texture2D,119,8374716597707860590,image/levelicon/119.png,260,260,
image/levelicon/120,ab/3c/3c9352f3532190ab02452e831a65902c.unity3d,Texture2D,120,5142963621936413903,image/levelicon/120.png,260,260,
image/levelicon/122,ab/d5/d57d8090ef96783fe8d52ff1dad08953.unity3d,Texture2D,122,346570928011173892,image/levelicon/122.png,260,260,
image/levelicon/126,ab/d2/d2020d83dd76b4ee13f78fc16a272391.unity3d,Texture2D,126,-195712623196437878,image/levelicon/126.png,260,260,
image/levelicon/15,ab/c9/c94d4117929e416742206f440934050b.unity3d,Texture2D,15,2742700355461132348,image/levelicon/15.png,260,260,
image/levelicon/17,ab/67/67c47c2da7b5b46adf492b5cdc99dd0e.unity3d,Texture2D,17,-2791911565873552946,image/levelicon/17.png,260,260,
image/levelicon/2,ab/c9/c9a4940e7e863a6c90911bfa564bc5f0.unity3d,Texture2D,2,-5036948262311951306,image/levelicon/2.png,260,260,
image/levelicon/21,ab/af/af3fc5f26407d5df938542ceb249713b.unity3d,Texture2D,21,-2265420571581394676,image/levelicon/21.png,260,260,
image/levelicon/23,ab/fb/fbe2555fd5da7583f07f5c5093ed3999.unity3d,Texture2D,23,3894335838496601396,image/levelicon/23.png,260,260,
image/levelicon/25,ab/fa/face35a0dff844f267fa6d44f8be7fdb.unity3d,Texture2D,25,-861735776109040721,image/levelicon/25.png,260,260,
image/levelicon/3,ab/e8/e85ba9c532c73ae5c6fdd68881beecb0.unity3d,Texture2D,3,4327632327583479447,image/levelicon/3.png,260,260,
image/levelicon/32,ab/c3/c3b39c10d68f947fcd478ab0bdb2f955.unity3d,Texture2D,32,3613964884797963169,image/levelicon/32.png,260,260,
image/levelicon/34,ab/00/0040cc284749f980e346c5da33598150.unity3d,Texture2D,34,-6181410869019511738,image/levelicon/34.png,260,260,
image/levelicon/37,ab/04/044c43ba6ee96da4fafd4d1143081912.unity3d,Texture2D,37,-8828976005196923698,image/levelicon/37.png,260,260,
image/levelicon/41,ab/70/70939dfc0b2899437f2cd7e70c16942e.unity3d,Texture2D,41,-8836361281332670954,image/levelicon/41.png,260,260,
image/levelicon/44,ab/b6/b65cb1a1f133a630723bf03f11c10419.unity3d,Texture2D,44,-7950315095645401868,image/levelicon/44.png,260,260,
image/levelicon/48,ab/f1/f17f4d08f766337a2258efa0b6a123e6.unity3d,Texture2D,48,-233382555683284038,image/levelicon/48.png,260,260,
image/levelicon/5,ab/f4/f4b198fda1852f8bcd98bc9d68e90668.unity3d,Texture2D,5,800575380003923759,image/levelicon/5.png,260,260,
image/levelicon/51,ab/1d/1dddbd1d85a082750d2fe8cfac56343a.unity3d,Texture2D,51,-3742803336658604542,image/levelicon/51.png,260,260,
image/levelicon/54,ab/ea/ea21050c947666cc873e2b668a5c32e3.unity3d,Texture2D,54,2690073669649519753,image/levelicon/54.png,260,260,
image/levelicon/56,ab/eb/ebdfd632e092d90821d472878697d531.unity3d,Texture2D,56,-9008905198491769482,image/levelicon/56.png,260,260,
image/levelicon/58,ab/cb/cbba19de12710d3df9d0a5cac1b8a87a.unity3d,Texture2D,58,8530328634746475119,image/levelicon/58.png,260,260,
image/levelicon/59,ab/f1/f1feca40a0b06255375eb4cfb2907919.unity3d,Texture2D,59,-3707523996826573851,image/levelicon/59.png,260,260,
image/levelicon/61,ab/e5/e5b2ed3b292a3a509647e05404c12772.unity3d,Texture2D,61,-8754610853366583504,image/levelicon/61.png,260,260,
image/levelicon/67,ab/b5/b5303fba28d1a391f0e0d48d24c9a85a.unity3d,Texture2D,67,-39720292684986468,image/levelicon/67.png,260,260,
image/levelicon/69,ab/bd/bdcaac1cc38f2a7b5d4735b953f36eb6.unity3d,Texture2D,69,8815947345681380065,image/levelicon/69.png,260,260,
image/levelicon/7,ab/d2/d2191ed3126c6e8191eeb2f15c43ccde.unity3d,Texture2D,7,-8011535886371769426,image/levelicon/7.png,260,260,
image/levelicon/70,ab/35/35d92bd28249e42bdd8827b2dc8f725e.unity3d,Texture2D,70,-6973659620072045615,image/levelicon/70.png,260,260,
image/levelicon/72,ab/e9/e908509ae10e35e1c5912df6d847d24b.unity3d,Texture2D,72,-3934289881063367088,image/levelicon/72.png,260,260,
image/levelicon/74,ab/cf/cfbcec62f088bffe70a60c4348af3350.unity3d,Texture2D,74,6804604385104582910,image/levelicon/74.png,260,260,
image/levelicon/77,ab/b3/b3ddeb177164a06501754b38f9063e30.unity3d,Texture2D,77,-4381960914422437735,image/levelicon/77.png,260,260,
image/levelicon/79,ab/27/277bb8114b6bbe90a548aaafe29553bc.unity3d,Texture2D,79,-384217024100184929,image/levelicon/79.png,260,260,
image/levelicon/8,ab/66/667fbdf09d7947348a6b9a0a71dab5a8.unity3d,Texture2D,8,-5991244228356836264,image/levelicon/8.png,260,260,
image/levelicon/84,ab/27/271d22ee4910eee1c51ecb7a3f28ec09.unity3d,Texture2D,84,3872579472583838043,image/levelicon/84.png,260,260,
image/levelicon/87,ab/32/32b2a19a0ea5bb32fe5c86806dbdb874.unity3d,Texture2D,87,-3842067600404138844,image/levelicon/87.png,260,260,
image/levelicon/95,ab/04/04fcd8c8e3ee595d911b5791e30f7805.unity3d,Texture2D,95,8517280763940498944,image/levelicon/95.png,260,260,
image/levelicon/96,ab/46/46c9e100b6355469ec8c12e5226eb77f.unity3d,Texture2D,96,-6536136370467330249,image/levelicon/96.png,260,260,
image/levelicon/99,ab/eb/ebfdeff4559334bcb8611b1689751f37.unity3d,Texture2D,99,3839920530211612005,image/levelicon/99.png,260,260,
image/missionicon/duorenduizhan,ab/cc/ccca898825003afc7df93191b4c9a563.unity3d,Texture2D,DuoRenDuiZhan,-4400162525146085305,image/missionicon/duorenduizhan.png,152,152,
image/missionicon/gerenjingsu,ab/50/501f79f7c2a6e76c5d036a01893cc2bb.unity3d,Texture2D,GeRenJingSu,430663163985253359,image/missionicon/gerenjingsu.png,152,152,
image/missionicon/liaotian,ab/d3/d3bcaf848ff98d9053b3cbeb6332e19a.unity3d,Texture2D,LiaoTian,-6350545661953399583,image/missionicon/liaotian.png,152,152,
image/missionicon/saichegaizhuang,ab/16/1684178d97c566bdb1835ca73db03faa.unity3d,Texture2D,SaiCheGaiZhuang,2774598387360226091,image/missionicon/saichegaizhuang.png,152,152,
image/namesprayicon/520002,ab/f3/f3b599b9be89cf84773682bdb2f86f28.unity3d,Texture2D,520002,39080767739754382,image/namesprayicon/520002.png,152,152,
image/namesprayicon/520003,ab/35/352ed59f652225c1cb300043e559240f.unity3d,Texture2D,520003,-5614215429205457613,image/namesprayicon/520003.png,152,152,
image/namesprayicon/520004,ab/0d/0df760974e59379909e10f6df00c5f56.unity3d,Texture2D,520004,-2041111988921128593,image/namesprayicon/520004.png,152,152,
image/openworldcollecticon/3,ab/70/7058a9529be73efa02bbc6d25ce2b4b2.unity3d,Texture2D,3,-5035167444082216848,image/openworldcollecticon/3.png,256,256,
image/openworldrankicon/10001,ab/c7/c7662ae10450dff7cb5e2a74bf923ecd.unity3d,Texture2D,10001,-7657498773014098621,image/openworldrankicon/10001.png,520,380,
image/openworldrankicon/10003,ab/51/510f91f6671dbc7c01aa32b792f0f9af.unity3d,Texture2D,10003,1122890421268662017,image/openworldrankicon/10003.png,520,380,
image/openworldrankicon/10005,ab/cd/cd2b671232b51be87fb76e984a0fe2fe.unity3d,Texture2D,10005,7607900287543814080,image/openworldrankicon/10005.png,520,380,
image/petskinicon/flypet_0001,ab/e8/e8fbf263547588016380ebaef7f2ef16.unity3d,Texture2D,flypet_0001,6560552596799156882,image/petskinicon/flypet_0001.png,64,64,
image/petskinicon/flypet_0004,ab/40/40cb409b08c78481b943fcc77ec51c74.unity3d,Texture2D,flypet_0004,-3616795208663704257,image/petskinicon/flypet_0004.png,64,64,
image/petskinicon/flypet_0008,ab/17/175ef6b14f0b7401767be4814dea77d0.unity3d,Texture2D,flypet_0008,-3360942718074038374,image/petskinicon/flypet_0008.png,64,64,
image/petskinicon/flypet_0017,ab/dd/ddc44939b3ca62111a1de9006d445e46.unity3d,Texture2D,flypet_0017,4624449958690629729,image/petskinicon/flypet_0017.png,64,64,
image/petskinicon/flypet_0028_01,ab/62/62713531c347cddfbbbfd1e1efab7f0a.unity3d,Texture2D,flypet_0028_01,-3121240920654145326,image/petskinicon/flypet_0028_01.png,64,64,
image/petskinicon/flypet_0036,ab/03/038f5cf73fa278d338b6e77a59b7b106.unity3d,Texture2D,flypet_0036,1492454744825088211,image/petskinicon/flypet_0036.png,228,160,
image/petskinicon/pangxie_1,ab/42/424b3f88de7d4d2dced5f89edcf12359.unity3d,Texture2D,pangxie_1,1784090701433465446,image/petskinicon/pangxie_1.png,64,64,
image/petskinicon/pet_0003_01,ab/f9/f94e7e76c7609d8dbd6e45e0d6a3b3ec.unity3d,Texture2D,pet_0003_01,-2380295119516063736,image/petskinicon/pet_0003_01.png,64,64,
image/petskinicon/pet_0003_03,ab/c9/c93ef60d8def39a0eef9427f23f05155.unity3d,Texture2D,pet_0003_03,-5092147431915393929,image/petskinicon/pet_0003_03.png,64,64,
image/petskinicon/pet_0019_001,ab/c9/c9d8e1ce0fa5fced27eb0fe0fbcd2bb3.unity3d,Texture2D,pet_0019_001,3228593356333653107,image/petskinicon/pet_0019_001.png,64,64,
image/petskinicon/pet_0019_003,ab/1d/1d40dd88fc67fe533cf13956a781f76f.unity3d,Texture2D,pet_0019_003,-7184910193527661093,image/petskinicon/pet_0019_003.png,64,64,
image/petskinicon/pet_0019_005,ab/cd/cd79e232b2d4940dc9d03787c3b95260.unity3d,Texture2D,pet_0019_005,-7255162420081520912,image/petskinicon/pet_0019_005.png,64,64,
image/petskinicon/pet_0020_001,ab/42/4216bb7b944daf13df2e4a33e7bc3c9b.unity3d,Texture2D,pet_0020_001,-1772532841598881528,image/petskinicon/pet_0020_001.png,64,64,
image/petskinicon/pet_0024_03,ab/f9/f9cb911e17f5964915740d9037103e44.unity3d,Texture2D,pet_0024_03,6241641709216064111,image/petskinicon/pet_0024_03.png,64,64,
image/petskinicon/pet_0024_06,ab/0b/0b38b5e75fd3648a2ed06c2abd45d3b2.unity3d,Texture2D,pet_0024_06,-6648344757773011693,image/petskinicon/pet_0024_06.png,64,64,
image/petskinicon/pet_0025_02,ab/67/67696f30aa3fed253b600737c4348405.unity3d,Texture2D,pet_0025_02,8638660275881034976,image/petskinicon/pet_0025_02.png,64,64,
image/petskinicon/pet_0025_03,ab/28/2878cf30cdf78ce7d770d6faa5eced5a.unity3d,Texture2D,pet_0025_03,-6335175220710246671,image/petskinicon/pet_0025_03.png,64,64,
image/petskinicon/pet_0030_03,ab/0c/0cd56d5251d0c2db816943fc800a5f3c.unity3d,Texture2D,pet_0030_03,-274724441164127681,image/petskinicon/pet_0030_03.png,64,64,
image/petskinicon/pet_0032_006,ab/1d/1d47b37ccf18160dd4ccb546866d60b7.unity3d,Texture2D,pet_0032_006,-6103741352010862346,image/petskinicon/pet_0032_006.png,64,64,
image/petskinicon/pet_0032_01,ab/b0/b0bed17fda87c47c310c49e66befd0e5.unity3d,Texture2D,pet_0032_01,4470124659256278387,image/petskinicon/pet_0032_01.png,64,64,
image/petskinicon/pet_0032_02,ab/bc/bc76d45e56bd0238f1e097ee1684f0b0.unity3d,Texture2D,pet_0032_02,2199994336923852295,image/petskinicon/pet_0032_02.png,64,64,
image/petskinicon/pet_0032_03,ab/c9/c99e1f94bb2f4b75fc68815216e33008.unity3d,Texture2D,pet_0032_03,4810422797133464466,image/petskinicon/pet_0032_03.png,64,64,
image/petskinicon/pet_0032_04,ab/f3/f3f2195cd80f2fcf57c172484b03be34.unity3d,Texture2D,pet_0032_04,-326243599100222059,image/petskinicon/pet_0032_04.png,64,64,
image/petskinicon/pet_0032_05,ab/f5/f566aaefba71c99b2996e6842998dfcb.unity3d,Texture2D,pet_0032_05,7955776519225512643,image/petskinicon/pet_0032_05.png,64,64,
image/petskinicon/pet_0033_001,ab/42/42efe0830ef4cc621f02e84abe77c6c0.unity3d,Texture2D,pet_0033_001,-3033322827033928521,image/petskinicon/pet_0033_001.png,64,64,
image/petskinicon/pet_0033_002,ab/d2/d2610d81373af693c36521bd3d1aa6c7.unity3d,Texture2D,pet_0033_002,-175070182532980830,image/petskinicon/pet_0033_002.png,64,64,
image/petskinicon/pet_0035_02,ab/b5/b568fdf2d23b85b49d3ac903363a10c5.unity3d,Texture2D,pet_0035_02,-396259659097985310,image/petskinicon/pet_0035_02.png,64,64,
image/petskinicon/pet_0038_002,ab/fb/fbf6df3985be8393c8854b8bcb2b2842.unity3d,Texture2D,pet_0038_002,4030878100564832872,image/petskinicon/pet_0038_002.png,64,64,
image/petskinicon/pet_0038_003,ab/d1/d138ead77a48cdc30c843387ac33cc2c.unity3d,Texture2D,pet_0038_003,-9193834504181665346,image/petskinicon/pet_0038_003.png,64,64,
image/petskinicon/pet_0039_001,ab/0c/0cc5306ac95b5aa76d62a6f9c93eabae.unity3d,Texture2D,pet_0039_001,-4053397233853112089,image/petskinicon/pet_0039_001.png,64,64,
image/petskinicon/pet_0039_002,ab/cf/cf93025d424040d4bc17f385369a6b30.unity3d,Texture2D,pet_0039_002,5220685728541638215,image/petskinicon/pet_0039_002.png,64,64,
image/petskinicon/pet_0039_003,ab/69/6998e1007335e0902eabdda319c7b11f.unity3d,Texture2D,pet_0039_003,8703477350103401279,image/petskinicon/pet_0039_003.png,64,64,
image/petskinicon/pet_0039_004,ab/40/40834d244ff7e51e7174d350b10fd125.unity3d,Texture2D,pet_0039_004,-361832712467595701,image/petskinicon/pet_0039_004.png,64,64,
image/petskinicon/pet_0039_006,ab/f3/f30beecb26b1f348da5d29f650c27fce.unity3d,Texture2D,pet_0039_006,-4588283636565233135,image/petskinicon/pet_0039_006.png,64,64,
image/petskinicon/pet_0040_01,ab/31/31e8ba56b19acdd0308aa09c538e737a.unity3d,Texture2D,pet_0040_01,-4018586534822585236,image/petskinicon/pet_0040_01.png,64,64,
image/petskinicon/pet_0040_02,ab/eb/eb656e9ad6bdc463937cb453a02235d0.unity3d,Texture2D,pet_0040_02,4908774123478476085,image/petskinicon/pet_0040_02.png,64,64,
image/petskinicon/pet_0040_03,ab/3d/3d45076a1441c424214959fd00a2c4b0.unity3d,Texture2D,pet_0040_03,7731061461845075173,image/petskinicon/pet_0040_03.png,64,64,
image/petskinicon/pet_0041_02,ab/49/499084bc1933c8fcb8825827f5aad2e1.unity3d,Texture2D,pet_0041_02,-6382559292969558345,image/petskinicon/pet_0041_02.png,64,64,
image/petskinicon/pet_0041_04,ab/f7/f7572102defe7eb68ad883ff430da192.unity3d,Texture2D,pet_0041_04,-6691104341931374674,image/petskinicon/pet_0041_04.png,64,64,
image/petskinicon/pet_0041_05,ab/64/641eb2ceb7c31828ede6c8d8218f39fb.unity3d,Texture2D,pet_0041_05,-618902279561513534,image/petskinicon/pet_0041_05.png,64,64,
image/petskinicon/pet_0041_06,ab/0b/0b7f8c861b0e0c71313db390d9860779.unity3d,Texture2D,pet_0041_06,-6878950922320049031,image/petskinicon/pet_0041_06.png,64,64,
image/petskinicon/pet_0042_002,ab/f7/f7c2d666388c6858da3dd5ee5cd8df4d.unity3d,Texture2D,pet_0042_002,7291390161920259337,image/petskinicon/pet_0042_002.png,64,64,
image/petskinicon/pet_0043_03,ab/17/1736d9c7cb4ed26b5a7f04fb5c251a25.unity3d,Texture2D,pet_0043_03,2582581718330694908,image/petskinicon/pet_0043_03.png,64,64,
image/petskinicon/pet_0043_04,ab/e2/e227546dcc6c17ad1d103dd4949f5ee0.unity3d,Texture2D,pet_0043_04,6871873376699031783,image/petskinicon/pet_0043_04.png,64,64,
image/petskinicon/pet_0044_01,ab/00/0053cd870eb937c5971293df6928a604.unity3d,Texture2D,pet_0044_01,-8704012913085238257,image/petskinicon/pet_0044_01.png,64,64,
image/petskinicon/pet_0044_02,ab/fb/fb19df45ca8f0373310067b49f37a9c8.unity3d,Texture2D,pet_0044_02,-7953921035134774934,image/petskinicon/pet_0044_02.png,64,64,
image/petskinicon/pet_0044_03,ab/36/36e013439d1f117c5dd62e510117245b.unity3d,Texture2D,pet_0044_03,936832151601227034,image/petskinicon/pet_0044_03.png,64,64,
image/petskinicon/pet_0045_01,ab/28/282848f73d53c4ed20aecf46019ae094.unity3d,Texture2D,pet_0045_01,-7578136569391114875,image/petskinicon/pet_0045_01.png,64,64,
image/petskinicon/pet_0045_02,ab/49/49578270d316c51d3a48d74f7c099d96.unity3d,Texture2D,pet_0045_02,-798336036792782862,image/petskinicon/pet_0045_02.png,64,64,
image/petskinicon/pet_0045_03,ab/31/31d2af4e8bd79c122c2543e2242a41b5.unity3d,Texture2D,pet_0045_03,2832477255503385167,image/petskinicon/pet_0045_03.png,64,64,
image/petskinicon/pet_0046_02,ab/c1/c1fa04b8af9909767f76f8c18f4a0e62.unity3d,Texture2D,pet_0046_02,-5743585439545310609,image/petskinicon/pet_0046_02.png,64,64,
image/petskinicon/pet_0046_05,ab/29/298a50e4be9e8e855147f39c3fab38c3.unity3d,Texture2D,pet_0046_05,5863487625373880750,image/petskinicon/pet_0046_05.png,64,64,
image/petskinicon/pet_0047_02,ab/c9/c94186df7839edf704b90d9b650149d0.unity3d,Texture2D,pet_0047_02,1070847078963965097,image/petskinicon/pet_0047_02.png,64,64,
image/petskinicon/pet_0047_05,ab/d2/d2e361746957a3150c0779b7a226f104.unity3d,Texture2D,pet_0047_05,-1190523817297607241,image/petskinicon/pet_0047_05.png,64,64,
image/petskinicon/pet_0047_06,ab/00/00fae1b3e91059ccd9e1841951f5df47.unity3d,Texture2D,pet_0047_06,-6167798267050972896,image/petskinicon/pet_0047_06.png,64,64,
image/petskinicon/pet_0048_03,ab/eb/eb682867758fb586e919416c179ec7e0.unity3d,Texture2D,pet_0048_03,-2279503756621206108,image/petskinicon/pet_0048_03.png,64,64,
image/petskinicon/pet_0048_04,ab/23/23022804581d6e04193b87007d4e581c.unity3d,Texture2D,pet_0048_04,-6639193023087993220,image/petskinicon/pet_0048_04.png,64,64,
image/petskinicon/pet_0048_05,ab/e2/e24601791a418e930b575a81db5ecfca.unity3d,Texture2D,pet_0048_05,-2921208643233023310,image/petskinicon/pet_0048_05.png,64,64,
image/petskinicon/pet_0048_06,ab/0c/0cc0a523a2374b1d9d050604250661c4.unity3d,Texture2D,pet_0048_06,-2389469610413594619,image/petskinicon/pet_0048_06.png,64,64,
image/petskinicon/pet_0050_03,ab/32/32312df1ad6b0f745e09615dc109b518.unity3d,Texture2D,pet_0050_03,1871405692939403959,image/petskinicon/pet_0050_03.png,64,64,
image/petskinicon/pet_0052_003,ab/c5/c559187ab1e11de4be6ca33af4487373.unity3d,Texture2D,pet_0052_003,4772689071628039465,image/petskinicon/pet_0052_003.png,64,64,
image/petskinicon/pet_0055_04,ab/ed/ed47441d112ac49aa0ee0b6263145995.unity3d,Texture2D,pet_0055_04,-748089195446730943,image/petskinicon/pet_0055_04.png,64,64,
image/petskinicon/pet_0058_03,ab/f7/f78acd3bba4bad5ef8b1c86a1081e9ad.unity3d,Texture2D,pet_0058_03,9203190621791599580,image/petskinicon/pet_0058_03.png,64,64,
image/petskinicon/pet_0059_01,ab/42/42b467d35cf60d92f59ba71b0671cdcd.unity3d,Texture2D,pet_0059_01,4567522620757066620,image/petskinicon/pet_0059_01.png,64,64,
image/petskinicon/pet_0059_02,ab/e9/e9de6b2233c259d027dfdf242ef4d9f4.unity3d,Texture2D,pet_0059_02,-1982457956957742755,image/petskinicon/pet_0059_02.png,64,64,
image/petskinicon/pet_0059_03,ab/bd/bd926eee21f9cf981b24a549321f4eac.unity3d,Texture2D,pet_0059_03,-3640981885688876021,image/petskinicon/pet_0059_03.png,64,64,
image/petskinicon/pet_0060_06,ab/64/64ab20246cfd0f629fd320290f18b392.unity3d,Texture2D,pet_0060_06,2652532672985799169,image/petskinicon/pet_0060_06.png,64,64,
image/petskinicon/pet_0061_01,ab/d8/d8b840aa839a2a24bc155f4bfab023dd.unity3d,Texture2D,pet_0061_01,-3850373273775824836,image/petskinicon/pet_0061_01.png,64,64,
image/petskinicon/pet_0061_03,ab/69/69f8ee75c50a4c37e7b60659470196c9.unity3d,Texture2D,pet_0061_03,5704324879756920832,image/petskinicon/pet_0061_03.png,64,64,
image/petskinicon/pet_0064_01,ab/cf/cf5a846af7751b1845422f264c78bf8b.unity3d,Texture2D,pet_0064_01,5872693047338401160,image/petskinicon/pet_0064_01.png,64,64,
image/petskinicon/pet_0064_03,ab/0e/0e7e3ca1f2fd36c92a44b1570085a25f.unity3d,Texture2D,pet_0064_03,-7676998394486751046,image/petskinicon/pet_0064_03.png,64,64,
image/petskinicon/pet_0064_04,ab/17/17f94bcc421e34c43aaee68dd972d578.unity3d,Texture2D,pet_0064_04,-832428848297318941,image/petskinicon/pet_0064_04.png,64,64,
image/petskinicon/pet_0064_06,ab/62/626f25ecec5ec0529076affb6ead4893.unity3d,Texture2D,pet_0064_06,-6721108912005413546,image/petskinicon/pet_0064_06.png,64,64,
image/petskinicon/pet_0065_03,ab/50/50808cb17a31f59c4dddc9785987f57d.unity3d,Texture2D,pet_0065_03,-7047022619608337972,image/petskinicon/pet_0065_03.png,64,64,
image/petskinicon/pet_0066_03,ab/c5/c50c75a6e2b020ab2557925b6f05a466.unity3d,Texture2D,pet_0066_03,-1847245473376419481,image/petskinicon/pet_0066_03.png,64,64,
image/petskinicon/pet_0066_04,ab/f1/f1160ef6c2deb4e5b9f3e7d220939b86.unity3d,Texture2D,pet_0066_04,-7791457013326232330,image/petskinicon/pet_0066_04.png,64,64,
image/petskinicon/pet_0067_001,ab/46/46bf718e184c16fb078d7c74a5fbee3e.unity3d,Texture2D,pet_0067_001,8425720893079048890,image/petskinicon/pet_0067_001.png,64,64,
image/petskinicon/pet_0068_001,ab/16/166f04a1d318762e78e3360747236580.unity3d,Texture2D,pet_0068_001,3217799713942547755,image/petskinicon/pet_0068_001.png,64,64,
image/petskinicon/pet_0068_002,ab/31/315b909864283851234aab8702b7de2d.unity3d,Texture2D,pet_0068_002,607572576197298601,image/petskinicon/pet_0068_002.png,64,64,
image/petskinicon/pet_0068_003,ab/f5/f5fe9fc401316d550adfb0ad860b272c.unity3d,Texture2D,pet_0068_003,6556464771018058470,image/petskinicon/pet_0068_003.png,64,64,
image/petskinicon/pet_0068_004,ab/d5/d520cab9891723ae813e7c70107d9ee3.unity3d,Texture2D,pet_0068_004,4730946196498413727,image/petskinicon/pet_0068_004.png,64,64,
image/petskinicon/pet_0068_005,ab/70/70d170bd811ec6c6ccb04fd58f2233a7.unity3d,Texture2D,pet_0068_005,3306714858691984047,image/petskinicon/pet_0068_005.png,64,64,
image/petskinicon/pet_0069_02,ab/66/66bbdc432c764d28492459b219ca73db.unity3d,Texture2D,pet_0069_02,-3258127229844630358,image/petskinicon/pet_0069_02.png,64,64,
image/petskinicon/pet_0069_03,ab/fa/faf6a56fbb50dbb20f01043f204b91c3.unity3d,Texture2D,pet_0069_03,-7438681598947898919,image/petskinicon/pet_0069_03.png,64,64,
image/petskinicon/pet_0069_05,ab/66/66a26a2cd6361440576a823a6f402d15.unity3d,Texture2D,pet_0069_05,7326444146341852458,image/petskinicon/pet_0069_05.png,64,64,
image/petskinicon/pet_0069_06,ab/41/4185f1b805c945f2d4ef0d5ecee86adc.unity3d,Texture2D,pet_0069_06,-3935243218091169107,image/petskinicon/pet_0069_06.png,64,64,
image/petskinicon/pet_0070_01,ab/27/279a13977bd77e0d1526819152657166.unity3d,Texture2D,pet_0070_01,7854727350198429180,image/petskinicon/pet_0070_01.png,64,64,
image/petskinicon/pet_0071_01,ab/d8/d8ffb7bc06d33593f08e88839cfb8bae.unity3d,Texture2D,pet_0071_01,5053802068357692069,image/petskinicon/pet_0071_01.png,64,64,
image/petskinicon/pet_0077_01,ab/be/bed440dea8be36de40068382ebfe5d9a.unity3d,Texture2D,pet_0077_01,4037863002062182121,image/petskinicon/pet_0077_01.png,64,64,
image/petskinicon/pet_0077_02,ab/27/2792cca4ef6001ef064e07c07c86f3e7.unity3d,Texture2D,pet_0077_02,-8681104306738836992,image/petskinicon/pet_0077_02.png,64,64,
image/petskinicon/pet_0081_01,ab/65/6501cfc27b929f0eb16ee71bc29e2271.unity3d,Texture2D,pet_0081_01,-5340970123893751760,image/petskinicon/pet_0081_01.png,64,64,
image/petskinicon/pet_0081_05,ab/29/29982faf5f2024324101035a5a74ca23.unity3d,Texture2D,pet_0081_05,-9090214625347434456,image/petskinicon/pet_0081_05.png,64,64,
image/petskinicon/pet_0082_01,ab/55/5575c97e25a9b20dc10c9b885bf260be.unity3d,Texture2D,pet_0082_01,1279486719574897412,image/petskinicon/pet_0082_01.png,64,64,
image/petskinicon/pet_0082_02,ab/0c/0c9e0da370eb91d80a88c9d8bc223547.unity3d,Texture2D,pet_0082_02,6331825319952029095,image/petskinicon/pet_0082_02.png,64,64,
image/petskinicon/pet_0083_01,ab/64/64695efdb92c02e8e5beff309e23d707.unity3d,Texture2D,pet_0083_01,9185443376387462547,image/petskinicon/pet_0083_01.png,64,64,
image/petskinicon/pet_0083_02,ab/c6/c6c872ad238862bf884940ce2929ed74.unity3d,Texture2D,pet_0083_02,2105453952151670910,image/petskinicon/pet_0083_02.png,64,64,
image/petskinicon/pet_0083_06,ab/f1/f1089123735337865c58ecf590af3160.unity3d,Texture2D,pet_0083_06,-5057985522308728584,image/petskinicon/pet_0083_06.png,64,64,
image/petskinicon/pet_0084_03,ab/0a/0ad7fb16f5e1f0160d420c928ca9d341.unity3d,Texture2D,pet_0084_03,2412402171511322355,image/petskinicon/pet_0084_03.png,64,64,
image/petskinicon/pet_0085_01,ab/d1/d1614947795bb8c7d6a167e958344cec.unity3d,Texture2D,pet_0085_01,-565841321987853299,image/petskinicon/pet_0085_01.png,64,64,
image/petskinicon/pet_0085_02,ab/b0/b0e21d9a0091900e9b459dc66a77d92d.unity3d,Texture2D,pet_0085_02,483455770139703939,image/petskinicon/pet_0085_02.png,64,64,
image/petskinicon/pet_0085_06,ab/f1/f1cf89dae79c779eeec3c2c8ee0149f7.unity3d,Texture2D,pet_0085_06,6641833174811250650,image/petskinicon/pet_0085_06.png,64,64,
image/petskinicon/pet_0088_02,ab/af/aff3750de3d2dbe40255186808470235.unity3d,Texture2D,pet_0088_02,-7981738826185629189,image/petskinicon/pet_0088_02.png,64,64,
image/petskinicon/pet_0089_03,ab/2f/2ff2715ce0a1e1d517c99062a5f4183a.unity3d,Texture2D,pet_0089_03,7994978532493947810,image/petskinicon/pet_0089_03.png,64,64,
image/petskinicon/pet_0090_02,ab/e9/e9fc8c79089aa879d65e9776fbcf4a82.unity3d,Texture2D,pet_0090_02,-758417017775851865,image/petskinicon/pet_0090_02.png,64,64,
image/petskinicon/pet_0091_03,ab/1d/1dde66bf5d7101dcd1d32a66aa6d949d.unity3d,Texture2D,pet_0091_03,7282572548966745794,image/petskinicon/pet_0091_03.png,64,64,
image/petskinicon/pet_0092_01,ab/c6/c6f605b391d6477b733800fc320c87b4.unity3d,Texture2D,pet_0092_01,-5628464766016714349,image/petskinicon/pet_0092_01.png,64,64,
image/petskinicon/pet_0092_02,ab/f7/f70f46006c86a42ffb0f73b7350578d5.unity3d,Texture2D,pet_0092_02,-3900351555453165033,image/petskinicon/pet_0092_02.png,64,64,
image/petskinicon/pet_0092_04,ab/49/49810a950d100f06a1bea2225bba0768.unity3d,Texture2D,pet_0092_04,2585540285070629260,image/petskinicon/pet_0092_04.png,64,64,
image/petskinicon/pet_0092_06,ab/43/4355b2296274e149317cf516cdc77c61.unity3d,Texture2D,pet_0092_06,319294361388423079,image/petskinicon/pet_0092_06.png,64,64,
image/petskinicon/pet_0096_01,ab/16/161968d3d0b264552c402acde3c2077a.unity3d,Texture2D,pet_0096_01,9116433588620906497,image/petskinicon/pet_0096_01.png,64,64,
image/petskinicon/pet_0096_03,ab/c8/c8f54ee78a7bf70cc9ffb09b2e588286.unity3d,Texture2D,pet_0096_03,2239931909579629603,image/petskinicon/pet_0096_03.png,64,64,
image/petskinicon/pet_0097_03,ab/dd/dd8c1362468fbd962637563e7b5ec462.unity3d,Texture2D,pet_0097_03,218067752784402277,image/petskinicon/pet_0097_03.png,64,64,
image/petskinicon/pet_0098_01,ab/d2/d257a1ab13ba84fc3d6a7cb9064b3733.unity3d,Texture2D,pet_0098_01,-8405093634640622050,image/petskinicon/pet_0098_01.png,64,64,
image/petskinicon/pet_0098_02,ab/af/af86dd77fce170479a5c9da8601f1d03.unity3d,Texture2D,pet_0098_02,-7728098342965794128,image/petskinicon/pet_0098_02.png,64,64,
image/petskinicon/pet_0098_03,ab/de/de2263b1846ad710c130fd48ea8d591b.unity3d,Texture2D,pet_0098_03,-5401022185807726296,image/petskinicon/pet_0098_03.png,64,64,
image/petskinicon/pet_0098_04,ab/ca/caea3eefd006b6a3d3f316f727c78870.unity3d,Texture2D,pet_0098_04,5600859232401931973,image/petskinicon/pet_0098_04.png,64,64,
image/petskinicon/pet_0098_05,ab/3f/3fffc9a628e0f4c46a5138df46a9dd82.unity3d,Texture2D,pet_0098_05,7243956449076347371,image/petskinicon/pet_0098_05.png,64,64,
image/petskinicon/pet_0099_02,ab/d8/d88b91713d587976a7c262808215935b.unity3d,Texture2D,pet_0099_02,-973286909788482054,image/petskinicon/pet_0099_02.png,64,64,
image/petskinicon/pet_0099_04,ab/69/69a21dc33c103032f2b0df07aaaae716.unity3d,Texture2D,pet_0099_04,-6422705245832207042,image/petskinicon/pet_0099_04.png,64,64,
image/petskinicon/pet_0099_06,ab/d3/d33486844e1cb7d8fa2fef111832dd6d.unity3d,Texture2D,pet_0099_06,2842066587774900595,image/petskinicon/pet_0099_06.png,64,64,
image/petskinicon/pet_0106_02,ab/42/42219c33af928fc4e20227908470e04c.unity3d,Texture2D,pet_0106_02,-8688323168089673366,image/petskinicon/pet_0106_02.png,64,64,
image/petskinicon/pet_0106_04,ab/62/621ddfef936419d32319b53cf8bb5118.unity3d,Texture2D,pet_0106_04,-331075998783653237,image/petskinicon/pet_0106_04.png,64,64,
image/petskinicon/pet_0106_05,ab/35/35cc731e0ce76a58f3df526cbb74fe82.unity3d,Texture2D,pet_0106_05,-2528870855190239437,image/petskinicon/pet_0106_05.png,64,64,
image/petskinicon/pet_0107_02,ab/e8/e87fa9c43354db5c34b83c844561359f.unity3d,Texture2D,pet_0107_02,2829527339681688853,image/petskinicon/pet_0107_02.png,64,64,
image/petskinicon/pet_0109_01,ab/d2/d2547f0e6ab344630045afb81179c514.unity3d,Texture2D,pet_0109_01,7789450832813037819,image/petskinicon/pet_0109_01.png,64,64,
image/petskinicon/pet_0109_06,ab/64/64034c2708493fe4b5d66e4203047f9d.unity3d,Texture2D,pet_0109_06,7943005131895787452,image/petskinicon/pet_0109_06.png,64,64,
image/petskinicon/pet_0110_02,ab/3b/3b45e4bef755ed68d6253027b16c5ca2.unity3d,Texture2D,pet_0110_02,-1132330183628981088,image/petskinicon/pet_0110_02.png,64,64,
image/petskinicon/pet_0110_03,ab/bd/bda7bae95baa9aa4a76ca004729682b9.unity3d,Texture2D,pet_0110_03,8677950120065892016,image/petskinicon/pet_0110_03.png,64,64,
image/petskinicon/pet_0111_01,ab/b0/b07dacea0b46de0f54501d945ddd8e0b.unity3d,Texture2D,pet_0111_01,-3191739153510484416,image/petskinicon/pet_0111_01.png,64,64,
image/petskinicon/pet_0111_04,ab/e4/e489db15ffdb9834d93f0666a0e5c91d.unity3d,Texture2D,pet_0111_04,-6634262212381245461,image/petskinicon/pet_0111_04.png,64,64,
image/petskinicon/pet_0111_05,ab/de/de3f8e3120dc1b363fcbbb7c430fb811.unity3d,Texture2D,pet_0111_05,-4773295303282328140,image/petskinicon/pet_0111_05.png,64,64,
image/petskinicon/pet_0111_06,ab/be/bed895d9462231a0b1727e6d452d43de.unity3d,Texture2D,pet_0111_06,7335263674689007453,image/petskinicon/pet_0111_06.png,64,64,
image/petskinicon/pet_0113_04,ab/0a/0a1cb2671a143a3bf6cdae0f003a99a6.unity3d,Texture2D,pet_0113_04,-912502983048850069,image/petskinicon/pet_0113_04.png,64,64,
image/petskinicon/pet_0113_06,ab/f1/f1ef0cf1b4159d91772bc5d33b0ea4e5.unity3d,Texture2D,pet_0113_06,-6717933422257407605,image/petskinicon/pet_0113_06.png,64,64,
image/petskinicon/pet_0114_02,ab/28/28bd076d30f9091c677743b42b2424a0.unity3d,Texture2D,pet_0114_02,4169593423531209979,image/petskinicon/pet_0114_02.png,64,64,
image/petskinicon/pet_0115_03,ab/53/539a41fb13d1ad5f4d889c24f17dc546.unity3d,Texture2D,pet_0115_03,-8281071841296531760,image/petskinicon/pet_0115_03.png,64,64,
image/petskinicon/pet_0115_04,ab/d1/d18cbec3df025d36215d7a65b6e3278a.unity3d,Texture2D,pet_0115_04,-3645583161179329370,image/petskinicon/pet_0115_04.png,64,64,
image/petskinicon/pet_0115_06,ab/bd/bd3a00e1414aa25b24e57bbe5c04e14d.unity3d,Texture2D,pet_0115_06,4916175856257430933,image/petskinicon/pet_0115_06.png,64,64,
image/petskinicon/pet_0116_02,ab/66/66f594bc26b0c49f847e38f70efa17c1.unity3d,Texture2D,pet_0116_02,-2726510796975561983,image/petskinicon/pet_0116_02.png,64,64,
image/petskinicon/pet_0116_03,ab/22/224836747c9e3fee9874b16329ad69c3.unity3d,Texture2D,pet_0116_03,-6246602316241393275,image/petskinicon/pet_0116_03.png,64,64,
image/petskinicon/pet_0116_04,ab/c5/c58079cefc94e82dde46e44faaf0a9d3.unity3d,Texture2D,pet_0116_04,7458566017778421573,image/petskinicon/pet_0116_04.png,64,64,
image/petskinicon/pet_0116_05,ab/02/028151bc328e871df7b19cb39895f298.unity3d,Texture2D,pet_0116_05,-1760142793056135724,image/petskinicon/pet_0116_05.png,64,64,
image/petskinicon/shizi_1,ab/26/2647b24c249190bf0fd9644a00487804.unity3d,Texture2D,shizi_1,-3422713994333904121,image/petskinicon/shizi_1.png,64,64,
image/petskinicon/shizi_3,ab/c7/c7edbbde566d6bfcecb08f0718c5bb18.unity3d,Texture2D,shizi_3,734131017029708232,image/petskinicon/shizi_3.png,64,64,
image/petskinicon/taikongtu_1,ab/f0/f08518481108978d9abd37b427ad9c0b.unity3d,Texture2D,taikongtu_1,8348979462571850530,image/petskinicon/taikongtu_1.png,64,64,
image/petskinicon/taikongtu_2,ab/46/46575a3ff22a49ad700dcc23784e823d.unity3d,Texture2D,taikongtu_2,145955720658026965,image/petskinicon/taikongtu_2.png,64,64,
image/petskinicon/taikongtu_3,ab/28/2806c581f102e42ca8643eba0024042b.unity3d,Texture2D,taikongtu_3,-316535420326208544,image/petskinicon/taikongtu_3.png,64,64,
image/petskinicon/zhu_2,ab/c6/c621af45eac571e6b1436822255b1605.unity3d,Texture2D,zhu_2,6055046561739519765,image/petskinicon/zhu_2.png,64,64,
image/playeritemicon/410801,ab/bd/bd8ace732f9a96b18e15174afe48a84b.unity3d,Texture2D,410801,7896186638365100718,image/playeritemicon/410801.png,228,160,
image/playeritemicon/410804,ab/19/194f35e54320c4ac1397c6465f01c817.unity3d,Texture2D,410804,-4802995190322256339,image/playeritemicon/410804.png,228,160,
image/playeritemicon/410805,ab/d3/d30a6d78ebcdb91d9be33ed2d3423dd2.unity3d,Texture2D,410805,8075708953181725843,image/playeritemicon/410805.png,228,160,
image/playeritemicon/410808,ab/32/32bf1ab8b6b6f89a5f40ca989a277e22.unity3d,Texture2D,410808,6731454350403871033,image/playeritemicon/410808.png,228,160,
image/playeritemicon/410901,ab/2d/2d6ce155b4771eafc1f84ee2687105bc.unity3d,Texture2D,410901,-3462397758421430170,image/playeritemicon/410901.png,228,160,
image/playeritemicon/410906,ab/23/231200295934bd40786af4e625934f57.unity3d,Texture2D,410906,-9093820766188031628,image/playeritemicon/410906.png,228,160,
image/playeritemicon/410907,ab/ea/ea64d46cb2939f9a0439cb2b226cfa14.unity3d,Texture2D,410907,-3373333825323391414,image/playeritemicon/410907.png,228,160,
image/playeritemicon/410908,ab/f7/f7bbfba5879722a8eeb238b0d891e1c2.unity3d,Texture2D,410908,6572625754828780114,image/playeritemicon/410908.png,228,160,
image/playeritemicon/410952,ab/c5/c5d1d8bdd4623e1c6125d6b5052ed331.unity3d,Texture2D,410952,1049434413647087752,image/playeritemicon/410952.png,228,160,
image/playeritemicon/410956,ab/ec/ec940b001d843951dd05e2ca1ec8aed9.unity3d,Texture2D,410956,6691357429855102743,image/playeritemicon/410956.png,228,160,
image/playeritemicon/410957,ab/0b/0b945eadcf62d9e90ba932487cc059a3.unity3d,Texture2D,410957,806788014544985205,image/playeritemicon/410957.png,228,160,
image/playeritemicon/410958,ab/ee/ee7aa499daa9e38123be1c335188df99.unity3d,Texture2D,410958,2438066598925479304,image/playeritemicon/410958.png,228,160,
image/playeritemicon/410959,ab/d3/d3b403531a1dd2dc839d703f00af50c8.unity3d,Texture2D,410959,-7884804522123889246,image/playeritemicon/410959.png,228,160,
image/playeritemicon/410960,ab/f5/f5b42b577e3f3e0ea7d6e028d2c47819.unity3d,Texture2D,410960,-27971398112740019,image/playeritemicon/410960.png,228,160,
image/playeritemicon/410977,ab/b8/b894b4f4be6d103ff6ab1ab77753c818.unity3d,Texture2D,410977,-2988903335989550230,image/playeritemicon/410977.png,228,160,
image/playeritemicon/410979,ab/49/49a171edba22497f62d794584622fc54.unity3d,Texture2D,410979,380740204465374312,image/playeritemicon/410979.png,228,160,
image/playeritemicon/410980,ab/62/62c4ddc0d958ff6d27af6af4f65132ac.unity3d,Texture2D,410980,-5781657769556786340,image/playeritemicon/410980.png,228,160,
image/playeritemicon/410991,ab/b8/b8ae499f5d0f32fd35101ea20e6d4fb0.unity3d,Texture2D,410991,-1865854990187901340,image/playeritemicon/410991.png,228,160,
image/playeritemicon/410993,ab/0e/0e074cfb73f359d98d8c802b6af7cdfe.unity3d,Texture2D,410993,4973217569879276500,image/playeritemicon/410993.png,228,160,
image/playeritemicon/410994,ab/65/6538324497b788240876550d9d2fe9a3.unity3d,Texture2D,410994,-1580480645001873414,image/playeritemicon/410994.png,228,160,
image/playeritemicon/420001,ab/e9/e956fb572d214d40070157bd880da14f.unity3d,Texture2D,420001,-6212118992430289726,image/playeritemicon/420001.png,228,160,
image/playeritemicon/420004,ab/d8/d89fda5919e5915746bc845b5f9de40c.unity3d,Texture2D,420004,-8981212339108504423,image/playeritemicon/420004.png,228,160,
image/playeritemicon/420006,ab/c8/c8c4d52ff28d8b1e59c4feba1e32996a.unity3d,Texture2D,420006,-2835565014165994533,image/playeritemicon/420006.png,228,160,
image/playeritemicon/420007,ab/af/afbc8faf0ddbff2893c5fc3728f05495.unity3d,Texture2D,420007,1981131863483405165,image/playeritemicon/420007.png,228,160,
image/playeritemicon/420008,ab/bc/bc01c9399b7406fbde8a2a48bedf45ca.unity3d,Texture2D,420008,-3558792522409286010,image/playeritemicon/420008.png,228,160,
image/playeritemicon/420009,ab/c5/c5db382fdb41a02c8f666357609f7c64.unity3d,Texture2D,420009,8352921649285069586,image/playeritemicon/420009.png,228,160,
image/playeritemicon/420012,ab/fd/fd89747b68999c64d0c218346344e343.unity3d,Texture2D,420012,6147807729892219750,image/playeritemicon/420012.png,228,160,
image/playeritemicon/420015,ab/e2/e29036d8603736220af8adc17b8a41c9.unity3d,Texture2D,420015,-5657891848581246023,image/playeritemicon/420015.png,228,160,
image/playeritemicon/420016,ab/d0/d04e219faf7b3cb37c50f371fea65d96.unity3d,Texture2D,420016,8696131865412997193,image/playeritemicon/420016.png,228,160,
image/playeritemicon/420018,ab/e2/e2deee964bee4095add8be354ed8859d.unity3d,Texture2D,420018,5144755678873415149,image/playeritemicon/420018.png,228,160,
image/playeritemicon/420019,ab/e2/e2b9c1a84390801ebc6e259b5f88941c.unity3d,Texture2D,420019,-45073532340672253,image/playeritemicon/420019.png,228,160,
image/playeritemicon/420023,ab/b6/b6a9eb639bbe8470d4fe90da21b5486b.unity3d,Texture2D,420023,-5147756707721824455,image/playeritemicon/420023.png,228,160,
image/playeritemicon/420028,ab/17/17fdbeff5fd66a9551d198b38d536a54.unity3d,Texture2D,420028,5428285678185873675,image/playeritemicon/420028.png,228,160,
image/playeritemicon/420032,ab/c9/c9be7b338e312ee3dbb55827466ccb32.unity3d,Texture2D,420032,7406628323421141417,image/playeritemicon/420032.png,228,160,
image/playeritemicon/420036,ab/19/1998a3555b5f67003a300c1a26a3ac34.unity3d,Texture2D,420036,-5132348821276150680,image/playeritemicon/420036.png,228,160,
image/playeritemicon/420038,ab/36/36dd4481c0fe8490f8772ebc2a7de90c.unity3d,Texture2D,420038,6051390102244693832,image/playeritemicon/420038.png,228,160,
image/playeritemicon/420039,ab/53/53776a14de0d1749c304a1a36c3b258c.unity3d,Texture2D,420039,6560500536945269540,image/playeritemicon/420039.png,228,160,
image/playeritemicon/420040,ab/fc/fc88740b713c992cf568fef06262ac77.unity3d,Texture2D,420040,1878422817700704061,image/playeritemicon/420040.png,228,160,
image/playeritemicon/420042,ab/23/235f34668662550322e464206f5766b4.unity3d,Texture2D,420042,-3719102805736375642,image/playeritemicon/420042.png,228,160,
image/playeritemicon/420053,ab/3c/3c00e3f2838c8ba2bd83dfdffe8ce3bf.unity3d,Texture2D,420053,-2914946415119705787,image/playeritemicon/420053.png,228,160,
image/playeritemicon/420056,ab/31/31af9061a1846786fb3450cc80cf60e0.unity3d,Texture2D,420056,-576428703787847865,image/playeritemicon/420056.png,228,160,
image/playeritemicon/420062,ab/f5/f5ac72b5fa493f1e90a7aa90abd3bb24.unity3d,Texture2D,420062,-5045526385689848703,image/playeritemicon/420062.png,228,160,
image/playeritemicon/420063,ab/d8/d888ba6066b4b3fade72ad8f0b47dbbd.unity3d,Texture2D,420063,-5215472944768417279,image/playeritemicon/420063.png,228,160,
image/playeritemicon/420064,ab/cd/cd84f905fe8e2a4799fedfb7fe292f05.unity3d,Texture2D,420064,-8017355222130662872,image/playeritemicon/420064.png,228,160,
image/playeritemicon/420065,ab/fc/fc2ded2b8366769e87e99c83a13a1faf.unity3d,Texture2D,420065,3418989121210730992,image/playeritemicon/420065.png,228,160,
image/playeritemicon/420070,ab/0a/0a55a8d5ed8d131ec881657cef6bc046.unity3d,Texture2D,420070,8132243869634672313,image/playeritemicon/420070.png,228,160,
image/playeritemicon/420072,ab/f8/f8fc14815608292a98f3f1bd32164c89.unity3d,Texture2D,420072,7943124523041759599,image/playeritemicon/420072.png,228,160,
image/playeritemicon/420075,ab/cb/cb0ba5cf766f7145fb3c646d8f820603.unity3d,Texture2D,420075,3334097703623718571,image/playeritemicon/420075.png,228,160,
image/playeritemicon/420080,ab/17/1782c757527cd7c726ba030a3b0bcfb6.unity3d,Texture2D,420080,4892647908948036578,image/playeritemicon/420080.png,228,160,
image/playeritemicon/420081,ab/42/42ba954ed4878829559295614401debc.unity3d,Texture2D,420081,5131406996561519567,image/playeritemicon/420081.png,228,160,
image/playeritemicon/420084,ab/31/31b8a0e90e2ce4f2ecd3ec30426fa39c.unity3d,Texture2D,420084,-6527766475379744769,image/playeritemicon/420084.png,228,160,
image/playeritemicon/420087,ab/36/36fcfbc7f2cf8c554aae47582bfa860a.unity3d,Texture2D,420087,2914519152053786051,image/playeritemicon/420087.png,228,160,
image/playeritemicon/420088,ab/d5/d530c06c007c4017b450c5d12c6114c2.unity3d,Texture2D,420088,-2434377333797200246,image/playeritemicon/420088.png,228,160,
image/playeritemicon/420089,ab/18/18e159de1a591d37cc894fbe24b9f0c0.unity3d,Texture2D,420089,5470428407450870504,image/playeritemicon/420089.png,228,160,
image/playeritemicon/420091,ab/23/230fc9885c37fc7d21ece9f8b2fa74a8.unity3d,Texture2D,420091,8904400310607960768,image/playeritemicon/420091.png,228,160,
image/playeritemicon/420092,ab/62/627bfdd4a3de6954b21ef1f3dd8c3a47.unity3d,Texture2D,420092,6926680398492080575,image/playeritemicon/420092.png,228,160,
image/playeritemicon/420093,ab/b3/b33bf2e43c48bf57a773b2b6487f0872.unity3d,Texture2D,420093,-2355824405343928544,image/playeritemicon/420093.png,228,160,
image/playeritemicon/420101,ab/c5/c5845eeca1ef9ea44183fd5260ef9e3a.unity3d,Texture2D,420101,2311734839355518497,image/playeritemicon/420101.png,228,160,
image/playeritemicon/420112,ab/de/de8a1e80425efa3fde760bbfb804cce4.unity3d,Texture2D,420112,3338878941699884869,image/playeritemicon/420112.png,228,160,
image/playeritemicon/420114,ab/49/49398dd0308bfbfc41d5bf853e135b9f.unity3d,Texture2D,420114,-8211533522789135005,image/playeritemicon/420114.png,228,160,
image/playeritemicon/420115,ab/b6/b60925f6ef9571bd82cb7f6f0b4dfb32.unity3d,Texture2D,420115,210497659069272715,image/playeritemicon/420115.png,228,160,
image/playeritemicon/420117,ab/be/beb8b9ebfb0b0f2fc6df1963a4378cff.unity3d,Texture2D,420117,-97103198022356987,image/playeritemicon/420117.png,228,160,
image/playeritemicon/420118,ab/d1/d1a31e557ad4baf5d68dd31482349aa4.unity3d,Texture2D,420118,5970352567789683428,image/playeritemicon/420118.png,228,160,
image/playeritemicon/420122,ab/de/de05970a22a4b8b436ff7d566791eff7.unity3d,Texture2D,420122,3423353437149019800,image/playeritemicon/420122.png,228,160,
image/playeritemicon/420124,ab/e5/e56e40eea0350b15e553a6a92d87a787.unity3d,Texture2D,420124,4884918845297788241,image/playeritemicon/420124.png,228,160,
image/playeritemicon/420125,ab/64/64e171c2f128c6f2cde1f8c5d2796168.unity3d,Texture2D,420125,658721615087971056,image/playeritemicon/420125.png,228,160,
image/playeritemicon/420126,ab/d1/d18c8bc92b0e0effceb3935c995f77fb.unity3d,Texture2D,420126,-5203455027196638325,image/playeritemicon/420126.png,228,160,
image/playeritemicon/420130,ab/66/6627db00cc3b38ceaac30a633456d3e3.unity3d,Texture2D,420130,4290984239250899868,image/playeritemicon/420130.png,228,160,
image/playeritemicon/420131,ab/51/51501135d99fcc6adb9da7ad2b40ee78.unity3d,Texture2D,420131,3363253570211744950,image/playeritemicon/420131.png,228,160,
image/playeritemicon/420134,ab/de/deb194bd88d28346eb31c422d3da9e07.unity3d,Texture2D,420134,-896606226002715415,image/playeritemicon/420134.png,228,160,
image/playeritemicon/420136,ab/46/4658f752737cbd3777dbe155c014e37b.unity3d,Texture2D,420136,-6704573307972346425,image/playeritemicon/420136.png,228,160,
image/playeritemicon/420137,ab/be/be221c18a1021bdafda793ba7e081d74.unity3d,Texture2D,420137,4897998573481859882,image/playeritemicon/420137.png,228,160,
image/playeritemicon/420139,ab/d0/d0e8c608b0fb7c9f42fc8eac8211c32c.unity3d,Texture2D,420139,-6014163331056941000,image/playeritemicon/420139.png,228,160,
image/playeritemicon/420144,ab/f4/f4468fbefb3c5e4ecc7197d354badbf1.unity3d,Texture2D,420144,-1628836368006735926,image/playeritemicon/420144.png,228,160,
image/playeritemicon/420145,ab/f4/f4d5da41debe9a8f3a540386f28d56d8.unity3d,Texture2D,420145,2175811060267452834,image/playeritemicon/420145.png,228,160,
image/playeritemicon/420150,ab/e2/e2a3f35b36738732f3880461a28bd683.unity3d,Texture2D,420150,6317139175762394304,image/playeritemicon/420150.png,228,160,
image/playeritemicon/420152,ab/28/28440afdecb4551dad0a6453f2fda796.unity3d,Texture2D,420152,-2609096879078377142,image/playeritemicon/420152.png,228,160,
image/playeritemicon/420153,ab/f1/f10ddf12b223529650bb5fe40395a6c0.unity3d,Texture2D,420153,-1908550999941486050,image/playeritemicon/420153.png,228,160,
image/playeritemicon/420157,ab/e9/e9f8690dd21eab2134382b15cfb1bc35.unity3d,Texture2D,420157,-3636918973611857423,image/playeritemicon/420157.png,228,160,
image/playeritemicon/420158,ab/53/531c70ebe077b8c6646b0b301e59f142.unity3d,Texture2D,420158,5324388140015103762,image/playeritemicon/420158.png,228,160,
image/playeritemicon/420159,ab/b6/b632be77d2c4aee91a0efe7bb963d753.unity3d,Texture2D,420159,5841265128018097540,image/playeritemicon/420159.png,228,160,
image/playeritemicon/420164,ab/c8/c8c6b8c12e937b5417d9b6f98f0461d0.unity3d,Texture2D,420164,1597315363104589264,image/playeritemicon/420164.png,228,160,
image/playeritemicon/420167,ab/f1/f16008c6ba034d15f9e3650e36d747dc.unity3d,Texture2D,420167,-8985318367718091762,image/playeritemicon/420167.png,228,160,
image/playeritemicon/420171,ab/c9/c9ccf1b749a3f893deae59ea5ac84024.unity3d,Texture2D,420171,4720630247474752734,image/playeritemicon/420171.png,228,160,
image/playeritemicon/420172,ab/50/50d3e11c70a6d5023359269d573d77b3.unity3d,Texture2D,420172,-25082927412841067,image/playeritemicon/420172.png,228,160,
image/playeritemicon/420174,ab/c7/c735f0a816b636c0da40e63f41fb8198.unity3d,Texture2D,420174,-2533881166927463388,image/playeritemicon/420174.png,228,160,
image/playeritemicon/420175,ab/17/1737fc40499ccdae4a9d7f45165a2bd1.unity3d,Texture2D,420175,7714473457971650427,image/playeritemicon/420175.png,228,160,
image/playeritemicon/420176,ab/cd/cd23793e20b768f3f8776e1fa8575280.unity3d,Texture2D,420176,-3610967950174549749,image/playeritemicon/420176.png,228,160,
image/playeritemicon/420177,ab/43/43abaa9d733542a3374662219e0a0dea.unity3d,Texture2D,420177,4388642881515402997,image/playeritemicon/420177.png,228,160,
image/playeritemicon/420178,ab/43/436215904b3e7d67e5fa78181493bb04.unity3d,Texture2D,420178,-6290546722442720905,image/playeritemicon/420178.png,228,160,
image/playeritemicon/420179,ab/e4/e4f2b97d176ceaf97ee10055f778fa6c.unity3d,Texture2D,420179,-5337328867389667527,image/playeritemicon/420179.png,228,160,
image/playeritemicon/420180,ab/62/62bc63edf57ca0538931d6a73a42b9d5.unity3d,Texture2D,420180,-7021044389028321947,image/playeritemicon/420180.png,228,160,
image/playeritemicon/420182,ab/d8/d85b8198e61eeabead9651ae32267d4c.unity3d,Texture2D,420182,4563120947574908446,image/playeritemicon/420182.png,228,160,
image/playeritemicon/420185,ab/f5/f55c7e6547ec61957c7590ed4a54cd73.unity3d,Texture2D,420185,-2300066921080390352,image/playeritemicon/420185.png,228,160,
image/playeritemicon/420188,ab/eb/eb321926af4fc550d596b5fd7e74b87e.unity3d,Texture2D,420188,6058751207486981466,image/playeritemicon/420188.png,228,160,
image/playeritemicon/420192,ab/b0/b0008b9a3737f6f2e41af1a9259824d9.unity3d,Texture2D,420192,2259560639076892335,image/playeritemicon/420192.png,228,160,
image/playeritemicon/420193,ab/d0/d07b17c999ee699f764814922ed478b5.unity3d,Texture2D,420193,-8278480236848979087,image/playeritemicon/420193.png,228,160,
image/playeritemicon/420194,ab/d3/d3efca290eb346bb6f12b62d37a31cd7.unity3d,Texture2D,420194,-4023379442008219591,image/playeritemicon/420194.png,228,160,
image/playeritemicon/420199,ab/51/51480a4977f74557380e8c3415ce0f08.unity3d,Texture2D,420199,7207433663332327432,image/playeritemicon/420199.png,228,160,
image/playeritemicon/420202,ab/f8/f89f72467e9d00e92652278e4d78a5a2.unity3d,Texture2D,420202,1519576675996570682,image/playeritemicon/420202.png,228,160,
image/playeritemicon/420212,ab/03/036357fdfc18088aaf618b4a47964a7f.unity3d,Texture2D,420212,8068194490033790332,image/playeritemicon/420212.png,228,160,
image/playeritemicon/420214,ab/18/188f0ff51b9d012bc60e664e2119b07b.unity3d,Texture2D,420214,-3323819586761827207,image/playeritemicon/420214.png,228,160,
image/playeritemicon/420215,ab/50/50ba3aad699e6b3fdd9f9195f519103b.unity3d,Texture2D,420215,7003407007964848809,image/playeritemicon/420215.png,228,160,
image/playeritemicon/420219,ab/e8/e8e0c6b6e80d8d050657f109dce67f0b.unity3d,Texture2D,420219,-5108914825123144590,image/playeritemicon/420219.png,228,160,
image/playeritemicon/420223,ab/53/53d04e4155e81f272aa2b1a1a5b589e6.unity3d,Texture2D,420223,-4277719641805329908,image/playeritemicon/420223.png,228,160,
image/playeritemicon/420240,ab/e4/e40e2b6a9585e9d3dba1d6985ade8558.unity3d,Texture2D,420240,-7378729213706963750,image/playeritemicon/420240.png,228,160,
image/playeritemicon/420250,ab/e5/e5de5e0ad86e26c30ac7720000f3967f.unity3d,Texture2D,420250,3120083929566285077,image/playeritemicon/420250.png,228,160,
image/playeritemicon/420253,ab/c9/c95ac870e8c58d402dcad2ff291a05bd.unity3d,Texture2D,420253,4034116551415371407,image/playeritemicon/420253.png,228,160,
image/playeritemicon/420256,ab/03/0360ab912821f47640d0c7cf34b35ee4.unity3d,Texture2D,420256,-3468041083561015525,image/playeritemicon/420256.png,228,160,
image/playeritemicon/420259,ab/cc/cc7f5dff8be0ab3b1074314419d1d1f1.unity3d,Texture2D,420259,-4955767977611139367,image/playeritemicon/420259.png,228,160,
image/playeritemicon/420260,ab/f4/f400716a2a580135ff59c999fb42c3ed.unity3d,Texture2D,420260,-7061608530307839176,image/playeritemicon/420260.png,228,160,
image/playeritemicon/420261,ab/32/3277cd823e97d826e06e3a5b44b51507.unity3d,Texture2D,420261,-2149971256119603662,image/playeritemicon/420261.png,228,160,
image/playeritemicon/420263,ab/f7/f7fa03c19ad1ab4555c46bf4372bd25b.unity3d,Texture2D,420263,9041856553394487332,image/playeritemicon/420263.png,228,160,
image/playeritemicon/420265,ab/ee/ee48d092c3109e1c2aa563c3b0c4033d.unity3d,Texture2D,420265,4155578265412583774,image/playeritemicon/420265.png,228,160,
image/playeritemicon/420267,ab/0d/0d8175671fcb16ab7e931e318dfd985c.unity3d,Texture2D,420267,4049213146030599582,image/playeritemicon/420267.png,228,160,
image/playeritemicon/420269,ab/fb/fbdd181817bca50e4304096e6b387eb6.unity3d,Texture2D,420269,6698167384558218634,image/playeritemicon/420269.png,228,160,
image/playeritemicon/420270,ab/d2/d21fd25f5364c462f02ccd483070bb27.unity3d,Texture2D,420270,679099815738779331,image/playeritemicon/420270.png,228,160,
image/playeritemicon/420274,ab/d0/d0a526be7ec8afb5ac2d77b823f834b2.unity3d,Texture2D,420274,2216912101712385616,image/playeritemicon/420274.png,228,160,
image/playeritemicon/420277,ab/e9/e94865d1d807b1d93b6b71015d3901db.unity3d,Texture2D,420277,-7551132365551777080,image/playeritemicon/420277.png,228,160,
image/playeritemicon/420281,ab/b0/b0145248147294bd57b3627a4455e7a8.unity3d,Texture2D,420281,8965526401669648625,image/playeritemicon/420281.png,228,160,
image/playeritemicon/420282,ab/e2/e22708a0ad4b0c18bbef55fc24b7ba4e.unity3d,Texture2D,420282,-5274842322961391045,image/playeritemicon/420282.png,228,160,
image/playeritemicon/420285,ab/2d/2d1ba3da4e63424ceed348cf1268e61a.unity3d,Texture2D,420285,-7610263705811316247,image/playeritemicon/420285.png,228,160,
image/playeritemicon/420292,ab/de/dea17468d843ac89fd9f4cefee4a0ba2.unity3d,Texture2D,420292,-6575035881575046796,image/playeritemicon/420292.png,228,160,
image/playeritemicon/420296,ab/f0/f0b5be28bffc86cad32427be5289a578.unity3d,Texture2D,420296,6967375278263027096,image/playeritemicon/420296.png,228,160,
image/playeritemicon/420298,ab/17/17c08f125d2a3cbc391ac094dcb08fc9.unity3d,Texture2D,420298,-8096869996338814322,image/playeritemicon/420298.png,228,160,
image/playeritemicon/420299,ab/c8/c841be0591d22aefda73978e5889b185.unity3d,Texture2D,420299,8728325784113090776,image/playeritemicon/420299.png,228,160,
image/playeritemicon/420300,ab/de/de38461a1ac987d71236b524ed8b147e.unity3d,Texture2D,420300,9096939176958983749,image/playeritemicon/420300.png,228,160,
image/playeritemicon/420305,ab/69/69d2310e50543b3d8dd76b629152f9c7.unity3d,Texture2D,420305,2122845713067864703,image/playeritemicon/420305.png,228,160,
image/playeritemicon/420306,ab/27/27f85e787177e86f21228319ab6aa26c.unity3d,Texture2D,420306,2761852319462256768,image/playeritemicon/420306.png,228,160,
image/playeritemicon/420307,ab/be/be31febcc1aecd23c5d0a0df48b9b44a.unity3d,Texture2D,420307,-3387086774330229895,image/playeritemicon/420307.png,228,160,
image/playeritemicon/420308,ab/d2/d2253be761466c9690bba779b50c9474.unity3d,Texture2D,420308,585213218410490045,image/playeritemicon/420308.png,228,160,
image/playeritemicon/420311,ab/27/273be4118fe4da99bb227c980bf33f89.unity3d,Texture2D,420311,3275825236860554517,image/playeritemicon/420311.png,228,160,
image/playeritemicon/420313,ab/ee/ee72f7ccaa077ab044b2bbd4ae0eb86c.unity3d,Texture2D,420313,-6366523858766967588,image/playeritemicon/420313.png,228,160,
image/playeritemicon/420314,ab/d8/d80953ec2b8164fd9398b15889badd48.unity3d,Texture2D,420314,-2265452474942906112,image/playeritemicon/420314.png,228,160,
image/playeritemicon/420316,ab/b3/b3d0088192750361d979a86d2b339d67.unity3d,Texture2D,420316,-2814064906645328742,image/playeritemicon/420316.png,228,160,
image/playeritemicon/420320,ab/ec/ec8bc2a5ab930e4df3de45e0fd51b545.unity3d,Texture2D,420320,603642479806884970,image/playeritemicon/420320.png,228,160,
image/playeritemicon/420321,ab/42/4253e336d7914149d60e3b19d9bfa011.unity3d,Texture2D,420321,-5266568304243745660,image/playeritemicon/420321.png,228,160,
image/playeritemicon/420323,ab/e2/e297ebcfab5581d4524a9d4e19502fce.unity3d,Texture2D,420323,8919137666245772441,image/playeritemicon/420323.png,228,160,
image/playeritemicon/420324,ab/dd/dd37a1eebc350ad96ee0ee8634318759.unity3d,Texture2D,420324,2236431682199342662,image/playeritemicon/420324.png,228,160,
image/playeritemicon/420325,ab/2d/2d64e071b16ddc554972b84d8c95019b.unity3d,Texture2D,420325,868793504300760684,image/playeritemicon/420325.png,228,160,
image/playeritemicon/420326,ab/fb/fb9c762c3ced9e3f76e3a81455a9a836.unity3d,Texture2D,420326,2715367817642911567,image/playeritemicon/420326.png,228,160,
image/playeritemicon/420328,ab/fc/fc12c48cf2a7c6aededeb8324ff75017.unity3d,Texture2D,420328,-6836081519436361370,image/playeritemicon/420328.png,228,160,
image/playeritemicon/420329,ab/c9/c985f3589f2adacbc2b3228203a2b9bf.unity3d,Texture2D,420329,4157658316380728517,image/playeritemicon/420329.png,228,160,
image/playeritemicon/420330,ab/3d/3d2674ab841fa67a7ab6ae59841d6413.unity3d,Texture2D,420330,-7276587428298617336,image/playeritemicon/420330.png,228,160,
image/playeritemicon/420331,ab/e9/e98befa4038d30a8dd878b0d1464bbba.unity3d,Texture2D,420331,-4781743037690931401,image/playeritemicon/420331.png,228,160,
image/playeritemicon/420333,ab/16/16b1c2e9a28df1fb9fd789133b0271d1.unity3d,Texture2D,420333,-5835785860028987170,image/playeritemicon/420333.png,228,160,
image/playeritemicon/420341,ab/e8/e8d4e66dd3d8453facc25f27cdf322ef.unity3d,Texture2D,420341,7903078938386760068,image/playeritemicon/420341.png,228,160,
image/playeritemicon/420344,ab/00/003cf0ab9b7deabde9cd03f24dcfd909.unity3d,Texture2D,420344,-542979518360531116,image/playeritemicon/420344.png,228,160,
image/playeritemicon/420351,ab/d2/d22139cee874a49781e0fe0a58ff996a.unity3d,Texture2D,420351,3417967036886336930,image/playeritemicon/420351.png,228,160,
image/playeritemicon/420353,ab/fa/fa2609fc2cb0e887901801b2f05e5dcb.unity3d,Texture2D,420353,6967231843582091492,image/playeritemicon/420353.png,228,160,
image/playeritemicon/420355,ab/70/708053e6ac2a9bdb569dd22bcd2b00de.unity3d,Texture2D,420355,-258947141758340955,image/playeritemicon/420355.png,228,160,
image/playeritemicon/420356,ab/f5/f5aa17ac5d4916d27f128366f3b1a9fb.unity3d,Texture2D,420356,-7294560036461322222,image/playeritemicon/420356.png,228,160,
image/playeritemicon/420358,ab/58/585f5ee4c6ef3f1ed98d8da3b7469b57.unity3d,Texture2D,420358,-5189293313600132888,image/playeritemicon/420358.png,228,160,
image/playeritemicon/420359,ab/62/62238923f869b2a8623058858ccabe21.unity3d,Texture2D,420359,8466188236349178781,image/playeritemicon/420359.png,228,160,
image/playeritemicon/420360,ab/41/41320d7312404af91137ba95e9e84236.unity3d,Texture2D,420360,5408347079204476350,image/playeritemicon/420360.png,228,160,
image/playeritemicon/420361,ab/66/66e9585a761ed82a80e03d8ae001b47d.unity3d,Texture2D,420361,-443006172780746536,image/playeritemicon/420361.png,228,160,
image/playeritemicon/420365,ab/3d/3d54be381fe65a98828d9f39be343f81.unity3d,Texture2D,420365,-8823854491184824421,image/playeritemicon/420365.png,228,160,
image/playeritemicon/420367,ab/fb/fba5fb4c659cbef9ea3a3a2ce14d315c.unity3d,Texture2D,420367,725209536667773417,image/playeritemicon/420367.png,228,160,
image/playeritemicon/420370,ab/67/6734c9ec4c8bc548c6b131cadd93b852.unity3d,Texture2D,420370,-8016508862953941545,image/playeritemicon/420370.png,228,160,
image/playeritemicon/420371,ab/f4/f4418e556b1d3a5892a3c63d4c68abc4.unity3d,Texture2D,420371,2561018894027645526,image/playeritemicon/420371.png,228,160,
image/playeritemicon/420372,ab/3f/3fc3806964e823f5e2db0eb6ae080be2.unity3d,Texture2D,420372,3926430407226143113,image/playeritemicon/420372.png,228,160,
image/playeritemicon/420376,ab/b0/b0c21eb2c4d17a1c44bc16b853ddfba5.unity3d,Texture2D,420376,588326837802776347,image/playeritemicon/420376.png,228,160,
image/playeritemicon/420377,ab/c7/c70176f951ee93c479e0e5d13b432fe2.unity3d,Texture2D,420377,-3202299882470119498,image/playeritemicon/420377.png,228,160,
image/playeritemicon/420382,ab/35/35f7e2601d7cc7500d2ccf082e453f11.unity3d,Texture2D,420382,-6656889634405242644,image/playeritemicon/420382.png,228,160,
image/playeritemicon/420384,ab/0b/0babadf72b90efb7ec1d4da20e7a29c2.unity3d,Texture2D,420384,-779590097269708298,image/playeritemicon/420384.png,228,160,
image/playeritemicon/420386,ab/b3/b3166b50676debdf5e6441e6c9200834.unity3d,Texture2D,420386,-5245147412287753669,image/playeritemicon/420386.png,228,160,
image/playeritemicon/420390,ab/e8/e8385e9086373d024780370b62f3c822.unity3d,Texture2D,420390,-6619577674289417024,image/playeritemicon/420390.png,228,160,
image/playeritemicon/420393,ab/cb/cb8d9708596740921a1f37925d37532f.unity3d,Texture2D,420393,4503265250259053077,image/playeritemicon/420393.png,228,160,
image/playeritemicon/420398,ab/be/bee79de2da090920a3cca185726cf19b.unity3d,Texture2D,420398,7819803800907592435,image/playeritemicon/420398.png,228,160,
image/playeritemicon/420400,ab/c8/c8b7e99f170b1d13b00ce5668ca656c2.unity3d,Texture2D,420400,-4607642845182138905,image/playeritemicon/420400.png,228,160,
image/playeritemicon/420401,ab/64/64a856f518910bd12d24657875044965.unity3d,Texture2D,420401,-7555291748678982017,image/playeritemicon/420401.png,228,160,
image/playeritemicon/420402,ab/00/0055a201826f295699afb5f37d9c020b.unity3d,Texture2D,420402,2114142847169164590,image/playeritemicon/420402.png,228,160,
image/playeritemicon/420403,ab/55/556d3ae9af3225f53fb5f73e5bd836f4.unity3d,Texture2D,420403,-3854837567461461918,image/playeritemicon/420403.png,228,160,
image/playeritemicon/420404,ab/b6/b63ae1fe252c07d728e9d20bdf8a6512.unity3d,Texture2D,420404,-9041038727875287830,image/playeritemicon/420404.png,228,160,
image/playeritemicon/420407,ab/46/46fe55f94178c1a39ceee751d2d13107.unity3d,Texture2D,420407,189563477154719931,image/playeritemicon/420407.png,228,160,
image/playeritemicon/420408,ab/ca/ca294b28f95abbcad15e8c5dfd0dd878.unity3d,Texture2D,420408,2931721700995250679,image/playeritemicon/420408.png,228,160,
image/playeritemicon/420412,ab/2d/2db91e58e66004717605ce3e4e4c6050.unity3d,Texture2D,420412,-3874993424669487125,image/playeritemicon/420412.png,228,160,
image/playeritemicon/420417,ab/64/6448d4f2c021ea0be4173871a0c09a78.unity3d,Texture2D,420417,6174058191959896826,image/playeritemicon/420417.png,228,160,
image/playeritemicon/420418,ab/fa/fa579c33d7c09ee297faad3b622109c7.unity3d,Texture2D,420418,-7142001434806887528,image/playeritemicon/420418.png,228,160,
image/playeritemicon/420419,ab/d3/d3d7a23f1b1305998d641c825a848fe2.unity3d,Texture2D,420419,420524956551378054,image/playeritemicon/420419.png,228,160,
image/playeritemicon/420424,ab/d5/d577ad244d7fbba02a42776b7565cd03.unity3d,Texture2D,420424,1016139025411718378,image/playeritemicon/420424.png,228,160,
image/playeritemicon/420425,ab/02/02ae6a05f74582d87973ad5f337b21b8.unity3d,Texture2D,420425,3066849393027830034,image/playeritemicon/420425.png,228,160,
image/playeritemicon/420429,ab/03/03f2045dc38d708492662e4e2c374e1e.unity3d,Texture2D,420429,-5801792712017635842,image/playeritemicon/420429.png,228,160,
image/playeritemicon/420436,ab/fc/fc4c19a79b745932e0257e28a8e9866e.unity3d,Texture2D,420436,-3379088587219598633,image/playeritemicon/420436.png,228,160,
image/playeritemicon/420438,ab/cc/cc907c57115112abb51805760270c7fd.unity3d,Texture2D,420438,-7808226156619106995,image/playeritemicon/420438.png,228,160,
image/playeritemicon/420439,ab/ec/ece9c331caf664880ddd17a21bb7d671.unity3d,Texture2D,420439,-3190192745003977965,image/playeritemicon/420439.png,228,160,
image/playeritemicon/420441,ab/c8/c82badcb5ecc2d9f5663dfae7dd912a4.unity3d,Texture2D,420441,-6738365233095470623,image/playeritemicon/420441.png,228,160,
image/playeritemicon/420443,ab/e8/e85cd8fb9bd99da499582854062d91c4.unity3d,Texture2D,420443,-2121316157376929172,image/playeritemicon/420443.png,228,160,
image/playeritemicon/420444,ab/65/651f98801018451c35e427e2972512e6.unity3d,Texture2D,420444,-2463502880806987800,image/playeritemicon/420444.png,228,160,
image/playeritemicon/420445,ab/f7/f7eeeeba0350821eda004b606b4555b9.unity3d,Texture2D,420445,9079852959816410287,image/playeritemicon/420445.png,228,160,
image/playeritemicon/420446,ab/b8/b80a492033b0d971e1f9bf105e5aca56.unity3d,Texture2D,420446,-104575046634989592,image/playeritemicon/420446.png,228,160,
image/playeritemicon/420449,ab/1d/1d4d494308d279a8f8dd868927f2962c.unity3d,Texture2D,420449,-4368934216967796049,image/playeritemicon/420449.png,228,160,
image/playeritemicon/420452,ab/3f/3f526bb5e0dafb40c44c998513626f78.unity3d,Texture2D,420452,-2551715187429389889,image/playeritemicon/420452.png,228,160,
image/playeritemicon/420457,ab/28/28c2cc1e5240cf381d847bc0d06177f8.unity3d,Texture2D,420457,2403310158188165616,image/playeritemicon/420457.png,228,160,
image/playeritemicon/420459,ab/55/5521e35dc930da979ddd351361e23dce.unity3d,Texture2D,420459,707370787126872618,image/playeritemicon/420459.png,228,160,
image/playeritemicon/420462,ab/3c/3cb1fa8f95e902c89449ff14d319cfdf.unity3d,Texture2D,420462,-2186746809886305872,image/playeritemicon/420462.png,228,160,
image/playeritemicon/420469,ab/e3/e38afd189a138dd8153d693e56876a7d.unity3d,Texture2D,420469,8845209543638744476,image/playeritemicon/420469.png,228,160,
image/playeritemicon/420471,ab/f5/f5cfa0ed20a805e3389ffa259ecb0d4e.unity3d,Texture2D,420471,-6475652624380031539,image/playeritemicon/420471.png,228,160,
image/playeritemicon/420472,ab/2d/2dcf21e42ec5883a79714d1c69208ba2.unity3d,Texture2D,420472,-9013351553058149358,image/playeritemicon/420472.png,228,160,
image/playeritemicon/420474,ab/d2/d2dd372928cb6103b4c27dd28eeeb703.unity3d,Texture2D,420474,3099029588664045637,image/playeritemicon/420474.png,228,160,
image/playeritemicon/420487,ab/cb/cb1b6466ed484c5592d2fe4891c2d12c.unity3d,Texture2D,420487,5862868725595898502,image/playeritemicon/420487.png,228,160,
image/playeritemicon/420490,ab/c7/c7dccc9d7d759ed550bac976333e9a6a.unity3d,Texture2D,420490,5843708834680356733,image/playeritemicon/420490.png,228,160,
image/playeritemicon/420491,ab/17/17dc99bab005108157e2411379318856.unity3d,Texture2D,420491,3619851863342588452,image/playeritemicon/420491.png,228,160,
image/playeritemicon/420494,ab/55/559274f906d7a2bd5bedea5e44bffb2c.unity3d,Texture2D,420494,-6950958139631402143,image/playeritemicon/420494.png,228,160,
image/playeritemicon/420495,ab/ca/ca9e0bba1b90fa5f37caa757c593f8dd.unity3d,Texture2D,420495,-3224515074074980028,image/playeritemicon/420495.png,228,160,
image/playeritemicon/420497,ab/c1/c11fed213fe1551af0afdb82f9c5eac3.unity3d,Texture2D,420497,5327555219857731694,image/playeritemicon/420497.png,228,160,
image/playeritemicon/420499,ab/55/55ea6c0c9b37ee361ce06de171e3797e.unity3d,Texture2D,420499,1617725367783883228,image/playeritemicon/420499.png,228,160,
image/playeritemicon/420504,ab/58/5877a9ba6c4d40041f3edda759c3359d.unity3d,Texture2D,420504,5119398343152600085,image/playeritemicon/420504.png,228,160,
image/playeritemicon/420505,ab/cb/cb1adf362db3554fe3d19661221ac04e.unity3d,Texture2D,420505,-8653515698563444995,image/playeritemicon/420505.png,228,160,
image/playeritemicon/420507,ab/ea/ea8f3b9de0e5fb3fed8522a2a9ba46cf.unity3d,Texture2D,420507,5200958703478540058,image/playeritemicon/420507.png,228,160,
image/playeritemicon/420513,ab/e3/e3f5d118510adcc3ad50dde2275efd8f.unity3d,Texture2D,420513,1958843260152019861,image/playeritemicon/420513.png,228,160,
image/playeritemicon/420514,ab/2f/2fdeefb5f7f69dad121bb4707ab32182.unity3d,Texture2D,420514,-1647091008782314622,image/playeritemicon/420514.png,228,160,
image/playeritemicon/420516,ab/c6/c67c74d84fb34627a244ab3497564f8a.unity3d,Texture2D,420516,-6968896990381384139,image/playeritemicon/420516.png,228,160,
image/playeritemicon/420518,ab/ee/ee701486c9d81c8710ad9bbd01f93402.unity3d,Texture2D,420518,-4883498850292977413,image/playeritemicon/420518.png,228,160,
image/playeritemicon/420520,ab/f9/f967279e30b6f6d57368978de3af16ba.unity3d,Texture2D,420520,8287641914963406777,image/playeritemicon/420520.png,228,160,
image/playeritemicon/420521,ab/0a/0af9df5871be3a802554f3c5f76f27da.unity3d,Texture2D,420521,2965490371382937931,image/playeritemicon/420521.png,228,160,
image/playeritemicon/420522,ab/49/4993a0387763aa7379cffca47f6cdce4.unity3d,Texture2D,420522,-1945993387932282741,image/playeritemicon/420522.png,228,160,
image/playeritemicon/420524,ab/dd/dd299ba82e9e7a6c7598987ed9824346.unity3d,Texture2D,420524,1823709213560192119,image/playeritemicon/420524.png,228,160,
image/playeritemicon/420525,ab/e5/e58ad1502de6721efc34163b2b24e878.unity3d,Texture2D,420525,1683145137304609995,image/playeritemicon/420525.png,228,160,
image/playeritemicon/420528,ab/03/03676c52bbb6bdd744a93f42b2265157.unity3d,Texture2D,420528,6165761001589954637,image/playeritemicon/420528.png,228,160,
image/playeritemicon/420529,ab/c6/c6c777836807e70f40ffed92a53cddfe.unity3d,Texture2D,420529,-6800180761690512596,image/playeritemicon/420529.png,228,160,
image/playeritemicon/420532,ab/03/0320f180a89155bc576871a9c6d6b26b.unity3d,Texture2D,420532,7189703429082560913,image/playeritemicon/420532.png,228,160,
image/playeritemicon/420536,ab/d8/d8a5e3648db19e500b61ec082f4a5dfe.unity3d,Texture2D,420536,-4257076817122638716,image/playeritemicon/420536.png,228,160,
image/playeritemicon/420540,ab/c0/c0cd35a9e9e72c23a221afbdb6285387.unity3d,Texture2D,420540,-7629717404722998702,image/playeritemicon/420540.png,228,160,
image/playeritemicon/420541,ab/18/18249ee9ff39e8e63adfc3fb3e33cc99.unity3d,Texture2D,420541,-1251536969848817160,image/playeritemicon/420541.png,228,160,
image/playeritemicon/420543,ab/f3/f3a201e9b35b0449a51d058f2b256020.unity3d,Texture2D,420543,-5177608219858883833,image/playeritemicon/420543.png,228,160,
image/playeritemicon/420557,ab/03/034cb4eb0fde1ea320a3d5a5d1b4b027.unity3d,Texture2D,420557,3987804867323955177,image/playeritemicon/420557.png,228,160,
image/playeritemicon/420558,ab/de/dedaae9c76d3259f8634317de26d4eea.unity3d,Texture2D,420558,6205695658612184100,image/playeritemicon/420558.png,228,160,
image/playeritemicon/420560,ab/f4/f4856e1a61ec69afdc95149334e334fe.unity3d,Texture2D,420560,-1268723477653737443,image/playeritemicon/420560.png,228,160,
image/playeritemicon/420561,ab/b5/b51da1774368696cd865850c6fcb772b.unity3d,Texture2D,420561,7973025740284884254,image/playeritemicon/420561.png,228,160,
image/playeritemicon/420800,ab/e4/e4342875d3d97cf3b9654865434a14a6.unity3d,Texture2D,420800,8185900103110683752,image/playeritemicon/420800.png,228,160,
image/playeritemicon/421132,ab/1d/1d8b158c8acc9f0af6964b682418c9bd.unity3d,Texture2D,421132,4542731656819407191,image/playeritemicon/421132.png,228,160,
image/playeritemicon/490025,ab/fa/fa2f3cc872d149d3b877f14f47caf705.unity3d,Texture2D,490025,-7072726387619253197,image/playeritemicon/490025.png,228,160,
image/playeritemicon/490029,ab/de/decdb0b69062d25dc2dfeb19907f89ac.unity3d,Texture2D,490029,789222682677715535,image/playeritemicon/490029.png,228,160,
image/playeritemicon/490030,ab/cf/cf8896377d75c23c23d1b8b7ab889ae0.unity3d,Texture2D,490030,-5384188074191978009,image/playeritemicon/490030.png,228,160,
image/playeritemicon/490045,ab/51/51cba1859c927661483c2e4c3d1668fb.unity3d,Texture2D,490045,2869932843917477643,image/playeritemicon/490045.png,228,160,
image/playeritemicon/490048,ab/c0/c02b81b5796a16bef3855dc4cf3265c4.unity3d,Texture2D,490048,-2339613205113570094,image/playeritemicon/490048.png,228,160,
image/playeritemicon/490050,ab/2f/2f8b7dd8c6b44e5d4dd5a1c36c9a509d.unity3d,Texture2D,490050,-6846601142933668971,image/playeritemicon/490050.png,228,160,
image/playeritemicon/490059,ab/00/004072cfdba8cf445c1d2e02a702e08c.unity3d,Texture2D,490059,2501066115482791410,image/playeritemicon/490059.png,228,160,
image/playeritemicon/490062,ab/0c/0c82b1e6136d739947844fe4f58f663d.unity3d,Texture2D,490062,4095090914129780090,image/playeritemicon/490062.png,228,160,
image/playeritemicon/490067,ab/f5/f5b4799f54a8d6f979b665bfd30e4fc9.unity3d,Texture2D,490067,5985079665472045053,image/playeritemicon/490067.png,228,160,
image/playeritemicon/balloon_0005,ab/f4/f43e90e14e80e6a9de2abe32c9554f0e.unity3d,Texture2D,balloon_0005,-6336764989378121066,image/playeritemicon/balloon_0005.png,228,160,
image/playeritemicon/balloon_0013,ab/0d/0d90f3a81d8ea4eb2654e5a00b199868.unity3d,Texture2D,balloon_0013,-5494725638824249967,image/playeritemicon/balloon_0013.png,228,160,
image/playeritemicon/balloon_0014,ab/51/5187d5acccd73b2898cce68a94e8a249.unity3d,Texture2D,balloon_0014,-2765683164062816931,image/playeritemicon/balloon_0014.png,228,160,
image/playeritemicon/balloon_0022,ab/66/66156636186551324758a9f12de66900.unity3d,Texture2D,balloon_0022,2882604069075409523,image/playeritemicon/balloon_0022.png,228,160,
image/playeritemicon/balloon_0023,ab/ca/cafc1abcdbd1b14e8155dfced37222ca.unity3d,Texture2D,balloon_0023,5169582867440654294,image/playeritemicon/balloon_0023.png,228,160,
image/playeritemicon/balloon_0024,ab/ca/caf7ec8fb32ae0e46311044900de3daa.unity3d,Texture2D,balloon_0024,2164332942994293623,image/playeritemicon/balloon_0024.png,228,160,
image/playeritemicon/balloon_0026,ab/e2/e2c183a6d16a53efb2d70162912a6c26.unity3d,Texture2D,balloon_0026,-8958478046380942443,image/playeritemicon/balloon_0026.png,228,160,
image/playeritemicon/balloon_0028,ab/29/29bdc95874177fa7a084b05fbded1f80.unity3d,Texture2D,balloon_0028,4950871700497543407,image/playeritemicon/balloon_0028.png,228,160,
image/playeritemicon/balloon_0030,ab/b6/b62c36474c4aa00209b16d1b6c1d47cc.unity3d,Texture2D,balloon_0030,1542058929749563715,image/playeritemicon/balloon_0030.png,228,160,
image/playeritemicon/balloon_0031,ab/67/671a7f02b57a0cd378fd93b7ae62d2c4.unity3d,Texture2D,balloon_0031,3148499533426385613,image/playeritemicon/balloon_0031.png,228,160,
image/playeritemicon/balloon_0034,ab/fa/fad4d30dc5124e41d995456682c7c488.unity3d,Texture2D,balloon_0034,-1859126281792091636,image/playeritemicon/balloon_0034.png,228,160,
image/playeritemicon/balloon_0035,ab/e2/e25564f502e67d603d51e349e1a86b65.unity3d,Texture2D,balloon_0035,-4095781679401407320,image/playeritemicon/balloon_0035.png,228,160,
image/playeritemicon/balloon_0036,ab/0e/0eeb8ccc380b276128f92e775065d504.unity3d,Texture2D,balloon_0036,3287481061240461573,image/playeritemicon/balloon_0036.png,228,160,
image/playeritemicon/balloon_0037,ab/47/470222a625a7146336d4e2863dcf75be.unity3d,Texture2D,balloon_0037,8740215682197402401,image/playeritemicon/balloon_0037.png,228,160,
image/playeritemicon/balloon_0041,ab/eb/ebc8e2d3e62b37913d7d539c595048e5.unity3d,Texture2D,balloon_0041,-4363073531660159100,image/playeritemicon/balloon_0041.png,228,160,
image/playeritemicon/balloon_0044,ab/31/31fb3861023115dc7c51b77ec10fc50f.unity3d,Texture2D,balloon_0044,8220493490370872935,image/playeritemicon/balloon_0044.png,228,160,
image/playeritemicon/balloon_0049,ab/53/53948eafa0b32455b93cf7749c047205.unity3d,Texture2D,balloon_0049,2090384941558374447,image/playeritemicon/balloon_0049.png,228,160,
image/playeritemicon/balloon_0050,ab/55/558ae4b7493d5ae5a205e4b0bc097310.unity3d,Texture2D,balloon_0050,5476804104889911242,image/playeritemicon/balloon_0050.png,228,160,
image/playeritemicon/balloon_0070,ab/40/40961300ccb7249d04df4b09767c64b8.unity3d,Texture2D,balloon_0070,-2177738644972275869,image/playeritemicon/balloon_0070.png,228,160,
image/playeritemicon/balloon_0071,ab/3c/3c86ed1e68d389edbd54c0e0c40a7b21.unity3d,Texture2D,balloon_0071,-8755013954326947751,image/playeritemicon/balloon_0071.png,228,160,
image/playeritemicon/balloon_0073,ab/e2/e2f3fbf05f3eb408c348c0bf85f682cd.unity3d,Texture2D,balloon_0073,5373547946806683218,image/playeritemicon/balloon_0073.png,228,160,
image/playeritemicon/balloon_0075,ab/c7/c7f08c2ffef314a97b8be4e71631d97f.unity3d,Texture2D,balloon_0075,-652075583573788950,image/playeritemicon/balloon_0075.png,228,160,
image/playeritemicon/balloon_0077,ab/50/5007819cad38643f4d1585ac76864c94.unity3d,Texture2D,balloon_0077,6278038479006699735,image/playeritemicon/balloon_0077.png,228,160,
image/playeritemicon/balloon_0078,ab/f4/f4eda869919f4f5486183b83a210173c.unity3d,Texture2D,balloon_0078,-7857912303485017566,image/playeritemicon/balloon_0078.png,228,160,
image/playeritemicon/balloon_0082,ab/62/62ac916ae4bb35fc811f4e17a384e73e.unity3d,Texture2D,balloon_0082,8330379354602482702,image/playeritemicon/balloon_0082.png,228,160,
image/playeritemicon/balloon_0084,ab/67/67f1047e8d54bd4a87764a374d878cd9.unity3d,Texture2D,balloon_0084,-7494531503156303864,image/playeritemicon/balloon_0084.png,228,160,
image/playeritemicon/balloon_0086,ab/66/6611880223045867b9b0b23832e5f64c.unity3d,Texture2D,balloon_0086,8527846808896062507,image/playeritemicon/balloon_0086.png,228,160,
image/playeritemicon/balloon_0087,ab/b3/b3293bbcc417bceb5b51af96756fcf9d.unity3d,Texture2D,balloon_0087,2212275045217764,image/playeritemicon/balloon_0087.png,228,160,
image/playeritemicon/balloon_0089,ab/22/22101b37f4501d275ca9e8ab224f6175.unity3d,Texture2D,balloon_0089,5994078288575562962,image/playeritemicon/balloon_0089.png,228,160,
image/playeritemicon/balloon_0092,ab/62/62cf9bf5767622ffd674eca5cea93627.unity3d,Texture2D,balloon_0092,-97570199907928083,image/playeritemicon/balloon_0092.png,228,160,
image/playeritemicon/balloon_0094,ab/35/3526dd9ec5067c91e1c5482bec88e156.unity3d,Texture2D,balloon_0094,-632037268780486246,image/playeritemicon/balloon_0094.png,228,160,
image/playeritemicon/balloon_0095,ab/ee/eed86d7522de996fffab742c9492cc6f.unity3d,Texture2D,balloon_0095,-6940392786265624676,image/playeritemicon/balloon_0095.png,228,160,
image/playeritemicon/balloon_0097,ab/f5/f5048779177a2b54657783fd39e7e4d7.unity3d,Texture2D,balloon_0097,1153781974332880927,image/playeritemicon/balloon_0097.png,228,160,
image/playeritemicon/balloon_0100,ab/32/32140c1de4f7e121d2119e4db6388566.unity3d,Texture2D,balloon_0100,-6945525865678081959,image/playeritemicon/balloon_0100.png,228,160,
image/playeritemicon/balloon_0102,ab/eb/eb5aed84e5e30bf276ae0cc7ba67b3c1.unity3d,Texture2D,balloon_0102,-2624636251348989038,image/playeritemicon/balloon_0102.png,228,160,
image/playeritemicon/balloon_0103,ab/f9/f9ae506c954b3143d62afb1716ebfe4a.unity3d,Texture2D,balloon_0103,1964840113442147703,image/playeritemicon/balloon_0103.png,228,160,
image/playeritemicon/balloon_0108,ab/55/55b93f6b2b642de37fd26be274e26676.unity3d,Texture2D,balloon_0108,4782333554060303852,image/playeritemicon/balloon_0108.png,228,160,
image/playeritemicon/balloon_0110,ab/c8/c85d618bf9670cbd679aab986f431b4e.unity3d,Texture2D,balloon_0110,-4888601448643321062,image/playeritemicon/balloon_0110.png,228,160,
image/playeritemicon/balloon_0111,ab/51/51b1c9a7eba012f4863354368df8d9c9.unity3d,Texture2D,balloon_0111,5957299970819930711,image/playeritemicon/balloon_0111.png,228,160,
image/playeritemicon/balloon_0113,ab/f7/f7d578ed50b2f88b70e867a4212f15c7.unity3d,Texture2D,balloon_0113,1946059245449492857,image/playeritemicon/balloon_0113.png,228,160,
image/playeritemicon/balloon_0115,ab/2f/2f0d124a821d24a64c78c33172bc113d.unity3d,Texture2D,balloon_0115,7586307412199212468,image/playeritemicon/balloon_0115.png,228,160,
image/playeritemicon/balloon_0116,ab/d8/d80ac9c02fdf45fa22ca75496a4886c1.unity3d,Texture2D,balloon_0116,6922530834841379160,image/playeritemicon/balloon_0116.png,228,160,
image/playeritemicon/balloon_0119,ab/04/04492039f3a57348e1edb5e06a17359a.unity3d,Texture2D,balloon_0119,8726196409117367808,image/playeritemicon/balloon_0119.png,228,160,
image/playeritemicon/balloon_0120,ab/bc/bce737a7055d740d3a40ff49cfa45737.unity3d,Texture2D,balloon_0120,-1166828432301270364,image/playeritemicon/balloon_0120.png,228,160,
image/playeritemicon/balloon_0123,ab/66/665aec62f22d0f8f9ce4073b1677f8f6.unity3d,Texture2D,balloon_0123,8536792829505933165,image/playeritemicon/balloon_0123.png,228,160,
image/playeritemicon/balloon_0124,ab/22/2220612165ae197ce42881dc9d012cf5.unity3d,Texture2D,balloon_0124,-3307944425333419070,image/playeritemicon/balloon_0124.png,228,160,
image/playeritemicon/balloon_0127,ab/26/267374594250c0138c5a4ef065effac8.unity3d,Texture2D,balloon_0127,6747500271454623256,image/playeritemicon/balloon_0127.png,228,160,
image/playeritemicon/balloon_0131,ab/fc/fca3b5e052bed530f03af485963783e3.unity3d,Texture2D,balloon_0131,-9194838698721609097,image/playeritemicon/balloon_0131.png,228,160,
image/playeritemicon/balloon_0136,ab/dd/dd52dc420b2cda1319fcc613b2e983eb.unity3d,Texture2D,balloon_0136,-9011848388031591035,image/playeritemicon/balloon_0136.png,228,160,
image/playeritemicon/balloon_0138,ab/0b/0b302ed255c321cb67c038ecf9f9bbe7.unity3d,Texture2D,balloon_0138,5094748821838764112,image/playeritemicon/balloon_0138.png,228,160,
image/playeritemicon/balloon_0140,ab/67/67fa89423827a1dd784b5574c53965c3.unity3d,Texture2D,balloon_0140,-9097666928972425931,image/playeritemicon/balloon_0140.png,228,160,
image/playeritemicon/balloon_0141,ab/3c/3c2a217e15296790c27fdba1cb96aa9d.unity3d,Texture2D,balloon_0141,475910516171736647,image/playeritemicon/balloon_0141.png,228,160,
image/playeritemicon/balloon_0142,ab/f4/f494027b5e0c07ac46f06752d38d4bdc.unity3d,Texture2D,balloon_0142,-5044048630273431673,image/playeritemicon/balloon_0142.png,228,160,
image/playeritemicon/balloon_0149,ab/bc/bca86314c6237a8c9b508e6bc04cb5bc.unity3d,Texture2D,balloon_0149,-5462460370370692235,image/playeritemicon/balloon_0149.png,228,160,
image/playeritemicon/balloon_0150,ab/47/4771fa474baa0cb2bc919e7b6c1a4bc2.unity3d,Texture2D,balloon_0150,-6364862601107922489,image/playeritemicon/balloon_0150.png,228,160,
image/playeritemicon/balloon_0151,ab/65/65e3d57e2391c7f240570c9c5d559394.unity3d,Texture2D,balloon_0151,4123450638541408775,image/playeritemicon/balloon_0151.png,228,160,
image/playeritemicon/balloon_0152,ab/dd/dd9b3e7dd8f9c55e71f5986881ddaf36.unity3d,Texture2D,balloon_0152,-2584554120955259908,image/playeritemicon/balloon_0152.png,228,160,
image/playeritemicon/balloon_0155,ab/d1/d1ac5972607102aeb0c680efd413b2ed.unity3d,Texture2D,balloon_0155,-2334127551185013336,image/playeritemicon/balloon_0155.png,228,160,
image/playeritemicon/balloon_0159,ab/eb/eb1ffa2de68fa28a15e5aeff52b9e433.unity3d,Texture2D,balloon_0159,1703483945558550366,image/playeritemicon/balloon_0159.png,228,160,
image/playeritemicon/balloon_0160,ab/e9/e9947aa2c4c6a9a4952eaeeb5b2748d7.unity3d,Texture2D,balloon_0160,3092493809391066401,image/playeritemicon/balloon_0160.png,228,160,
image/playeritemicon/balloon_0161,ab/b6/b6ae0c0819b74bfd5c8b824dd65c8ba9.unity3d,Texture2D,balloon_0161,-5441837462955088159,image/playeritemicon/balloon_0161.png,228,160,
image/playeritemicon/balloon_0162,ab/cf/cf4305a73f60eca424516cdabe599c9a.unity3d,Texture2D,balloon_0162,6426104898728069798,image/playeritemicon/balloon_0162.png,228,160,
image/playeritemicon/balloon_0167,ab/f0/f0a8ad0e4c02e4bc07c2cfe7bc03df9a.unity3d,Texture2D,balloon_0167,6118766476753293271,image/playeritemicon/balloon_0167.png,228,160,
image/playeritemicon/balloon_0168,ab/43/43b4bafeabf48460c5e2aacddbedc1c8.unity3d,Texture2D,balloon_0168,1364433859922521897,image/playeritemicon/balloon_0168.png,228,160,
image/playeritemicon/balloon_0171,ab/ee/ee87256361fc632bfd699e7ac4346b75.unity3d,Texture2D,balloon_0171,-385440504974995521,image/playeritemicon/balloon_0171.png,228,160,
image/playeritemicon/balloon_0177,ab/e3/e3c13b5050d212154d4fc9f312b18d2d.unity3d,Texture2D,balloon_0177,3576348701149884588,image/playeritemicon/balloon_0177.png,228,160,
image/playeritemicon/balloon_0180,ab/d5/d55d70ac65c0a21a054262923b56d83a.unity3d,Texture2D,balloon_0180,-2294612798192205968,image/playeritemicon/balloon_0180.png,228,160,
image/playeritemicon/balloon_0181,ab/2d/2d9aa755a274201b1263b4ec7bd2d17e.unity3d,Texture2D,balloon_0181,-8357974242060199314,image/playeritemicon/balloon_0181.png,228,160,
image/playeritemicon/balloon_0185,ab/0d/0dd101543e968364db9257ac4e787f24.unity3d,Texture2D,balloon_0185,438891443113825390,image/playeritemicon/balloon_0185.png,228,160,
image/playeritemicon/balloon_0194,ab/bc/bcf46ded90c76ff42ad9b1f35369b174.unity3d,Texture2D,balloon_0194,2745970544133342844,image/playeritemicon/balloon_0194.png,228,160,
image/playeritemicon/balloon_0196,ab/29/291b9f2dedc0364dd8899f9cdbb1586a.unity3d,Texture2D,balloon_0196,4984193672443061392,image/playeritemicon/balloon_0196.png,228,160,
image/playeritemicon/balloon_0203,ab/29/299b09e9d10e3a763bb85d7b9c0c0859.unity3d,Texture2D,balloon_0203,5587771357056144557,image/playeritemicon/balloon_0203.png,228,160,
image/playeritemicon/balloon_0204,ab/d2/d2ba651d2c7e47b2467a711cf71748a1.unity3d,Texture2D,balloon_0204,-1206112758309800825,image/playeritemicon/balloon_0204.png,228,160,
image/playeritemicon/balloon_0206,ab/e2/e22bc7ee19fbc7fa50298b9310121541.unity3d,Texture2D,balloon_0206,-8494529587351441507,image/playeritemicon/balloon_0206.png,228,160,
image/playeritemicon/balloon_0210,ab/0d/0d10dffae57e45d1be71f82b1ec8d986.unity3d,Texture2D,balloon_0210,-5008118751473485327,image/playeritemicon/balloon_0210.png,228,160,
image/playeritemicon/balloon_0211,ab/50/50bedcb1fd35c424011b1fbbb6fac1ab.unity3d,Texture2D,balloon_0211,-4938382834074795456,image/playeritemicon/balloon_0211.png,228,160,
image/playeritemicon/balloon_0213,ab/f1/f1a607d23614a6e22bf3ab218ed1d5a7.unity3d,Texture2D,balloon_0213,7566799761536399269,image/playeritemicon/balloon_0213.png,228,160,
image/playeritemicon/balloon_0216,ab/c1/c1878cbc72191c70d225d524c00ce91d.unity3d,Texture2D,balloon_0216,4181687197992841487,image/playeritemicon/balloon_0216.png,228,160,
image/playeritemicon/balloon_0227,ab/cb/cb5db6b9a5b68bbd1fa99a944d51ff47.unity3d,Texture2D,balloon_0227,6793932007363579608,image/playeritemicon/balloon_0227.png,228,160,
image/playeritemicon/balloon_0228,ab/17/17149ea415ae62997fa052eb369dfccc.unity3d,Texture2D,balloon_0228,6179538965897821559,image/playeritemicon/balloon_0228.png,228,160,
image/playeritemicon/balloon_0231,ab/53/5319b626bb2b2308b8552242353c660d.unity3d,Texture2D,balloon_0231,4720677225793337529,image/playeritemicon/balloon_0231.png,228,160,
image/playeritemicon/balloon_0234,ab/31/31bc474e427fada6f5f41d336c4051f1.unity3d,Texture2D,balloon_0234,8470194423565144010,image/playeritemicon/balloon_0234.png,228,160,
image/playeritemicon/balloon_0237,ab/0a/0a2346a1e4ece47f9428f4b823215fc0.unity3d,Texture2D,balloon_0237,-2807094165777347305,image/playeritemicon/balloon_0237.png,228,160,
image/playeritemicon/balloon_0242,ab/dd/dd81f9e3c4aa5f15019c06693dbdc287.unity3d,Texture2D,balloon_0242,8405565558426227110,image/playeritemicon/balloon_0242.png,228,160,
image/playeritemicon/balloon_0247,ab/27/27f27febfa3b77d212b29eed6bb676d3.unity3d,Texture2D,balloon_0247,-4916277577872604482,image/playeritemicon/balloon_0247.png,228,160,
image/playeritemicon/balloon_0249,ab/19/19ccea4a5c9a9ad739efc7cafbe7e520.unity3d,Texture2D,balloon_0249,1139971705220154962,image/playeritemicon/balloon_0249.png,228,160,
image/playeritemicon/balloon_0250,ab/e0/e005c95ad760ed187cf1620ca614ad40.unity3d,Texture2D,balloon_0250,-4011511547972949851,image/playeritemicon/balloon_0250.png,228,160,
image/playeritemicon/balloon_0253,ab/65/65da738115cb497480e3693843648ab4.unity3d,Texture2D,balloon_0253,-1790962934717537244,image/playeritemicon/balloon_0253.png,228,160,
image/playeritemicon/balloon_0259,ab/50/50f2adb5d7f7c79e4fee33cebd57c255.unity3d,Texture2D,balloon_0259,5575688567624181554,image/playeritemicon/balloon_0259.png,228,160,
image/playeritemicon/balloon_0260,ab/e8/e86ef483a3ec698bbdac61eaf459760e.unity3d,Texture2D,balloon_0260,3735480395509373250,image/playeritemicon/balloon_0260.png,228,160,
image/playeritemicon/balloon_0261,ab/f7/f72c2e623f06248e016b8585ca133df7.unity3d,Texture2D,balloon_0261,9169604350350030627,image/playeritemicon/balloon_0261.png,228,160,
image/playeritemicon/balloon_0262,ab/de/deea6b2e9ef2808f041fb22bf7d640ee.unity3d,Texture2D,balloon_0262,4911338130835616060,image/playeritemicon/balloon_0262.png,228,160,
image/playeritemicon/balloon_0267,ab/d2/d2bdacc8b90a23779092ae80127dbd1b.unity3d,Texture2D,balloon_0267,7348457379681109997,image/playeritemicon/balloon_0267.png,228,160,
image/playeritemicon/balloon_0270,ab/c1/c15f18e5c3a22e65a0341c065b993f1b.unity3d,Texture2D,balloon_0270,78501774956785477,image/playeritemicon/balloon_0270.png,228,160,
image/playeritemicon/balloon_0274,ab/fc/fc92b1b9bd49fd2f987b2f9004f96240.unity3d,Texture2D,balloon_0274,-3087994231567872629,image/playeritemicon/balloon_0274.png,228,160,
image/playeritemicon/balloon_0279_icon,ab/e3/e3988475fcd0ad2e1f27ef1786587be5.unity3d,Texture2D,balloon_0279_icon,-2029804839194706184,image/playeritemicon/balloon_0279_icon.png,228,160,
image/playeritemicon/balloon_0284,ab/d5/d5953d773affc4dc988f440d298898ed.unity3d,Texture2D,balloon_0284,-9017022384118957090,image/playeritemicon/balloon_0284.png,228,160,
image/playeritemicon/balloon_0285,ab/d1/d1b1e9262928c0db11a541c65668d539.unity3d,Texture2D,balloon_0285,-3149878341945903095,image/playeritemicon/balloon_0285.png,228,160,
image/playeritemicon/balloon_0288,ab/ca/ca6badd44f9a1f3d314dd7ec4abd9310.unity3d,Texture2D,balloon_0288,-1226614182636362278,image/playeritemicon/balloon_0288.png,228,160,
image/playeritemicon/balloon_0290,ab/be/be3640d1e85101e9d74cf09edcd7b570.unity3d,Texture2D,balloon_0290,7786460850008864628,image/playeritemicon/balloon_0290.png,228,160,
image/playeritemicon/balloon_0297,ab/47/47569097d53673ac95f348ce06682a2a.unity3d,Texture2D,balloon_0297,-9030478210017303144,image/playeritemicon/balloon_0297.png,228,160,
image/playeritemicon/balloon_0299,ab/f3/f32f65f045c17758ebf117e186bced20.unity3d,Texture2D,balloon_0299,8990997403327193053,image/playeritemicon/balloon_0299.png,228,160,
image/playeritemicon/balloon_0309,ab/fc/fcb228ba53a6e200b430bcbd0a674e8b.unity3d,Texture2D,balloon_0309,-3176071932223612453,image/playeritemicon/balloon_0309.png,228,160,
image/playeritemicon/balloon_0313,ab/cd/cd7d90d4b80c6771ed7af0f984cc1da7.unity3d,Texture2D,balloon_0313,3544948264817639382,image/playeritemicon/balloon_0313.png,228,160,
image/playeritemicon/balloon_0317,ab/26/26a4aabdc8e3988a644613dccb5c6457.unity3d,Texture2D,balloon_0317,-940356987918718376,image/playeritemicon/balloon_0317.png,228,160,
image/playeritemicon/balloon_0321,ab/47/47e34ce8fb0906f1c592fe051db3310e.unity3d,Texture2D,balloon_0321,-5991226859725874289,image/playeritemicon/balloon_0321.png,228,160,
image/playeritemicon/balloon_0324,ab/cf/cfa0ef8a1a2a73cda1986bce9e81cc74.unity3d,Texture2D,balloon_0324,7155662540174096295,image/playeritemicon/balloon_0324.png,228,160,
image/playeritemicon/balloon_0326,ab/43/43fc6cf2e4f2579eac7373f9da7c2027.unity3d,Texture2D,balloon_0326,3923375199712049697,image/playeritemicon/balloon_0326.png,228,160,
image/playeritemicon/balloon_0327,ab/c1/c18decf3182f4e03e348383e67a6d471.unity3d,Texture2D,balloon_0327,-2714046804005287924,image/playeritemicon/balloon_0327.png,228,160,
image/playeritemicon/balloon_0328,ab/04/043e7f29218c1a55d3458abbaca8a408.unity3d,Texture2D,balloon_0328,5407426006053729620,image/playeritemicon/balloon_0328.png,228,160,
image/playeritemicon/balloon_0337,ab/f5/f5d7c7f407f8dde290576592b787c8a7.unity3d,Texture2D,balloon_0337,7248464853476813504,image/playeritemicon/balloon_0337.png,228,160,
image/playeritemicon/balloon_0344,ab/c7/c77cd5475db18f6c8701473a2c7f1029.unity3d,Texture2D,balloon_0344,-3532841051444725399,image/playeritemicon/balloon_0344.png,228,160,
image/playeritemicon/balloon_0345,ab/02/023c67252f639a637de1d6c5a8cee128.unity3d,Texture2D,balloon_0345,-2241680732526477438,image/playeritemicon/balloon_0345.png,228,160,
image/playeritemicon/balloon_0346,ab/f5/f5293cddc667915d80a593f3b734dfd1.unity3d,Texture2D,balloon_0346,8732363618929104961,image/playeritemicon/balloon_0346.png,228,160,
image/playeritemicon/balloon_0347,ab/dd/ddef398734ee4daa61e95a3df5dc1401.unity3d,Texture2D,balloon_0347,-4718748423469475520,image/playeritemicon/balloon_0347.png,228,160,
image/playeritemicon/balloon_0349,ab/29/2955d7d6356d56cb4da2d0ad43317972.unity3d,Texture2D,balloon_0349,-4168531223239445840,image/playeritemicon/balloon_0349.png,228,160,
image/playeritemicon/balloon_0352,ab/f9/f905cea22e4786bdc004ba5f82fc6ecb.unity3d,Texture2D,balloon_0352,6559297910635679518,image/playeritemicon/balloon_0352.png,228,160,
image/playeritemicon/balloon_0355,ab/16/166ad155b720d10dd8b5408b81a9fa84.unity3d,Texture2D,balloon_0355,8307168793544338129,image/playeritemicon/balloon_0355.png,228,160,
image/playeritemicon/balloon_0357,ab/02/02922d21adc31a5bfb71d4bae5d861b4.unity3d,Texture2D,balloon_0357,293381787692984237,image/playeritemicon/balloon_0357.png,228,160,
image/playeritemicon/balloon_0359,ab/ea/ea3ca5a783a943739008561c5ee57e65.unity3d,Texture2D,balloon_0359,7847498757675920553,image/playeritemicon/balloon_0359.png,228,160,
image/playeritemicon/balloon_0363,ab/e8/e8d59ecf3f360f75ab76caa59ca239b2.unity3d,Texture2D,balloon_0363,-3704184991988118300,image/playeritemicon/balloon_0363.png,228,160,
image/playeritemicon/balloon_0364,ab/17/1773551db0b88edc813c9738da67a790.unity3d,Texture2D,balloon_0364,-7368119602296679449,image/playeritemicon/balloon_0364.png,228,160,
image/playeritemicon/balloon_0369,ab/c9/c94335096c6ced476585dffdfd9828e8.unity3d,Texture2D,balloon_0369,-899626460842515197,image/playeritemicon/balloon_0369.png,228,160,
image/playeritemicon/balloon_0375,ab/22/22bf8e56a17075e8c2ba5fa34b025c1f.unity3d,Texture2D,balloon_0375,7822841990993718254,image/playeritemicon/balloon_0375.png,228,160,
image/playeritemicon/balloon_0377,ab/1d/1de8222bc6653fbda05d43b197da1e94.unity3d,Texture2D,balloon_0377,-3580221409447554439,image/playeritemicon/balloon_0377.png,228,160,
image/playeritemicon/balloon_0378,ab/fd/fd5072f7ccc47acc8250e39339270349.unity3d,Texture2D,balloon_0378,-7553857459782970848,image/playeritemicon/balloon_0378.png,228,160,
image/playeritemicon/balloon_0381,ab/55/5541499574309a1b947349347e0532e4.unity3d,Texture2D,balloon_0381,-6605068740442278428,image/playeritemicon/balloon_0381.png,228,160,
image/playeritemicon/balloon_0383,ab/58/58af1dc9622237c679439c786a8a2d4b.unity3d,Texture2D,balloon_0383,-2662629923795791953,image/playeritemicon/balloon_0383.png,228,160,
image/playeritemicon/balloon_0384,ab/af/af6ad2069afb5f23e61f4a7a8d9c9b02.unity3d,Texture2D,balloon_0384,1432212824654881210,image/playeritemicon/balloon_0384.png,228,160,
image/playeritemicon/balloon_0386,ab/16/1628c2ebfc73045ae7fa98bce1e18930.unity3d,Texture2D,balloon_0386,3371664763480375221,image/playeritemicon/balloon_0386.png,228,160,
image/playeritemicon/balloon_0389,ab/36/36f4695e8583f5b995d5464f61609c0d.unity3d,Texture2D,balloon_0389,4869652366334956498,image/playeritemicon/balloon_0389.png,228,160,
image/playeritemicon/balloon_0391,ab/0a/0a67a300d6207f4f92b1746fef17b79e.unity3d,Texture2D,balloon_0391,8729757011413279082,image/playeritemicon/balloon_0391.png,228,160,
image/playeritemicon/balloon_0392,ab/c8/c81b8d6e03dff84e604eee30947decaa.unity3d,Texture2D,balloon_0392,1903773152750184755,image/playeritemicon/balloon_0392.png,228,160,
image/playeritemicon/balloon_0393,ab/c3/c37230d876b9078b03fc12fec852f848.unity3d,Texture2D,balloon_0393,6594865125745665857,image/playeritemicon/balloon_0393.png,228,160,
image/playeritemicon/balloon_0394,ab/36/367d250dffc07e9b3ea0e128f7fb17c2.unity3d,Texture2D,balloon_0394,1480759380568331634,image/playeritemicon/balloon_0394.png,228,160,
image/playeritemicon/balloon_0396,ab/fc/fc33c024353c98ff4bf9cd8400816525.unity3d,Texture2D,balloon_0396,640418794150597806,image/playeritemicon/balloon_0396.png,228,160,
image/playeritemicon/balloon_0401,ab/29/29601ad9617c99c95272e4dad6db62d5.unity3d,Texture2D,balloon_0401,-8563412964734532602,image/playeritemicon/balloon_0401.png,228,160,
image/playeritemicon/balloon_0413,ab/e0/e0be25e5e3dcb249fbc33d518043bcd7.unity3d,Texture2D,balloon_0413,-4712427395349070894,image/playeritemicon/balloon_0413.png,228,160,
image/playeritemicon/balloon_0415,ab/d0/d01239092559b9f46805bfef5652bef9.unity3d,Texture2D,balloon_0415,2903249021879924170,image/playeritemicon/balloon_0415.png,228,160,
image/playeritemicon/balloon_0422,ab/29/296a84b8eb52eaf8a6e7d6dfb6dd6afc.unity3d,Texture2D,balloon_0422,1225684661468194874,image/playeritemicon/balloon_0422.png,228,160,
image/playeritemicon/balloon_0423,ab/16/167f4f534e9786e2492837a0408df2cf.unity3d,Texture2D,balloon_0423,-2697558359645277616,image/playeritemicon/balloon_0423.png,228,160,
image/playeritemicon/balloon_0424,ab/03/033014936ae90b04350a61670fdf90b2.unity3d,Texture2D,balloon_0424,7055474071496087879,image/playeritemicon/balloon_0424.png,228,160,
image/playeritemicon/balloon_0426,ab/0e/0eeaff031d98ef2a4e3e810ecbacf8a4.unity3d,Texture2D,balloon_0426,4077184465777761263,image/playeritemicon/balloon_0426.png,228,160,
image/playeritemicon/balloon_0427,ab/40/409e7a7f8cdf43f4430979d0b928b605.unity3d,Texture2D,balloon_0427,1476637520069603465,image/playeritemicon/balloon_0427.png,228,160,
image/playeritemicon/balloon_0432,ab/51/51f2d7a73afcfb371dbb24513a4ff68a.unity3d,Texture2D,balloon_0432,-297077355157784520,image/playeritemicon/balloon_0432.png,228,160,
image/playeritemicon/balloon_0433,ab/e5/e5448ada895408c776e0418e37e1f5d7.unity3d,Texture2D,balloon_0433,-5635975344819106395,image/playeritemicon/balloon_0433.png,228,160,
image/playeritemicon/balloon_0442,ab/43/435c123c10f5bc084be608307570d52e.unity3d,Texture2D,balloon_0442,-573204869817407269,image/playeritemicon/balloon_0442.png,228,160,
image/playeritemicon/balloon_0448,ab/2f/2fdfff3d25ebf6356cb87be447c51112.unity3d,Texture2D,balloon_0448,-2883712449947718444,image/playeritemicon/balloon_0448.png,228,160,
image/playeritemicon/balloon_0451,ab/b6/b672f63e01945100e0236dc1102c2b73.unity3d,Texture2D,balloon_0451,-8401323768025362938,image/playeritemicon/balloon_0451.png,228,160,
image/playeritemicon/balloon_0452,ab/35/35838726847c618bb82765355f93a2b4.unity3d,Texture2D,balloon_0452,2923240016275032914,image/playeritemicon/balloon_0452.png,228,160,
image/playeritemicon/balloon_0457,ab/f5/f50370d7b6d77c1cebe202f53f11fef3.unity3d,Texture2D,balloon_0457,-5050313720035684676,image/playeritemicon/balloon_0457.png,228,160,
image/playeritemicon/balloon_0458,ab/f4/f41195bea3b11bd422541b95bc9f34ed.unity3d,Texture2D,balloon_0458,-966760639690800538,image/playeritemicon/balloon_0458.png,228,160,
image/playeritemicon/balloon_0461,ab/27/2793818447aa0154d86e532be8edf1ed.unity3d,Texture2D,balloon_0461,7910521091247297659,image/playeritemicon/balloon_0461.png,228,160,
image/playeritemicon/balloon_0462,ab/b8/b883721ef132d2d02d473c70b0e4edd2.unity3d,Texture2D,balloon_0462,1742996078279615882,image/playeritemicon/balloon_0462.png,228,160,
image/playeritemicon/balloon_0475,ab/19/19f06b2ffb8d4e99b2ef20e781cd86ca.unity3d,Texture2D,balloon_0475,-1590891197998746976,image/playeritemicon/balloon_0475.png,228,160,
image/playeritemicon/balloon_0479,ab/e2/e2f35aba08a78138241c940f01cff4a8.unity3d,Texture2D,balloon_0479,-5781674185890121196,image/playeritemicon/balloon_0479.png,228,160,
image/playeritemicon/balloon_0481,ab/28/2844abaf1cd7074d30140612a623b4c1.unity3d,Texture2D,balloon_0481,4056198523884749923,image/playeritemicon/balloon_0481.png,228,160,
image/playeritemicon/balloon_0483,ab/67/673c15dab726420f07e932b2bf771bfd.unity3d,Texture2D,balloon_0483,-6920930246554868034,image/playeritemicon/balloon_0483.png,228,160,
image/playeritemicon/balloon_0485,ab/69/69779535f92324b470e0e959e0403540.unity3d,Texture2D,balloon_0485,-362524071199315434,image/playeritemicon/balloon_0485.png,228,160,
image/playeritemicon/balloon_0488,ab/bd/bd46016ec2a045f1bc6c497eddab8c05.unity3d,Texture2D,balloon_0488,-2859163826710774803,image/playeritemicon/balloon_0488.png,228,160,
image/playeritemicon/balloon_0497,ab/c3/c372ad7455bf2c696ee5cdb38d981909.unity3d,Texture2D,balloon_0497,2487336777870213166,image/playeritemicon/balloon_0497.png,228,160,
image/playeritemicon/balloon_0498,ab/eb/ebd5099ce12b4a2bf9271a27c85c375e.unity3d,Texture2D,balloon_0498,3021412756612840753,image/playeritemicon/balloon_0498.png,228,160,
image/playeritemicon/balloon_0499,ab/17/178058cc1996c76a882482d58237ad0c.unity3d,Texture2D,balloon_0499,5072845582449014844,image/playeritemicon/balloon_0499.png,228,160,
image/playeritemicon/balloon_0500,ab/e8/e83a43627b0f4c9626b59a74bd6359e1.unity3d,Texture2D,balloon_0500,2552409883894430913,image/playeritemicon/balloon_0500.png,228,160,
image/playeritemicon/balloon_0501,ab/fd/fdf9a21102aac2acd286cc5e3026f972.unity3d,Texture2D,balloon_0501,5105820828327621469,image/playeritemicon/balloon_0501.png,228,160,
image/playeritemicon/balloon_0503,ab/d8/d87f863669678f212c32098c13cdc5f8.unity3d,Texture2D,balloon_0503,4403068214314077558,image/playeritemicon/balloon_0503.png,228,160,
image/playeritemicon/balloon_0504,ab/32/3262f76f212efddaee083be7a013205b.unity3d,Texture2D,balloon_0504,-4022331639532955628,image/playeritemicon/balloon_0504.png,228,160,
image/playeritemicon/balloon_0508,ab/ea/ea1dd7d03415211052d069c90c5bfce1.unity3d,Texture2D,balloon_0508,8594326335391544695,image/playeritemicon/balloon_0508.png,228,160,
image/playeritemicon/balloon_0517,ab/ca/cacabb1f768017a97b2747310d1e98cf.unity3d,Texture2D,balloon_0517,-5704381882855884242,image/playeritemicon/balloon_0517.png,228,160,
image/playeritemicon/balloon_0520,ab/04/043f1adf41931e32c3c53392f537d05c.unity3d,Texture2D,balloon_0520,-6176843315605579122,image/playeritemicon/balloon_0520.png,228,160,
image/playeritemicon/balloon_0521,ab/f3/f3cf7731eb107f5a3dfdff3b323a0e95.unity3d,Texture2D,balloon_0521,-1165670340723102107,image/playeritemicon/balloon_0521.png,228,160,
image/playeritemicon/balloon_0522,ab/f8/f8bd8c1b81f8585c0f8c6f1e89357b01.unity3d,Texture2D,balloon_0522,6863757066648574091,image/playeritemicon/balloon_0522.png,228,160,
image/playeritemicon/balloon_0527,ab/c8/c8625956a1e919af56f672f224b883f8.unity3d,Texture2D,balloon_0527,8941450117147772334,image/playeritemicon/balloon_0527.png,228,160,
image/playeritemicon/balloon_0531,ab/c1/c1345bc0717c334a9202649667634268.unity3d,Texture2D,balloon_0531,-1402003862197023180,image/playeritemicon/balloon_0531.png,228,160,
image/playeritemicon/balloon_0532,ab/fd/fdd076fef2ff50d791bc7e101ab9dbd3.unity3d,Texture2D,balloon_0532,716511260810583819,image/playeritemicon/balloon_0532.png,228,160,
image/playeritemicon/balloon_0535,ab/3f/3f0a29dd56dcc92d0259d52a596a87c1.unity3d,Texture2D,balloon_0535,-7196850169424759370,image/playeritemicon/balloon_0535.png,228,160,
image/playeritemicon/balloon_0536,ab/55/55030fb4c8c38a22f56a7897c869f8d2.unity3d,Texture2D,balloon_0536,-8624085100979502934,image/playeritemicon/balloon_0536.png,228,160,
image/playeritemicon/balloon_0538,ab/fd/fd54a3ca9ce5bcf3e6d0835dd55a8aa7.unity3d,Texture2D,balloon_0538,57247756025483220,image/playeritemicon/balloon_0538.png,228,160,
image/playeritemicon/balloon_0540,ab/28/286ae346706164da266d5b39dd68ebb2.unity3d,Texture2D,balloon_0540,-2570740817971766170,image/playeritemicon/balloon_0540.png,228,160,
image/playeritemicon/balloon_0541,ab/28/28b6f06dd467050b87aea626784992e5.unity3d,Texture2D,balloon_0541,-1042574526510889273,image/playeritemicon/balloon_0541.png,228,160,
image/playeritemicon/balloon_0547,ab/f9/f9bf8aa1b7a3936849e78906f9dfbb8b.unity3d,Texture2D,balloon_0547,3175305445567314607,image/playeritemicon/balloon_0547.png,228,160,
image/playeritemicon/balloon_0550,ab/b0/b0e590d697deabd2c3c2be6bf5465467.unity3d,Texture2D,balloon_0550,2927225426228546405,image/playeritemicon/balloon_0550.png,228,160,
image/playeritemicon/balloon_0551,ab/cb/cb6c168f28c694e61947c349aa132987.unity3d,Texture2D,balloon_0551,858074227271041350,image/playeritemicon/balloon_0551.png,228,160,
image/playeritemicon/balloon_0552,ab/c8/c8c62f58f5eb2ec7e804a37dc3549026.unity3d,Texture2D,balloon_0552,-2249956065616828036,image/playeritemicon/balloon_0552.png,228,160,
image/playeritemicon/balloon_0553,ab/f9/f9a57931e9bbebf11a84e476bba7da50.unity3d,Texture2D,balloon_0553,-4491032273605187774,image/playeritemicon/balloon_0553.png,228,160,
image/playeritemicon/balloon_0554,ab/2d/2dbbe8d9fbca3d4c11835ae8dd529ab2.unity3d,Texture2D,balloon_0554,2838361592375857780,image/playeritemicon/balloon_0554.png,228,160,
image/playeritemicon/balloon_0559,ab/cd/cded636f203408b0e7f708a588c38597.unity3d,Texture2D,balloon_0559,-5317537302868977430,image/playeritemicon/balloon_0559.png,228,160,
image/playeritemicon/balloon_0560,ab/3b/3b4a7f468c96e1a58a4a3be0a6b42f7a.unity3d,Texture2D,balloon_0560,8162237094369300036,image/playeritemicon/balloon_0560.png,228,160,
image/playeritemicon/balloon_0564,ab/d5/d52ccba774d595ad9fe5098c9de48a38.unity3d,Texture2D,balloon_0564,3802004805293582110,image/playeritemicon/balloon_0564.png,228,160,
image/playeritemicon/balloon_0567,ab/be/be64fd90fbac8ee530f5e5ca1c9683d2.unity3d,Texture2D,balloon_0567,-2433817683265693178,image/playeritemicon/balloon_0567.png,228,160,
image/playeritemicon/balloon_0568,ab/00/003b98e18017e26c6230db356771b5bc.unity3d,Texture2D,balloon_0568,9063693089519177791,image/playeritemicon/balloon_0568.png,228,160,
image/playeritemicon/balloon_0569,ab/f0/f0b76ed078917d33b29b9623dad7b5cd.unity3d,Texture2D,balloon_0569,-9115183264902582503,image/playeritemicon/balloon_0569.png,228,160,
image/playeritemicon/balloon_0570,ab/27/27b2068638769c0d1bcdae5161874d8f.unity3d,Texture2D,balloon_0570,362200645492211746,image/playeritemicon/balloon_0570.png,228,160,
image/playeritemicon/balloon_0576,ab/fc/fce7e6609f434fc4c49e8eca72b0e827.unity3d,Texture2D,balloon_0576,6158714162367438340,image/playeritemicon/balloon_0576.png,228,160,
image/playeritemicon/balloon_0578,ab/b5/b5cd1b754dfde95345e989556713b65a.unity3d,Texture2D,balloon_0578,-2121982112101658621,image/playeritemicon/balloon_0578.png,228,160,
image/playeritemicon/balloon_0580,ab/d1/d1e610d0a9279197dcd69fc96c56f1a1.unity3d,Texture2D,balloon_0580,-503143582870786679,image/playeritemicon/balloon_0580.png,228,160,
image/playeritemicon/balloon_0584,ab/42/421dfd22b297ff032f1629abe2806bc9.unity3d,Texture2D,balloon_0584,-5833790441427709721,image/playeritemicon/balloon_0584.png,228,160,
image/playeritemicon/balloon_0586,ab/af/af0a96f89d883b5ccae3c9b9c7d1dd6e.unity3d,Texture2D,balloon_0586,5261733963573623664,image/playeritemicon/balloon_0586.png,228,160,
image/playeritemicon/balloon_0587,ab/d2/d24eb8953ce33b604d6ce981f8fde09c.unity3d,Texture2D,balloon_0587,8358297353103928324,image/playeritemicon/balloon_0587.png,228,160,
image/playeritemicon/balloon_0588,ab/e8/e8b63491178aaff15ada08973342b45a.unity3d,Texture2D,balloon_0588,3542014803228346911,image/playeritemicon/balloon_0588.png,228,160,
image/playeritemicon/balloon_0589,ab/ee/eed155cc93b14170de0aca1de6bb5501.unity3d,Texture2D,balloon_0589,-4346097778337758999,image/playeritemicon/balloon_0589.png,228,160,
image/playeritemicon/balloon_0590,ab/0c/0c97f79e32a013df831546e3f1b1537f.unity3d,Texture2D,balloon_0590,8658824870177328037,image/playeritemicon/balloon_0590.png,228,160,
image/playeritemicon/balloon_0592,ab/49/49d1844974facbab5271394135e9eaed.unity3d,Texture2D,balloon_0592,7055057641899137307,image/playeritemicon/balloon_0592.png,228,160,
image/playeritemicon/balloon_0593,ab/fc/fcb20bfcd613462e0aa93b9e17c12a7a.unity3d,Texture2D,balloon_0593,-4515587674840083817,image/playeritemicon/balloon_0593.png,228,160,
image/playeritemicon/balloon_0598,ab/d3/d3032e0a97431e9b26cec818f6afabd7.unity3d,Texture2D,balloon_0598,-7542745636720481431,image/playeritemicon/balloon_0598.png,228,160,
image/playeritemicon/balloon_0599,ab/29/29e67bf4eea895c33ee411c01e879296.unity3d,Texture2D,balloon_0599,7105340075648090089,image/playeritemicon/balloon_0599.png,228,160,
image/playeritemicon/balloon_0600,ab/3f/3ff41e4ac3eed060520c92c7c218cd06.unity3d,Texture2D,balloon_0600,-504193623705909129,image/playeritemicon/balloon_0600.png,228,160,
image/playeritemicon/balloon_0602,ab/f9/f9f527b62f0a572a38bc95b6f56a4088.unity3d,Texture2D,balloon_0602,-529044481959921491,image/playeritemicon/balloon_0602.png,228,160,
image/playeritemicon/balloon_0604,ab/f5/f5ce6f063076a7a1b1506140fdff9702.unity3d,Texture2D,balloon_0604,-6214046572979044515,image/playeritemicon/balloon_0604.png,228,160,
image/playeritemicon/balloon_0606,ab/af/afdaad8d6286722b85e4cc7a1741cca5.unity3d,Texture2D,balloon_0606,2703094811532400124,image/playeritemicon/balloon_0606.png,228,160,
image/playeritemicon/balloon_0609,ab/fc/fc2b96b9add5c5ce2c0f67a7de4247ac.unity3d,Texture2D,balloon_0609,3028727031987948660,image/playeritemicon/balloon_0609.png,228,160,
image/playeritemicon/balloon_0610,ab/0b/0bae771af0d04bfdbf19026cc2fabb57.unity3d,Texture2D,balloon_0610,-6255272528695764410,image/playeritemicon/balloon_0610.png,228,160,
image/playeritemicon/balloon_0611,ab/23/236913ab4abef7844646e5b5fa54ba0c.unity3d,Texture2D,balloon_0611,5557901971634092617,image/playeritemicon/balloon_0611.png,228,160,
image/playeritemicon/balloon_0612,ab/66/662ea0c8c01cfbe7af96d15c2c2b0eab.unity3d,Texture2D,balloon_0612,-665148559133705128,image/playeritemicon/balloon_0612.png,228,160,
image/playeritemicon/balloon_0618,ab/31/3182631d8177dda19cb11639ad534279.unity3d,Texture2D,balloon_0618,-4226911726264904513,image/playeritemicon/balloon_0618.png,228,160,
image/playeritemicon/balloon_0626,ab/0a/0a2bb0be4bfeea0930ff02b9f0955852.unity3d,Texture2D,balloon_0626,-1995085446755573183,image/playeritemicon/balloon_0626.png,228,160,
image/playeritemicon/balloon_0629,ab/b3/b311ab00a1fcb0c19f3930889f64ad4d.unity3d,Texture2D,balloon_0629,-5810128292656019584,image/playeritemicon/balloon_0629.png,228,160,
image/playeritemicon/balloon_0631,ab/26/26de7276ecd872e94bba0036159ef769.unity3d,Texture2D,balloon_0631,3815802259122478968,image/playeritemicon/balloon_0631.png,228,160,
image/playeritemicon/balloon_0632,ab/2f/2feb92d06291ef5031723933874ccfb4.unity3d,Texture2D,balloon_0632,1305751433947569278,image/playeritemicon/balloon_0632.png,228,160,
image/playeritemicon/balloon_0640,ab/b3/b3cbf50893eef08374b33cb5ab27803d.unity3d,Texture2D,balloon_0640,6041922385355345392,image/playeritemicon/balloon_0640.png,228,160,
image/playeritemicon/balloon_0641,ab/28/2804a8ee91a9e6764860af5a1bba4aa6.unity3d,Texture2D,balloon_0641,-4816706874836806348,image/playeritemicon/balloon_0641.png,228,160,
image/playeritemicon/balloon_0643,ab/f0/f0a3038ea5268c40743fad5430dcf357.unity3d,Texture2D,balloon_0643,3900209540169319806,image/playeritemicon/balloon_0643.png,228,160,
image/playeritemicon/balloon_0646,ab/3d/3d015ca050c0f5ff635df7baac1f095b.unity3d,Texture2D,balloon_0646,6742922728039776377,image/playeritemicon/balloon_0646.png,228,160,
image/playeritemicon/balloon_0650,ab/29/293bac30050c8943b3a2567608a3bee9.unity3d,Texture2D,balloon_0650,-7315550818032044237,image/playeritemicon/balloon_0650.png,228,160,
image/playeritemicon/bottom_0002,ab/28/286de03a25fb14a1a4bdd7ec17de2021.unity3d,Texture2D,bottom_0002,6009624613369545555,image/playeritemicon/bottom_0002.png,228,160,
image/playeritemicon/bottom_0003,ab/27/27d72e930a52ef7c66a909313c9210eb.unity3d,Texture2D,bottom_0003,6180638919308508070,image/playeritemicon/bottom_0003.png,228,160,
image/playeritemicon/bottom_0006,ab/3c/3cd6ce8e4ba5969b275233981bbfdb8e.unity3d,Texture2D,bottom_0006,6793489817310364777,image/playeritemicon/bottom_0006.png,228,160,
image/playeritemicon/bottom_0008,ab/0e/0e250307a2afbdc6f0cb25945dd61122.unity3d,Texture2D,bottom_0008,7243492266690523864,image/playeritemicon/bottom_0008.png,228,160,
image/playeritemicon/bottom_0009,ab/cf/cf2cdad399def874fddb5aab80f1382e.unity3d,Texture2D,bottom_0009,6368572777417441025,image/playeritemicon/bottom_0009.png,228,160,
image/playeritemicon/bottom_0010,ab/cf/cfa8aef465b9f2d46405ce1408b9293d.unity3d,Texture2D,bottom_0010,9055174279636402577,image/playeritemicon/bottom_0010.png,228,160,
image/playeritemicon/bottom_0012,ab/70/70eed802827ab409ca0030fbb3efcdee.unity3d,Texture2D,bottom_0012,2189213934242760396,image/playeritemicon/bottom_0012.png,228,160,
image/playeritemicon/bottom_0014,ab/b8/b8145bea0822b4b9661ff5c408e77716.unity3d,Texture2D,bottom_0014,-1290227723022346439,image/playeritemicon/bottom_0014.png,228,160,
image/playeritemicon/bottom_0015,ab/42/42fca34a439d81aa33c989308897460d.unity3d,Texture2D,bottom_0015,2132119198474902,image/playeritemicon/bottom_0015.png,228,160,
image/playeritemicon/bottom_0016,ab/b0/b088c69c334008fa61c25ddf6481ff0c.unity3d,Texture2D,bottom_0016,-1923804733110130446,image/playeritemicon/bottom_0016.png,228,160,
image/playeritemicon/bottom_0019,ab/00/00ae40f236729cc22345418dd1170fc4.unity3d,Texture2D,bottom_0019,-7817974903211206407,image/playeritemicon/bottom_0019.png,228,160,
image/playeritemicon/bottom_0023,ab/19/19e060ea9d7ebc48f1031ba00250c7f2.unity3d,Texture2D,bottom_0023,-4641265108552557670,image/playeritemicon/bottom_0023.png,228,160,
image/playeritemicon/bottom_0024,ab/00/00311927458e9e484ff6c1781587f3f6.unity3d,Texture2D,bottom_0024,6681170371194124806,image/playeritemicon/bottom_0024.png,228,160,
image/playeritemicon/bottom_0025,ab/23/23c4ad349e17bc9a7454b014f1907a92.unity3d,Texture2D,bottom_0025,-905931717098267053,image/playeritemicon/bottom_0025.png,228,160,
image/playeritemicon/bottom_0026,ab/49/495680420d93587d74d85013e052392d.unity3d,Texture2D,bottom_0026,5031656393398268124,image/playeritemicon/bottom_0026.png,228,160,
image/playeritemicon/bottom_0029,ab/58/585f282da9c12ee9f4e6e3fa3bbe4ad7.unity3d,Texture2D,bottom_0029,834202568721103977,image/playeritemicon/bottom_0029.png,228,160,
image/playeritemicon/bottom_0032,ab/58/58a4413c8104ef5cdbc2636c6256f0a8.unity3d,Texture2D,bottom_0032,-3882730577004633049,image/playeritemicon/bottom_0032.png,228,160,
image/playeritemicon/bottom_0034,ab/66/6678afeadf73a06faf3535696ab93431.unity3d,Texture2D,bottom_0034,-9171350815319873883,image/playeritemicon/bottom_0034.png,228,160,
image/playeritemicon/bottom_0036,ab/64/64ee17944089f7b66c16a46adc00c010.unity3d,Texture2D,bottom_0036,1764566728033103391,image/playeritemicon/bottom_0036.png,228,160,
image/playeritemicon/bottom_0038,ab/fa/faf85cfb4577cffd11203169a47e999e.unity3d,Texture2D,bottom_0038,3417735581767416695,image/playeritemicon/bottom_0038.png,228,160,
image/playeritemicon/bottom_0040,ab/ec/eccbcfb6cac2d2046ae15532bd69b333.unity3d,Texture2D,bottom_0040,-4221132971869104394,image/playeritemicon/bottom_0040.png,228,160,
image/playeritemicon/bottom_0041,ab/2d/2ddfcdc24f4fdf555144e6b86d2efe8d.unity3d,Texture2D,bottom_0041,-2913274703483217612,image/playeritemicon/bottom_0041.png,228,160,
image/playeritemicon/bottom_0043,ab/f0/f0d7f5748fa73d5047d9ac81cda67c1e.unity3d,Texture2D,bottom_0043,-1933708609727558248,image/playeritemicon/bottom_0043.png,228,160,
image/playeritemicon/bottom_0044,ab/36/36870128c2a51e082f8f5896b16a53b2.unity3d,Texture2D,bottom_0044,8561643728588125485,image/playeritemicon/bottom_0044.png,228,160,
image/playeritemicon/bottom_0045,ab/0c/0c1149d6ec6c5744f3ff2856ae46e673.unity3d,Texture2D,bottom_0045,-9120372327589758964,image/playeritemicon/bottom_0045.png,228,160,
image/playeritemicon/bottom_0049,ab/0a/0aa8344e59e71aa77ea81dced31f06f8.unity3d,Texture2D,bottom_0049,-4182099891491795182,image/playeritemicon/bottom_0049.png,228,160,
image/playeritemicon/bottom_0050,ab/c6/c6d9176956930a2656301436b839c2cb.unity3d,Texture2D,bottom_0050,-4227329523221268306,image/playeritemicon/bottom_0050.png,228,160,
image/playeritemicon/bottom_0051,ab/c7/c778cdffc71d66630fa29e651faa8139.unity3d,Texture2D,bottom_0051,-8197506837333825305,image/playeritemicon/bottom_0051.png,228,160,
image/playeritemicon/bottom_0053,ab/c5/c59c2ca0d087356fc301d354cdc86768.unity3d,Texture2D,bottom_0053,-3304049357912025148,image/playeritemicon/bottom_0053.png,228,160,
image/playeritemicon/bottom_0055,ab/0e/0e071b5d2e322df83e8a3cd9ce334291.unity3d,Texture2D,bottom_0055,-2611184732479416670,image/playeritemicon/bottom_0055.png,228,160,
image/playeritemicon/bottom_0056,ab/58/582d122179358ee1623b6789809f7a57.unity3d,Texture2D,bottom_0056,7082401298719491551,image/playeritemicon/bottom_0056.png,228,160,
image/playeritemicon/bottom_0062,ab/03/032094c08a2851fd3985d13ee79202d1.unity3d,Texture2D,bottom_0062,-1417638290170451194,image/playeritemicon/bottom_0062.png,228,160,
image/playeritemicon/bottom_0063,ab/ed/edbe53046979d301edefafb8a5817a40.unity3d,Texture2D,bottom_0063,6809114791178702842,image/playeritemicon/bottom_0063.png,228,160,
image/playeritemicon/bottom_0065,ab/03/036de4884c17fac92212cea5697d2ff2.unity3d,Texture2D,bottom_0065,-4519082872883337491,image/playeritemicon/bottom_0065.png,228,160,
image/playeritemicon/bottom_0067,ab/dd/dd530f93ffdb628c240ea94574916495.unity3d,Texture2D,bottom_0067,-5781269517175052438,image/playeritemicon/bottom_0067.png,228,160,
image/playeritemicon/bottom_0068,ab/fd/fdf82613ef3d6b3d1e44bb6c94aea54b.unity3d,Texture2D,bottom_0068,4887924653856565448,image/playeritemicon/bottom_0068.png,228,160,
image/playeritemicon/bottom_0074,ab/65/65ea6188c35f4c951b81d905da63631a.unity3d,Texture2D,bottom_0074,-6956700796538079966,image/playeritemicon/bottom_0074.png,228,160,
image/playeritemicon/bottom_0077,ab/32/32760f63dd5caae331ce63fc66169f6a.unity3d,Texture2D,bottom_0077,-6558880405483830002,image/playeritemicon/bottom_0077.png,228,160,
image/playeritemicon/bottom_0078,ab/e3/e3732f61c390ea5eae78fb90794e1a69.unity3d,Texture2D,bottom_0078,-3080201185168219220,image/playeritemicon/bottom_0078.png,228,160,
image/playeritemicon/bottom_0079,ab/e8/e8b66df23d5e3cc53faff3ed4d7da50c.unity3d,Texture2D,bottom_0079,8435178556217997332,image/playeritemicon/bottom_0079.png,228,160,
image/playeritemicon/bottom_0081,ab/e8/e821ae841c82f504d67448395a5eb784.unity3d,Texture2D,bottom_0081,-2399038008710798515,image/playeritemicon/bottom_0081.png,228,160,
image/playeritemicon/bottom_0089,ab/66/6672ccb8c92957abb8e0ce0648b6ccca.unity3d,Texture2D,bottom_0089,486072021716408157,image/playeritemicon/bottom_0089.png,228,160,
image/playeritemicon/bottom_0090,ab/1d/1d363a7820886de83cb396be1fc92ade.unity3d,Texture2D,bottom_0090,-9105135801725066060,image/playeritemicon/bottom_0090.png,228,160,
image/playeritemicon/bottom_0093,ab/c0/c0a7b5a90738b812d9322057e75ee766.unity3d,Texture2D,bottom_0093,-2649253869304548741,image/playeritemicon/bottom_0093.png,228,160,
image/playeritemicon/bottom_0094,ab/dd/ddd75673dd7d3a940c416d8b73856f87.unity3d,Texture2D,bottom_0094,-343607760451691799,image/playeritemicon/bottom_0094.png,228,160,
image/playeritemicon/bottom_0095,ab/c6/c671305d2538604f619003a75bd2444e.unity3d,Texture2D,bottom_0095,789546904247790645,image/playeritemicon/bottom_0095.png,228,160,
image/playeritemicon/bottom_0096,ab/42/42b97ca548aab1d58a2141c92e6e7664.unity3d,Texture2D,bottom_0096,-5568278098545690724,image/playeritemicon/bottom_0096.png,228,160,
image/playeritemicon/bottom_0097,ab/c3/c34763d492187a8c370e7f48b216b0e2.unity3d,Texture2D,bottom_0097,-3597532818594002589,image/playeritemicon/bottom_0097.png,228,160,
image/playeritemicon/bottom_0098,ab/fc/fc8a4b477321799021bffe973c210a3e.unity3d,Texture2D,bottom_0098,6704449337210408335,image/playeritemicon/bottom_0098.png,228,160,
image/playeritemicon/bottom_0100,ab/47/472628b2eb100eb20bd350ffcf6dccdf.unity3d,Texture2D,bottom_0100,8844224000107487917,image/playeritemicon/bottom_0100.png,228,160,
image/playeritemicon/bottom_0106,ab/e2/e2074862bf01d48cc0ba25435a1cd035.unity3d,Texture2D,bottom_0106,757476430818430787,image/playeritemicon/bottom_0106.png,228,160,
image/playeritemicon/bottom_0107,ab/d5/d52745e4e156dd73647a354f5690b374.unity3d,Texture2D,bottom_0107,-5338512644491768570,image/playeritemicon/bottom_0107.png,228,160,
image/playeritemicon/bottom_0110,ab/3d/3dd30bf1845ad6f89c76f5cdc0123d3d.unity3d,Texture2D,bottom_0110,103191862332901564,image/playeritemicon/bottom_0110.png,228,160,
image/playeritemicon/bottom_0115,ab/67/6746c0a4023c48b85e80a9ccb141a442.unity3d,Texture2D,bottom_0115,-1341012588635704510,image/playeritemicon/bottom_0115.png,228,160,
image/playeritemicon/bottom_0119,ab/16/167f98659f890266ad9b4ba74213a002.unity3d,Texture2D,bottom_0119,975498402903657367,image/playeritemicon/bottom_0119.png,228,160,
image/playeritemicon/bottom_0122,ab/32/3249c862c5b6ad296cbcf3171e85069d.unity3d,Texture2D,bottom_0122,-8512578588033602483,image/playeritemicon/bottom_0122.png,228,160,
image/playeritemicon/bottom_0123,ab/0a/0a3e17a0388ff4789c14910faf7a0044.unity3d,Texture2D,bottom_0123,4887115232626724668,image/playeritemicon/bottom_0123.png,228,160,
image/playeritemicon/bottom_0124,ab/bd/bde91848daa700a80a7e456e7cdd1ac2.unity3d,Texture2D,bottom_0124,-7772593398058342327,image/playeritemicon/bottom_0124.png,228,160,
image/playeritemicon/bottom_0125,ab/f7/f77b5b170cf08b32383365a94a533209.unity3d,Texture2D,bottom_0125,-4405269860074783091,image/playeritemicon/bottom_0125.png,228,160,
image/playeritemicon/bottom_0131,ab/ec/ecfee8d04c188baeaaf62f2276f1583a.unity3d,Texture2D,bottom_0131,-7638562227907333784,image/playeritemicon/bottom_0131.png,228,160,
image/playeritemicon/bottom_0132,ab/31/31e5105e578da966ff61970c5098970e.unity3d,Texture2D,bottom_0132,-6142768112411934182,image/playeritemicon/bottom_0132.png,228,160,
image/playeritemicon/bottom_0133,ab/53/53cff4c012d0bee0e2f40f12218d7b45.unity3d,Texture2D,bottom_0133,-4105344761842114246,image/playeritemicon/bottom_0133.png,228,160,
image/playeritemicon/bottom_0134,ab/ec/eca5cbb64f4ad9c2d267ffbd4625747c.unity3d,Texture2D,bottom_0134,-574427998920673220,image/playeritemicon/bottom_0134.png,228,160,
image/playeritemicon/bottom_0136,ab/0b/0b2e75106e5cecb35692b73c5aff338d.unity3d,Texture2D,bottom_0136,5366367274519720798,image/playeritemicon/bottom_0136.png,228,160,
image/playeritemicon/bottom_0139,ab/03/031a2c2032e84afc9e8b8bb0624fd4f9.unity3d,Texture2D,bottom_0139,-1357191272936951923,image/playeritemicon/bottom_0139.png,228,160,
image/playeritemicon/bottom_0145,ab/c1/c193a1da33cda9ebe03b797aa68e52c2.unity3d,Texture2D,bottom_0145,-1612818080351925217,image/playeritemicon/bottom_0145.png,228,160,
image/playeritemicon/bottom_0152,ab/be/be93e46b77a7b0dda8c10e4645d7cfa4.unity3d,Texture2D,bottom_0152,-6656182041163837450,image/playeritemicon/bottom_0152.png,228,160,
image/playeritemicon/bottom_0158,ab/bd/bd7f8234ed1e6a950e340100aa31d769.unity3d,Texture2D,bottom_0158,7571868545464162710,image/playeritemicon/bottom_0158.png,228,160,
image/playeritemicon/bottom_0159,ab/17/17969b775681a8455798cf1ecd6fd541.unity3d,Texture2D,bottom_0159,-351264860561148241,image/playeritemicon/bottom_0159.png,228,160,
image/playeritemicon/bottom_0165,ab/bd/bd4db6bd9f36a9446822fd0a9a63bdcc.unity3d,Texture2D,bottom_0165,-5237159702644883344,image/playeritemicon/bottom_0165.png,228,160,
image/playeritemicon/bottom_0166,ab/49/49db79f512a831e45876aeeceea86566.unity3d,Texture2D,bottom_0166,328095767258254080,image/playeritemicon/bottom_0166.png,228,160,
image/playeritemicon/bottom_0167,ab/22/22bb55cb0d7c90f6ddf6efcec288f1da.unity3d,Texture2D,bottom_0167,-5464635805336306969,image/playeritemicon/bottom_0167.png,228,160,
image/playeritemicon/bottom_0169,ab/3d/3d3389ec791d3886da37af4e64ffa3ac.unity3d,Texture2D,bottom_0169,549486084321597092,image/playeritemicon/bottom_0169.png,228,160,
image/playeritemicon/bottom_0171,ab/04/040d7b901eaee3bb7a5f0cd841d27ac9.unity3d,Texture2D,bottom_0171,649053648096970810,image/playeritemicon/bottom_0171.png,228,160,
image/playeritemicon/bottom_0172,ab/f7/f74066e269239ca4d07be5bef5b3c902.unity3d,Texture2D,bottom_0172,-8710843025480541730,image/playeritemicon/bottom_0172.png,228,160,
image/playeritemicon/bottom_0174,ab/c1/c157aca913fc00a8ef9a6ecc6740acd1.unity3d,Texture2D,bottom_0174,8957601010641034978,image/playeritemicon/bottom_0174.png,228,160,
image/playeritemicon/bottom_0179,ab/ed/ed5b1455346823a22bb5b768a02c8f3d.unity3d,Texture2D,bottom_0179,7874268085127719700,image/playeritemicon/bottom_0179.png,228,160,
image/playeritemicon/bottom_0180,ab/ee/ee25651394c6a0f343439d4da059ae06.unity3d,Texture2D,bottom_0180,-5848630807925268120,image/playeritemicon/bottom_0180.png,228,160,
image/playeritemicon/bottom_0188,ab/27/274c0c990c9fa25fcab6458962a48d34.unity3d,Texture2D,bottom_0188,-6015793505311308872,image/playeritemicon/bottom_0188.png,228,160,
image/playeritemicon/bottom_0191,ab/fc/fccfcedbf218b9d843ffccdd741ea600.unity3d,Texture2D,bottom_0191,-1024829132967196225,image/playeritemicon/bottom_0191.png,228,160,
image/playeritemicon/bottom_0196,ab/c6/c6a0b8c1338fd5cea98af5550ff56fb5.unity3d,Texture2D,bottom_0196,-2740939077866720335,image/playeritemicon/bottom_0196.png,228,160,
image/playeritemicon/bottom_0199,ab/28/285b9dbb3c5a585ff038166c06c8794b.unity3d,Texture2D,bottom_0199,-6430570269780315990,image/playeritemicon/bottom_0199.png,228,160,
image/playeritemicon/bottom_0200,ab/f5/f5a1697865b7cac14f43bf031b8eee0f.unity3d,Texture2D,bottom_0200,4423584624202247059,image/playeritemicon/bottom_0200.png,228,160,
image/playeritemicon/bottom_0202,ab/02/02a513064453fcf75a2c4664b7626906.unity3d,Texture2D,bottom_0202,2679425208998541013,image/playeritemicon/bottom_0202.png,228,160,
image/playeritemicon/bottom_0203,ab/46/46a506998fd436558927af4b4a84cf5a.unity3d,Texture2D,bottom_0203,-4311163801326086505,image/playeritemicon/bottom_0203.png,228,160,
image/playeritemicon/bottom_0205,ab/f7/f71ea9bdc0e459debb337ebbcc1296b4.unity3d,Texture2D,bottom_0205,295991806389407108,image/playeritemicon/bottom_0205.png,228,160,
image/playeritemicon/bottom_0210,ab/c1/c169a8f74ed872f5f1a510307d2b55d4.unity3d,Texture2D,bottom_0210,8245393915307669057,image/playeritemicon/bottom_0210.png,228,160,
image/playeritemicon/bottom_0211,ab/2d/2d0b2d5389a5fd116a84dce1ee4b6563.unity3d,Texture2D,bottom_0211,8173458634397994369,image/playeritemicon/bottom_0211.png,228,160,
image/playeritemicon/bottom_0213,ab/ca/ca745855af90354e8e43da01427536fe.unity3d,Texture2D,bottom_0213,-1040065339101017796,image/playeritemicon/bottom_0213.png,228,160,
image/playeritemicon/bottom_0217,ab/65/65dadfaaebf688e565c407f8be540578.unity3d,Texture2D,bottom_0217,4575783308614002376,image/playeritemicon/bottom_0217.png,228,160,
image/playeritemicon/bottom_0218,ab/b3/b3eb3b2306c9d11c39d38645baa411e4.unity3d,Texture2D,bottom_0218,-4626098585560742955,image/playeritemicon/bottom_0218.png,228,160,
image/playeritemicon/bottom_0219,ab/ec/ec5f3cbf236983ae02bba6246582f7ce.unity3d,Texture2D,bottom_0219,-528325035959293614,image/playeritemicon/bottom_0219.png,228,160,
image/playeritemicon/bottom_0220,ab/c9/c9698b60004043bd3e2a0190c7f6e1dc.unity3d,Texture2D,bottom_0220,-2256925769166728040,image/playeritemicon/bottom_0220.png,228,160,
image/playeritemicon/bottom_0223,ab/29/2929cd9f094082e8f9e49646c53a4a6c.unity3d,Texture2D,bottom_0223,-7421780709707273184,image/playeritemicon/bottom_0223.png,228,160,
image/playeritemicon/bottom_0224,ab/66/66fab0a8c6883b32aaa5667b38be235c.unity3d,Texture2D,bottom_0224,8262379425027125141,image/playeritemicon/bottom_0224.png,228,160,
image/playeritemicon/bottom_0225,ab/36/361ebe3233668c8f22f5c9800e523cb8.unity3d,Texture2D,bottom_0225,5237714375973738965,image/playeritemicon/bottom_0225.png,228,160,
image/playeritemicon/bottom_0226,ab/19/19529fd878f7a1ea4ed8bc5b95455fad.unity3d,Texture2D,bottom_0226,2259101203470770808,image/playeritemicon/bottom_0226.png,228,160,
image/playeritemicon/bottom_0229,ab/e4/e4a47178bdebd387231c0519202714cc.unity3d,Texture2D,bottom_0229,946322188543158615,image/playeritemicon/bottom_0229.png,228,160,
image/playeritemicon/bottom_0230,ab/36/3690c745fa9a334f2352292f8540e4a7.unity3d,Texture2D,bottom_0230,-6376007521374118303,image/playeritemicon/bottom_0230.png,228,160,
image/playeritemicon/bottom_0231,ab/40/406300bc15ebb95b5d0cda316edb5f52.unity3d,Texture2D,bottom_0231,5968246147015828442,image/playeritemicon/bottom_0231.png,228,160,
image/playeritemicon/bottom_0235,ab/d8/d8e54bbe876f8c800659fa33f07d50fe.unity3d,Texture2D,bottom_0235,-3838957144901579817,image/playeritemicon/bottom_0235.png,228,160,
image/playeritemicon/bottom_0237,ab/be/be2375beed9e8fe43802d3407d55d401.unity3d,Texture2D,bottom_0237,-3383987085314069746,image/playeritemicon/bottom_0237.png,228,160,
image/playeritemicon/bottom_0238,ab/26/26f52f53167ac2c609c5108460aa7a31.unity3d,Texture2D,bottom_0238,-7684156755041280833,image/playeritemicon/bottom_0238.png,228,160,
image/playeritemicon/bottom_0239,ab/2d/2df6f5183cf614b61aa6843f433d0b3f.unity3d,Texture2D,bottom_0239,-7947513427504532011,image/playeritemicon/bottom_0239.png,228,160,
image/playeritemicon/bottom_0240,ab/f4/f435b1a6df5ec67800841bb7009de7e2.unity3d,Texture2D,bottom_0240,1152458427908486221,image/playeritemicon/bottom_0240.png,228,160,
image/playeritemicon/bottom_0242,ab/23/23d5ef9aa6d90a995a634f7c020bb375.unity3d,Texture2D,bottom_0242,8624668927186327361,image/playeritemicon/bottom_0242.png,228,160,
image/playeritemicon/bottom_0244,ab/fd/fd0b0a734dee4e895339ac722f48976f.unity3d,Texture2D,bottom_0244,5803205049600751012,image/playeritemicon/bottom_0244.png,228,160,
image/playeritemicon/bottom_0245,ab/22/22514572ed8273ff5ba41a51c56589eb.unity3d,Texture2D,bottom_0245,-7187524430802329449,image/playeritemicon/bottom_0245.png,228,160,
image/playeritemicon/bottom_0246,ab/62/624cc4bb71348ac42c5bdee724a1fbe5.unity3d,Texture2D,bottom_0246,5834677383260506768,image/playeritemicon/bottom_0246.png,228,160,
image/playeritemicon/bottom_0249,ab/43/4362506361e3cc3cf5badc6bbdc8501f.unity3d,Texture2D,bottom_0249,2384102279519929384,image/playeritemicon/bottom_0249.png,228,160,
image/playeritemicon/bottom_0252,ab/36/364057e56a27f7174f1bece2f973c8b0.unity3d,Texture2D,bottom_0252,-2015804290509284351,image/playeritemicon/bottom_0252.png,228,160,
image/playeritemicon/bottom_0254,ab/c5/c5643378b4eb9cdd74e7553557e4c50b.unity3d,Texture2D,bottom_0254,4246289559975580791,image/playeritemicon/bottom_0254.png,228,160,
image/playeritemicon/bottom_0256,ab/67/671eab8f7b02614a6077cd2d44a83a27.unity3d,Texture2D,bottom_0256,1009210465889174417,image/playeritemicon/bottom_0256.png,228,160,
image/playeritemicon/bottom_0262,ab/19/19a503f6152ae61aef8d8922e7fb2b25.unity3d,Texture2D,bottom_0262,8924443258699802103,image/playeritemicon/bottom_0262.png,228,160,
image/playeritemicon/bottom_0266,ab/28/287dd9065d8264c584c12b6210f049c1.unity3d,Texture2D,bottom_0266,1649808548600150841,image/playeritemicon/bottom_0266.png,228,160,
image/playeritemicon/bottom_0267,ab/31/3184b30c103fe5c96110277f97808a84.unity3d,Texture2D,bottom_0267,-3201396787766240672,image/playeritemicon/bottom_0267.png,228,160,
image/playeritemicon/bottom_0270,ab/e4/e467f1b70d8de4754e0709c771663666.unity3d,Texture2D,bottom_0270,8456363989162152151,image/playeritemicon/bottom_0270.png,228,160,
image/playeritemicon/bottom_0272,ab/e2/e2db3421e7f3268dd4c59ae7aef277ca.unity3d,Texture2D,bottom_0272,-9207354943554680227,image/playeritemicon/bottom_0272.png,228,160,
image/playeritemicon/bottom_0274,ab/e0/e00430d703e27053073f02b7a679d448.unity3d,Texture2D,bottom_0274,213112702510213540,image/playeritemicon/bottom_0274.png,228,160,
image/playeritemicon/bottom_0276,ab/41/41891603c47017e39a2e4651b6d0c956.unity3d,Texture2D,bottom_0276,-1597150341743106951,image/playeritemicon/bottom_0276.png,228,160,
image/playeritemicon/bottom_0284,ab/23/23fab9af83e17918692409f48686be06.unity3d,Texture2D,bottom_0284,-3097170594678183094,image/playeritemicon/bottom_0284.png,228,160,
image/playeritemicon/bottom_0290,ab/26/269cf6bf353a90ec82096268a9b6856d.unity3d,Texture2D,bottom_0290,-6272013891671077714,image/playeritemicon/bottom_0290.png,228,160,
image/playeritemicon/bottom_0294,ab/b8/b8c433d9c3aa530d15847b8fd5b876db.unity3d,Texture2D,bottom_0294,9157445450787378118,image/playeritemicon/bottom_0294.png,228,160,
image/playeritemicon/bottom_0295,ab/00/0042f7036dcfaf16ce4488b5a3690bf7.unity3d,Texture2D,bottom_0295,2231583849597726780,image/playeritemicon/bottom_0295.png,228,160,
image/playeritemicon/bottom_0296,ab/cd/cd397d1bc0baafefa39177b74dc51c5f.unity3d,Texture2D,bottom_0296,-1176877804523448845,image/playeritemicon/bottom_0296.png,228,160,
image/playeritemicon/bottom_0297,ab/bc/bc8d044e0ae953c995df640e931a7823.unity3d,Texture2D,bottom_0297,-2522800963044728274,image/playeritemicon/bottom_0297.png,228,160,
image/playeritemicon/bottom_0300,ab/47/47db9df80d7806b0fd000cecbd69c1a2.unity3d,Texture2D,bottom_0300,5769494669311924264,image/playeritemicon/bottom_0300.png,228,160,
image/playeritemicon/bottom_0301,ab/49/49f7a490c5ba3f4f9dd5707144b073ab.unity3d,Texture2D,bottom_0301,-3824248627929003078,image/playeritemicon/bottom_0301.png,228,160,
image/playeritemicon/bottom_0302,ab/b6/b6097803c15583dec03557b00d9203bf.unity3d,Texture2D,bottom_0302,7294532400630702469,image/playeritemicon/bottom_0302.png,228,160,
image/playeritemicon/bottom_0306,ab/55/558ea5ca9c8d2e20e7722114d6e94d1c.unity3d,Texture2D,bottom_0306,-4725049893471161754,image/playeritemicon/bottom_0306.png,228,160,
image/playeritemicon/bottom_0308,ab/40/40d10b282c15c3cb76d88347dbc7880e.unity3d,Texture2D,bottom_0308,411358845174096652,image/playeritemicon/bottom_0308.png,228,160,
image/playeritemicon/bottom_0312,ab/0c/0cb16f9891fe41efe2468def33d82c4a.unity3d,Texture2D,bottom_0312,-6260598494602902535,image/playeritemicon/bottom_0312.png,228,160,
image/playeritemicon/bottom_0319,ab/bc/bcb9ceb682b943b5ddeb7c6e04e9b057.unity3d,Texture2D,bottom_0319,433760107031141158,image/playeritemicon/bottom_0319.png,228,160,
image/playeritemicon/bottom_0321,ab/bd/bd2804704a301f4d98dc95e4b827b862.unity3d,Texture2D,bottom_0321,-8723496603734899938,image/playeritemicon/bottom_0321.png,228,160,
image/playeritemicon/bottom_0322,ab/43/431913810ceb1c21350380a31c2b23dd.unity3d,Texture2D,bottom_0322,3302634323616151482,image/playeritemicon/bottom_0322.png,228,160,
image/playeritemicon/bottom_0326,ab/e8/e8201bdd5fefd4e79ec474e36f678b0e.unity3d,Texture2D,bottom_0326,2537049884126053628,image/playeritemicon/bottom_0326.png,228,160,
image/playeritemicon/bottom_0330,ab/3c/3c9a34ba6ce9a763bb446cca3cc9dbd5.unity3d,Texture2D,bottom_0330,7311912775754973939,image/playeritemicon/bottom_0330.png,228,160,
image/playeritemicon/bottom_0331,ab/29/296dc69120374061706ef409367d215d.unity3d,Texture2D,bottom_0331,-3868382152295185993,image/playeritemicon/bottom_0331.png,228,160,
image/playeritemicon/bottom_0332,ab/b5/b5684f1d2dbbda6f5b1d63d13f5cdeec.unity3d,Texture2D,bottom_0332,-6468077443758245738,image/playeritemicon/bottom_0332.png,228,160,
image/playeritemicon/bottom_0337,ab/d2/d2703185b6232fb2b5b81940f682d986.unity3d,Texture2D,bottom_0337,8865387438552751301,image/playeritemicon/bottom_0337.png,228,160,
image/playeritemicon/bottom_0338,ab/55/5525b688d4ca01ac9d3ca15e3d5915f0.unity3d,Texture2D,bottom_0338,-6641229965743605321,image/playeritemicon/bottom_0338.png,228,160,
image/playeritemicon/bottom_0341,ab/35/35ce58769cde961cc8db93ea0d36aaa6.unity3d,Texture2D,bottom_0341,5670128086947110554,image/playeritemicon/bottom_0341.png,228,160,
image/playeritemicon/bottom_0344,ab/47/47e14bc344404ac62c0484ed096348c7.unity3d,Texture2D,bottom_0344,7595361007450878853,image/playeritemicon/bottom_0344.png,228,160,
image/playeritemicon/bottom_0345,ab/00/00f3555ecdfbc53e14ff4a906be4ecf9.unity3d,Texture2D,bottom_0345,-3866842323529818191,image/playeritemicon/bottom_0345.png,228,160,
image/playeritemicon/bottom_0346,ab/29/297c1c2bfc696870d834f089fbeb90a1.unity3d,Texture2D,bottom_0346,-624477259574331470,image/playeritemicon/bottom_0346.png,228,160,
image/playeritemicon/bottom_0367,ab/c9/c9819e6b7d2ec9c7295898e2b4c5a8be.unity3d,Texture2D,bottom_0367,-5706149614605566571,image/playeritemicon/bottom_0367.png,228,160,
image/playeritemicon/bottom_0369,ab/f8/f8eec92704eca7fa12f605ec5eea953f.unity3d,Texture2D,bottom_0369,2183101360694193463,image/playeritemicon/bottom_0369.png,228,160,
image/playeritemicon/bottom_0372,ab/b0/b0ab3b53c66af721174fd8fe2e243f48.unity3d,Texture2D,bottom_0372,-8292584333816619783,image/playeritemicon/bottom_0372.png,228,160,
image/playeritemicon/bottom_0373,ab/f7/f78811d0872282e9892a6ae5b37d349b.unity3d,Texture2D,bottom_0373,-2908120577244337656,image/playeritemicon/bottom_0373.png,228,160,
image/playeritemicon/bottom_0375,ab/be/bee4096ddfc232c22c076cd381753e3a.unity3d,Texture2D,bottom_0375,550278870791596862,image/playeritemicon/bottom_0375.png,228,160,
image/playeritemicon/bottom_0377,ab/c1/c1ccc39f1b5833b6214d1ea3732d738d.unity3d,Texture2D,bottom_0377,1158237620726062370,image/playeritemicon/bottom_0377.png,228,160,
image/playeritemicon/bottom_0379,ab/26/26cfd6f7e0cd0814a4e027663e7aa7af.unity3d,Texture2D,bottom_0379,-3012246139015545278,image/playeritemicon/bottom_0379.png,228,160,
image/playeritemicon/bottom_0388,ab/c3/c38f08aeac51eb1d149e8596dee77bca.unity3d,Texture2D,bottom_0388,2191697404041704249,image/playeritemicon/bottom_0388.png,228,160,
image/playeritemicon/bottom_0389,ab/3d/3dea7d01c77ee9db582083127a098dfd.unity3d,Texture2D,bottom_0389,2461411542453853114,image/playeritemicon/bottom_0389.png,228,160,
image/playeritemicon/bottom_0393,ab/e9/e9320fc73c3aa8224c1d320a7eba4537.unity3d,Texture2D,bottom_0393,1087210691195594667,image/playeritemicon/bottom_0393.png,228,160,
image/playeritemicon/bottom_0396,ab/32/32ad48c9e7681e232de24d2d402f060c.unity3d,Texture2D,bottom_0396,-6945654832534428763,image/playeritemicon/bottom_0396.png,228,160,
image/playeritemicon/bottom_0398,ab/ed/ed7565c282eb92c998fce523455b96ba.unity3d,Texture2D,bottom_0398,8689684442177854192,image/playeritemicon/bottom_0398.png,228,160,
image/playeritemicon/bottom_0402,ab/c1/c17d647c887aed4df6fb0c2ac7ba30be.unity3d,Texture2D,bottom_0402,-5424354178025732128,image/playeritemicon/bottom_0402.png,228,160,
image/playeritemicon/bottom_0404,ab/f7/f70fbf42062c9ddac609cff76691b61c.unity3d,Texture2D,bottom_0404,-2476430135218360542,image/playeritemicon/bottom_0404.png,228,160,
image/playeritemicon/bottom_0406,ab/3c/3c46bbe5f381f131b1558288bbc7d219.unity3d,Texture2D,bottom_0406,1106389668117210555,image/playeritemicon/bottom_0406.png,228,160,
image/playeritemicon/bottom_0407,ab/35/3542520b47f225e4b3bde2df3e54c96d.unity3d,Texture2D,bottom_0407,-7297114258762336585,image/playeritemicon/bottom_0407.png,228,160,
image/playeritemicon/bottom_0409,ab/dd/ddc546d33fa43e6078576a2e4cd3c7e3.unity3d,Texture2D,bottom_0409,2644458988148020093,image/playeritemicon/bottom_0409.png,228,160,
image/playeritemicon/bottom_0411,ab/b3/b3c413a43bacdc4f0accc8ad1fa93be5.unity3d,Texture2D,bottom_0411,-4781303197057576756,image/playeritemicon/bottom_0411.png,228,160,
image/playeritemicon/bottom_0412,ab/f0/f0c9c76a3e69d8a0319c770ff1b6a109.unity3d,Texture2D,bottom_0412,-1482005235653505279,image/playeritemicon/bottom_0412.png,228,160,
image/playeritemicon/bottom_0418,ab/e5/e5b2397553b8f5f110f02f224c0e068b.unity3d,Texture2D,bottom_0418,-8094208772588366726,image/playeritemicon/bottom_0418.png,228,160,
image/playeritemicon/bottom_0419,ab/32/32756805e124fcf4c2248c8e86192e1a.unity3d,Texture2D,bottom_0419,-2714980098019474243,image/playeritemicon/bottom_0419.png,228,160,
image/playeritemicon/bottom_0420,ab/b0/b038d68c2de54b7056bce3300bd18410.unity3d,Texture2D,bottom_0420,3047455344602567244,image/playeritemicon/bottom_0420.png,228,160,
image/playeritemicon/bottom_0421,ab/e2/e2fb934ea4e9f617e0ebadf52f7a33aa.unity3d,Texture2D,bottom_0421,5741590487974329994,image/playeritemicon/bottom_0421.png,228,160,
image/playeritemicon/bottom_0423,ab/3d/3dcf580d8f40e9ea72b9888d84cd5ee5.unity3d,Texture2D,bottom_0423,-8734624989429228603,image/playeritemicon/bottom_0423.png,228,160,
image/playeritemicon/bottom_0424,ab/ed/ed2c170ab98227cee9858206a798960e.unity3d,Texture2D,bottom_0424,6475662619124819881,image/playeritemicon/bottom_0424.png,228,160,
image/playeritemicon/bottom_0426,ab/eb/ebe4cc0251ec76489ff988f946ecc3bb.unity3d,Texture2D,bottom_0426,2596561768870459269,image/playeritemicon/bottom_0426.png,228,160,
image/playeritemicon/bottom_0427,ab/19/19e42b89cdde48ffb6ec65a8426923c6.unity3d,Texture2D,bottom_0427,-5092041126629926503,image/playeritemicon/bottom_0427.png,228,160,
image/playeritemicon/bottom_0429,ab/f5/f522deb2b52a2d1b62312dc9d83a8641.unity3d,Texture2D,bottom_0429,7496962052455436148,image/playeritemicon/bottom_0429.png,228,160,
image/playeritemicon/bottom_0430,ab/cf/cfbd8dce427e4ba156746b4f5b5f0a8d.unity3d,Texture2D,bottom_0430,5279734812428990093,image/playeritemicon/bottom_0430.png,228,160,
image/playeritemicon/bottom_0431,ab/42/42101481f56d80d5aaee4911809c54de.unity3d,Texture2D,bottom_0431,7654680729707890296,image/playeritemicon/bottom_0431.png,228,160,
image/playeritemicon/bottom_0432,ab/0b/0bf44bb1e4c027219d16da69cdd9f657.unity3d,Texture2D,bottom_0432,3631564034836205772,image/playeritemicon/bottom_0432.png,228,160,
image/playeritemicon/bottom_0433,ab/f3/f36cad55a102b521a73c23dcde2bcc35.unity3d,Texture2D,bottom_0433,5297408422063181397,image/playeritemicon/bottom_0433.png,228,160,
image/playeritemicon/bottom_0434,ab/19/19fd960144952d43270d0a0db049c8c2.unity3d,Texture2D,bottom_0434,3889470901102439358,image/playeritemicon/bottom_0434.png,228,160,
image/playeritemicon/bottom_0448,ab/ee/eeb4ff78c7072f406a6d04f6ed50eea2.unity3d,Texture2D,bottom_0448,-3749006809963357585,image/playeritemicon/bottom_0448.png,228,160,
image/playeritemicon/bottom_0449,ab/50/50d7ee2afc70d9c64a0437bde57958b7.unity3d,Texture2D,bottom_0449,-3504854598153626838,image/playeritemicon/bottom_0449.png,228,160,
image/playeritemicon/bottom_0452,ab/65/65fb8b06aa9b62fb6e5a56116d09c3c3.unity3d,Texture2D,bottom_0452,831528571194522517,image/playeritemicon/bottom_0452.png,228,160,
image/playeritemicon/bottom_0457,ab/b8/b801533e04052e600bd28390b2bcec06.unity3d,Texture2D,bottom_0457,-8030666634559328852,image/playeritemicon/bottom_0457.png,228,160,
image/playeritemicon/bottom_0467,ab/40/407a892b42dd9341f1b0ea1c1434da42.unity3d,Texture2D,bottom_0467,-1849663044627377077,image/playeritemicon/bottom_0467.png,228,160,
image/playeritemicon/bottom_0476,ab/67/6742855136403b060828f9a83d100d3e.unity3d,Texture2D,bottom_0476,3686074934846031929,image/playeritemicon/bottom_0476.png,228,160,
image/playeritemicon/cj_icon_beiwang,ab/ea/ea009b2038fa43b6112e64c5a4d2a4e0.unity3d,Texture2D,cj_icon_beiwang,-2053679023225430321,image/playeritemicon/cj_icon_beiwang.png,228,160,
image/playeritemicon/cj_icon_jingying,ab/3f/3f98b9dcf8e754f4cf0757f2b08fa375.unity3d,Texture2D,cj_icon_jingying,-8824952937143687636,image/playeritemicon/cj_icon_jingying.png,228,160,
image/playeritemicon/cj_icon_jlz,ab/27/27aa85a2a8fb3e57c0dc7f782edcd3cb.unity3d,Texture2D,cj_icon_JLZ,530294007019586224,image/playeritemicon/cj_icon_jlz.png,228,160,
image/playeritemicon/cj_icon_juedoudashi,ab/32/323eec9763834982fcf3c3d4f806b5dd.unity3d,Texture2D,cj_icon_juedoudashi,6624401880680276412,image/playeritemicon/cj_icon_juedoudashi.png,228,160,
image/playeritemicon/cj_icon_paopaoxinxing,ab/af/afd81197ad4d3d403f1e0668e7f939ab.unity3d,Texture2D,cj_icon_paopaoxinxing,4418002543548507673,image/playeritemicon/cj_icon_paopaoxinxing.png,228,160,
image/playeritemicon/cj_icon_s11saiji,ab/16/1645f11b9956e5f2f7d8e67b287e44b3.unity3d,Texture2D,cj_icon_S11saiji,5010931364366791867,image/playeritemicon/cj_icon_s11saiji.png,400,300,
image/playeritemicon/cj_icon_s16saiji,ab/e0/e0ff559c0a99249314d9ec429993aa35.unity3d,Texture2D,cj_icon_S16saiji,4353474032562906837,image/playeritemicon/cj_icon_s16saiji.png,228,160,
image/playeritemicon/cj_icon_s18saiji,ab/53/532480432185004b24b8ac95c9e4087a.unity3d,Texture2D,cj_icon_S18saiji,-4831087679945682860,image/playeritemicon/cj_icon_s18saiji.png,228,160,
image/playeritemicon/cj_icon_s21saiji,ab/e8/e801c56e1a8970a4352bcbb4dbfc1bc0.unity3d,Texture2D,cj_icon_S21saiji,7259569849790746911,image/playeritemicon/cj_icon_s21saiji.png,228,160,
image/playeritemicon/cj_icon_s25saiji,ab/f1/f1d19232fdac5977da2fa368b3baae82.unity3d,Texture2D,cj_icon_S25saiji,5275845917815205225,image/playeritemicon/cj_icon_s25saiji.png,228,160,
image/playeritemicon/cj_icon_s27saiji,ab/cf/cf74d1984532dcaf416e5aada7498a62.unity3d,Texture2D,cj_icon_S27saiji,8683778920844590353,image/playeritemicon/cj_icon_s27saiji.png,228,160,
image/playeritemicon/cj_icon_s6saiji,ab/ec/ecf74e8ede11110a4bdbd8bf92892750.unity3d,Texture2D,cj_icon_S6saiji,-6706011949066375566,image/playeritemicon/cj_icon_s6saiji.png,228,160,
image/playeritemicon/cj_icon_s7saiji,ab/67/67d44f682fd666564f591c8111f19115.unity3d,Texture2D,cj_icon_S7saiji,2776990626412766780,image/playeritemicon/cj_icon_s7saiji.png,228,160,
image/playeritemicon/cj_icon_s9saiji,ab/0d/0d0d9c4d762b10dd8b4a4c67355a4e0f.unity3d,Texture2D,cj_icon_S9saiji,7264712971469417394,image/playeritemicon/cj_icon_s9saiji.png,228,160,
image/playeritemicon/cj_icon_xiaowu,ab/42/4297900b4a38be0d654c9c7a5cf42189.unity3d,Texture2D,cj_icon_xiaowu,5820152288497353703,image/playeritemicon/cj_icon_xiaowu.png,228,160,
image/playeritemicon/cj_icon_xingzuanwj,ab/f0/f0a6d92ed23edfa29eaa0b043d8061a2.unity3d,Texture2D,cj_icon_xingzuanwj,6474044836606770005,image/playeritemicon/cj_icon_xingzuanwj.png,228,160,
image/playeritemicon/cj_icon_zuanshiwj,ab/ee/ee06be77786c7a11a212684d547d4c6a.unity3d,Texture2D,cj_icon_zuanshiwj,5323596370126103512,image/playeritemicon/cj_icon_zuanshiwj.png,228,160,
image/playeritemicon/dt_0320,ab/31/31f8527c7073eeefb93848a9b379f69d.unity3d,Texture2D,dt_0320,-655520158490273955,image/playeritemicon/dt_0320.png,228,160,
image/playeritemicon/earring_0002,ab/3b/3b2a6cd19eb81a7fd2a7520982adce5e.unity3d,Texture2D,earring_0002,-7113420414389881159,image/playeritemicon/earring_0002.png,228,160,
image/playeritemicon/earring_0004,ab/0b/0b1a592236b9fb764b875eaa5ac4f9b8.unity3d,Texture2D,earring_0004,-7443185345673145843,image/playeritemicon/earring_0004.png,228,160,
image/playeritemicon/earring_0008,ab/0e/0e55c576f87cb4a98086d3146a23bc41.unity3d,Texture2D,earring_0008,-6608943334511622419,image/playeritemicon/earring_0008.png,228,160,
image/playeritemicon/f_1103_body,ab/55/555ed6e740fa606a00dc9a851f60fc57.unity3d,Texture2D,f_1103_body,7782247809565831745,image/playeritemicon/f_1103_body.png,228,160,
image/playeritemicon/f_1103_hair,ab/40/40f2249ddba05e850a0dd4ce18e3f5d4.unity3d,Texture2D,f_1103_hair,-89257941773965836,image/playeritemicon/f_1103_hair.png,228,160,
image/playeritemicon/f_1105_hair,ab/e5/e5a6830a26a268de6c9ca1a762d34565.unity3d,Texture2D,f_1105_hair,-2523812495078172616,image/playeritemicon/f_1105_hair.png,228,160,
image/playeritemicon/f_1106_body,ab/02/02fd65436c82e67404c7fca16ac26775.unity3d,Texture2D,f_1106_body,3384954959776147411,image/playeritemicon/f_1106_body.png,228,160,
image/playeritemicon/f_1106_hair,ab/64/64cfaf7cc8a953d331375192e2740c8b.unity3d,Texture2D,f_1106_hair,-5082097235734961472,image/playeritemicon/f_1106_hair.png,228,160,
image/playeritemicon/f_1109_body,ab/02/02bc0c16f6d0f30d880b463751e98deb.unity3d,Texture2D,f_1109_body,8718062778011976282,image/playeritemicon/f_1109_body.png,228,160,
image/playeritemicon/f_1119_body,ab/e5/e5ef1cfd1493a3ac832ef54e76267f43.unity3d,Texture2D,f_1119_body,2369274353919377434,image/playeritemicon/f_1119_body.png,228,160,
image/playeritemicon/f_1120_body_2,ab/c6/c6197a8a9026a6d64a04de46f1257607.unity3d,Texture2D,f_1120_body_2,6709978738717490787,image/playeritemicon/f_1120_body_2.png,228,160,
image/playeritemicon/f_1120_body_4,ab/cd/cd5c9e6c5612a4a61ddc75c0c4d8c489.unity3d,Texture2D,f_1120_body_4,6049820095483478310,image/playeritemicon/f_1120_body_4.png,228,160,
image/playeritemicon/f_1124_body,ab/00/0073a7f8e4cffdfd131ee82e9d4c5680.unity3d,Texture2D,f_1124_body,1621539727946170231,image/playeritemicon/f_1124_body.png,228,160,
image/playeritemicon/f_1125_body_2,ab/31/31ffadcb932a28d5a2acbd76d63e1d1f.unity3d,Texture2D,f_1125_body_2,-4343856427352671966,image/playeritemicon/f_1125_body_2.png,228,160,
image/playeritemicon/f_1130_hair,ab/28/28ab4cb179248482afd96acb8cbba44f.unity3d,Texture2D,f_1130_hair,-1411305006940528909,image/playeritemicon/f_1130_hair.png,228,160,
image/playeritemicon/f_1131_body,ab/55/550ed6be42ed08a75d8e349e557ce772.unity3d,Texture2D,f_1131_body,-1767482459587350788,image/playeritemicon/f_1131_body.png,228,160,
image/playeritemicon/f_1131_hair,ab/70/706f02cd4427b8d630e0d73f09330c03.unity3d,Texture2D,f_1131_hair,5144759973264387338,image/playeritemicon/f_1131_hair.png,228,160,
image/playeritemicon/f_1134_hair,ab/f8/f86d999b67d702ba2c3d62017c78702f.unity3d,Texture2D,f_1134_hair,1621014429913821820,image/playeritemicon/f_1134_hair.png,228,160,
image/playeritemicon/f_1139_body,ab/03/03ef8e041c0f66d987cd1c94f1004c55.unity3d,Texture2D,f_1139_body,-3650521045684426621,image/playeritemicon/f_1139_body.png,228,160,
image/playeritemicon/f_1140_hair,ab/2d/2d57a5706e29237480d3d0edd5bea1e8.unity3d,Texture2D,f_1140_hair,1397527654086645136,image/playeritemicon/f_1140_hair.png,228,160,
image/playeritemicon/f_1142_body,ab/69/6923123e3075fb7686171ee9ffcbeed1.unity3d,Texture2D,f_1142_body,7800605993009615805,image/playeritemicon/f_1142_body.png,228,160,
image/playeritemicon/f_1142_hair,ab/0a/0a244d9727ef5d570901d23cd9118a94.unity3d,Texture2D,f_1142_hair,3886713739616699363,image/playeritemicon/f_1142_hair.png,228,160,
image/playeritemicon/f_1143_hair,ab/04/04c69971ffa1f7ac50cc1c5643f2051e.unity3d,Texture2D,f_1143_hair,-36093156802969377,image/playeritemicon/f_1143_hair.png,228,160,
image/playeritemicon/f_1145_body,ab/2d/2d0bf5aa42ed442d8d9258c0946ddcee.unity3d,Texture2D,f_1145_body,4787291194559940536,image/playeritemicon/f_1145_body.png,228,160,
image/playeritemicon/f_1148_body,ab/f4/f494a9856cefc56433ac9712fc0ab57a.unity3d,Texture2D,f_1148_body,6403583719907425040,image/playeritemicon/f_1148_body.png,228,160,
image/playeritemicon/f_1148_hair,ab/ea/ea211a1be6ecfb2b4ae64a33181cdb77.unity3d,Texture2D,f_1148_hair,2268468529018544082,image/playeritemicon/f_1148_hair.png,228,160,
image/playeritemicon/f_1151_body_1,ab/c5/c573489f3953de81cbda8aa882241cd8.unity3d,Texture2D,f_1151_body_1,7644173992903967440,image/playeritemicon/f_1151_body_1.png,228,160,
image/playeritemicon/f_1154_body,ab/f7/f772a8ff5fa282a93a82e687dcfba474.unity3d,Texture2D,f_1154_body,-31683195841047113,image/playeritemicon/f_1154_body.png,228,160,
image/playeritemicon/f_1154_hair,ab/eb/eb7882f2142a9fb684d1e8df69fc6883.unity3d,Texture2D,f_1154_hair,-6382371455975873154,image/playeritemicon/f_1154_hair.png,228,160,
image/playeritemicon/f_1158_body,ab/d1/d17cd83930499af6da99c1af21369c61.unity3d,Texture2D,f_1158_body,-8164447827721667627,image/playeritemicon/f_1158_body.png,228,160,
image/playeritemicon/f_1160_hair,ab/1d/1de68b231771f6b9f3d0604f3c19526f.unity3d,Texture2D,f_1160_hair,5969409510001723348,image/playeritemicon/f_1160_hair.png,228,160,
image/playeritemicon/f_1161_hair,ab/f1/f1a31bac0ec3670c7d6efbb816128bbe.unity3d,Texture2D,f_1161_hair,-4482867944770816618,image/playeritemicon/f_1161_hair.png,228,160,
image/playeritemicon/f_1163_body_2,ab/f1/f1123f58617729fa78b46b07f72f79c8.unity3d,Texture2D,f_1163_body_2,2206483893176096121,image/playeritemicon/f_1163_body_2.png,228,160,
image/playeritemicon/f_1167_hair,ab/3c/3c7539d620fe40b447f47feee701a8aa.unity3d,Texture2D,f_1167_hair,7554112424573567753,image/playeritemicon/f_1167_hair.png,228,160,
image/playeritemicon/f_1168_hair,ab/65/65555d70a0e3028cbebfa7e35be55816.unity3d,Texture2D,f_1168_hair,200019157207551561,image/playeritemicon/f_1168_hair.png,228,160,
image/playeritemicon/f_1169_body03,ab/c9/c9caadd7a35d0e20b1bfcdaffd197fca.unity3d,Texture2D,f_1169_body03,130705100937717574,image/playeritemicon/f_1169_body03.png,228,160,
image/playeritemicon/f_1169_hair,ab/e3/e31fc9f66b98dd8bd6ff1cd626dceeeb.unity3d,Texture2D,f_1169_hair,41285104977906919,image/playeritemicon/f_1169_hair.png,228,160,
image/playeritemicon/f_1169_hair03,ab/1d/1dc85dcf6ab51a34551ad7ca99b33c23.unity3d,Texture2D,f_1169_hair03,-3133744652196186407,image/playeritemicon/f_1169_hair03.png,228,160,
image/playeritemicon/f_1170_body,ab/32/3270a775948e2a2fc6af3a3e9aa0f7fc.unity3d,Texture2D,f_1170_body,-8839654573645253252,image/playeritemicon/f_1170_body.png,228,160,
image/playeritemicon/f_1170_hair,ab/e4/e4596922d7d31ab0cd9daf3dd66dd01a.unity3d,Texture2D,f_1170_hair,-8248875873338252562,image/playeritemicon/f_1170_hair.png,228,160,
image/playeritemicon/f_1172_body,ab/d5/d5ede1d60b84456d253a8048e5cc2f8a.unity3d,Texture2D,f_1172_body,3529611195128394005,image/playeritemicon/f_1172_body.png,228,160,
image/playeritemicon/f_1172_hair,ab/fc/fcc014073e1b75c1c2a9127cf01f59cd.unity3d,Texture2D,f_1172_hair,4404571129925795545,image/playeritemicon/f_1172_hair.png,228,160,
image/playeritemicon/f_1179_hair,ab/b5/b55721164f1a62c320777b7267345322.unity3d,Texture2D,f_1179_hair,3085014346480416784,image/playeritemicon/f_1179_hair.png,228,160,
image/playeritemicon/f_1180_body,ab/3f/3f0fe8737d8d9adefcd2fc9d933b9ffa.unity3d,Texture2D,f_1180_body,-1860673533438522408,image/playeritemicon/f_1180_body.png,228,160,
image/playeritemicon/f_1181_body,ab/e3/e32224c218dc383cfe7c73a43bd47840.unity3d,Texture2D,f_1181_body,-4165193362023310962,image/playeritemicon/f_1181_body.png,228,160,
image/playeritemicon/f_1181_hair,ab/de/deadbafae14798b768e128a0168e8c30.unity3d,Texture2D,f_1181_hair,3740229881560110921,image/playeritemicon/f_1181_hair.png,228,160,
image/playeritemicon/f_1185_hair,ab/ea/ea91453559cbef41a2825589dd8837ad.unity3d,Texture2D,f_1185_hair,336235980183697112,image/playeritemicon/f_1185_hair.png,228,160,
image/playeritemicon/f_1188_body,ab/41/418c7b2997d77d0d7804dffd1434680d.unity3d,Texture2D,f_1188_body,-1837571888295787202,image/playeritemicon/f_1188_body.png,228,160,
image/playeritemicon/f_1193_body,ab/c1/c1c19c9e3cb2b2317c86cb994119a4c6.unity3d,Texture2D,f_1193_body,-8564513772607388983,image/playeritemicon/f_1193_body.png,228,160,
image/playeritemicon/f_1193_hair,ab/32/32175a4d3d22f0667c37dd78a9608f33.unity3d,Texture2D,f_1193_hair,-205660056241549388,image/playeritemicon/f_1193_hair.png,228,160,
image/playeritemicon/f_1195_body,ab/e3/e3753507ee790854329a5fa243b912a1.unity3d,Texture2D,f_1195_body,-2806135953685202335,image/playeritemicon/f_1195_body.png,228,160,
image/playeritemicon/f_1198_body,ab/0b/0bc4efa97ae85735a836ee2204069799.unity3d,Texture2D,f_1198_body,-7151181380953873892,image/playeritemicon/f_1198_body.png,228,160,
image/playeritemicon/f_1199_body,ab/00/0010b27fad9fd5ae8a115bc711e8f68e.unity3d,Texture2D,f_1199_body,6697088360056659710,image/playeritemicon/f_1199_body.png,228,160,
image/playeritemicon/f_1199_hair,ab/b3/b366b65a192c2fbcaece12ed5f16bf6a.unity3d,Texture2D,f_1199_hair,5883367060821343482,image/playeritemicon/f_1199_hair.png,228,160,
image/playeritemicon/f_1200_body,ab/eb/ebd76ae8916bf10e847652178c26d4f2.unity3d,Texture2D,f_1200_body,7472927147493601753,image/playeritemicon/f_1200_body.png,228,160,
image/playeritemicon/f_1203_body,ab/67/670b2b4e4d817ceac1b47bb85658ee70.unity3d,Texture2D,f_1203_body,8639420186977180478,image/playeritemicon/f_1203_body.png,228,160,
image/playeritemicon/f_1203_hair,ab/f9/f9cb87807d5526e2294e15dedbd20e3a.unity3d,Texture2D,f_1203_hair,-2276485175628524369,image/playeritemicon/f_1203_hair.png,228,160,
image/playeritemicon/f_1206,ab/28/280b15f6fc5d5e663bb7007e0eaa14c5.unity3d,Texture2D,f_1206,6433791989621746643,image/playeritemicon/f_1206.png,228,160,
image/playeritemicon/f_1211_body,ab/fc/fc1793032b180cb5e41dab727b39832c.unity3d,Texture2D,f_1211_body,-6554959325516101866,image/playeritemicon/f_1211_body.png,228,160,
image/playeritemicon/f_1215_body,ab/af/af9a1b8980d5517187152e867e32c119.unity3d,Texture2D,f_1215_body,2648155656991458868,image/playeritemicon/f_1215_body.png,228,160,
image/playeritemicon/f_1216_hair,ab/ea/eaeac1370ce1decec6aa237b975efa20.unity3d,Texture2D,f_1216_hair,-8840640647468271578,image/playeritemicon/f_1216_hair.png,228,160,
image/playeritemicon/f_1217_body,ab/c9/c95368d40dd12cb6ad9f37bf2a509b7c.unity3d,Texture2D,f_1217_body,-4860799553416230573,image/playeritemicon/f_1217_body.png,228,160,
image/playeritemicon/f_1218_hair,ab/bc/bc1eff0f14e2fcf65eaf4627b23d47e8.unity3d,Texture2D,f_1218_hair,8130740639197116921,image/playeritemicon/f_1218_hair.png,228,160,
image/playeritemicon/f_1220_hair,ab/16/1665f565ea2509d697c6d79e0de578fd.unity3d,Texture2D,f_1220_hair,-3376602907557231976,image/playeritemicon/f_1220_hair.png,228,160,
image/playeritemicon/f_1222_body,ab/66/66d27cb73f258ee337e0935d40ed1714.unity3d,Texture2D,f_1222_body,125506178059611486,image/playeritemicon/f_1222_body.png,228,160,
image/playeritemicon/f_1222_hair,ab/55/55d63edc61284f76773cb9b34e7546d9.unity3d,Texture2D,f_1222_hair,-3710886460743082462,image/playeritemicon/f_1222_hair.png,228,160,
image/playeritemicon/f_1224_body,ab/fb/fb49cc83217fb1cd4eb4d00ed3a1b689.unity3d,Texture2D,f_1224_body,-9021698877152670595,image/playeritemicon/f_1224_body.png,228,160,
image/playeritemicon/f_1230_hair,ab/fb/fb8a68fb0934bdd9959290adfcd43f31.unity3d,Texture2D,f_1230_hair,4560784162551129363,image/playeritemicon/f_1230_hair.png,228,160,
image/playeritemicon/f_1232_body,ab/e9/e9985ed82ed12a769d257ebbc3ff6b24.unity3d,Texture2D,f_1232_body,7189324584024576340,image/playeritemicon/f_1232_body.png,228,160,
image/playeritemicon/f_1232_hair,ab/d3/d378564bc6304fc642848b00f345fb75.unity3d,Texture2D,f_1232_hair,2847608822769464511,image/playeritemicon/f_1232_hair.png,228,160,
image/playeritemicon/f_1240_hair,ab/3b/3b2d7afac73fb88d3bbb10b5f7e7fe9b.unity3d,Texture2D,f_1240_hair,3108737488512364336,image/playeritemicon/f_1240_hair.png,228,160,
image/playeritemicon/f_1242_hair,ab/c9/c9a47efeb8ef1f4ed9cd079e9b73fd03.unity3d,Texture2D,f_1242_hair,3916061945748946629,image/playeritemicon/f_1242_hair.png,228,160,
image/playeritemicon/f_1246_body,ab/22/22ecd146b02fef887cb29ffd375406ea.unity3d,Texture2D,f_1246_body,-4134211821316936283,image/playeritemicon/f_1246_body.png,228,160,
image/playeritemicon/f_1248_hair,ab/cb/cb10b433f11c155ed7442500e2a88a17.unity3d,Texture2D,f_1248_hair,2200103501667186548,image/playeritemicon/f_1248_hair.png,228,160,
image/playeritemicon/f_1249_hair,ab/e0/e037e96b0dc5a815dcc54782a114c0bc.unity3d,Texture2D,f_1249_hair,6626490133889607438,image/playeritemicon/f_1249_hair.png,228,160,
image/playeritemicon/f_1250_hair,ab/e3/e357384afac72f44efa0fb1c548d67b3.unity3d,Texture2D,f_1250_hair,-584968852897227927,image/playeritemicon/f_1250_hair.png,228,160,
image/playeritemicon/f_1251_body,ab/d1/d14a1c0b844882c73e440a80a2243cfe.unity3d,Texture2D,f_1251_body,-3963564756231111378,image/playeritemicon/f_1251_body.png,228,160,
image/playeritemicon/f_1253_hair,ab/e3/e33d2915d7e75b7210f5710bbf5862db.unity3d,Texture2D,f_1253_hair,-1550392688226745650,image/playeritemicon/f_1253_hair.png,228,160,
image/playeritemicon/f_1254_body,ab/c7/c7e11af9bd7faa97f588fdb5f6d4b754.unity3d,Texture2D,f_1254_body,5020560264825337713,image/playeritemicon/f_1254_body.png,228,160,
image/playeritemicon/f_1255_body,ab/17/17b440a215eb5e42a446ee36951d6a11.unity3d,Texture2D,f_1255_body,738911930774598627,image/playeritemicon/f_1255_body.png,228,160,
image/playeritemicon/f_1256_hair,ab/e9/e9d1542df3e47009b215a16cdd33a54e.unity3d,Texture2D,f_1256_hair,5671116473257969766,image/playeritemicon/f_1256_hair.png,228,160,
image/playeritemicon/f_1257_hair,ab/17/1740a2f2d8f3795604563d41119dd15c.unity3d,Texture2D,f_1257_hair,-4731938932100525231,image/playeritemicon/f_1257_hair.png,228,160,
image/playeritemicon/f_1260_body,ab/b6/b61dd0f940bcad1d098270672be5842d.unity3d,Texture2D,f_1260_body,2974161737224593721,image/playeritemicon/f_1260_body.png,228,160,
image/playeritemicon/f_1261_body,ab/b6/b659c41efcf3a084c4cb65aef633085b.unity3d,Texture2D,f_1261_body,-4528690668363154756,image/playeritemicon/f_1261_body.png,228,160,
image/playeritemicon/f_1263_hair,ab/66/66ecd155cb3a373d8f88846e07bf9889.unity3d,Texture2D,f_1263_hair,8327747652692630503,image/playeritemicon/f_1263_hair.png,228,160,
image/playeritemicon/f_1269_body,ab/2f/2ffe9c45b8acd0b58a27187fc2de90ac.unity3d,Texture2D,f_1269_body,6908698590306012001,image/playeritemicon/f_1269_body.png,228,160,
image/playeritemicon/f_1271_hair,ab/d3/d3f703c73b3f77c3c94ca039544a0fea.unity3d,Texture2D,f_1271_hair,6386191601841584419,image/playeritemicon/f_1271_hair.png,228,160,
image/playeritemicon/f_1272_hair,ab/de/de17476efdf89d16cb1e7b2f30d06fa9.unity3d,Texture2D,f_1272_hair,-4478522755120516723,image/playeritemicon/f_1272_hair.png,228,160,
image/playeritemicon/f_1273_hair,ab/55/55eb30846fbc113d121ff1ad330f96f1.unity3d,Texture2D,f_1273_hair,3892345263768739236,image/playeritemicon/f_1273_hair.png,228,160,
image/playeritemicon/f_1276_body,ab/e0/e0a71f3072a9a556d191a7330884d6f0.unity3d,Texture2D,f_1276_body,-1015581749132683836,image/playeritemicon/f_1276_body.png,228,160,
image/playeritemicon/f_1280_body,ab/f8/f8c82125c575ef9107ced81d65c66d8e.unity3d,Texture2D,f_1280_body,7114887394924646269,image/playeritemicon/f_1280_body.png,228,160,
image/playeritemicon/f_1281_hair,ab/e4/e47ac005be18d7d099b788377185fda7.unity3d,Texture2D,f_1281_hair,7673164216409736205,image/playeritemicon/f_1281_hair.png,228,160,
image/playeritemicon/f_1284_body,ab/23/2395a5513c74b25095eb72cbdb090f1d.unity3d,Texture2D,f_1284_body,-6135713188213860415,image/playeritemicon/f_1284_body.png,228,160,
image/playeritemicon/f_1285_hair,ab/0a/0aebb9bf7d84f8f9b73c31c54ea7a595.unity3d,Texture2D,f_1285_hair,-7312864306076544943,image/playeritemicon/f_1285_hair.png,228,160,
image/playeritemicon/f_1287_body,ab/e8/e863dd751198c18953d1dea493b404a6.unity3d,Texture2D,f_1287_body,-2461664978594684549,image/playeritemicon/f_1287_body.png,228,160,
image/playeritemicon/f_1287_hair,ab/f8/f8d9d6d00bd667dd3b7736a95e015b87.unity3d,Texture2D,f_1287_hair,-785384419473535724,image/playeritemicon/f_1287_hair.png,228,160,
image/playeritemicon/f_1288_body,ab/58/581032f178c65f6c36bfe09d7e6e986a.unity3d,Texture2D,f_1288_body,-554663856399898774,image/playeritemicon/f_1288_body.png,228,160,
image/playeritemicon/f_1288_hair,ab/e8/e8079216676b358e0b706949aefdae72.unity3d,Texture2D,f_1288_hair,3463658413535173302,image/playeritemicon/f_1288_hair.png,228,160,
image/playeritemicon/f_1289_body,ab/16/16936e713e13be568cc5c3c5fc8e6dc8.unity3d,Texture2D,f_1289_body,9002541493611860702,image/playeritemicon/f_1289_body.png,228,160,
image/playeritemicon/f_1291_body,ab/c5/c5f4a723085468d27edce5e71c22809e.unity3d,Texture2D,f_1291_body,208002735482348199,image/playeritemicon/f_1291_body.png,228,160,
image/playeritemicon/f_1292_hair,ab/1d/1d5757dc5079118412ca4d9d77339866.unity3d,Texture2D,f_1292_hair,-8446861255210582596,image/playeritemicon/f_1292_hair.png,228,160,
image/playeritemicon/f_1293_body,ab/42/423849b291c7e8dbc2f0943d19ba9ecd.unity3d,Texture2D,f_1293_body,-3291026703755551785,image/playeritemicon/f_1293_body.png,228,160,
image/playeritemicon/f_1295_hair,ab/0a/0a2602806cbb5c95d859944281cb4422.unity3d,Texture2D,f_1295_hair,1933424129614553257,image/playeritemicon/f_1295_hair.png,228,160,
image/playeritemicon/f_1296_body,ab/fc/fc8f49b7ca4af10832707bec688140c4.unity3d,Texture2D,f_1296_body,-4768853381024807620,image/playeritemicon/f_1296_body.png,228,160,
image/playeritemicon/f_1297_body,ab/49/498eeb9f6af94cef7af35b9f4f483f6e.unity3d,Texture2D,f_1297_body,1626550874970002575,image/playeritemicon/f_1297_body.png,228,160,
image/playeritemicon/f_1298_hair,ab/e2/e2d83c09e6a04d7df5fcc9dd1f308cab.unity3d,Texture2D,f_1298_hair,2933124330544072762,image/playeritemicon/f_1298_hair.png,228,160,
image/playeritemicon/f_1299_body,ab/d2/d2401edf1cd50dd0bfb85c74014a55a3.unity3d,Texture2D,f_1299_body,-7884439836394906841,image/playeritemicon/f_1299_body.png,228,160,
image/playeritemicon/f_1299_hair,ab/cb/cb20a758726b4a8089df07f5eb78c9d2.unity3d,Texture2D,f_1299_hair,2703460707902423839,image/playeritemicon/f_1299_hair.png,228,160,
image/playeritemicon/f_1305_body,ab/e9/e9f0785f7b5a6e2fc8b1f5142a1aa7eb.unity3d,Texture2D,f_1305_body,-7091952531962048611,image/playeritemicon/f_1305_body.png,228,160,
image/playeritemicon/f_1307_hair,ab/b5/b555fc1698a3091defa737df06880605.unity3d,Texture2D,f_1307_hair,2532782076336992576,image/playeritemicon/f_1307_hair.png,228,160,
image/playeritemicon/f_1308_body,ab/16/167600f512ab40dba4784ae7a1a04a1e.unity3d,Texture2D,f_1308_body,4443302409164658990,image/playeritemicon/f_1308_body.png,228,160,
image/playeritemicon/f_1310_hair,ab/c7/c7251c3218d9f6a0b007d4d84ef1da21.unity3d,Texture2D,f_1310_hair,1786460244326193311,image/playeritemicon/f_1310_hair.png,228,160,
image/playeritemicon/f_1316_body,ab/00/00e4e97d019dda65d7a289a39edba68d.unity3d,Texture2D,f_1316_body,1364577685198281533,image/playeritemicon/f_1316_body.png,228,160,
image/playeritemicon/f_1318_body,ab/b8/b836e6244e1b06ff01456d8c37843fc5.unity3d,Texture2D,f_1318_body,-3796748629657962529,image/playeritemicon/f_1318_body.png,228,160,
image/playeritemicon/f_1318_hair,ab/f9/f90a8d2b8a744c0e7388fd41eef70705.unity3d,Texture2D,f_1318_hair,-4744263924919850934,image/playeritemicon/f_1318_hair.png,228,160,
image/playeritemicon/f_1324_body,ab/cf/cf23342cdeb610e32b64437a9545d373.unity3d,Texture2D,f_1324_body,5358962690552462199,image/playeritemicon/f_1324_body.png,228,160,
image/playeritemicon/f_1324_hair,ab/f7/f71c6d4936077c89cecaf040a6af3e30.unity3d,Texture2D,f_1324_hair,9035356474828651696,image/playeritemicon/f_1324_hair.png,228,160,
image/playeritemicon/f_1325_hair,ab/27/2715100cdb197eeae68e59d0844e8780.unity3d,Texture2D,f_1325_hair,-2166723901172067168,image/playeritemicon/f_1325_hair.png,228,160,
image/playeritemicon/f_1326_body,ab/19/194a6429a5866286f0f2208022334bea.unity3d,Texture2D,f_1326_body,5448402418929858625,image/playeritemicon/f_1326_body.png,228,160,
image/playeritemicon/f_1328_body,ab/be/be89342c5c79cc4f5b366d1510ffa40a.unity3d,Texture2D,f_1328_body,-3044506777673715596,image/playeritemicon/f_1328_body.png,228,160,
image/playeritemicon/f_1329_body,ab/d1/d103c2042425e1bfe5833a0545fa9874.unity3d,Texture2D,f_1329_body,-8676871957098103079,image/playeritemicon/f_1329_body.png,228,160,
image/playeritemicon/f_1330_hair,ab/eb/ebd74384467f586e043b5b331059de51.unity3d,Texture2D,f_1330_hair,8545055857804254496,image/playeritemicon/f_1330_hair.png,228,160,
image/playeritemicon/f_1334_hair,ab/0c/0cff68d70591045a8317e37a4d301963.unity3d,Texture2D,f_1334_hair,-2051009899287251635,image/playeritemicon/f_1334_hair.png,228,160,
image/playeritemicon/f_1337_body,ab/b5/b52d026ab16ac11a9baa6b5a9f5b7eb7.unity3d,Texture2D,f_1337_body,-2071969122095076141,image/playeritemicon/f_1337_body.png,228,160,
image/playeritemicon/f_1338_body,ab/31/31cc43837c45917cc393f185159298fd.unity3d,Texture2D,f_1338_body,2826893985564111651,image/playeritemicon/f_1338_body.png,228,160,
image/playeritemicon/f_1342_hair,ab/dd/dd945ded03bc07c06f4fe480e397d76d.unity3d,Texture2D,f_1342_hair,8143131677812847505,image/playeritemicon/f_1342_hair.png,228,160,
image/playeritemicon/f_1343_body,ab/46/46d94f6a4bcd1ce78d63e40fed747893.unity3d,Texture2D,f_1343_body,-1609525676700854199,image/playeritemicon/f_1343_body.png,228,160,
image/playeritemicon/f_1346_body,ab/55/559e7785ac4ac1299051198c7787dc10.unity3d,Texture2D,f_1346_body,8776101764085982682,image/playeritemicon/f_1346_body.png,228,160,
image/playeritemicon/f_1346_hair,ab/3c/3c1755ed42349c929b9a4e250111f5e7.unity3d,Texture2D,f_1346_hair,-7763726500566796675,image/playeritemicon/f_1346_hair.png,228,160,
image/playeritemicon/f_1350_body,ab/18/1871e8888b8ce8dda0f906f44bbc0ec1.unity3d,Texture2D,f_1350_body,3552120304999204079,image/playeritemicon/f_1350_body.png,228,160,
image/playeritemicon/f_1352_hair,ab/32/327079d6bfd3088bffd06a24e5d3a253.unity3d,Texture2D,f_1352_hair,-6234650282823697638,image/playeritemicon/f_1352_hair.png,228,160,
image/playeritemicon/f_1353_body,ab/c0/c034227b4d914ea332c027eda520a9fb.unity3d,Texture2D,f_1353_body,2978871938016328862,image/playeritemicon/f_1353_body.png,228,160,
image/playeritemicon/f_1355_hair,ab/dd/dd13c10bd9491c5580166f7d2f4bc305.unity3d,Texture2D,f_1355_hair,1495911193813796521,image/playeritemicon/f_1355_hair.png,228,160,
image/playeritemicon/f_1356_hair,ab/22/228f56ede5b9f7b0f0bf8f92ecb83953.unity3d,Texture2D,f_1356_hair,7640260024136374306,image/playeritemicon/f_1356_hair.png,228,160,
image/playeritemicon/f_1357_hair,ab/f0/f019f91035dfb707807950f52ae23e9b.unity3d,Texture2D,f_1357_hair,-4004771324027076391,image/playeritemicon/f_1357_hair.png,228,160,
image/playeritemicon/f_1358_body,ab/40/40cebb05d417f279514e722532628e00.unity3d,Texture2D,f_1358_body,-8176277111562385180,image/playeritemicon/f_1358_body.png,228,160,
image/playeritemicon/f_1361_hair,ab/e9/e9429f25376349c530c352e410ea0bdb.unity3d,Texture2D,f_1361_hair,-6128215015973752178,image/playeritemicon/f_1361_hair.png,228,160,
image/playeritemicon/f_1362_body,ab/cf/cf744f394bc3138f1ab739423d924821.unity3d,Texture2D,f_1362_body,3867485407115667238,image/playeritemicon/f_1362_body.png,228,160,
image/playeritemicon/f_1364_hair,ab/be/be501cf51a920b98fa7e36edd5730fa0.unity3d,Texture2D,f_1364_hair,6077507136390971899,image/playeritemicon/f_1364_hair.png,228,160,
image/playeritemicon/f_1365_body,ab/c1/c14b1c41d5c1dc3b0765e7a4b02598f5.unity3d,Texture2D,f_1365_body,9218938731996405635,image/playeritemicon/f_1365_body.png,228,160,
image/playeritemicon/f_1366_body,ab/eb/eb55cfa565de5b8bb47ff0791efc7b2e.unity3d,Texture2D,f_1366_body,-5862152568084458304,image/playeritemicon/f_1366_body.png,228,160,
image/playeritemicon/f_1370_body,ab/26/2687af06fbe4a2850bbee1b7e886d847.unity3d,Texture2D,f_1370_body,4811537594221473797,image/playeritemicon/f_1370_body.png,228,160,
image/playeritemicon/f_1372_body,ab/49/49fff1aaa4f784a9190015ccef8c8c86.unity3d,Texture2D,f_1372_body,3789512434508053730,image/playeritemicon/f_1372_body.png,228,160,
image/playeritemicon/f_1376_body,ab/41/41f5a7b857a75ddbc933a55183e325e1.unity3d,Texture2D,f_1376_body,-7191773890212096909,image/playeritemicon/f_1376_body.png,228,160,
image/playeritemicon/f_1376_hair,ab/3d/3d65457954d0d3e88c0fc7ee069680d3.unity3d,Texture2D,f_1376_hair,-8977941066508179639,image/playeritemicon/f_1376_hair.png,228,160,
image/playeritemicon/f_1380_body,ab/e9/e98696dfb154216e51860faa1f23a742.unity3d,Texture2D,f_1380_body,-3899585004746834075,image/playeritemicon/f_1380_body.png,228,160,
image/playeritemicon/f_1380_hair,ab/e2/e253c92af853ffa3f8d001bcdf052f56.unity3d,Texture2D,f_1380_hair,2781337772242602948,image/playeritemicon/f_1380_hair.png,228,160,
image/playeritemicon/f_1381_body,ab/e8/e8800708c4078a06b78cdfb912b4f25a.unity3d,Texture2D,f_1381_body,4534475681386797142,image/playeritemicon/f_1381_body.png,228,160,
image/playeritemicon/f_1385_body,ab/d1/d173bbae62907868d4112a1dab17989a.unity3d,Texture2D,f_1385_body,7354732745311507289,image/playeritemicon/f_1385_body.png,228,160,
image/playeritemicon/f_1387_body,ab/58/581cd73b9a9ed5968153c37a21b873f4.unity3d,Texture2D,f_1387_body,-4624299074458305737,image/playeritemicon/f_1387_body.png,228,160,
image/playeritemicon/f_1387_hair,ab/fc/fce2f13faeb997933e08aafd16afc248.unity3d,Texture2D,f_1387_hair,727364293401406086,image/playeritemicon/f_1387_hair.png,228,160,
image/playeritemicon/f_1389_hair,ab/e3/e30f8a9e1c37bccbc9209f1482ae3ea0.unity3d,Texture2D,f_1389_hair,6529334367918174060,image/playeritemicon/f_1389_hair.png,228,160,
image/playeritemicon/f_1391_hair,ab/ca/ca19eb8f7d82bb6901025605712d4e86.unity3d,Texture2D,f_1391_hair,-7399502696849577762,image/playeritemicon/f_1391_hair.png,228,160,
image/playeritemicon/f_1398_body,ab/ee/ee8af26f46b16754617bf5e2708b9ab6.unity3d,Texture2D,f_1398_body,612391314728336163,image/playeritemicon/f_1398_body.png,228,160,
image/playeritemicon/f_1398_hair,ab/03/03f90567a6f0918e0038d5986ff72aa6.unity3d,Texture2D,f_1398_hair,-803472046707059268,image/playeritemicon/f_1398_hair.png,228,160,
image/playeritemicon/f_1400_body,ab/22/2256f0c70ba05648f8d4cf293386d34d.unity3d,Texture2D,f_1400_body,-8450982524627106929,image/playeritemicon/f_1400_body.png,228,160,
image/playeritemicon/f_1402_hair,ab/b6/b68e7968eb32a3188081c8261992146d.unity3d,Texture2D,f_1402_hair,5150440284358126349,image/playeritemicon/f_1402_hair.png,228,160,
image/playeritemicon/f_1403_body,ab/ee/ee3cfc70b3de611f5b5fa3934376728b.unity3d,Texture2D,f_1403_body,8483624638645736648,image/playeritemicon/f_1403_body.png,228,160,
image/playeritemicon/f_1405_hair,ab/50/50887bfcd49c01df282a00d51b295434.unity3d,Texture2D,f_1405_hair,-3275115281842166041,image/playeritemicon/f_1405_hair.png,228,160,
image/playeritemicon/f_1406_body,ab/49/490bfa841b68f4b294e5cd411f352200.unity3d,Texture2D,f_1406_body,-1606077856252774406,image/playeritemicon/f_1406_body.png,228,160,
image/playeritemicon/f_1408_hair,ab/af/afc11674234ba736cd296ae2136048e5.unity3d,Texture2D,f_1408_hair,995185107475220164,image/playeritemicon/f_1408_hair.png,228,160,
image/playeritemicon/f_1410_body,ab/b3/b38520cfd863dcf15a71f57d96f9f5be.unity3d,Texture2D,f_1410_body,7187424098686834697,image/playeritemicon/f_1410_body.png,228,160,
image/playeritemicon/f_1410_hair,ab/65/65536967174c8814fd0ebebafe713d4f.unity3d,Texture2D,f_1410_hair,5633257335940389150,image/playeritemicon/f_1410_hair.png,228,160,
image/playeritemicon/f_1412_hair,ab/cc/cc10965dce075fed68efc97c79377942.unity3d,Texture2D,f_1412_hair,-6770581547267301807,image/playeritemicon/f_1412_hair.png,228,160,
image/playeritemicon/f_1414_body,ab/70/702f002d0954ac9d5ab382c99d25a42a.unity3d,Texture2D,f_1414_body,-4208978882362008136,image/playeritemicon/f_1414_body.png,228,160,
image/playeritemicon/f_1415_body,ab/dd/dd920e9d0c39b50fa36e97d10a6862df.unity3d,Texture2D,f_1415_body,-1309946334292516862,image/playeritemicon/f_1415_body.png,228,160,
image/playeritemicon/f_1415_hair,ab/69/696d7f0c7c98c5184b062e070305527e.unity3d,Texture2D,f_1415_hair,6437227295466168698,image/playeritemicon/f_1415_hair.png,228,160,
image/playeritemicon/f_1416_body,ab/eb/ebfdd755e8bf64e53879fe1206e9dc71.unity3d,Texture2D,f_1416_body,6490876149425588856,image/playeritemicon/f_1416_body.png,228,160,
image/playeritemicon/f_1416_hair,ab/32/328f6e14048514c5d363f5bdf0842f8e.unity3d,Texture2D,f_1416_hair,1987206729948293495,image/playeritemicon/f_1416_hair.png,228,160,
image/playeritemicon/f_1418_hair,ab/2f/2ff9f44101c9d14846381e54d237424e.unity3d,Texture2D,f_1418_hair,2389597436547080826,image/playeritemicon/f_1418_hair.png,228,160,
image/playeritemicon/f_1419_body,ab/dd/dd3f1566cde5f74117a7f2cf9288e3c7.unity3d,Texture2D,f_1419_body,-1633789410525834833,image/playeritemicon/f_1419_body.png,228,160,
image/playeritemicon/f_1419_hair,ab/c0/c077dca13ad452481629172676ee8451.unity3d,Texture2D,f_1419_hair,8118460241290696124,image/playeritemicon/f_1419_hair.png,228,160,
image/playeritemicon/f_1423_body,ab/f1/f1daec741ef37f9ce1b60b157e9d4142.unity3d,Texture2D,f_1423_body,-4319803255456028076,image/playeritemicon/f_1423_body.png,228,160,
image/playeritemicon/f_1427_body,ab/f9/f9c9dffa2fd9cca3b993e85e662068e2.unity3d,Texture2D,f_1427_body,-7638562303480095059,image/playeritemicon/f_1427_body.png,228,160,
image/playeritemicon/f_1428_hair,ab/0c/0c4fbcc981de628cee8cd1b00eac3f6d.unity3d,Texture2D,f_1428_hair,4497759385384438147,image/playeritemicon/f_1428_hair.png,228,160,
image/playeritemicon/f_1433_body,ab/b5/b57b60f8d2113b3e31b211e58956403b.unity3d,Texture2D,f_1433_body,4915518058447008299,image/playeritemicon/f_1433_body.png,228,160,
image/playeritemicon/f_1436_body,ab/b0/b0219bf4bd3d954e92b88e5c86f94cd9.unity3d,Texture2D,f_1436_body,-8162779806329004633,image/playeritemicon/f_1436_body.png,228,160,
image/playeritemicon/f_1436_hair,ab/e9/e93c732571b8a78d8016aef1d1a50f29.unity3d,Texture2D,f_1436_hair,-2075119703987428651,image/playeritemicon/f_1436_hair.png,228,160,
image/playeritemicon/face_0002,ab/55/5592bcbb829137e3822dc39cdcd502fb.unity3d,Texture2D,face_0002,-4922892274212088005,image/playeritemicon/face_0002.png,228,160,
image/playeritemicon/face_0005,ab/d8/d8b248835ed05b32fc05421d788a9f6b.unity3d,Texture2D,face_0005,5006746621711145393,image/playeritemicon/face_0005.png,228,160,
image/playeritemicon/face_0018,ab/b5/b55145e9d2432244f5881fe979082ce7.unity3d,Texture2D,face_0018,162137267783061145,image/playeritemicon/face_0018.png,228,160,
image/playeritemicon/face_0019,ab/22/2281b1144f3b8f89e95706e387ea0784.unity3d,Texture2D,face_0019,6312202625594880826,image/playeritemicon/face_0019.png,228,160,
image/playeritemicon/face_0027,ab/ee/ee5f0589899c4dbd5c13b4ca3962e6c6.unity3d,Texture2D,face_0027,-5447482671101094775,image/playeritemicon/face_0027.png,228,160,
image/playeritemicon/face_0030,ab/c0/c085cb09a3bf6151b16e9912a3020a01.unity3d,Texture2D,face_0030,1824149363972317121,image/playeritemicon/face_0030.png,228,160,
image/playeritemicon/face_0032,ab/e9/e956e5027e94cd2e5d05d206f89d4ba5.unity3d,Texture2D,face_0032,-3873804926134231931,image/playeritemicon/face_0032.png,228,160,
image/playeritemicon/face_0033,ab/51/516f28f1f091b98e258cbd0b43261f13.unity3d,Texture2D,face_0033,2996867744897527143,image/playeritemicon/face_0033.png,228,160,
image/playeritemicon/face_0037,ab/fb/fba453e12cd0dc392e2ebb46f18d2bfd.unity3d,Texture2D,face_0037,-5299766279037775827,image/playeritemicon/face_0037.png,228,160,
image/playeritemicon/face_0038,ab/22/2265b8ad8529b4474b23ce779ec69a68.unity3d,Texture2D,face_0038,3405289834634155967,image/playeritemicon/face_0038.png,228,160,
image/playeritemicon/face_0040,ab/32/32a1655223c7b460555f53337d39a6e9.unity3d,Texture2D,face_0040,-6783822246005808446,image/playeritemicon/face_0040.png,228,160,
image/playeritemicon/face_0041,ab/be/be1d133213938deff851250075f4c571.unity3d,Texture2D,face_0041,-2644562881006302909,image/playeritemicon/face_0041.png,228,160,
image/playeritemicon/face_0045,ab/0e/0ea40ee57ce016e2a3dc4aa947bd5c3b.unity3d,Texture2D,face_0045,-4907721601355598462,image/playeritemicon/face_0045.png,228,160,
image/playeritemicon/face_0050,ab/ea/ea259105cc829c8e261b1d90298bc288.unity3d,Texture2D,face_0050,1462580577972623885,image/playeritemicon/face_0050.png,228,160,
image/playeritemicon/face_0063,ab/d1/d1ac5b0b33babeceaf12ec93bb6129f1.unity3d,Texture2D,face_0063,-7388379346351731164,image/playeritemicon/face_0063.png,228,160,
image/playeritemicon/face_0064,ab/ec/ec097002ba0c56608117f832bb8b6c50.unity3d,Texture2D,face_0064,4159061347798726067,image/playeritemicon/face_0064.png,228,160,
image/playeritemicon/face_0074,ab/e4/e4dcee45912ef3d95656e1d2423684f7.unity3d,Texture2D,face_0074,-4207916859587862159,image/playeritemicon/face_0074.png,228,160,
image/playeritemicon/face_0077,ab/e3/e3295ed597ac6dd8a7eb284f4cb50880.unity3d,Texture2D,face_0077,1521798796880258549,image/playeritemicon/face_0077.png,228,160,
image/playeritemicon/face_0078,ab/be/bee178a28bf21e1f2e308c18aaaa9ec6.unity3d,Texture2D,face_0078,-1550460709996848426,image/playeritemicon/face_0078.png,228,160,
image/playeritemicon/face_0079,ab/17/171c10f48cb68d24891120ddd3ef0cff.unity3d,Texture2D,face_0079,1698148117621591235,image/playeritemicon/face_0079.png,228,160,
image/playeritemicon/face_0081,ab/f0/f078fb92ab995d862ee2d1acb7ab0cfc.unity3d,Texture2D,face_0081,8536353681793970635,image/playeritemicon/face_0081.png,228,160,
image/playeritemicon/face_0086,ab/b5/b5aed1a49002a0d4e4e16f3aa1fdbfe4.unity3d,Texture2D,face_0086,7830929996748313851,image/playeritemicon/face_0086.png,228,160,
image/playeritemicon/face_0088,ab/3c/3c3882936a3ffe7c429c8b32c5275b4a.unity3d,Texture2D,face_0088,2313615112561417990,image/playeritemicon/face_0088.png,228,160,
image/playeritemicon/face_0095,ab/b0/b0b0dab47d44fd691734a5412b8f16c3.unity3d,Texture2D,face_0095,-7108544035696274603,image/playeritemicon/face_0095.png,228,160,
image/playeritemicon/face_0096,ab/51/512d97db0e9c62aeec05b57f2f023618.unity3d,Texture2D,face_0096,-482548362012911095,image/playeritemicon/face_0096.png,228,160,
image/playeritemicon/face_0098,ab/65/65a44f4f7235e7279c295d17e7c774d3.unity3d,Texture2D,face_0098,-7406394370533809447,image/playeritemicon/face_0098.png,228,160,
image/playeritemicon/face_0102,ab/c3/c3417f97cb0403c72775235a2c7209c8.unity3d,Texture2D,face_0102,-2350540464139204935,image/playeritemicon/face_0102.png,228,160,
image/playeritemicon/face_0104,ab/f0/f046400cfef4a5c7dc45a22a8cff8415.unity3d,Texture2D,face_0104,2480300574015483827,image/playeritemicon/face_0104.png,228,160,
image/playeritemicon/face_0105,ab/cf/cfe521a0adaa3cef20ad9a135c34db1c.unity3d,Texture2D,face_0105,6147452759055363587,image/playeritemicon/face_0105.png,228,160,
image/playeritemicon/face_0106,ab/46/465a7b02ca4cd816b1288625b0cb85b5.unity3d,Texture2D,face_0106,4635619822720904732,image/playeritemicon/face_0106.png,228,160,
image/playeritemicon/face_0110,ab/ec/ec40e595e562a4311dbc7c471dfda684.unity3d,Texture2D,face_0110,-1786267494153923045,image/playeritemicon/face_0110.png,228,160,
image/playeritemicon/face_0111,ab/31/31b6aad394be88263cad132ee6518328.unity3d,Texture2D,face_0111,1201902083189816379,image/playeritemicon/face_0111.png,228,160,
image/playeritemicon/face_0112,ab/55/55970ced316dc8ae0825b7e9a4d65f0e.unity3d,Texture2D,face_0112,-5574507075820800856,image/playeritemicon/face_0112.png,228,160,
image/playeritemicon/face_0116,ab/31/318fa6ff32e31a1e5520c3f8c307d62b.unity3d,Texture2D,face_0116,4552521946199755845,image/playeritemicon/face_0116.png,228,160,
image/playeritemicon/face_0117,ab/af/afa0ff62d595e19fd0ecf0c54c2c3493.unity3d,Texture2D,face_0117,7212789498164450974,image/playeritemicon/face_0117.png,228,160,
image/playeritemicon/face_0118,ab/36/3667ef7fd6c75482e2933707720af8a3.unity3d,Texture2D,face_0118,-1100338542285502471,image/playeritemicon/face_0118.png,228,160,
image/playeritemicon/face_0119,ab/d3/d3dc41fd11ea93e985645d4a9e3e2efc.unity3d,Texture2D,face_0119,5897216591037925660,image/playeritemicon/face_0119.png,228,160,
image/playeritemicon/face_0120,ab/af/afcf896d5b3821329368261af791f022.unity3d,Texture2D,face_0120,-5554583713580295942,image/playeritemicon/face_0120.png,228,160,
image/playeritemicon/face_0121,ab/55/55d55d1de5d27cabb2d3cb95800f36eb.unity3d,Texture2D,face_0121,-6368220585250395097,image/playeritemicon/face_0121.png,228,160,
image/playeritemicon/face_0123_icon,ab/dd/ddc9d4313438ffb49824e7638a2028c6.unity3d,Texture2D,face_0123_icon,4884008071289506735,image/playeritemicon/face_0123_icon.png,228,160,
image/playeritemicon/face_0127,ab/e2/e2184867f409fa8b392c579790552b02.unity3d,Texture2D,face_0127,4100537884529885145,image/playeritemicon/face_0127.png,228,160,
image/playeritemicon/face_0129_icon,ab/00/0088e74ba692af046c00d34ab2e25b6b.unity3d,Texture2D,face_0129_icon,-7201341026668803275,image/playeritemicon/face_0129_icon.png,228,160,
image/playeritemicon/face_0130,ab/b3/b30035f4ccd7751e3b6da97b0e07c6a9.unity3d,Texture2D,face_0130,8014764074307872122,image/playeritemicon/face_0130.png,228,160,
image/playeritemicon/face_0135,ab/53/53eeea0aecc4505402e6a5627da5279b.unity3d,Texture2D,face_0135,2581267158953332582,image/playeritemicon/face_0135.png,228,160,
image/playeritemicon/face_0140,ab/e4/e4f8c3d50931a26ce3bc45cf0fe42abc.unity3d,Texture2D,face_0140,-590089073368675985,image/playeritemicon/face_0140.png,228,160,
image/playeritemicon/face_0141,ab/de/dec1ff8ddad7a4f1415672bea7a530af.unity3d,Texture2D,face_0141,5555461243931516399,image/playeritemicon/face_0141.png,228,160,
image/playeritemicon/face_0142,ab/ee/ee57b956392f2b39e8d6b505976bdbde.unity3d,Texture2D,face_0142,-7198601334894758189,image/playeritemicon/face_0142.png,228,160,
image/playeritemicon/face_0146,ab/f1/f1612ef83c36745ad0fc283be2fa4435.unity3d,Texture2D,face_0146,8700135498996613984,image/playeritemicon/face_0146.png,228,160,
image/playeritemicon/face_0150,ab/23/23af0e1edde4f3eca99ea1c602453d5a.unity3d,Texture2D,face_0150,-2998839320791359674,image/playeritemicon/face_0150.png,228,160,
image/playeritemicon/face_0153,ab/3c/3c0bc0db04add8c40c841834652eee8f.unity3d,Texture2D,face_0153,-6286454063813596475,image/playeritemicon/face_0153.png,228,160,
image/playeritemicon/face_0154,ab/ea/ea5243d40c6d6e3b9ce5a74acf0a0264.unity3d,Texture2D,face_0154,8263467527332813270,image/playeritemicon/face_0154.png,228,160,
image/playeritemicon/face_0159,ab/e4/e429f0d10d71fd91ff401e3556bc9f2b.unity3d,Texture2D,face_0159,-8695518891301916254,image/playeritemicon/face_0159.png,228,160,
image/playeritemicon/face_0162,ab/31/318a69660af74aad9f1cb075b071a910.unity3d,Texture2D,face_0162,2475509102651358171,image/playeritemicon/face_0162.png,228,160,
image/playeritemicon/face_0163,ab/e2/e29765d804db559bc3461e2bd72498c3.unity3d,Texture2D,face_0163,9185854627411194266,image/playeritemicon/face_0163.png,228,160,
image/playeritemicon/face_0168,ab/e0/e0602da2dcb36a591e30cb88854fc568.unity3d,Texture2D,face_0168,-3308502651749119279,image/playeritemicon/face_0168.png,228,160,
image/playeritemicon/face_0171,ab/f8/f89ba341140ecec217ac3c08e1adee06.unity3d,Texture2D,face_0171,-2562225178150995894,image/playeritemicon/face_0171.png,228,160,
image/playeritemicon/face_0172,ab/27/270019afd6ce025e5dbf2b49a70551fb.unity3d,Texture2D,face_0172,6099735806582093057,image/playeritemicon/face_0172.png,228,160,
image/playeritemicon/face_0173,ab/eb/ebe907b19feea8fb92ccc34e1aa489be.unity3d,Texture2D,face_0173,-4247035621345156603,image/playeritemicon/face_0173.png,228,160,
image/playeritemicon/face_0178,ab/22/2256d0ca7e5582296015acac31fe11ca.unity3d,Texture2D,face_0178,-3473653713928220520,image/playeritemicon/face_0178.png,228,160,
image/playeritemicon/face_0180,ab/41/419ed4e75cbca5ebfc4ea8e4cc5539ae.unity3d,Texture2D,face_0180,-103000957987325666,image/playeritemicon/face_0180.png,228,160,
image/playeritemicon/face_0183,ab/c7/c762d9a2d60088120aa9b31b25a6e424.unity3d,Texture2D,face_0183,-4262860437062802744,image/playeritemicon/face_0183.png,228,160,
image/playeritemicon/face_0187,ab/55/559027b3a4ed95ab7d2692208e40c02d.unity3d,Texture2D,face_0187,1829457978309291407,image/playeritemicon/face_0187.png,228,160,
image/playeritemicon/face_0188,ab/0b/0b14e26225d80ada65491383a7e99be2.unity3d,Texture2D,face_0188,-698343453236325707,image/playeritemicon/face_0188.png,228,160,
image/playeritemicon/face_0190,ab/fa/fa2b7dee2991a3ce9707f9ed130242d5.unity3d,Texture2D,face_0190,1554089178655752534,image/playeritemicon/face_0190.png,228,160,
image/playeritemicon/face_0192,ab/e2/e2d36fc1ff363722ba2387da9e661416.unity3d,Texture2D,face_0192,-5818041441842758633,image/playeritemicon/face_0192.png,228,160,
image/playeritemicon/face_0197,ab/e5/e5613ed7d50872349167fe658a6ef6b9.unity3d,Texture2D,face_0197,-4770796805037597596,image/playeritemicon/face_0197.png,228,160,
image/playeritemicon/face_0200,ab/31/312ee2f284726674147e89522c44a968.unity3d,Texture2D,face_0200,3731665401669384441,image/playeritemicon/face_0200.png,228,160,
image/playeritemicon/face_0201,ab/b5/b52f6ac68ff079e6033bfcc64fbbfd24.unity3d,Texture2D,face_0201,-8351925509258312465,image/playeritemicon/face_0201.png,228,160,
image/playeritemicon/face_0203,ab/23/2391630d8030ec2423f1f9e2168bc5a2.unity3d,Texture2D,face_0203,7871247092392508361,image/playeritemicon/face_0203.png,228,160,
image/playeritemicon/face_0204,ab/af/afd60c632b5a0bff92a0424e27ee2d67.unity3d,Texture2D,face_0204,-690473488453981990,image/playeritemicon/face_0204.png,228,160,
image/playeritemicon/face_0206,ab/17/17023b16174d7dfe86b79a13daee9753.unity3d,Texture2D,face_0206,-2767848188629167794,image/playeritemicon/face_0206.png,228,160,
image/playeritemicon/face_0211,ab/e2/e206481e8d8ab032a9b84cbdf635289e.unity3d,Texture2D,face_0211,897751815286806567,image/playeritemicon/face_0211.png,228,160,
image/playeritemicon/face_0214,ab/e2/e2ca1411867d6c70732403505d12d7a8.unity3d,Texture2D,face_0214,-275861600039669924,image/playeritemicon/face_0214.png,228,160,
image/playeritemicon/face_0223,ab/27/2750b260e31805ef3c120e6cbec37b29.unity3d,Texture2D,face_0223,1518401705002659122,image/playeritemicon/face_0223.png,228,160,
image/playeritemicon/face_0226,ab/3f/3f63c1a896371f4d6bababfff5f2b142.unity3d,Texture2D,face_0226,8271486291214441415,image/playeritemicon/face_0226.png,228,160,
image/playeritemicon/face_0234,ab/f0/f0cc8abb2c336a0ecf27f5c9c22f163a.unity3d,Texture2D,face_0234,6813558375658401303,image/playeritemicon/face_0234.png,228,160,
image/playeritemicon/face_0238,ab/af/af4920f6736c27fd39e51eb0c0ebe0ba.unity3d,Texture2D,face_0238,-5843788332034795698,image/playeritemicon/face_0238.png,228,160,
image/playeritemicon/face_0248,ab/58/586fbb83941f1b390dd8d49392fdd6e2.unity3d,Texture2D,face_0248,2937876348100402858,image/playeritemicon/face_0248.png,228,160,
image/playeritemicon/face_0251,ab/b0/b08e74c129f78ffee85047ee834fba13.unity3d,Texture2D,face_0251,402067442021936237,image/playeritemicon/face_0251.png,228,160,
image/playeritemicon/face_0252,ab/cb/cbec6b65169c460623dc16749cffd9cb.unity3d,Texture2D,face_0252,-7681487224814094807,image/playeritemicon/face_0252.png,228,160,
image/playeritemicon/face_0254,ab/04/04efaed7b41132fc8b6ee3eb562817fc.unity3d,Texture2D,face_0254,-7690353296109843362,image/playeritemicon/face_0254.png,228,160,
image/playeritemicon/face_0256,ab/b5/b5fbc1aa2791ab44e92a4a8b666d9f99.unity3d,Texture2D,face_0256,3704328046947499800,image/playeritemicon/face_0256.png,228,160,
image/playeritemicon/face_0258,ab/cd/cd8a566dd8f53ad55931e00fd46e7b90.unity3d,Texture2D,face_0258,155558806052897780,image/playeritemicon/face_0258.png,228,160,
image/playeritemicon/face_0268,ab/3c/3cd972c4274e9f909c996e14c2965230.unity3d,Texture2D,face_0268,-2199216148764332263,image/playeritemicon/face_0268.png,228,160,
image/playeritemicon/face_0269,ab/0c/0c9586d8bbdb5897934fc30c03f33196.unity3d,Texture2D,face_0269,8778873756692396288,image/playeritemicon/face_0269.png,228,160,
image/playeritemicon/face_0271,ab/3d/3dfe8ee26e93f6c4183f7ebe45819115.unity3d,Texture2D,face_0271,8110847455266063599,image/playeritemicon/face_0271.png,228,160,
image/playeritemicon/face_0273,ab/64/64ffb0a987f9f69e12983ca7e933d896.unity3d,Texture2D,face_0273,5907639025550290557,image/playeritemicon/face_0273.png,228,160,
image/playeritemicon/face_0275,ab/fd/fd36278f60eb36d593e40de1b37d3db2.unity3d,Texture2D,face_0275,-2820389191610215855,image/playeritemicon/face_0275.png,228,160,
image/playeritemicon/face_0276,ab/e4/e44f52e4dc8a57f1e64d17ce52a56eb5.unity3d,Texture2D,face_0276,7744368764984250495,image/playeritemicon/face_0276.png,228,160,
image/playeritemicon/face_0278,ab/be/be9fe029f0e616fe474fa336158f4173.unity3d,Texture2D,face_0278,-6769056204958501789,image/playeritemicon/face_0278.png,228,160,
image/playeritemicon/face_0279,ab/23/23c53d9fc04092c514c93b201a848e59.unity3d,Texture2D,face_0279,-742814319145740130,image/playeritemicon/face_0279.png,228,160,
image/playeritemicon/face_0280,ab/c9/c91b8cf43a156aba9b182a257b865526.unity3d,Texture2D,face_0280,-593841923225396406,image/playeritemicon/face_0280.png,228,160,
image/playeritemicon/face_0289,ab/c6/c63531133a44a8b3702c2108a5b89f77.unity3d,Texture2D,face_0289,8537711319975682443,image/playeritemicon/face_0289.png,228,160,
image/playeritemicon/face_0290,ab/43/4368be18267f3dc20eafa1f2a3656cca.unity3d,Texture2D,face_0290,7456151325013325963,image/playeritemicon/face_0290.png,228,160,
image/playeritemicon/face_0299,ab/d1/d18ba65f47317a72e264b3482b47db32.unity3d,Texture2D,face_0299,7206594114357128159,image/playeritemicon/face_0299.png,228,160,
image/playeritemicon/face_0302,ab/cd/cddd305670dd79aedb3c44735d706da6.unity3d,Texture2D,face_0302,-4424147234406107135,image/playeritemicon/face_0302.png,228,160,
image/playeritemicon/face_0303,ab/32/32901cbc8f94a13a9e3e9f7188863545.unity3d,Texture2D,face_0303,286549026614822364,image/playeritemicon/face_0303.png,228,160,
image/playeritemicon/face_0304,ab/c8/c88144d308b975b25a6f79513cc7e80d.unity3d,Texture2D,face_0304,-2218295575280706071,image/playeritemicon/face_0304.png,228,160,
image/playeritemicon/face_0305,ab/02/0298a301f603a29e3560a994aa9516f7.unity3d,Texture2D,face_0305,-6265084809621375847,image/playeritemicon/face_0305.png,228,160,
image/playeritemicon/face_0307,ab/b8/b8d60e4f5f61c1b544d79ec900408ceb.unity3d,Texture2D,face_0307,-363771770005415178,image/playeritemicon/face_0307.png,228,160,
image/playeritemicon/face_0308,ab/e4/e439fd71a6f0047f07837c6398ee6775.unity3d,Texture2D,face_0308,-676371541520004218,image/playeritemicon/face_0308.png,228,160,
image/playeritemicon/face_0314,ab/28/2865bba4c4b3469239c327976f9864a4.unity3d,Texture2D,face_0314,-2728404840192079268,image/playeritemicon/face_0314.png,228,160,
image/playeritemicon/face_0316,ab/19/194f71475acde6c2e263518fe26f41f9.unity3d,Texture2D,face_0316,-1946024383870106125,image/playeritemicon/face_0316.png,228,160,
image/playeritemicon/face_0317,ab/0c/0c1b806ece6f5d4dd107e174333455a6.unity3d,Texture2D,face_0317,-6597020680958804196,image/playeritemicon/face_0317.png,228,160,
image/playeritemicon/face_0318,ab/e0/e0db8eef3f893008b9371bbc4545b8df.unity3d,Texture2D,face_0318,169117839612016609,image/playeritemicon/face_0318.png,228,160,
image/playeritemicon/face_0323,ab/fd/fd5e8a58286c3e255ce64f2372efb81b.unity3d,Texture2D,face_0323,3321611444011238408,image/playeritemicon/face_0323.png,228,160,
image/playeritemicon/face_0328,ab/35/35385afffee14c001cae65787a213dd5.unity3d,Texture2D,face_0328,-6858110297201703451,image/playeritemicon/face_0328.png,228,160,
image/playeritemicon/face_0334,ab/f4/f43f62091eebbed9c6a88055844540c7.unity3d,Texture2D,face_0334,-1678105549431173150,image/playeritemicon/face_0334.png,228,160,
image/playeritemicon/face_0338,ab/66/6686cc6b51e256ea48b6ae9eb152bf87.unity3d,Texture2D,face_0338,8444717780381780281,image/playeritemicon/face_0338.png,228,160,
image/playeritemicon/face_0339,ab/ee/ee2e62457554a7bd28a8a4f3666b01a7.unity3d,Texture2D,face_0339,7297555332929462506,image/playeritemicon/face_0339.png,228,160,
image/playeritemicon/face_0343,ab/c3/c376e8031e0d495445a5fe9d7171e5f5.unity3d,Texture2D,face_0343,6327391102696166491,image/playeritemicon/face_0343.png,228,160,
image/playeritemicon/face_0344,ab/0a/0a61fb94368590314c64033c8013e5e5.unity3d,Texture2D,face_0344,-1677461992250892197,image/playeritemicon/face_0344.png,228,160,
image/playeritemicon/face_0346,ab/c0/c0ef79de151d702e4c39b59100924919.unity3d,Texture2D,face_0346,-3850187011448900226,image/playeritemicon/face_0346.png,228,160,
image/playeritemicon/face_0347,ab/fa/fa6aff2d0f96b7a9454c45dacd2d2ae7.unity3d,Texture2D,face_0347,7336226434951496928,image/playeritemicon/face_0347.png,228,160,
image/playeritemicon/face_0357,ab/67/67b638bc7c679d2a38b8b616adb620f6.unity3d,Texture2D,face_0357,-3639480454163476818,image/playeritemicon/face_0357.png,228,160,
image/playeritemicon/flying_0002,ab/3d/3d1fbc4bb78b8c49a379ed8449bccd53.unity3d,Texture2D,flying_0002,-2018692200566111108,image/playeritemicon/flying_0002.png,228,160,
image/playeritemicon/flypet_0002,ab/d8/d8eb877d95a92126f7c3f190c4c4b831.unity3d,Texture2D,flypet_0002,8038027065673012034,image/playeritemicon/flypet_0002.png,228,160,
image/playeritemicon/flypet_0010,ab/ec/eca254a6ee0138f240bae9c7819d2afa.unity3d,Texture2D,flypet_0010,4175635658784332564,image/playeritemicon/flypet_0010.png,228,160,
image/playeritemicon/flypet_0011,ab/f4/f41057f13686e7638384ee0b93916992.unity3d,Texture2D,flypet_0011,1523978309402964307,image/playeritemicon/flypet_0011.png,228,160,
image/playeritemicon/flypet_0015,ab/53/530503d422df8bc53a096febc875773d.unity3d,Texture2D,flypet_0015,3400292120772351952,image/playeritemicon/flypet_0015.png,228,160,
image/playeritemicon/flypet_0017,ab/be/be541844df77032e5900d0144282a4ed.unity3d,Texture2D,flypet_0017,428696780433521890,image/playeritemicon/flypet_0017.png,228,160,
image/playeritemicon/flypet_0019,ab/f4/f43c42520e3ef4bb1498a79f9c922374.unity3d,Texture2D,flypet_0019,2566414158629138492,image/playeritemicon/flypet_0019.png,228,160,
image/playeritemicon/flypet_0026,ab/47/479012725f770cf69fea5fa310a372b9.unity3d,Texture2D,flypet_0026,-1080970918530521722,image/playeritemicon/flypet_0026.png,228,160,
image/playeritemicon/flypet_0038,ab/e9/e92b3e59730ca3ca6d83f1eff688c05d.unity3d,Texture2D,flypet_0038,-6255411571185665526,image/playeritemicon/flypet_0038.png,228,160,
image/playeritemicon/flypet_0039,ab/f7/f7dfff6030c1de3dfe28c331271898fe.unity3d,Texture2D,flypet_0039,-8646572437969714734,image/playeritemicon/flypet_0039.png,228,160,
image/playeritemicon/flypet_0040,ab/d5/d564fd05559b9c605996a60df1cfbd3d.unity3d,Texture2D,flypet_0040,-4595686070937879305,image/playeritemicon/flypet_0040.png,228,160,
image/playeritemicon/flypet_0052,ab/69/69cd5d152383708e591c80ceecbc4373.unity3d,Texture2D,flypet_0052,1951206810070887286,image/playeritemicon/flypet_0052.png,228,160,
image/playeritemicon/flypet_0055,ab/67/67c617bf462c0d51934c83399bce509a.unity3d,Texture2D,flypet_0055,6245443819772555202,image/playeritemicon/flypet_0055.png,228,160,
image/playeritemicon/flypet_0056,ab/65/6589ab94cca9b41f6d6d68e188e7228d.unity3d,Texture2D,flypet_0056,752161867643380429,image/playeritemicon/flypet_0056.png,228,160,
image/playeritemicon/flypet_0061,ab/fa/faad5da4fa44835507e7e18cf891b521.unity3d,Texture2D,flypet_0061,8388147305429446713,image/playeritemicon/flypet_0061.png,228,160,
image/playeritemicon/flypet_0063,ab/c0/c0aea2b4b1265994846b37c0f7293854.unity3d,Texture2D,flypet_0063,1391788429139539394,image/playeritemicon/flypet_0063.png,228,160,
image/playeritemicon/flypet_0066,ab/b5/b5ed5a3bfa6ab95d6cff89fc61f261ef.unity3d,Texture2D,flypet_0066,-6587144054727959856,image/playeritemicon/flypet_0066.png,228,160,
image/playeritemicon/flypet_0068,ab/03/0378f482f226d59a3a049a1e47a3c3e7.unity3d,Texture2D,flypet_0068,3724747812702796864,image/playeritemicon/flypet_0068.png,228,160,
image/playeritemicon/flypet_0071,ab/b0/b064bde972fccaf94c8493cb7d252ab9.unity3d,Texture2D,flypet_0071,-3031600484661748550,image/playeritemicon/flypet_0071.png,228,160,
image/playeritemicon/flypet_0073,ab/22/22a71581d053fceff66d9b7db2eba2b5.unity3d,Texture2D,flypet_0073,-3228846446264439067,image/playeritemicon/flypet_0073.png,228,160,
image/playeritemicon/flypet_0086,ab/31/31eb50059f85a4c02533e4f1592c3e9b.unity3d,Texture2D,flypet_0086,1888430777230820047,image/playeritemicon/flypet_0086.png,228,160,
image/playeritemicon/grobotheiniu,ab/fd/fd155a991a304c9f36299054b0ffbcc1.unity3d,Texture2D,grobotheiniu,502854036458548824,image/playeritemicon/grobotheiniu.png,132,132,
image/playeritemicon/hand_0011,ab/d2/d271cea34bb3915b6b025bd937566f09.unity3d,Texture2D,hand_0011,-472098763158904683,image/playeritemicon/hand_0011.png,228,160,
image/playeritemicon/hand_0021,ab/c1/c1831ffea30e751ed57c8601af45feee.unity3d,Texture2D,hand_0021,5158491147964763960,image/playeritemicon/hand_0021.png,228,160,
image/playeritemicon/hand_0022,ab/40/400574f5aecf4b614ebd97d00712d624.unity3d,Texture2D,hand_0022,-7768665883574720497,image/playeritemicon/hand_0022.png,228,160,
image/playeritemicon/hand_0023,ab/41/4178e91a1bc5ec7bda7cc509943c5cf0.unity3d,Texture2D,hand_0023,3080346250988700791,image/playeritemicon/hand_0023.png,228,160,
image/playeritemicon/hand_0025,ab/d8/d8abfd83d60b43c44739960450ef7933.unity3d,Texture2D,hand_0025,870983654255570221,image/playeritemicon/hand_0025.png,228,160,
image/playeritemicon/hand_0027,ab/cb/cb7f2064afd2704865a7de86a58143b3.unity3d,Texture2D,hand_0027,-468395607130930197,image/playeritemicon/hand_0027.png,228,160,
image/playeritemicon/hand_0030,ab/f8/f8b2ca0aa276146cd39a1989653c4084.unity3d,Texture2D,hand_0030,-5720296474630560665,image/playeritemicon/hand_0030.png,228,160,
image/playeritemicon/hand_0034,ab/35/352fd6fe1b0b2c67516dbd7e7b34d238.unity3d,Texture2D,hand_0034,2633213351893674592,image/playeritemicon/hand_0034.png,228,160,
image/playeritemicon/hand_0036,ab/2f/2f0a22defbd540f1e64ea3a4991eb6a6.unity3d,Texture2D,hand_0036,-3193343657502241302,image/playeritemicon/hand_0036.png,228,160,
image/playeritemicon/hand_0038,ab/ed/eda559d7ef00269796cf3e8c321403fb.unity3d,Texture2D,hand_0038,9165158573893174523,image/playeritemicon/hand_0038.png,228,160,
image/playeritemicon/hand_0039,ab/f3/f36ebd6219938bb87dd1b1dc267e237c.unity3d,Texture2D,hand_0039,-3643307206545207259,image/playeritemicon/hand_0039.png,228,160,
image/playeritemicon/hand_0042,ab/64/6402181fc1976f255d0b24d11e2a8b3c.unity3d,Texture2D,hand_0042,63494325046778854,image/playeritemicon/hand_0042.png,228,160,
image/playeritemicon/hand_0049,ab/f4/f4586c5e4361a38ae0b10af08569e532.unity3d,Texture2D,hand_0049,-3502139224436695561,image/playeritemicon/hand_0049.png,228,160,
image/playeritemicon/hand_0050,ab/f3/f3cd9206bb71cebeadfd7947751d5b14.unity3d,Texture2D,hand_0050,309561351822939392,image/playeritemicon/hand_0050.png,228,160,
image/playeritemicon/hand_0051,ab/f5/f5bb485b8e54546bd8247676e657dceb.unity3d,Texture2D,hand_0051,-2101674064487420355,image/playeritemicon/hand_0051.png,228,160,
image/playeritemicon/hand_0052,ab/c7/c78572dd605faa9af016d8420de40b54.unity3d,Texture2D,hand_0052,5588625751215918141,image/playeritemicon/hand_0052.png,228,160,
image/playeritemicon/hand_0053,ab/f7/f79d83e9cf376a8d14f268d07eb3d7f7.unity3d,Texture2D,hand_0053,-523991512573199407,image/playeritemicon/hand_0053.png,228,160,
image/playeritemicon/hand_0057,ab/17/17e29d9c7f678b7cad8666c0644c6677.unity3d,Texture2D,hand_0057,8828260809050399860,image/playeritemicon/hand_0057.png,228,160,
image/playeritemicon/hand_0061,ab/36/365cc4e7d38ba79a968cbeb68d67d392.unity3d,Texture2D,hand_0061,-496482959069192441,image/playeritemicon/hand_0061.png,228,160,
image/playeritemicon/hand_0067,ab/0b/0b56b5a5a5132887cc729b3a12d2575f.unity3d,Texture2D,hand_0067,-7758575214783115633,image/playeritemicon/hand_0067.png,228,160,
image/playeritemicon/hand_0070,ab/b3/b38da9294a9d3015a76ef9911b30608d.unity3d,Texture2D,hand_0070,1432642849091860623,image/playeritemicon/hand_0070.png,228,160,
image/playeritemicon/hand_0071,ab/b8/b86df5c6e165623d3879156498834a8b.unity3d,Texture2D,hand_0071,3750822473373757433,image/playeritemicon/hand_0071.png,228,160,
image/playeritemicon/hand_0073,ab/27/275f3e17d056f59e0c5036d9762786df.unity3d,Texture2D,hand_0073,6117152023437633464,image/playeritemicon/hand_0073.png,228,160,
image/playeritemicon/hand_0075,ab/62/62a68aa107eeddc708490e13574d5dfb.unity3d,Texture2D,hand_0075,4137193325017639887,image/playeritemicon/hand_0075.png,228,160,
image/playeritemicon/hand_0077,ab/f9/f94c11c8339194462904e44d63691b7b.unity3d,Texture2D,hand_0077,8665336361409936459,image/playeritemicon/hand_0077.png,228,160,
image/playeritemicon/hand_0079,ab/b8/b81694ef151ef45b568fbcffc5d42b7c.unity3d,Texture2D,hand_0079,8826676123414635701,image/playeritemicon/hand_0079.png,228,160,
image/playeritemicon/hand_0080,ab/fd/fd771d8bbfb96b859a500b72e420b052.unity3d,Texture2D,hand_0080,2651132005592939722,image/playeritemicon/hand_0080.png,228,160,
image/playeritemicon/hand_0084,ab/de/de4cbcdf71894725b6aa2c18ee513e08.unity3d,Texture2D,hand_0084,6563469824366535470,image/playeritemicon/hand_0084.png,228,160,
image/playeritemicon/hand_0086,ab/27/2759c2b80dc08de4cccd98543e814df6.unity3d,Texture2D,hand_0086,-9053997105067784285,image/playeritemicon/hand_0086.png,228,160,
image/playeritemicon/hand_0089,ab/cb/cbba3ae2a6e7274d9c2a3d2152f65a49.unity3d,Texture2D,hand_0089,48279814566131344,image/playeritemicon/hand_0089.png,228,160,
image/playeritemicon/hand_0090,ab/b8/b86f91bfa9005ac846b42c77ba64faaa.unity3d,Texture2D,hand_0090,5646467733025291212,image/playeritemicon/hand_0090.png,228,160,
image/playeritemicon/hand_0093,ab/3c/3c72be9780033fa331692a42796e01ea.unity3d,Texture2D,hand_0093,-6007489344518537645,image/playeritemicon/hand_0093.png,228,160,
image/playeritemicon/hand_0094,ab/c6/c6de24c0132c9b2a3352bfa9ed96420d.unity3d,Texture2D,hand_0094,6000896548724743733,image/playeritemicon/hand_0094.png,228,160,
image/playeritemicon/hand_0100,ab/31/31b2ab2ad2d285ccf8ba621ce23d5b76.unity3d,Texture2D,hand_0100,-5595492778528299912,image/playeritemicon/hand_0100.png,228,160,
image/playeritemicon/hand_0101,ab/28/282f71da389efe04a0103b18b4fdd764.unity3d,Texture2D,hand_0101,-3168859881345779835,image/playeritemicon/hand_0101.png,228,160,
image/playeritemicon/hand_0105,ab/d3/d3ba00f4bed5339568084fb819017ec1.unity3d,Texture2D,hand_0105,3895814075548480620,image/playeritemicon/hand_0105.png,228,160,
image/playeritemicon/hand_0106,ab/f7/f7c2e263f15a9da0bd030b29a0fa9dcb.unity3d,Texture2D,hand_0106,-2969792559582936481,image/playeritemicon/hand_0106.png,228,160,
image/playeritemicon/hand_0107,ab/f1/f15a5f096fb0f5daae134015c4598de2.unity3d,Texture2D,hand_0107,-1502409870161849719,image/playeritemicon/hand_0107.png,228,160,
image/playeritemicon/hand_0112,ab/ea/eab249aad5a08d1f2538fc17d20cb441.unity3d,Texture2D,hand_0112,-6128367868209764584,image/playeritemicon/hand_0112.png,228,160,
image/playeritemicon/hand_0114,ab/e4/e40214cab8ec1638d66bda5e4b7f19c5.unity3d,Texture2D,hand_0114,-2102872158618795175,image/playeritemicon/hand_0114.png,228,160,
image/playeritemicon/hand_0119,ab/ea/eaacc28be83392e4c1e2cefcde713b8f.unity3d,Texture2D,hand_0119,-3782289993107159929,image/playeritemicon/hand_0119.png,228,160,
image/playeritemicon/hand_0125,ab/bc/bc1205054e0be4063c12563117690276.unity3d,Texture2D,hand_0125,-3439771795949703961,image/playeritemicon/hand_0125.png,228,160,
image/playeritemicon/hand_0130,ab/f3/f3fa0026372dc1a47c99b94fb7bb684a.unity3d,Texture2D,hand_0130,1606966547421318949,image/playeritemicon/hand_0130.png,228,160,
image/playeritemicon/hand_0131,ab/ec/ecd198be90a89e802110c9ba6190dd45.unity3d,Texture2D,hand_0131,5704725199646024077,image/playeritemicon/hand_0131.png,228,160,
image/playeritemicon/hand_0132,ab/04/04fc8d1c8ab8cea3e2fb73796b27395a.unity3d,Texture2D,hand_0132,-8712594981177314262,image/playeritemicon/hand_0132.png,228,160,
image/playeritemicon/hand_0133,ab/00/0039ce1f5ad195d6b1172533bce8b755.unity3d,Texture2D,hand_0133,-2893142800451753213,image/playeritemicon/hand_0133.png,228,160,
image/playeritemicon/hand_0138,ab/3c/3cfe074db532da740f6f701b5bd48c14.unity3d,Texture2D,hand_0138,-4541023889396265633,image/playeritemicon/hand_0138.png,228,160,
image/playeritemicon/hand_0141,ab/26/268584c71dcbeb6d5568d124c3b825af.unity3d,Texture2D,hand_0141,7669498079462597588,image/playeritemicon/hand_0141.png,228,160,
image/playeritemicon/hand_0145,ab/c6/c64fe071e35fb395d0996cf9edfd4f61.unity3d,Texture2D,hand_0145,-6733718547496870642,image/playeritemicon/hand_0145.png,228,160,
image/playeritemicon/hand_0148,ab/40/40a757544cd6679160f3a1163541e977.unity3d,Texture2D,hand_0148,4659784419077399266,image/playeritemicon/hand_0148.png,228,160,
image/playeritemicon/hand_0161,ab/0d/0d3f82bdc47624c0537530b76161c6ac.unity3d,Texture2D,hand_0161,8625275133285721885,image/playeritemicon/hand_0161.png,228,160,
image/playeritemicon/hand_0163,ab/65/65be34a6101a6c3b97f1ca98460b1f32.unity3d,Texture2D,hand_0163,3116456118818689992,image/playeritemicon/hand_0163.png,228,160,
image/playeritemicon/hand_0168,ab/d2/d29dd4653376b6259c131f0117441020.unity3d,Texture2D,hand_0168,2908702900616243786,image/playeritemicon/hand_0168.png,228,160,
image/playeritemicon/hand_0170,ab/04/044fbac3e04a706e6ca1a117ebd4c011.unity3d,Texture2D,hand_0170,-6192645232582317755,image/playeritemicon/hand_0170.png,228,160,
image/playeritemicon/head_0002,ab/e4/e48a872a9856f5aa9ee867fea967e3e3.unity3d,Texture2D,head_0002,8731532449830783469,image/playeritemicon/head_0002.png,228,160,
image/playeritemicon/head_0004,ab/c1/c1f39f8963fb8644effcb633aff76039.unity3d,Texture2D,head_0004,-6209923949437923540,image/playeritemicon/head_0004.png,228,160,
image/playeritemicon/head_0007,ab/bd/bdf2b231976079acf2af91ff9af0e0db.unity3d,Texture2D,head_0007,-1875058564741590497,image/playeritemicon/head_0007.png,228,160,
image/playeritemicon/head_0008,ab/17/172bfb70491213b32ba541a4fe7fda9c.unity3d,Texture2D,head_0008,4512364865888679945,image/playeritemicon/head_0008.png,228,160,
image/playeritemicon/head_0010,ab/51/513e975e198380bcf021222e5d5c5185.unity3d,Texture2D,head_0010,8292972457726391404,image/playeritemicon/head_0010.png,228,160,
image/playeritemicon/head_0015,ab/03/03e1378ca10ede1d85be18c597577a19.unity3d,Texture2D,head_0015,8947578829157949815,image/playeritemicon/head_0015.png,228,160,
image/playeritemicon/head_0017,ab/f9/f97f8b14c2db37ea8de24e4f007a1cc6.unity3d,Texture2D,head_0017,-7430053732165101509,image/playeritemicon/head_0017.png,228,160,
image/playeritemicon/head_0019,ab/3d/3d85bbe5d9e7e74e42acd14192f609de.unity3d,Texture2D,head_0019,-166674097157392088,image/playeritemicon/head_0019.png,228,160,
image/playeritemicon/head_0021,ab/c7/c7d341a5f6f9a9949376da8316b75e62.unity3d,Texture2D,head_0021,-380226603828278011,image/playeritemicon/head_0021.png,228,160,
image/playeritemicon/head_0028,ab/e2/e2209b5cbbc7d8670fa77749a0edace8.unity3d,Texture2D,head_0028,-5601408297640677455,image/playeritemicon/head_0028.png,228,160,
image/playeritemicon/head_0034,ab/ec/ecc4be61748bbc2c040d3d9d3cd7f03d.unity3d,Texture2D,head_0034,-8488096532731192601,image/playeritemicon/head_0034.png,228,160,
image/playeritemicon/head_0036,ab/0c/0cfdd41d9331469cc7d05890f7c4f775.unity3d,Texture2D,head_0036,4947333083929203426,image/playeritemicon/head_0036.png,228,160,
image/playeritemicon/head_0040,ab/58/589f6cf8a807281891d3f9a2858bcbb9.unity3d,Texture2D,head_0040,9018972855143489718,image/playeritemicon/head_0040.png,228,160,
image/playeritemicon/head_0042,ab/55/55fa02fb21365fed3ef8c2a290f07d03.unity3d,Texture2D,head_0042,3307182119604000459,image/playeritemicon/head_0042.png,228,160,
image/playeritemicon/head_0043,ab/19/197f39684690727bbea79302054135c3.unity3d,Texture2D,head_0043,6653104197676734631,image/playeritemicon/head_0043.png,228,160,
image/playeritemicon/head_0044,ab/32/321eac6557492e6f62f69f4dda458bbc.unity3d,Texture2D,head_0044,804887796241368740,image/playeritemicon/head_0044.png,228,160,
image/playeritemicon/head_0050,ab/16/161304aae434922bce9eff4eed290be4.unity3d,Texture2D,head_0050,-2243145500110676535,image/playeritemicon/head_0050.png,228,160,
image/playeritemicon/head_0051,ab/de/debd629bfca6cb2993b19a23826f006b.unity3d,Texture2D,head_0051,377128251638784084,image/playeritemicon/head_0051.png,228,160,
image/playeritemicon/head_0052,ab/b6/b60384a8c907a2c41fc4e62d3515cf3b.unity3d,Texture2D,head_0052,-7609073413065677861,image/playeritemicon/head_0052.png,228,160,
image/playeritemicon/head_0053,ab/e3/e3dd5aa8a99845db96f6e3a80592426f.unity3d,Texture2D,head_0053,-7041132529076977338,image/playeritemicon/head_0053.png,228,160,
image/playeritemicon/head_0058,ab/55/55460de891042c13ea1fe98516ae6495.unity3d,Texture2D,head_0058,2126636553709493482,image/playeritemicon/head_0058.png,228,160,
image/playeritemicon/head_0061,ab/03/03904d58e3b65fffd3d5bb205a37ed9d.unity3d,Texture2D,head_0061,1848764492639108889,image/playeritemicon/head_0061.png,228,160,
image/playeritemicon/head_0063,ab/af/afd65f2c5d3b9dceb75009e4cd02ae58.unity3d,Texture2D,head_0063,-1862634374829061162,image/playeritemicon/head_0063.png,228,160,
image/playeritemicon/head_0065,ab/eb/eb654a8f16a3512f7b827fd5cce0c9d8.unity3d,Texture2D,head_0065,3104327993617893169,image/playeritemicon/head_0065.png,228,160,
image/playeritemicon/head_0066,ab/cb/cb0553da8205373b4a5aba4cfc3b7dec.unity3d,Texture2D,head_0066,3196012572373482897,image/playeritemicon/head_0066.png,228,160,
image/playeritemicon/head_0068,ab/53/53298936b7e8d7da4fa7a6060354b743.unity3d,Texture2D,head_0068,-7679575069494899879,image/playeritemicon/head_0068.png,228,160,
image/playeritemicon/head_0070,ab/58/58a92e03568cb5433d599de70475e2f7.unity3d,Texture2D,head_0070,3487931963580153419,image/playeritemicon/head_0070.png,228,160,
image/playeritemicon/head_0075,ab/d0/d04a9b8d965dcd37104116a195569e22.unity3d,Texture2D,head_0075,-5438668216735968817,image/playeritemicon/head_0075.png,228,160,
image/playeritemicon/head_0077,ab/3c/3cf567590958448b0dd663a88354a720.unity3d,Texture2D,head_0077,4662986003334701614,image/playeritemicon/head_0077.png,228,160,
image/playeritemicon/head_0078,ab/b6/b6ebafd858982d1fc21fe9f9e7727ab0.unity3d,Texture2D,head_0078,6801114695385800336,image/playeritemicon/head_0078.png,228,160,
image/playeritemicon/head_0079,ab/be/be78e636dac7a94ee24dd987a52dc2cd.unity3d,Texture2D,head_0079,-8843212428201615026,image/playeritemicon/head_0079.png,228,160,
image/playeritemicon/head_0083,ab/3b/3b26244f52b8f5027ba533732aa1019f.unity3d,Texture2D,head_0083,4374231921911764747,image/playeritemicon/head_0083.png,228,160,
image/playeritemicon/head_0090,ab/47/470b39797bcd26be677d3154b1c962ae.unity3d,Texture2D,head_0090,-2024176684642281017,image/playeritemicon/head_0090.png,228,160,
image/playeritemicon/head_0091,ab/67/675ecd4dcbf2b6ffe199450d42f564c7.unity3d,Texture2D,head_0091,-8686227863584375674,image/playeritemicon/head_0091.png,228,160,
image/playeritemicon/head_0093,ab/b5/b5d93a3a1db83cec68757528459ed9eb.unity3d,Texture2D,head_0093,-3599040465796717856,image/playeritemicon/head_0093.png,228,160,
image/playeritemicon/head_0095,ab/bd/bd43c285036c14a5d467295a36a7399c.unity3d,Texture2D,head_0095,-5519871280878388757,image/playeritemicon/head_0095.png,228,160,
image/playeritemicon/head_0096,ab/49/49eecc6a7304625eb38caf4172215e82.unity3d,Texture2D,head_0096,8635015666878592001,image/playeritemicon/head_0096.png,228,160,
image/playeritemicon/head_0099,ab/cd/cd50247ba6644af8c4269673fbee58a3.unity3d,Texture2D,head_0099,8192087374776332357,image/playeritemicon/head_0099.png,228,160,
image/playeritemicon/head_0100,ab/dd/dd619147cfadd4b381dc4542863c67be.unity3d,Texture2D,head_0100,9219910335288300799,image/playeritemicon/head_0100.png,228,160,
image/playeritemicon/head_0101,ab/cf/cf4e083a78158b9b468033c1f5bf76ce.unity3d,Texture2D,head_0101,3995674035734384530,image/playeritemicon/head_0101.png,228,160,
image/playeritemicon/head_0102,ab/0b/0b4ba2b9700f31d8f350019f2874aed8.unity3d,Texture2D,head_0102,-4967300028817307579,image/playeritemicon/head_0102.png,228,160,
image/playeritemicon/head_0106,ab/ed/ed4f473a53ebce6ae21a626bb3e48880.unity3d,Texture2D,head_0106,-6871330856934924451,image/playeritemicon/head_0106.png,228,160,
image/playeritemicon/head_0107,ab/bc/bca9278514969e5e5bcd34ea37436e2e.unity3d,Texture2D,head_0107,1327260320827168807,image/playeritemicon/head_0107.png,228,160,
image/playeritemicon/head_0108,ab/be/bef81f4c0336ba66ec775265938a8f63.unity3d,Texture2D,head_0108,3401078594305135193,image/playeritemicon/head_0108.png,228,160,
image/playeritemicon/head_0111,ab/28/28a18d2e09caef1c137d24e2d6fa7547.unity3d,Texture2D,head_0111,8584120765733644506,image/playeritemicon/head_0111.png,228,160,
image/playeritemicon/head_0120,ab/d0/d057c1ebf3dee6e5fb4d9a6bfe094b36.unity3d,Texture2D,head_0120,5008956844366822755,image/playeritemicon/head_0120.png,228,160,
image/playeritemicon/head_0122,ab/c7/c7dc99ed8b20677e2da73919e2fe627c.unity3d,Texture2D,head_0122,6723565545817168493,image/playeritemicon/head_0122.png,228,160,
image/playeritemicon/head_0124,ab/18/18af45fcd971d11b4fd252ac445dd251.unity3d,Texture2D,head_0124,8745198371437774323,image/playeritemicon/head_0124.png,228,160,
image/playeritemicon/head_0134,ab/16/163d8a7f12b45913e52bffa92bd172a9.unity3d,Texture2D,head_0134,4536339158740784187,image/playeritemicon/head_0134.png,228,160,
image/playeritemicon/head_0138,ab/c9/c9f0f99159001e4f8535dbb592e2c753.unity3d,Texture2D,head_0138,6760351093170110568,image/playeritemicon/head_0138.png,228,160,
image/playeritemicon/head_0141,ab/fd/fd22756e6e72a13573c9e6b4849c09cb.unity3d,Texture2D,head_0141,-2261497954672522527,image/playeritemicon/head_0141.png,228,160,
image/playeritemicon/head_0147,ab/0b/0b79d30a4c73f7adb5863f4ca78587dd.unity3d,Texture2D,head_0147,6301397283926982722,image/playeritemicon/head_0147.png,228,160,
image/playeritemicon/head_0149,ab/26/265d797987e869ebbefdebd02e762c08.unity3d,Texture2D,head_0149,-4446632567416975149,image/playeritemicon/head_0149.png,228,160,
image/playeritemicon/head_0150,ab/c1/c1d6166bcbc7480d5c9f120572cb9139.unity3d,Texture2D,head_0150,8246731943818174866,image/playeritemicon/head_0150.png,228,160,
image/playeritemicon/head_0152,ab/36/3659d8d0f43010dd53e64a2a59143189.unity3d,Texture2D,head_0152,3299236606820935418,image/playeritemicon/head_0152.png,228,160,
image/playeritemicon/head_0155,ab/c3/c375ff3d4d5cf3f3369f7ba030a8a9b5.unity3d,Texture2D,head_0155,5251879716216499585,image/playeritemicon/head_0155.png,228,160,
image/playeritemicon/head_0159,ab/f8/f8f399d6f0c69f5c8dbf0e7a714b8f42.unity3d,Texture2D,head_0159,-6474232317237356255,image/playeritemicon/head_0159.png,228,160,
image/playeritemicon/head_0163,ab/1d/1d1c4e1f1cfb992421c75b549c582a6a.unity3d,Texture2D,head_0163,7239850658377555626,image/playeritemicon/head_0163.png,228,160,
image/playeritemicon/head_0164,ab/dd/dd0626ca7048e226997b7e101d89fca1.unity3d,Texture2D,head_0164,3190074299000665302,image/playeritemicon/head_0164.png,228,160,
image/playeritemicon/head_0170,ab/00/006aacdd24eb044bf8657b23bdb2fff3.unity3d,Texture2D,head_0170,-6435058491960427709,image/playeritemicon/head_0170.png,228,160,
image/playeritemicon/head_0173,ab/cf/cfd0030501af6dc8dd3e0925118d641c.unity3d,Texture2D,head_0173,-6086918896639396461,image/playeritemicon/head_0173.png,228,160,
image/playeritemicon/head_0174,ab/27/275a57f41eb705e07109ad018ad2d6c7.unity3d,Texture2D,head_0174,-3049302929529846817,image/playeritemicon/head_0174.png,228,160,
image/playeritemicon/head_0178,ab/53/53c42c0951a9cba0226475934c487f64.unity3d,Texture2D,head_0178,3463252014152843350,image/playeritemicon/head_0178.png,228,160,
image/playeritemicon/head_0180,ab/40/40c653037f03615d2350d7baa565be3d.unity3d,Texture2D,head_0180,-1122242009332543394,image/playeritemicon/head_0180.png,228,160,
image/playeritemicon/head_0184,ab/c8/c8ccab70ec4a0be8bbeafa8f3017bdec.unity3d,Texture2D,head_0184,-1832974584254455519,image/playeritemicon/head_0184.png,228,160,
image/playeritemicon/head_0190,ab/50/50f55274144b2b7870a64a33bba4929d.unity3d,Texture2D,head_0190,7566171930876170633,image/playeritemicon/head_0190.png,228,160,
image/playeritemicon/head_0191,ab/e4/e4fa8c06e98962f12eff1ee8d7f3d70d.unity3d,Texture2D,head_0191,-1285039822984950111,image/playeritemicon/head_0191.png,228,160,
image/playeritemicon/head_0195,ab/f9/f9da5e3d50fae17f8a196ef36237c473.unity3d,Texture2D,head_0195,-5324277572785603653,image/playeritemicon/head_0195.png,228,160,
image/playeritemicon/head_0196,ab/16/163d93a5768954364b4ebeddbe33a575.unity3d,Texture2D,head_0196,6259983118748839252,image/playeritemicon/head_0196.png,228,160,
image/playeritemicon/head_0198,ab/e8/e894e91e9491b8fd52442c622bd832c1.unity3d,Texture2D,head_0198,-6311026301586703422,image/playeritemicon/head_0198.png,228,160,
image/playeritemicon/head_0199,ab/cb/cbcaef8def93cab8cfd2ab3764317ea6.unity3d,Texture2D,head_0199,2524660020722627204,image/playeritemicon/head_0199.png,228,160,
image/playeritemicon/head_0203,ab/e0/e0ed5f81802d10c8ea2ecd18c875698e.unity3d,Texture2D,head_0203,-2854492973580537759,image/playeritemicon/head_0203.png,228,160,
image/playeritemicon/head_0207,ab/ca/ca21b75eca0df2de9f0e866f759e6734.unity3d,Texture2D,head_0207,280953768057627763,image/playeritemicon/head_0207.png,228,160,
image/playeritemicon/head_0208,ab/04/0419dbfed7ac95ebc5c266e8be615bb2.unity3d,Texture2D,head_0208,-955032857828645512,image/playeritemicon/head_0208.png,228,160,
image/playeritemicon/head_0210,ab/0e/0ecbfa629a9d32c86cda7ff334f49ab3.unity3d,Texture2D,head_0210,-7430859878817856085,image/playeritemicon/head_0210.png,228,160,
image/playeritemicon/head_0211,ab/b8/b8805a70d8ff5371b4a5a98546a69f4e.unity3d,Texture2D,head_0211,8439381850180778540,image/playeritemicon/head_0211.png,228,160,
image/playeritemicon/head_0212,ab/70/70ded4cf772b76d83f3fb9b7414054b5.unity3d,Texture2D,head_0212,675823206617995648,image/playeritemicon/head_0212.png,228,160,
image/playeritemicon/head_0213,ab/cb/cbf019d57785aea2fe48f99293f1ee80.unity3d,Texture2D,head_0213,-4829573238703023810,image/playeritemicon/head_0213.png,228,160,
image/playeritemicon/head_0215,ab/cf/cfb91d2f30ed4e20f169818e84db1cde.unity3d,Texture2D,head_0215,5368511661536827670,image/playeritemicon/head_0215.png,228,160,
image/playeritemicon/head_0218,ab/0c/0c0e2287150fb5ce51535959fab9a5a3.unity3d,Texture2D,head_0218,3962417286352136311,image/playeritemicon/head_0218.png,228,160,
image/playeritemicon/head_0219,ab/43/4356d174d132bfa8f7cdc512e7ff5f49.unity3d,Texture2D,head_0219,-3180243148122458554,image/playeritemicon/head_0219.png,228,160,
image/playeritemicon/head_0220,ab/f8/f8e149dd983f858365cec2a1d5e2476a.unity3d,Texture2D,head_0220,3576083044944766903,image/playeritemicon/head_0220.png,228,160,
image/playeritemicon/head_0221,ab/3f/3fdbbbf96beb021dd7a4a5153d0d45b5.unity3d,Texture2D,head_0221,4370887577397621485,image/playeritemicon/head_0221.png,228,160,
image/playeritemicon/head_0223,ab/64/645b8fd5365923373e7e0844f9613317.unity3d,Texture2D,head_0223,8630626983512795634,image/playeritemicon/head_0223.png,228,160,
image/playeritemicon/head_0232,ab/3f/3f4ae47f9d40d9ea7a246d0813eeb2e3.unity3d,Texture2D,head_0232,-2033997100576404656,image/playeritemicon/head_0232.png,228,160,
image/playeritemicon/head_0238,ab/f7/f7a3bbecc843014d0a67ec0494719d28.unity3d,Texture2D,head_0238,4244930529938166488,image/playeritemicon/head_0238.png,228,160,
image/playeritemicon/head_0240,ab/2d/2d5a1b96a1a20c7c7e91d67ec1d37f86.unity3d,Texture2D,head_0240,-3031150653597026703,image/playeritemicon/head_0240.png,228,160,
image/playeritemicon/head_0243,ab/c3/c3c4b803c004d92140a7427950e06f3e.unity3d,Texture2D,head_0243,-1021568773549016418,image/playeritemicon/head_0243.png,228,160,
image/playeritemicon/head_0245,ab/c1/c183c9fc3dfb8b1e74d741dc9338bd08.unity3d,Texture2D,head_0245,8244301569085894311,image/playeritemicon/head_0245.png,228,160,
image/playeritemicon/head_0253,ab/af/afc19c5bcb7c05b78d80e2c1b77d74b8.unity3d,Texture2D,head_0253,3765200715133709232,image/playeritemicon/head_0253.png,228,160,
image/playeritemicon/head_0254,ab/3b/3bb7d04fe1c7c0dea5d236b22158bfff.unity3d,Texture2D,head_0254,-8098322153771625334,image/playeritemicon/head_0254.png,228,160,
image/playeritemicon/head_0259,ab/27/27cddd5147064abad0e7b2826b58ab44.unity3d,Texture2D,head_0259,3687682673272762304,image/playeritemicon/head_0259.png,228,160,
image/playeritemicon/head_0260,ab/f4/f481610b80c0185a5de5c95b1985391d.unity3d,Texture2D,head_0260,-3794116546569950988,image/playeritemicon/head_0260.png,228,160,
image/playeritemicon/head_0261,ab/02/02148bdc71004402678d1e6c55a37484.unity3d,Texture2D,head_0261,-4235041951880190345,image/playeritemicon/head_0261.png,228,160,
image/playeritemicon/head_0269,ab/0c/0cef587035fe0ada0bd30cba85c6ccec.unity3d,Texture2D,head_0269,7457504237774654020,image/playeritemicon/head_0269.png,228,160,
image/playeritemicon/head_0274,ab/d3/d37479db1fa6f72152c1f4b225be8f89.unity3d,Texture2D,head_0274,2601824605622136106,image/playeritemicon/head_0274.png,228,160,
image/playeritemicon/head_0278,ab/bc/bc8c3d18e0a19f1f9baaeec577c58e5a.unity3d,Texture2D,head_0278,-1432779324223370548,image/playeritemicon/head_0278.png,228,160,
image/playeritemicon/head_0279,ab/de/debd6a20eedc9fea323b73466cb193b5.unity3d,Texture2D,head_0279,2233500159238731179,image/playeritemicon/head_0279.png,228,160,
image/playeritemicon/head_0284,ab/36/36bc42b24eca5f1819fc2ada8779d5f0.unity3d,Texture2D,head_0284,-5809984453556337010,image/playeritemicon/head_0284.png,228,160,
image/playeritemicon/head_0285,ab/16/16dbb726ebe9c1866b6cb4c2f1043aa9.unity3d,Texture2D,head_0285,-7977295918465284508,image/playeritemicon/head_0285.png,228,160,
image/playeritemicon/head_0286,ab/42/42ac62750a5c943bfcda6972fb785462.unity3d,Texture2D,head_0286,-5240689115853309214,image/playeritemicon/head_0286.png,228,160,
image/playeritemicon/head_0287,ab/b0/b0af775fb5a8b840c1f4d75c0633633e.unity3d,Texture2D,head_0287,-2335734985152964016,image/playeritemicon/head_0287.png,228,160,
image/playeritemicon/head_0288,ab/fa/fa25f696b97f9f889ff1c263f1b18881.unity3d,Texture2D,head_0288,-6398710707141846682,image/playeritemicon/head_0288.png,228,160,
image/playeritemicon/head_0294,ab/e5/e517b467b7e1e6229a45eebb1160dd24.unity3d,Texture2D,head_0294,4372861140169612240,image/playeritemicon/head_0294.png,228,160,
image/playeritemicon/head_0295,ab/c9/c954e27a97772f89c74bed0c12fea881.unity3d,Texture2D,head_0295,3862948524966188382,image/playeritemicon/head_0295.png,228,160,
image/playeritemicon/head_0301,ab/f0/f035e2e79af3f422395a3610cc049d86.unity3d,Texture2D,head_0301,1186161148009182335,image/playeritemicon/head_0301.png,228,160,
image/playeritemicon/head_0303,ab/46/46b7b0a33a4316cbe71d5a835b4c6e7b.unity3d,Texture2D,head_0303,395399364257163207,image/playeritemicon/head_0303.png,228,160,
image/playeritemicon/head_0309,ab/3f/3f6be9246b0ee913a73965a50967da50.unity3d,Texture2D,head_0309,-2433212791601267801,image/playeritemicon/head_0309.png,228,160,
image/playeritemicon/m_0008_02,ab/d3/d31769dac1dae3e2e4f4caed56a7d5e7.unity3d,Texture2D,m_0008_02,-3558228295719359937,image/playeritemicon/m_0008_02.png,228,160,
image/playeritemicon/m_0087,ab/e3/e3039e2cf5465382ac77551915784b65.unity3d,Texture2D,m_0087,-5994798096987502465,image/playeritemicon/m_0087.png,456,320,
image/playeritemicon/m_1101_hair,ab/f5/f59783fe3bae8c8bc8d5e73e56ea3f16.unity3d,Texture2D,m_1101_hair,-1330224387667462782,image/playeritemicon/m_1101_hair.png,228,160,
image/playeritemicon/m_1104_body,ab/58/58a6e8ee8df5c926a1f90e9f6d81cf33.unity3d,Texture2D,m_1104_body,-4749537609162294150,image/playeritemicon/m_1104_body.png,228,160,
image/playeritemicon/m_1104_hair,ab/c1/c1c74a03edd281c790c467fa9faebeaa.unity3d,Texture2D,m_1104_hair,-5420533836615706531,image/playeritemicon/m_1104_hair.png,228,160,
image/playeritemicon/m_1106_body,ab/70/70bd170374bc5bc9502f22d70d0561b9.unity3d,Texture2D,m_1106_body,3095539466287066098,image/playeritemicon/m_1106_body.png,228,160,
image/playeritemicon/m_1106_hair,ab/58/584a1996d46f266095621076fd9ac2a0.unity3d,Texture2D,m_1106_hair,-5404949317855040601,image/playeritemicon/m_1106_hair.png,228,160,
image/playeritemicon/m_1109_body_3,ab/b3/b3896ed765ab97494df152fc8f73d57c.unity3d,Texture2D,m_1109_body_3,4834944467680012597,image/playeritemicon/m_1109_body_3.png,228,160,
image/playeritemicon/m_1109_hair,ab/29/29f2d5fc48f8f10aa6121975e0ce2060.unity3d,Texture2D,m_1109_hair,-245408834545642031,image/playeritemicon/m_1109_hair.png,228,160,
image/playeritemicon/m_1110_body,ab/d5/d5f25b6604dd267bf28ac586dcfb9e6b.unity3d,Texture2D,m_1110_body,3205282726284449637,image/playeritemicon/m_1110_body.png,228,160,
image/playeritemicon/m_1110_body_1,ab/bc/bc21b39ff30dac6daf70159c70881227.unity3d,Texture2D,m_1110_body_1,6479810665652036437,image/playeritemicon/m_1110_body_1.png,228,160,
image/playeritemicon/m_1110_hair,ab/c8/c855a2feea80d49b7397b8ab1b36a9dc.unity3d,Texture2D,m_1110_hair,2882515843442778768,image/playeritemicon/m_1110_hair.png,228,160,
image/playeritemicon/m_1112_body,ab/29/29d91346dec3ab00cb6ae5b972df41ef.unity3d,Texture2D,m_1112_body,1791281484565769420,image/playeritemicon/m_1112_body.png,228,160,
image/playeritemicon/m_1114_hair,ab/f5/f520deee70af7c36d54386f80d0ba94e.unity3d,Texture2D,m_1114_hair,-759768879299196142,image/playeritemicon/m_1114_hair.png,228,160,
image/playeritemicon/m_1118_body,ab/1d/1dd5e6843fe08ca8465b31ccba48192c.unity3d,Texture2D,m_1118_body,-1427200828521838161,image/playeritemicon/m_1118_body.png,228,160,
image/playeritemicon/m_1118_body_2,ab/47/474029db70b6542533647de20df6178a.unity3d,Texture2D,m_1118_body_2,-6240071925629612430,image/playeritemicon/m_1118_body_2.png,228,160,
image/playeritemicon/m_1123_body_4,ab/de/dee6e4696280be8a00e3b3d1b60bba25.unity3d,Texture2D,m_1123_body_4,-7720511060611353785,image/playeritemicon/m_1123_body_4.png,228,160,
image/playeritemicon/m_1124_body,ab/42/4224e849768406a35808698e4d24856f.unity3d,Texture2D,m_1124_body,-1255102047766778672,image/playeritemicon/m_1124_body.png,228,160,
image/playeritemicon/m_1124_body_1,ab/58/5876432a62395be7cde75d0b59db2ac8.unity3d,Texture2D,m_1124_body_1,7825245963018556993,image/playeritemicon/m_1124_body_1.png,228,160,
image/playeritemicon/m_1124_body_2,ab/70/701738c3e3d57302be2de6b6f08a7d09.unity3d,Texture2D,m_1124_body_2,-9004930038416018386,image/playeritemicon/m_1124_body_2.png,228,160,
image/playeritemicon/m_1124_body_3,ab/49/49a25bf3809360c098c9721c4e3bf5a5.unity3d,Texture2D,m_1124_body_3,-5805035021839131443,image/playeritemicon/m_1124_body_3.png,228,160,
image/playeritemicon/m_1126_hair,ab/e3/e3e9ee95605eceb2d6fa1c0f35195dcd.unity3d,Texture2D,m_1126_hair,-5173445655945815988,image/playeritemicon/m_1126_hair.png,228,160,
image/playeritemicon/m_1129_body,ab/f5/f543f63c5f1b6bb46b648257ef8b4231.unity3d,Texture2D,m_1129_body,-4795628617394200373,image/playeritemicon/m_1129_body.png,228,160,
image/playeritemicon/m_1131_hair,ab/b3/b3273cca610cfa0cc5ae0d1fe3c8a9f7.unity3d,Texture2D,m_1131_hair,-4524512075449921696,image/playeritemicon/m_1131_hair.png,228,160,
image/playeritemicon/m_1133_body,ab/d0/d0dc7e54c5cc64409e0602419d6f23c2.unity3d,Texture2D,m_1133_body,-8503518898380115228,image/playeritemicon/m_1133_body.png,228,160,
image/playeritemicon/m_1133_hair,ab/26/263c2c600bac39ba43f0f80c5bdcc3e6.unity3d,Texture2D,m_1133_hair,-5107060266899846900,image/playeritemicon/m_1133_hair.png,228,160,
image/playeritemicon/m_1134_body,ab/bd/bdf5826668cc4e7e0a9e65a444eb3fbf.unity3d,Texture2D,m_1134_body,5674678186871553517,image/playeritemicon/m_1134_body.png,228,160,
image/playeritemicon/m_1138_body,ab/e4/e4d3a7eebc67304b7ac853aface6f895.unity3d,Texture2D,m_1138_body,-7526165529754112711,image/playeritemicon/m_1138_body.png,228,160,
image/playeritemicon/m_1140_body,ab/41/4181df6ee2b2e304363fad0b23e08422.unity3d,Texture2D,m_1140_body,5700037731343585916,image/playeritemicon/m_1140_body.png,228,160,
image/playeritemicon/m_1141_body,ab/64/646de47ea832927dc1563d68e5c6aea7.unity3d,Texture2D,m_1141_body,-1933789201947745440,image/playeritemicon/m_1141_body.png,228,160,
image/playeritemicon/m_1142,ab/ee/ee6d6b63255d618325df2addacbab664.unity3d,Texture2D,m_1142,2606562037354860412,image/playeritemicon/m_1142.png,228,160,
image/playeritemicon/m_1144_hair,ab/02/02025db43b47bbd0a4e4d247330418e1.unity3d,Texture2D,m_1144_hair,5771861583092334761,image/playeritemicon/m_1144_hair.png,228,160,
image/playeritemicon/m_1147_body,ab/fb/fb2f5e990d902e70cdedcb0b17f318f7.unity3d,Texture2D,m_1147_body,5734568492755518827,image/playeritemicon/m_1147_body.png,228,160,
image/playeritemicon/m_1147_hair,ab/cc/cc3e7d4b67b67f58a3e9d2262978551d.unity3d,Texture2D,m_1147_hair,5657493528263916467,image/playeritemicon/m_1147_hair.png,228,160,
image/playeritemicon/m_1149_hair,ab/29/29bc46eb0727d10e1dca27b289d50a52.unity3d,Texture2D,m_1149_hair,-4335588954118547247,image/playeritemicon/m_1149_hair.png,228,160,
image/playeritemicon/m_1151_body,ab/3c/3cd34538ff1b7201c0fc72fb789965b8.unity3d,Texture2D,m_1151_body,-534491541188932981,image/playeritemicon/m_1151_body.png,228,160,
image/playeritemicon/m_1153_body,ab/ec/ec7c81d8ea72fd7a62a50977322e2527.unity3d,Texture2D,m_1153_body,-2338322345448833844,image/playeritemicon/m_1153_body.png,228,160,
image/playeritemicon/m_1153_hair,ab/ee/eed997e67d58a7152708dc7d0412086a.unity3d,Texture2D,m_1153_hair,-1335867959678249811,image/playeritemicon/m_1153_hair.png,228,160,
image/playeritemicon/m_1154_hair,ab/36/3689b88c53dc94fba8c9cdea3210e2de.unity3d,Texture2D,m_1154_hair,-2817016172797611856,image/playeritemicon/m_1154_hair.png,228,160,
image/playeritemicon/m_1155_body,ab/17/17694ae63ab7db8cd5e8c4b8e0be86ad.unity3d,Texture2D,m_1155_body,6785851880535126999,image/playeritemicon/m_1155_body.png,228,160,
image/playeritemicon/m_1156_body,ab/d2/d2a1b6f9ff1662de2343c78e504cecaa.unity3d,Texture2D,m_1156_body,2261130901741466964,image/playeritemicon/m_1156_body.png,228,160,
image/playeritemicon/m_1157_body,ab/e3/e3a629ac5760f4b19355e8acda701d89.unity3d,Texture2D,m_1157_body,2814426460264246556,image/playeritemicon/m_1157_body.png,228,160,
image/playeritemicon/m_1157_hair,ab/58/58e523e9388edd81be2996e824a3ddd7.unity3d,Texture2D,m_1157_hair,4985029775100590595,image/playeritemicon/m_1157_hair.png,228,160,
image/playeritemicon/m_1159_hair,ab/c7/c73d8c2d3e5bf0438ea1ffb9d44f0aaf.unity3d,Texture2D,m_1159_hair,2470495719083678637,image/playeritemicon/m_1159_hair.png,228,160,
image/playeritemicon/m_1160_body,ab/fd/fdfdd1852df2005bee0dbc6dc73fc269.unity3d,Texture2D,m_1160_body,-5712685924442692810,image/playeritemicon/m_1160_body.png,228,160,
image/playeritemicon/m_1160_hair,ab/cb/cb1a9d3d57477fc535d6cc1c9409a313.unity3d,Texture2D,m_1160_hair,6729254814733330876,image/playeritemicon/m_1160_hair.png,228,160,
image/playeritemicon/m_1164_body,ab/55/55ead03481430f308ccd15093aff21b8.unity3d,Texture2D,m_1164_body,-5698089137383296213,image/playeritemicon/m_1164_body.png,228,160,
image/playeritemicon/m_1170,ab/3c/3cdf1bf56106f6d41ee8058680a6171e.unity3d,Texture2D,m_1170,7462448579238332928,image/playeritemicon/m_1170.png,228,160,
image/playeritemicon/m_1173_body,ab/3f/3f59e30f51831fb4ffe476b7326da593.unity3d,Texture2D,m_1173_body,2986571127801629264,image/playeritemicon/m_1173_body.png,228,160,
image/playeritemicon/m_1177_hair,ab/b3/b37d40f542ea3bfc8bc13e3264c71343.unity3d,Texture2D,m_1177_hair,-1936070319121798808,image/playeritemicon/m_1177_hair.png,228,160,
image/playeritemicon/m_1181_body,ab/ca/ca0c6fb6ff8d57352aa19e2e8e5ed611.unity3d,Texture2D,m_1181_body,980795677099370239,image/playeritemicon/m_1181_body.png,228,160,
image/playeritemicon/m_1189_body,ab/d2/d241c3773e923aba84e8614e7da3cf4e.unity3d,Texture2D,m_1189_body,-6532653367131587110,image/playeritemicon/m_1189_body.png,228,160,
image/playeritemicon/m_1189_hair,ab/40/40d26e0c2439ac45f53e09eaed771fb9.unity3d,Texture2D,m_1189_hair,-8805677026354768896,image/playeritemicon/m_1189_hair.png,228,160,
image/playeritemicon/m_1192_body,ab/bc/bc226415d4be01a830eb741b73accbb3.unity3d,Texture2D,m_1192_body,-6574064731594562521,image/playeritemicon/m_1192_body.png,228,160,
image/playeritemicon/m_1200_body,ab/c9/c9cff009761df99fe944916af4e445dc.unity3d,Texture2D,m_1200_body,-5353818137264030256,image/playeritemicon/m_1200_body.png,228,160,
image/playeritemicon/m_1205_hair,ab/de/de980641b3d40ac8aeb1b80cd03eeead.unity3d,Texture2D,m_1205_hair,-5153695091586236580,image/playeritemicon/m_1205_hair.png,228,160,
image/playeritemicon/m_1209_body,ab/b5/b56b989c70fc330a4e0898242c28336e.unity3d,Texture2D,m_1209_body,5142405580889998732,image/playeritemicon/m_1209_body.png,228,160,
image/playeritemicon/m_1216,ab/ca/ca0f8c173d9bfc852514fe172a81cc72.unity3d,Texture2D,m_1216,-5026080358951743324,image/playeritemicon/m_1216.png,228,160,
image/playeritemicon/m_1217_body,ab/fd/fd63259bba7c5726a28cb91f48057c33.unity3d,Texture2D,m_1217_body,1862668278144755295,image/playeritemicon/m_1217_body.png,228,160,
image/playeritemicon/m_1218_body,ab/0b/0b489b37d9f827ded769a4a7e06bddb0.unity3d,Texture2D,m_1218_body,-6349347939935631891,image/playeritemicon/m_1218_body.png,228,160,
image/playeritemicon/m_1219_body,ab/d1/d1214a43d0e8a4048d5a6ca72332bd5e.unity3d,Texture2D,m_1219_body,4315026819093347639,image/playeritemicon/m_1219_body.png,228,160,
image/playeritemicon/m_1219_hair,ab/19/194ed14c14cc9ff91b594f83fbc8d4a5.unity3d,Texture2D,m_1219_hair,-1019152860243148795,image/playeritemicon/m_1219_hair.png,228,160,
image/playeritemicon/m_1224_body_2,ab/28/288b3e1c1c4dabb69565710e3e072f5f.unity3d,Texture2D,m_1224_body_2,7578669048906283237,image/playeritemicon/m_1224_body_2.png,228,160,
image/playeritemicon/m_1224_hair,ab/40/4055da2a152661f8744b3a4b29ca21e8.unity3d,Texture2D,m_1224_hair,9035973740020250059,image/playeritemicon/m_1224_hair.png,228,160,
image/playeritemicon/m_1231_body,ab/46/466c0c3741026862657b4c6270b699ca.unity3d,Texture2D,m_1231_body,5081368595784609653,image/playeritemicon/m_1231_body.png,228,160,
image/playeritemicon/m_1235,ab/bc/bce5dacb4213ae10b74700c6418bc097.unity3d,Texture2D,m_1235,453614678672620639,image/playeritemicon/m_1235.png,228,160,
image/playeritemicon/m_1238_hair,ab/42/420e736a503b13b89e626b9bcb4dd3ae.unity3d,Texture2D,m_1238_hair,-4623987195918038567,image/playeritemicon/m_1238_hair.png,228,160,
image/playeritemicon/m_1242_body,ab/fb/fb36da69daa28f83e3a58b321bf6987e.unity3d,Texture2D,m_1242_body,-4794774435422265619,image/playeritemicon/m_1242_body.png,228,160,
image/playeritemicon/m_1243_body,ab/27/275e6afb95cc34c7f38abd63f03c65b8.unity3d,Texture2D,m_1243_body,1851565504384028987,image/playeritemicon/m_1243_body.png,228,160,
image/playeritemicon/m_1244_hair,ab/e3/e31e63edcea68909ab83614f8545450a.unity3d,Texture2D,m_1244_hair,7064719854220040829,image/playeritemicon/m_1244_hair.png,228,160,
image/playeritemicon/m_1245_hair,ab/2d/2d08ed55f874db2131d2dd5f56523e29.unity3d,Texture2D,m_1245_hair,-3121749729551349620,image/playeritemicon/m_1245_hair.png,228,160,
image/playeritemicon/m_1246_body,ab/70/70ab962538ad05751dd825907c50dd92.unity3d,Texture2D,m_1246_body,8358565493268917536,image/playeritemicon/m_1246_body.png,228,160,
image/playeritemicon/m_1246_hair,ab/c0/c04de1a7267a5917cac8df330d35401c.unity3d,Texture2D,m_1246_hair,-1549060900551311514,image/playeritemicon/m_1246_hair.png,228,160,
image/playeritemicon/m_1247_hair,ab/f7/f7f8456ef9339164219c895a2e61ac83.unity3d,Texture2D,m_1247_hair,-1204220648302939809,image/playeritemicon/m_1247_hair.png,228,160,
image/playeritemicon/m_1248_body,ab/41/41fe5c700945b7b5561e1a6216269bcc.unity3d,Texture2D,m_1248_body,1054020820723165561,image/playeritemicon/m_1248_body.png,228,160,
image/playeritemicon/m_1249_hair,ab/fb/fb012e163e4d6da940ccebced9080a1b.unity3d,Texture2D,m_1249_hair,5892713471048522703,image/playeritemicon/m_1249_hair.png,228,160,
image/playeritemicon/m_1253_body,ab/c0/c07b9ba04c6c3280f60ca1eb436d446b.unity3d,Texture2D,m_1253_body,5429449134221969635,image/playeritemicon/m_1253_body.png,228,160,
image/playeritemicon/m_1253_hair,ab/58/58446ebdd7fabeac7fdc024581e896e8.unity3d,Texture2D,m_1253_hair,-1036882922718742293,image/playeritemicon/m_1253_hair.png,228,160,
image/playeritemicon/m_1256_body,ab/2f/2fadd7c0a8d77cc71db514b447d26c3b.unity3d,Texture2D,m_1256_body,452564359812033385,image/playeritemicon/m_1256_body.png,228,160,
image/playeritemicon/m_1256_hair,ab/c1/c1c7cae6e6f15c6aaece4e1a721db6c5.unity3d,Texture2D,m_1256_hair,317295438976183076,image/playeritemicon/m_1256_hair.png,228,160,
image/playeritemicon/m_1257_hair,ab/ca/ca54766184279c57d10f4d4afb4cc0f2.unity3d,Texture2D,m_1257_hair,5178281103407963644,image/playeritemicon/m_1257_hair.png,228,160,
image/playeritemicon/m_1258_hair,ab/27/27039140f95943b03379bc069bbd4ca5.unity3d,Texture2D,m_1258_hair,7342932015884514549,image/playeritemicon/m_1258_hair.png,228,160,
image/playeritemicon/m_1259_hair,ab/00/005d3491288244b1338e984708e9a83c.unity3d,Texture2D,m_1259_hair,5713465881222697835,image/playeritemicon/m_1259_hair.png,228,160,
image/playeritemicon/m_1261,ab/e0/e0f0f60867e6691f4164181653023c09.unity3d,Texture2D,m_1261,-1422097099054342445,image/playeritemicon/m_1261.png,228,160,
image/playeritemicon/m_1262_hair,ab/cc/ccddbf3f616a4ed51439dbaaf736e972.unity3d,Texture2D,m_1262_hair,-6386116930768659290,image/playeritemicon/m_1262_hair.png,228,160,
image/playeritemicon/m_1265_hair,ab/27/277770d01d16c5bdfc20f3d98a6272a2.unity3d,Texture2D,m_1265_hair,6975866528143879356,image/playeritemicon/m_1265_hair.png,228,160,
image/playeritemicon/m_1272_body,ab/d0/d026fd9a2cb947ad9477b4121d1f9ede.unity3d,Texture2D,m_1272_body,1545698417670656950,image/playeritemicon/m_1272_body.png,228,160,
image/playeritemicon/m_1273_body,ab/fd/fd092f5a45bf87b8dee4fa47f98491a8.unity3d,Texture2D,m_1273_body,7809260559018403036,image/playeritemicon/m_1273_body.png,228,160,
image/playeritemicon/m_1274_body,ab/47/470d448d8eb75dc6b23c2cb4004ca588.unity3d,Texture2D,m_1274_body,-6462981671038665446,image/playeritemicon/m_1274_body.png,228,160,
image/playeritemicon/m_1275_body,ab/fb/fb536a06029c0e2e7d1f00508f60c0fa.unity3d,Texture2D,m_1275_body,6009754659872420562,image/playeritemicon/m_1275_body.png,228,160,
image/playeritemicon/m_1275_hair,ab/e9/e96f9315fb524cde0556c376d5887f81.unity3d,Texture2D,m_1275_hair,-4493434240854510433,image/playeritemicon/m_1275_hair.png,228,160,
image/playeritemicon/m_1276,ab/ea/ea7279df81398bac2350d5dda8b28785.unity3d,Texture2D,m_1276,-2522301540506474457,image/playeritemicon/m_1276.png,228,160,
image/playeritemicon/m_1278_hair,ab/eb/ebf22d896860a563287e0e412d645529.unity3d,Texture2D,m_1278_hair,-7960107990732706499,image/playeritemicon/m_1278_hair.png,228,160,
image/playeritemicon/m_1282,ab/f3/f3ed1f3a6b51fb2729a75f8c5d1d0b54.unity3d,Texture2D,m_1282,520522042523510269,image/playeritemicon/m_1282.png,228,160,
image/playeritemicon/m_1289_hair,ab/40/40176e2b973380b30f2dc6944c090a62.unity3d,Texture2D,m_1289_hair,-6748685866942862036,image/playeritemicon/m_1289_hair.png,228,160,
image/playeritemicon/m_1292_body,ab/d8/d8e65ae2013711c56966e2a04b440a0e.unity3d,Texture2D,m_1292_body,-6139148079700134075,image/playeritemicon/m_1292_body.png,228,160,
image/playeritemicon/m_1292_hair,ab/41/412995cf07732b8a2755a770e770be32.unity3d,Texture2D,m_1292_hair,5255815600435681593,image/playeritemicon/m_1292_hair.png,228,160,
image/playeritemicon/m_1293_body,ab/ea/eaab7bed92a20af067392ffad0f75a7b.unity3d,Texture2D,m_1293_body,4004011152359064958,image/playeritemicon/m_1293_body.png,228,160,
image/playeritemicon/m_1294_hair,ab/cf/cff57d1f746aab5a261e9409aba1dd80.unity3d,Texture2D,m_1294_hair,8252571949439052934,image/playeritemicon/m_1294_hair.png,228,160,
image/playeritemicon/m_1296_body,ab/70/70cf76c192196470db63c11a359a59ed.unity3d,Texture2D,m_1296_body,8382898698924395822,image/playeritemicon/m_1296_body.png,228,160,
image/playeritemicon/m_1297_hair,ab/00/00ceb4c32378ff3b193a49e65758e513.unity3d,Texture2D,m_1297_hair,-5858627841865989661,image/playeritemicon/m_1297_hair.png,228,160,
image/playeritemicon/m_1298_hair,ab/f9/f9540993664a5625a112e8b1af0d9652.unity3d,Texture2D,m_1298_hair,7255384503958695586,image/playeritemicon/m_1298_hair.png,228,160,
image/playeritemicon/m_1304_body,ab/ee/ee951825da305dcf49610368229dcc9e.unity3d,Texture2D,m_1304_body,870612825204249295,image/playeritemicon/m_1304_body.png,228,160,
image/playeritemicon/m_1306_hair,ab/e9/e9b948cf925689659a2bf003c5b451d3.unity3d,Texture2D,m_1306_hair,93572604197924234,image/playeritemicon/m_1306_hair.png,228,160,
image/playeritemicon/m_1312_hair,ab/50/50bf907f87d877d6e25ea4176b57800e.unity3d,Texture2D,m_1312_hair,497394252274757284,image/playeritemicon/m_1312_hair.png,228,160,
image/playeritemicon/m_1315_hair,ab/c8/c8482013c4ddfb8dc31487e42f8cf48f.unity3d,Texture2D,m_1315_hair,8372486152454492729,image/playeritemicon/m_1315_hair.png,228,160,
image/playeritemicon/m_1317_hair,ab/00/000ae98770bc9856d4f67e0985491e2b.unity3d,Texture2D,m_1317_hair,-4614971204054636743,image/playeritemicon/m_1317_hair.png,228,160,
image/playeritemicon/m_1318_hair,ab/b6/b62358ec166417665ff8a5ce781ac416.unity3d,Texture2D,m_1318_hair,4120486328522549760,image/playeritemicon/m_1318_hair.png,228,160,
image/playeritemicon/m_1319_body,ab/40/404a21f517c1f579f27c26f73ee350bb.unity3d,Texture2D,m_1319_body,6799286825189056258,image/playeritemicon/m_1319_body.png,228,160,
image/playeritemicon/m_1321_hair,ab/d5/d554cb142d94207e32df3fba1ef6122a.unity3d,Texture2D,m_1321_hair,-4379676562481559798,image/playeritemicon/m_1321_hair.png,228,160,
image/playeritemicon/m_1322,ab/0a/0a32ab723089549da270081079216e20.unity3d,Texture2D,m_1322,-494739371452369649,image/playeritemicon/m_1322.png,228,160,
image/playeritemicon/m_1323_hair,ab/c7/c752c9c5b818eb3a6aaeee61905918b4.unity3d,Texture2D,m_1323_hair,7194459951702738280,image/playeritemicon/m_1323_hair.png,228,160,
image/playeritemicon/m_1325_hair,ab/3f/3fb6fe00c0453a01825f2d2e9fc33589.unity3d,Texture2D,m_1325_hair,3411999754093603956,image/playeritemicon/m_1325_hair.png,228,160,
image/playeritemicon/m_1329_hair,ab/d5/d5582f6f86288ade60acecaf262c6ef5.unity3d,Texture2D,m_1329_hair,-3464678070172952903,image/playeritemicon/m_1329_hair.png,228,160,
image/playeritemicon/m_1331_hair,ab/3d/3dbf33db54c8330e01c3de3f85c28bb8.unity3d,Texture2D,m_1331_hair,-6012292840388228436,image/playeritemicon/m_1331_hair.png,228,160,
image/playeritemicon/m_1332_body,ab/3b/3be695f8f88c5605fc4f4870a94be05d.unity3d,Texture2D,m_1332_body,-4415942326127400824,image/playeritemicon/m_1332_body.png,228,160,
image/playeritemicon/m_1332_hair,ab/c0/c0f017644c01c57c7293c57881321b84.unity3d,Texture2D,m_1332_hair,5794789037973300705,image/playeritemicon/m_1332_hair.png,228,160,
image/playeritemicon/m_1333_body,ab/58/582a3fd49bfe98c30c8ef7efb0813458.unity3d,Texture2D,m_1333_body,-1206616865299020247,image/playeritemicon/m_1333_body.png,228,160,
image/playeritemicon/m_1334_body,ab/d1/d1d54b2cf6f4629f3105530cceabf9e6.unity3d,Texture2D,m_1334_body,2201849426045408592,image/playeritemicon/m_1334_body.png,228,160,
image/playeritemicon/m_1343_body,ab/b5/b546fca5cdd67808e57b7795c42f77de.unity3d,Texture2D,m_1343_body,1332349454333430048,image/playeritemicon/m_1343_body.png,228,160,
image/playeritemicon/m_1347_body,ab/e0/e0d6240b8aee7f421fa3c910934636c9.unity3d,Texture2D,m_1347_body,6231414996392592246,image/playeritemicon/m_1347_body.png,228,160,
image/playeritemicon/m_1354_hair,ab/d0/d0c44fd6f1dd146ed146dcba3661b68e.unity3d,Texture2D,m_1354_hair,5683520391547548210,image/playeritemicon/m_1354_hair.png,228,160,
image/playeritemicon/m_1355_hair,ab/d0/d0eaa1c8513f5d4328e641c0d5144ebb.unity3d,Texture2D,m_1355_hair,-980312091747019079,image/playeritemicon/m_1355_hair.png,228,160,
image/playeritemicon/m_1356_body,ab/69/6978f50273688777b6b64bf0cb639dec.unity3d,Texture2D,m_1356_body,6664700328494208475,image/playeritemicon/m_1356_body.png,228,160,
image/playeritemicon/m_1356_hair,ab/f9/f9e2d8948a327f8f790222bca7c8718c.unity3d,Texture2D,m_1356_hair,-2506768074278356780,image/playeritemicon/m_1356_hair.png,228,160,
image/playeritemicon/m_1357_hair,ab/66/66730cc9fed633e3cce98cfb037a5165.unity3d,Texture2D,m_1357_hair,679551570032294342,image/playeritemicon/m_1357_hair.png,228,160,
image/playeritemicon/m_1359_hair,ab/36/36345d05fd3fa428e0d08b8b13d8a8c4.unity3d,Texture2D,m_1359_hair,-1076040951721708677,image/playeritemicon/m_1359_hair.png,228,160,
image/playeritemicon/m_1362_hair,ab/47/47d503a651cb9e6854a0245aef2021d5.unity3d,Texture2D,m_1362_hair,-3045906788136666095,image/playeritemicon/m_1362_hair.png,228,160,
image/playeritemicon/m_1363_body,ab/ed/edd1fbc691a3015529bf32fb01f30aa5.unity3d,Texture2D,m_1363_body,-7465891334709834548,image/playeritemicon/m_1363_body.png,228,160,
image/playeritemicon/m_1366_body,ab/cf/cf432f36b9a15df2673b840cbc425a7d.unity3d,Texture2D,m_1366_body,-9106579297825047258,image/playeritemicon/m_1366_body.png,228,160,
image/playeritemicon/m_1367_body,ab/de/dee617578a27463cb3ad70bd2078b278.unity3d,Texture2D,m_1367_body,3512005173971109572,image/playeritemicon/m_1367_body.png,228,160,
image/playeritemicon/m_1368_body,ab/c3/c330d18e64f0ccd92ac1eec4e0c1e20a.unity3d,Texture2D,m_1368_body,-3484869115545711246,image/playeritemicon/m_1368_body.png,228,160,
image/playeritemicon/m_1369,ab/2f/2fa51b6d853b2ee631b708adafa8faed.unity3d,Texture2D,m_1369,-1861070223681435939,image/playeritemicon/m_1369.png,228,160,
image/playeritemicon/m_1371_body,ab/67/679f3b37de4b6f3c50e765ff6483f7cd.unity3d,Texture2D,m_1371_body,1222607112173457595,image/playeritemicon/m_1371_body.png,228,160,
image/playeritemicon/m_1371_hair,ab/3b/3be597a8a20405f231a640b03b43a5e2.unity3d,Texture2D,m_1371_hair,-8733783407670694104,image/playeritemicon/m_1371_hair.png,228,160,
image/playeritemicon/m_1374_body,ab/28/2830605bcaed38289ec3c444f87cb73a.unity3d,Texture2D,m_1374_body,-1483527778472619134,image/playeritemicon/m_1374_body.png,228,160,
image/playeritemicon/m_1375_hair,ab/cd/cdfeaad72f2badc445e3409f505d7948.unity3d,Texture2D,m_1375_hair,2839549185663231365,image/playeritemicon/m_1375_hair.png,228,160,
image/playeritemicon/m_1376_body,ab/b3/b3cafbeba146c0bbdedd86894a23f245.unity3d,Texture2D,m_1376_body,-2662016434954694558,image/playeritemicon/m_1376_body.png,228,160,
image/playeritemicon/m_1376_hair,ab/32/322031a6fae3293460333bdf47e4ad6c.unity3d,Texture2D,m_1376_hair,-4755482819141587991,image/playeritemicon/m_1376_hair.png,228,160,
image/playeritemicon/m_1377_body,ab/f0/f0fb816f208ac75a266d839e28cacf0d.unity3d,Texture2D,m_1377_body,9079613570067617697,image/playeritemicon/m_1377_body.png,228,160,
image/playeritemicon/m_1377_hair,ab/e3/e3cb785f04f4cb3499598eb41699fea1.unity3d,Texture2D,m_1377_hair,5817577575624674580,image/playeritemicon/m_1377_hair.png,228,160,
image/playeritemicon/m_1380,ab/cc/cc8dfc4147831ef496e6eaed94d8a7d9.unity3d,Texture2D,m_1380,-5667964193077754538,image/playeritemicon/m_1380.png,228,160,
image/playeritemicon/m_1382_body,ab/cb/cb97b1de8b4ec1a85adf15432cdb73a9.unity3d,Texture2D,m_1382_body,8220020798058774408,image/playeritemicon/m_1382_body.png,228,160,
image/playeritemicon/m_1384_hair,ab/bc/bc05d808c669d261bf4e56408809564a.unity3d,Texture2D,m_1384_hair,3733279622012345848,image/playeritemicon/m_1384_hair.png,228,160,
image/playeritemicon/m_1385_hair,ab/49/492b0ca925fd622753d5b510ffe8daa5.unity3d,Texture2D,m_1385_hair,622094360520587973,image/playeritemicon/m_1385_hair.png,228,160,
image/playeritemicon/m_1389_hair,ab/35/35643c6f50019dc0349189dc9e0cda8e.unity3d,Texture2D,m_1389_hair,-1514542247337747919,image/playeritemicon/m_1389_hair.png,228,160,
image/playeritemicon/m_1390_hair,ab/46/46e1d22f11063f81fa2af56d00bd9b9a.unity3d,Texture2D,m_1390_hair,-3005878829581817161,image/playeritemicon/m_1390_hair.png,228,160,
image/playeritemicon/m_1393_hair,ab/28/28383b1623be6ac907e7c110b9b0e782.unity3d,Texture2D,m_1393_hair,-6078659569237599256,image/playeritemicon/m_1393_hair.png,228,160,
image/playeritemicon/m_1396_hair,ab/d0/d0d07190b9a18c175ccb0a45adf6a289.unity3d,Texture2D,m_1396_hair,1335698826045368848,image/playeritemicon/m_1396_hair.png,228,160,
image/playeritemicon/m_1401_body,ab/f5/f5fa600fa82f3ecd863e1a795bfd90e3.unity3d,Texture2D,m_1401_body,8306924090295339892,image/playeritemicon/m_1401_body.png,228,160,
image/playeritemicon/m_1401_hair,ab/70/70b6bfe7dfac5030ce051a18941e3f86.unity3d,Texture2D,m_1401_hair,-1850570707957239128,image/playeritemicon/m_1401_hair.png,228,160,
image/playeritemicon/m_1402_hair,ab/66/66a47bcf25be12d0b4c1647c2751a3a7.unity3d,Texture2D,m_1402_hair,-5140255612899897387,image/playeritemicon/m_1402_hair.png,228,160,
image/playeritemicon/m_1410,ab/d2/d2ff6b99d6d1b1a281a743d0e3ec6578.unity3d,Texture2D,m_1410,177868671636986851,image/playeritemicon/m_1410.png,228,160,
image/playeritemicon/m_1415_body,ab/e8/e800b981c7685e39aa2f711cb9cba491.unity3d,Texture2D,m_1415_body,4516418305539047332,image/playeritemicon/m_1415_body.png,228,160,
image/playeritemicon/m_1416_hair,ab/0b/0b61238305116a40b7b1c07f5df742c7.unity3d,Texture2D,m_1416_hair,2553269705031843639,image/playeritemicon/m_1416_hair.png,228,160,
image/playeritemicon/m_1419_hair,ab/51/5122eb4fe59bcaa966fd5054aa3d4b24.unity3d,Texture2D,m_1419_hair,1417034209428701930,image/playeritemicon/m_1419_hair.png,228,160,
image/playeritemicon/m_1420_body,ab/0c/0c53a184af85fdcdcbbf813d3653e375.unity3d,Texture2D,m_1420_body,-8573076746201804045,image/playeritemicon/m_1420_body.png,228,160,
image/playeritemicon/m_1422_body,ab/d5/d5f856209fffa3555e2b5b17be16d268.unity3d,Texture2D,m_1422_body,-4087543573660976830,image/playeritemicon/m_1422_body.png,228,160,
image/playeritemicon/m_1422_hair,ab/66/664aada933c28c1baf4f6d91bdd2d8f6.unity3d,Texture2D,m_1422_hair,1110088394458765886,image/playeritemicon/m_1422_hair.png,228,160,
image/playeritemicon/m_1424_hair,ab/e5/e5334b7e8cecba5a66d2ce257930eb1b.unity3d,Texture2D,m_1424_hair,2582391810852493226,image/playeritemicon/m_1424_hair.png,228,160,
image/playeritemicon/m_1425_body,ab/49/49f497fb2c21a1eb7c7e30389e6ec803.unity3d,Texture2D,m_1425_body,2076187800758780682,image/playeritemicon/m_1425_body.png,228,160,
image/playeritemicon/m_1432_hair,ab/04/042561a80b133a048991338ad8823d7d.unity3d,Texture2D,m_1432_hair,5701467760380857433,image/playeritemicon/m_1432_hair.png,228,160,
image/playeritemicon/m_1433_hair,ab/c9/c9e7a19cd6b9baae52898acc8670ff32.unity3d,Texture2D,m_1433_hair,8627130761545847544,image/playeritemicon/m_1433_hair.png,228,160,
image/playeritemicon/m_1434_hair,ab/36/36575ec064aac614d7bebee3c26eb511.unity3d,Texture2D,m_1434_hair,-1964879349694217130,image/playeritemicon/m_1434_hair.png,228,160,
image/playeritemicon/m_1436_hair,ab/ca/cafb29e3d0a46cd7f790ce66b34e26fd.unity3d,Texture2D,m_1436_hair,3297181715512765510,image/playeritemicon/m_1436_hair.png,228,160,
image/playeritemicon/m_1440_body,ab/d2/d22ab54111e3294b786a4317b1f32f09.unity3d,Texture2D,m_1440_body,4519495623917584687,image/playeritemicon/m_1440_body.png,228,160,
image/playeritemicon/m_1440_hair,ab/f4/f4d10296933fa507ff03593bf4cb4fc3.unity3d,Texture2D,m_1440_hair,5512786124961516376,image/playeritemicon/m_1440_hair.png,228,160,
image/playeritemicon/m_1441_body,ab/cb/cba8ae21ddd85644d306d65c49c8a034.unity3d,Texture2D,m_1441_body,-4660792730916793302,image/playeritemicon/m_1441_body.png,228,160,
image/playeritemicon/m_1441_hair,ab/0c/0c05f029c001f6a57040ddbf5c298d5d.unity3d,Texture2D,m_1441_hair,6573971729144553559,image/playeritemicon/m_1441_hair.png,228,160,
image/playeritemicon/m_1443_body,ab/0b/0b962df9bf55053f8c6a2f212a175d6b.unity3d,Texture2D,m_1443_body,-2787272099423109652,image/playeritemicon/m_1443_body.png,228,160,
image/playeritemicon/m_1443_hair,ab/be/bee32efaef034bfd51fe4bac8296cda7.unity3d,Texture2D,m_1443_hair,-3456388718781840075,image/playeritemicon/m_1443_hair.png,228,160,
image/playeritemicon/m_1444,ab/b8/b8c21d52059ca0fe2a739ae8854d327f.unity3d,Texture2D,m_1444,5698144113901888406,image/playeritemicon/m_1444.png,228,160,
image/playeritemicon/m_1445_hair,ab/02/027a00d1ab939f50dfe854094b619ffb.unity3d,Texture2D,m_1445_hair,-122139209221946583,image/playeritemicon/m_1445_hair.png,228,160,
image/playeritemicon/m_1446_hair,ab/b5/b552c25e008f23216fe9ff2fb61385e5.unity3d,Texture2D,m_1446_hair,-8348948176410119584,image/playeritemicon/m_1446_hair.png,228,160,
image/playeritemicon/m_1451_body,ab/b0/b039f6cc67c8d53bd0f66a3bdc96c29d.unity3d,Texture2D,m_1451_body,5252165624499384133,image/playeritemicon/m_1451_body.png,228,160,
image/playeritemicon/m_1455_body,ab/49/49775e5cac3aaaa5b86254c346f1a9f9.unity3d,Texture2D,m_1455_body,-9053085995825815081,image/playeritemicon/m_1455_body.png,228,160,
image/playeritemicon/m_1456_body,ab/53/535e00aa0273fc6473ec5dadf05052d6.unity3d,Texture2D,m_1456_body,8222894935389147789,image/playeritemicon/m_1456_body.png,228,160,
image/playeritemicon/m_1456_hair,ab/0c/0cdd43fe13a35d410294713b09bf52ec.unity3d,Texture2D,m_1456_hair,8078097723927966234,image/playeritemicon/m_1456_hair.png,228,160,
image/playeritemicon/m_1457_body,ab/e8/e8c52029bb39527f1fc9ab8764a0bb2e.unity3d,Texture2D,m_1457_body,4037779713520867052,image/playeritemicon/m_1457_body.png,228,160,
image/playeritemicon/m_1458_body,ab/de/de989584562b7136438fb33db25959aa.unity3d,Texture2D,m_1458_body,-3136866976602284161,image/playeritemicon/m_1458_body.png,228,160,
image/playeritemicon/m_1462_body,ab/c3/c35f642deb2bf140f58a248c921d7e6c.unity3d,Texture2D,m_1462_body,-4315010765860587881,image/playeritemicon/m_1462_body.png,228,160,
image/playeritemicon/m_1464_body,ab/36/3607370b3adef48525cdd468290482a8.unity3d,Texture2D,m_1464_body,3003105122583505296,image/playeritemicon/m_1464_body.png,228,160,
image/playeritemicon/m_1464_hair,ab/cc/cc837e9c3aae9bcd39e25b9c9fc309ce.unity3d,Texture2D,m_1464_hair,7472297401692907739,image/playeritemicon/m_1464_hair.png,228,160,
image/playeritemicon/m_1466_body,ab/03/03a4ee156ce58714db786852182b0c51.unity3d,Texture2D,m_1466_body,3942212434630523378,image/playeritemicon/m_1466_body.png,228,160,
image/playeritemicon/m_1467_hair,ab/40/40446e66c853f9ce94d04dafdb7f4fdf.unity3d,Texture2D,m_1467_hair,-219392125781674064,image/playeritemicon/m_1467_hair.png,228,160,
image/playeritemicon/m_1469_hair,ab/fd/fd3c04d33a258ab4b187208ba3d4c0b7.unity3d,Texture2D,m_1469_hair,-8554956258488686127,image/playeritemicon/m_1469_hair.png,228,160,
image/playeritemicon/m_1471_body,ab/3f/3fb9dcc783d4d57aaa4feb5dea0f8f23.unity3d,Texture2D,m_1471_body,-6906321857402269040,image/playeritemicon/m_1471_body.png,228,160,
image/playeritemicon/m_1471_hair,ab/03/03dc8d9a9a9dd5b9506ce0486448a560.unity3d,Texture2D,m_1471_hair,-6533626968227972662,image/playeritemicon/m_1471_hair.png,228,160,
image/playeritemicon/m_1472_hair,ab/3c/3c93045848843bd6920aa462ee8721a5.unity3d,Texture2D,m_1472_hair,-5511915781735170005,image/playeritemicon/m_1472_hair.png,228,160,
image/playeritemicon/m_1473_hair,ab/2f/2f78764ef47facebed1fc89fe30360fc.unity3d,Texture2D,m_1473_hair,-4170641411056120842,image/playeritemicon/m_1473_hair.png,228,160,
image/playeritemicon/m_1475_body,ab/be/be4f316eb53f99dcf70c1c9abad61b0d.unity3d,Texture2D,m_1475_body,8782558661679011737,image/playeritemicon/m_1475_body.png,228,160,
image/playeritemicon/m_1479,ab/f7/f73b63914066ea1b9330acc357942db6.unity3d,Texture2D,m_1479,-1633645228422847594,image/playeritemicon/m_1479.png,228,160,
image/playeritemicon/m_1482_body,ab/49/495c86c6625013a17efd4f86b80e7eb1.unity3d,Texture2D,m_1482_body,-8768138065898174969,image/playeritemicon/m_1482_body.png,228,160,
image/playeritemicon/m_1483_body,ab/cd/cd396e49e72dd5fa7cce198bdf78abfd.unity3d,Texture2D,m_1483_body,7277330362304956462,image/playeritemicon/m_1483_body.png,228,160,
image/playeritemicon/m_1484,ab/0d/0dceee0c3e57112b8d456d3bc6e4c652.unity3d,Texture2D,m_1484,-7942422786910215458,image/playeritemicon/m_1484.png,228,160,
image/playeritemicon/m_1484_hair,ab/bd/bd312f3bb07b6747c75c1ccaa1f1f1a1.unity3d,Texture2D,m_1484_hair,8433240929753666369,image/playeritemicon/m_1484_hair.png,228,160,
image/playeritemicon/m_1489,ab/41/41692d6da6a523d78b515dbf621e033d.unity3d,Texture2D,m_1489,-6497857652745343925,image/playeritemicon/m_1489.png,228,160,
image/playeritemicon/m_1489_body,ab/3f/3fedafd8fc3aecdb31e6b4f0aa2f275a.unity3d,Texture2D,m_1489_body,-2269611725665936519,image/playeritemicon/m_1489_body.png,228,160,
image/playeritemicon/m_1490_body,ab/c0/c059a0d3a1ceba62c895a10b6cb21bcf.unity3d,Texture2D,m_1490_body,-1675537162795948380,image/playeritemicon/m_1490_body.png,228,160,
image/playeritemicon/m_1491_hair,ab/0e/0e12286851ca680e47e752b77226ca38.unity3d,Texture2D,m_1491_hair,-1303706570712229957,image/playeritemicon/m_1491_hair.png,228,160,
image/playeritemicon/m_1492_hair,ab/ed/ed846b9d47ec1941e2653881de218421.unity3d,Texture2D,m_1492_hair,1825728194733092029,image/playeritemicon/m_1492_hair.png,228,160,
image/playeritemicon/m_1493_hair,ab/27/27bc82add26bd4c130fd7234ff20b07e.unity3d,Texture2D,m_1493_hair,6616006588945000962,image/playeritemicon/m_1493_hair.png,228,160,
image/playeritemicon/m_1496_hair,ab/de/debfab08eebe11ba101035b91d87a187.unity3d,Texture2D,m_1496_hair,8436130104839722536,image/playeritemicon/m_1496_hair.png,228,160,
image/playeritemicon/m_1497_hair,ab/ed/edd7d8874290bc2663c89df3e30ce285.unity3d,Texture2D,m_1497_hair,-9034191868642575371,image/playeritemicon/m_1497_hair.png,228,160,
image/playeritemicon/m_1498_hair,ab/e8/e8721af7bb235ff147a89fdf8f2b6504.unity3d,Texture2D,m_1498_hair,-3213924193560730633,image/playeritemicon/m_1498_hair.png,228,160,
image/playeritemicon/m_1501_body,ab/e9/e98032d92186363cd95e08003e65fd55.unity3d,Texture2D,m_1501_body,3507441265290240469,image/playeritemicon/m_1501_body.png,228,160,
image/playeritemicon/m_1504_hair,ab/50/5001c38371c1e79efd45c4c3b14121d0.unity3d,Texture2D,m_1504_hair,8445130712683164145,image/playeritemicon/m_1504_hair.png,228,160,
image/playeritemicon/m_1505_hair,ab/53/53b495024b7164fe06e0bd86d761f1c0.unity3d,Texture2D,m_1505_hair,-1095894134071966457,image/playeritemicon/m_1505_hair.png,228,160,
image/playeritemicon/m_1507_body,ab/65/6573936fd3703316272c06db2728cd92.unity3d,Texture2D,m_1507_body,2495644996902911176,image/playeritemicon/m_1507_body.png,228,160,
image/playeritemicon/m_1515_body,ab/d1/d1ce035b021456a1842b25691186100a.unity3d,Texture2D,m_1515_body,-4579849458285658580,image/playeritemicon/m_1515_body.png,228,160,
image/playeritemicon/m_1517_hair,ab/53/53d48830ce1757c934ad3340cb35cab2.unity3d,Texture2D,m_1517_hair,6049971678028583742,image/playeritemicon/m_1517_hair.png,228,160,
image/playeritemicon/m_1519_body,ab/19/1993f2f2526558026b432d118a44b29b.unity3d,Texture2D,m_1519_body,3163315700914396944,image/playeritemicon/m_1519_body.png,228,160,
image/playeritemicon/m_1519_hair,ab/26/2654050da3df97bf953d6cb6d78ec08e.unity3d,Texture2D,m_1519_hair,1280070206967126105,image/playeritemicon/m_1519_hair.png,228,160,
image/playeritemicon/m_1520_body,ab/2d/2d7761f604fa41147182a01751b8013c.unity3d,Texture2D,m_1520_body,-3820019162124090348,image/playeritemicon/m_1520_body.png,228,160,
image/playeritemicon/m_1520_hair,ab/50/50b0922426fc35bb34b27a833fd7c17b.unity3d,Texture2D,m_1520_hair,1118626561009757535,image/playeritemicon/m_1520_hair.png,228,160,
image/playeritemicon/m_1522_body,ab/cf/cf5612f6fbf056b1792f0cc3bf836c13.unity3d,Texture2D,m_1522_body,-1847331200115618221,image/playeritemicon/m_1522_body.png,228,160,
image/playeritemicon/m_1523_hair,ab/f0/f0044edb5c59d19a8956036e37c96177.unity3d,Texture2D,m_1523_hair,-7726307575070068699,image/playeritemicon/m_1523_hair.png,228,160,
image/playeritemicon/m_1525_body,ab/19/1971ca485c1f25fb603c65831cee8a3d.unity3d,Texture2D,m_1525_body,-5121998083539393293,image/playeritemicon/m_1525_body.png,228,160,
image/playeritemicon/m_1525_hair,ab/49/49b8d28a6d60c6990d31006df984222e.unity3d,Texture2D,m_1525_hair,3923932329210461712,image/playeritemicon/m_1525_hair.png,228,160,
image/playeritemicon/m_1526_body,ab/49/49375568ae7f4357415c4ad9d870b400.unity3d,Texture2D,m_1526_body,-2756845229415539200,image/playeritemicon/m_1526_body.png,228,160,
image/playeritemicon/m_1528_hair,ab/2d/2d8bf8f853a31daae310a02e58c61ea3.unity3d,Texture2D,m_1528_hair,-943440250680100190,image/playeritemicon/m_1528_hair.png,228,160,
image/playeritemicon/m_1530_body,ab/e8/e8c6bde1722739e3af4a96bf0de1cb25.unity3d,Texture2D,m_1530_body,-4693504989454983512,image/playeritemicon/m_1530_body.png,228,160,
image/playeritemicon/m_1530_hair,ab/c0/c02a51ac6a92398c8880052bac6f1939.unity3d,Texture2D,m_1530_hair,6445763368664778814,image/playeritemicon/m_1530_hair.png,228,160,
image/playeritemicon/m_1532_hair,ab/cf/cf6da5971695dfcdd7446c63adac3ad8.unity3d,Texture2D,m_1532_hair,4843097992037465861,image/playeritemicon/m_1532_hair.png,228,160,
image/playeritemicon/m_1535_hair,ab/c3/c3cc307ece09dda8df66456ecb27e946.unity3d,Texture2D,m_1535_hair,-3694203328383956965,image/playeritemicon/m_1535_hair.png,228,160,
image/playeritemicon/m_1537_hair,ab/b5/b59decfd0c4da2da8f15466e94057836.unity3d,Texture2D,m_1537_hair,-1923575804611561602,image/playeritemicon/m_1537_hair.png,228,160,
image/playeritemicon/m_1538,ab/40/40ddb3b691ebac431286deee79c6bc6d.unity3d,Texture2D,m_1538,-1453313898959853987,image/playeritemicon/m_1538.png,228,160,
image/playeritemicon/m_1541_body,ab/dd/ddf9fdc151361e868b1f073033f0c63c.unity3d,Texture2D,m_1541_body,7024785423401691256,image/playeritemicon/m_1541_body.png,228,160,
image/playeritemicon/m_1541_hair,ab/f4/f4e165d3765e1e29dd22fab832267ffc.unity3d,Texture2D,m_1541_hair,-3113394917476925231,image/playeritemicon/m_1541_hair.png,228,160,
image/playeritemicon/m_1542_hair,ab/67/676501ec3b7c42e13b1baf6035798e83.unity3d,Texture2D,m_1542_hair,33128252090922105,image/playeritemicon/m_1542_hair.png,228,160,
image/playeritemicon/m_1543_hair,ab/51/51cf526479e783b23e5de8c9a0f34df5.unity3d,Texture2D,m_1543_hair,4000355861906620979,image/playeritemicon/m_1543_hair.png,228,160,
image/playeritemicon/m_1545,ab/f8/f8699222e7006d9066e96a5a48703602.unity3d,Texture2D,m_1545,7328914956740261901,image/playeritemicon/m_1545.png,228,160,
image/playeritemicon/m_1546_body,ab/b5/b5b1132d09a1b866647c1829b3d487c9.unity3d,Texture2D,m_1546_body,7863590022307483771,image/playeritemicon/m_1546_body.png,228,160,
image/playeritemicon/m_1547_body,ab/70/70c39ba6fd31770373fdc1ed716f8158.unity3d,Texture2D,m_1547_body,-2710019672732624567,image/playeritemicon/m_1547_body.png,228,160,
image/playeritemicon/m_1547_hair,ab/e4/e4720710a63073bb53f4fb21b398f664.unity3d,Texture2D,m_1547_hair,-5752120733515801533,image/playeritemicon/m_1547_hair.png,228,160,
image/playeritemicon/m_1548_body,ab/1d/1d22e95779e1b920ab60afba27924f7e.unity3d,Texture2D,m_1548_body,-5439765557134307579,image/playeritemicon/m_1548_body.png,228,160,
image/playeritemicon/m_1549_body,ab/0c/0c0f2d67c8032e40c9563526111673f3.unity3d,Texture2D,m_1549_body,4539727836526975391,image/playeritemicon/m_1549_body.png,228,160,
image/playeritemicon/m_1550_body,ab/16/1686d205b3a2d66d3344dd4422c74241.unity3d,Texture2D,m_1550_body,2485367829474424891,image/playeritemicon/m_1550_body.png,228,160,
image/playeritemicon/m_1552_hair,ab/36/36c2260b7c081315930c616dd37551cd.unity3d,Texture2D,m_1552_hair,-1678558136109045564,image/playeritemicon/m_1552_hair.png,228,160,
image/playeritemicon/pet_0013,ab/36/362b2c9784fc8c73859c514463235245.unity3d,Texture2D,pet_0013,7165801262971915605,image/playeritemicon/pet_0013.png,228,160,
image/playeritemicon/pet_0014,ab/3d/3da287fb3246c136d6c4a8c9aca9c7af.unity3d,Texture2D,pet_0014,6267314450011217979,image/playeritemicon/pet_0014.png,228,160,
image/playeritemicon/pet_0017,ab/d8/d81e142c25d029a04bd85893a431d2cc.unity3d,Texture2D,pet_0017,-2245765743833995787,image/playeritemicon/pet_0017.png,228,160,
image/playeritemicon/pet_0020,ab/de/deff8f867bbdc36b31ee3e0329ac18ad.unity3d,Texture2D,pet_0020,-1591566033657568236,image/playeritemicon/pet_0020.png,228,160,
image/playeritemicon/pet_0031,ab/49/4970beb15276d2c5257a28a6c98c226c.unity3d,Texture2D,pet_0031,-8515381190381504782,image/playeritemicon/pet_0031.png,228,160,
image/playeritemicon/pet_0033,ab/69/693782e1ff186dbac60d685788c9ce53.unity3d,Texture2D,pet_0033,1132747570586675272,image/playeritemicon/pet_0033.png,228,160,
image/playeritemicon/pet_0034,ab/f7/f748a3db93cefe95d53b82db7770e84c.unity3d,Texture2D,pet_0034,-1407507228101492455,image/playeritemicon/pet_0034.png,228,160,
image/playeritemicon/pet_0034_001,ab/43/437ce92727ef84a3115dfe5ecdd067f5.unity3d,Texture2D,pet_0034_001,-7109610732252646691,image/playeritemicon/pet_0034_001.png,228,160,
image/playeritemicon/pet_0036,ab/af/af4e6c7ab10a42865dc18feddd5d6c3e.unity3d,Texture2D,pet_0036,4127141031319708179,image/playeritemicon/pet_0036.png,228,160,
image/playeritemicon/pet_0039,ab/b5/b5a902c1f8b3bcc52d1be9591c42fbc5.unity3d,Texture2D,pet_0039,-7708845388627459129,image/playeritemicon/pet_0039.png,228,160,
image/playeritemicon/pet_0040,ab/e8/e890a1520f18d88020c5d521dc446cff.unity3d,Texture2D,pet_0040,-2106958087079231203,image/playeritemicon/pet_0040.png,228,160,
image/playeritemicon/pet_0042,ab/ea/ea93296dae24ff87b296e22047f21165.unity3d,Texture2D,pet_0042,6907705726905115056,image/playeritemicon/pet_0042.png,228,160,
image/playeritemicon/pet_0045,ab/c3/c3373e0904600dbdc862efd37cd2b534.unity3d,Texture2D,pet_0045,-9161416689946658245,image/playeritemicon/pet_0045.png,228,160,
image/playeritemicon/pet_0047,ab/e4/e4b7c95aee615ab1345f8e91b8034a48.unity3d,Texture2D,pet_0047,2140339218075754401,image/playeritemicon/pet_0047.png,228,160,
image/playeritemicon/pet_0048,ab/47/470343ab9f16c93d678db1ad5e675e9c.unity3d,Texture2D,pet_0048,2461887530856131890,image/playeritemicon/pet_0048.png,228,160,
image/playeritemicon/pet_0058,ab/23/23f4964caade76e2390acf21ca5e1f68.unity3d,Texture2D,pet_0058,5397014676290611531,image/playeritemicon/pet_0058.png,228,160,
image/playeritemicon/pet_0059,ab/f8/f88e6052ad2637f9bcdcc9fad5901055.unity3d,Texture2D,pet_0059,-8706937064280669604,image/playeritemicon/pet_0059.png,228,160,
image/playeritemicon/pet_0061,ab/3c/3cebe4231dd0d150e8c4fff04ad5648d.unity3d,Texture2D,pet_0061,2306282712708066615,image/playeritemicon/pet_0061.png,228,160,
image/playeritemicon/pet_0065,ab/ec/ecde3798eb25811bd075d146aca593ca.unity3d,Texture2D,pet_0065,4744241900012134996,image/playeritemicon/pet_0065.png,228,160,
image/playeritemicon/pet_0066,ab/16/166e197c9a3b6fcf1084dac1817f7254.unity3d,Texture2D,pet_0066,-1214488241852179258,image/playeritemicon/pet_0066.png,228,160,
image/playeritemicon/pet_0067,ab/22/22821a2ea99f9d16855521d96c618437.unity3d,Texture2D,pet_0067,-9172696151227234181,image/playeritemicon/pet_0067.png,228,160,
image/playeritemicon/pet_0069,ab/19/19fb937801afc7de372d863d536490a6.unity3d,Texture2D,pet_0069,-9138627412236214855,image/playeritemicon/pet_0069.png,228,160,
image/playeritemicon/pet_0069_05,ab/46/468e5a0bef43cf6298226bab57ddaa63.unity3d,Texture2D,pet_0069_05,6259174099585563105,image/playeritemicon/pet_0069_05.png,64,64,
image/playeritemicon/pet_0069_06,ab/28/287a3f364ec01f8fd7b2fc0641bf85e4.unity3d,Texture2D,pet_0069_06,6182587900647310356,image/playeritemicon/pet_0069_06.png,64,64,
image/playeritemicon/pet_0070,ab/02/0267b9e232e76c650f335c9c02e06741.unity3d,Texture2D,pet_0070,1739352008369131159,image/playeritemicon/pet_0070.png,228,160,
image/playeritemicon/pet_0071,ab/fa/fa743dae922826c9c4382458d2a871ab.unity3d,Texture2D,pet_0071,-7656073480524456918,image/playeritemicon/pet_0071.png,228,160,
image/playeritemicon/pet_0075,ab/c9/c9b28efd06b35e183bb55ad6b9f69c48.unity3d,Texture2D,pet_0075,438068632433690485,image/playeritemicon/pet_0075.png,228,160,
image/playeritemicon/pet_0076,ab/e2/e2e63bc803cabbda1902a8679df85397.unity3d,Texture2D,pet_0076,8709909624335575738,image/playeritemicon/pet_0076.png,228,160,
image/playeritemicon/pet_0081,ab/af/af87c41908f68f0d787f7e43396e43d6.unity3d,Texture2D,pet_0081,82995392278659021,image/playeritemicon/pet_0081.png,228,160,
image/playeritemicon/pet_0082,ab/fc/fcb2d470a9762fd0898d9f33335f4510.unity3d,Texture2D,pet_0082,-3241262493708399249,image/playeritemicon/pet_0082.png,228,160,
image/playeritemicon/pet_0087,ab/d8/d87f64c256ba5e8ead88f495d6ee03c8.unity3d,Texture2D,pet_0087,-474891730284318464,image/playeritemicon/pet_0087.png,228,160,
image/playeritemicon/pet_0088,ab/cb/cb51ebb4b44b61d2421da8012a753865.unity3d,Texture2D,pet_0088,-1368637934544178148,image/playeritemicon/pet_0088.png,228,160,
image/playeritemicon/pet_0092,ab/3d/3da792a92b4abbc4eea392cf1814dd5d.unity3d,Texture2D,pet_0092,-7736575939572942735,image/playeritemicon/pet_0092.png,228,160,
image/playeritemicon/pet_0109,ab/d3/d3c927bb3d420a48c7d90095eebecade.unity3d,Texture2D,pet_0109,-4388373384162226883,image/playeritemicon/pet_0109.png,228,160,
image/playeritemicon/pet_0110,ab/51/51d6a7e3d472930847834c9ff8695863.unity3d,Texture2D,pet_0110,1029980194188912967,image/playeritemicon/pet_0110.png,228,160,
image/playeritemicon/pet_0111,ab/29/297032027db511f70e844982afa90d99.unity3d,Texture2D,pet_0111,-2939305562562053306,image/playeritemicon/pet_0111.png,228,160,
image/playeritemicon/pet_0113,ab/c3/c34168664935a8550befb02519804d69.unity3d,Texture2D,pet_0113,-1307044352144924481,image/playeritemicon/pet_0113.png,228,160,
image/playeritemicon/pet_0115,ab/eb/eb085e72d432231bdd22b3ceebb11d08.unity3d,Texture2D,pet_0115,-5771142298245028491,image/playeritemicon/pet_0115.png,228,160,
image/playeritemicon/pet_0117,ab/c0/c020699c39672510386e3c30b5c1afd2.unity3d,Texture2D,pet_0117,663030450023071579,image/playeritemicon/pet_0117.png,228,160,
image/playeritemicon/pq_1211,ab/16/16081de9be376e5480e10fc8d698d735.unity3d,Texture2D,pq_1211,-1811878680720812774,image/playeritemicon/pq_1211.png,228,160,
image/playeritemicon/pq_122,ab/cc/cc1a1f72abc1017b3f24e46af0eaaead.unity3d,Texture2D,pq_122,1789962651375523466,image/playeritemicon/pq_122.png,228,160,
image/playeritemicon/pq_126,ab/d2/d26b0ac1030fe6423d976108074d6c00.unity3d,Texture2D,pq_126,-5684591332764606514,image/playeritemicon/pq_126.png,228,160,
image/playeritemicon/pq_151,ab/0d/0d5d86961932551e7d96dbfa81e8d4d2.unity3d,Texture2D,pq_151,-8518812251316784156,image/playeritemicon/pq_151.png,228,160,
image/playeritemicon/pq_154,ab/f0/f0e61925a0cb16927dc30b0ecc810939.unity3d,Texture2D,pq_154,8361018663179451936,image/playeritemicon/pq_154.png,228,160,
image/playeritemicon/pq_155,ab/70/70ef1f14848d4d78c8c6fc6d6ed2e856.unity3d,Texture2D,pq_155,-8877401191164573798,image/playeritemicon/pq_155.png,228,160,
image/playeritemicon/pq_158,ab/16/16c1420153a62356a36e77eec14355ea.unity3d,Texture2D,pq_158,1157132690785429750,image/playeritemicon/pq_158.png,228,160,
image/playeritemicon/pq_163,ab/19/19e6970f249d379003fb58d83add94bd.unity3d,Texture2D,pq_163,8179350121509992015,image/playeritemicon/pq_163.png,228,160,
image/playeritemicon/pq_164,ab/f4/f4350238adb5b4a71c905fce7a056e84.unity3d,Texture2D,pq_164,1762038462778718017,image/playeritemicon/pq_164.png,228,160,
image/playeritemicon/pq_251,ab/e2/e2d2ee653c64ec61e48064f436ba6ae0.unity3d,Texture2D,pq_251,-2116726698272210404,image/playeritemicon/pq_251.png,228,160,
image/playeritemicon/pq_253,ab/27/271fc65a08e10c8ee5450237e406766a.unity3d,Texture2D,pq_253,9146860002918019165,image/playeritemicon/pq_253.png,228,160,
image/playeritemicon/pq_255,ab/50/50dcb987dda4777ac5376df503a6fe3b.unity3d,Texture2D,pq_255,6148444516539240056,image/playeritemicon/pq_255.png,228,160,
image/playeritemicon/pq_258,ab/69/69ac7fbfb202d177f06106b10117f4a5.unity3d,Texture2D,pq_258,-495458892749405839,image/playeritemicon/pq_258.png,228,160,
image/playeritemicon/pq_259,ab/41/41080197bd9966d1a6b9a14b50ead884.unity3d,Texture2D,pq_259,-3956907498120456889,image/playeritemicon/pq_259.png,228,160,
image/playeritemicon/pq_260,ab/66/662a70e6c0ba0037629e4e78947c0339.unity3d,Texture2D,pq_260,4433634342902819399,image/playeritemicon/pq_260.png,228,160,
image/playeritemicon/pq_263,ab/ed/edef369878f7cfb444365f0ae91869e0.unity3d,Texture2D,pq_263,8351310693280467861,image/playeritemicon/pq_263.png,228,160,
image/playeritemicon/pq_264,ab/c5/c5c5696863631a5cb04e5ff03b93ac76.unity3d,Texture2D,pq_264,7603350122734879831,image/playeritemicon/pq_264.png,228,160,
image/playeritemicon/pq_352,ab/fc/fce8234efcd720c78a6c72cc7d042705.unity3d,Texture2D,pq_352,2716948051708164965,image/playeritemicon/pq_352.png,228,160,
image/playeritemicon/pq_353,ab/28/282a67e0b6b1b5b6bb3e721eea105bce.unity3d,Texture2D,pq_353,-2574460172275899655,image/playeritemicon/pq_353.png,228,160,
image/playeritemicon/pq_354,ab/f1/f1990a0c3a2cc61592768e5586f75f37.unity3d,Texture2D,pq_354,-4828976294524785665,image/playeritemicon/pq_354.png,228,160,
image/playeritemicon/pq_355,ab/0b/0b1736c2138dcf24058dc7986d4442e5.unity3d,Texture2D,pq_355,-343719509083570210,image/playeritemicon/pq_355.png,228,160,
image/playeritemicon/pq_357,ab/dd/ddbb5118fd24333f7642e29a69d17dbd.unity3d,Texture2D,pq_357,663040853949178030,image/playeritemicon/pq_357.png,228,160,
image/playeritemicon/pq_358,ab/dd/dd34dc252ef26a9b948972a2b43399ef.unity3d,Texture2D,pq_358,6726831827983914392,image/playeritemicon/pq_358.png,228,160,
image/playeritemicon/pq_360,ab/53/53fdbf019975a9e687bc2c57b410767a.unity3d,Texture2D,pq_360,139284512757928608,image/playeritemicon/pq_360.png,228,160,
image/playeritemicon/pq_361,ab/f9/f91615503049b0c3d30c846b9b58cff1.unity3d,Texture2D,pq_361,4500050169923678099,image/playeritemicon/pq_361.png,228,160,
image/playeritemicon/pq_363,ab/3b/3b9c80cee8a724a09b23171cadf968a1.unity3d,Texture2D,pq_363,-5261014226710194003,image/playeritemicon/pq_363.png,228,160,
image/playeritemicon/pq_452,ab/32/32a79d84173f607a7502b20fe8d15832.unity3d,Texture2D,pq_452,-5204017449259964873,image/playeritemicon/pq_452.png,228,160,
image/playeritemicon/pq_454,ab/f4/f4dce930e43e0a564ab71e469fba90ec.unity3d,Texture2D,pq_454,-6720803681979499469,image/playeritemicon/pq_454.png,228,160,
image/playeritemicon/pq_458,ab/c3/c35a053ffdbdbe24f5aebf5e7e6a7d54.unity3d,Texture2D,pq_458,5623912449170905898,image/playeritemicon/pq_458.png,228,160,
image/playeritemicon/pq_551,ab/fd/fd4196e8eaaf527f8c456628ec3669c2.unity3d,Texture2D,pq_551,-7256910499237090733,image/playeritemicon/pq_551.png,228,160,
image/playeritemicon/pq_552,ab/02/02130e967461276f8718321d66eea141.unity3d,Texture2D,pq_552,344350715873743658,image/playeritemicon/pq_552.png,228,160,
image/playeritemicon/pq_557,ab/23/2307c73a517ebfe7fe82210924cfbede.unity3d,Texture2D,pq_557,4489360236512635901,image/playeritemicon/pq_557.png,228,160,
image/playeritemicon/pq_561,ab/b5/b5a92f806e8cf732a60dfc7951ee6cc2.unity3d,Texture2D,pq_561,-6503852503736097581,image/playeritemicon/pq_561.png,228,160,
image/playeritemicon/pq_562,ab/f5/f5e8aec89e45725dfcbb560fc99376a7.unity3d,Texture2D,pq_562,-755542019328663643,image/playeritemicon/pq_562.png,228,160,
image/playeritemicon/pq_563,ab/43/4317823c312811712cf9c4086a999c43.unity3d,Texture2D,pq_563,9161751311396173994,image/playeritemicon/pq_563.png,228,160,
image/playeritemicon/pq_651,ab/f5/f5d81c6e376a43ee143e0c758fa4e2a8.unity3d,Texture2D,pq_651,-4942814853494852796,image/playeritemicon/pq_651.png,228,160,
image/playeritemicon/pq_653,ab/de/de874e9ff92540d533972933f89e2677.unity3d,Texture2D,pq_653,11752968749481009,image/playeritemicon/pq_653.png,228,160,
image/playeritemicon/pq_654,ab/35/35d6d37aafecd0a8cd7c6ff7ab9d2bfa.unity3d,Texture2D,pq_654,3705051927597011838,image/playeritemicon/pq_654.png,228,160,
image/playeritemicon/pq_656,ab/53/53983081f777cc37215035907b75f5d7.unity3d,Texture2D,pq_656,-172702205436576901,image/playeritemicon/pq_656.png,228,160,
image/playeritemicon/pq_662,ab/0d/0d7d9f89d6f50372f5b474ebc4195c9b.unity3d,Texture2D,pq_662,-9075594145641158037,image/playeritemicon/pq_662.png,228,160,
image/playeritemicon/pq_761,ab/eb/eb08104574b4d200f460f5de002564e4.unity3d,Texture2D,pq_761,6979930036632691530,image/playeritemicon/pq_761.png,228,160,
image/playeritemicon/pq_763,ab/de/def39c353071b84fd9c84e49f187b14f.unity3d,Texture2D,pq_763,5862293924062220275,image/playeritemicon/pq_763.png,228,160,
image/playeritemicon/pq_774,ab/d1/d1d736e90fee4954018a540834fd7c0f.unity3d,Texture2D,pq_774,9218362079227899616,image/playeritemicon/pq_774.png,228,160,
image/playeritemicon/pq_777,ab/d1/d1fa3b3fd9488cb6d2f7abef1850b98f.unity3d,Texture2D,pq_777,4436359729907537733,image/playeritemicon/pq_777.png,228,160,
image/playeritemicon/pq_778,ab/62/627b98fcd1df4fdd8a83b9c4d2f577d7.unity3d,Texture2D,pq_778,-1547351628449984922,image/playeritemicon/pq_778.png,228,160,
image/playeritemicon/pq_804,ab/22/22a3cb115aeff0f322f02537d92a90eb.unity3d,Texture2D,pq_804,-8904004703390832952,image/playeritemicon/pq_804.png,228,160,
image/playeritemicon/pq_805,ab/dd/dd2e06dab3aa60b8e1c4595e2b6979ad.unity3d,Texture2D,pq_805,146782589309235201,image/playeritemicon/pq_805.png,228,160,
image/playeritemicon/pq_806,ab/bd/bd008457902637a37712c1f473e3a744.unity3d,Texture2D,pq_806,6028566647749733615,image/playeritemicon/pq_806.png,228,160,
image/playeritemicon/pq_813,ab/dd/ddaa3d44a6272f68277dcece7437b8e3.unity3d,Texture2D,pq_813,-8802802617477241949,image/playeritemicon/pq_813.png,228,160,
image/playeritemicon/pq_861,ab/ed/edb152d35c629373b74a2d15e4fc9274.unity3d,Texture2D,pq_861,3150540184639584284,image/playeritemicon/pq_861.png,228,160,
image/playeritemicon/pq_903,ab/50/5069c44c2dacfac14ab39058c86921c7.unity3d,Texture2D,pq_903,1741254465707964680,image/playeritemicon/pq_903.png,228,160,
image/playeritemicon/pq_905,ab/b6/b600894545f03f747ce607972cc1597e.unity3d,Texture2D,pq_905,-2574396526154210846,image/playeritemicon/pq_905.png,228,160,
image/playeritemicon/pq_910,ab/c9/c9f119483f79c5ee50337e4e444841db.unity3d,Texture2D,pq_910,-4395758906221815151,image/playeritemicon/pq_910.png,228,160,
image/playeritemicon/pq_911,ab/f7/f7856667826ddb71ff04abf2ee4b15b2.unity3d,Texture2D,pq_911,508007336576140024,image/playeritemicon/pq_911.png,228,160,
image/playeritemicon/pq_912,ab/66/6614e7e1a0c6a686f386cfd4d83283c5.unity3d,Texture2D,pq_912,2311114284048373493,image/playeritemicon/pq_912.png,228,160,
image/playeritemicon/pq_913,ab/ee/eef7854ad24ee0a446f361206382a035.unity3d,Texture2D,pq_913,6453485959769038022,image/playeritemicon/pq_913.png,228,160,
image/playeritemicon/pq_914,ab/64/649ef3f15034fc983e772de19384c03c.unity3d,Texture2D,pq_914,1808822479652433942,image/playeritemicon/pq_914.png,228,160,
image/playeritemicon/pq_933,ab/3f/3f9707a5cceb8d38d3f301037707d7d4.unity3d,Texture2D,pq_933,1421550003345782730,image/playeritemicon/pq_933.png,228,160,
image/playeritemicon/pq_935,ab/c8/c8ceca737673b2111baf9821c69baad7.unity3d,Texture2D,pq_935,-2811024767397132620,image/playeritemicon/pq_935.png,228,160,
image/playeritemicon/pq_937,ab/3d/3d45cb53ddb7173857af26bb6abf4a71.unity3d,Texture2D,pq_937,3183587572317062954,image/playeritemicon/pq_937.png,228,160,
image/playeritemicon/pq_955,ab/1d/1d763328e07559351355da873d7b2760.unity3d,Texture2D,pq_955,-3122046408667098867,image/playeritemicon/pq_955.png,228,160,
image/playeritemicon/pq_956,ab/f1/f1324b97a2108e91bbba3bef88608e5f.unity3d,Texture2D,pq_956,2742408564494510169,image/playeritemicon/pq_956.png,228,160,
image/playeritemicon/pq_960,ab/f7/f751fb85a7046cb83191b7a29dfd21ba.unity3d,Texture2D,pq_960,-807841312315857653,image/playeritemicon/pq_960.png,228,160,
image/playeritemicon/pq_962,ab/e9/e914d86eb898dbefc9225951bbf048c4.unity3d,Texture2D,pq_962,-8170379929465451352,image/playeritemicon/pq_962.png,228,160,
image/playeritemicon/pq_b03,ab/bc/bcd7629cfaef2d48f1a44f3348f473a2.unity3d,Texture2D,pq_b03,423708214319384898,image/playeritemicon/pq_b03.png,228,160,
image/playeritemicon/pq_b05,ab/2f/2fc86db07c1e32146090f4562c2c6c87.unity3d,Texture2D,pq_b05,810188567857683533,image/playeritemicon/pq_b05.png,228,160,
image/playeritemicon/pq_b07,ab/0e/0e17e9407969e2a417254715c2c489cc.unity3d,Texture2D,pq_b07,7833548641319219553,image/playeritemicon/pq_b07.png,228,160,
image/playeritemicon/pq_b09,ab/22/22e47e360ab9fcdcedfbf91c89099557.unity3d,Texture2D,pq_b09,-5111788539592970859,image/playeritemicon/pq_b09.png,228,160,
image/playeritemicon/pq_c01,ab/35/3555f12262e885c532099876b5916636.unity3d,Texture2D,pq_c01,6747657124521277838,image/playeritemicon/pq_c01.png,228,160,
image/playeritemicon/pq_c03,ab/42/429d8fd65713ae7f063b4ddac33e8948.unity3d,Texture2D,pq_c03,546850660534034804,image/playeritemicon/pq_c03.png,228,160,
image/playeritemicon/pq_c04,ab/ed/edd1ba19ff5a6daa7ec46bb9dace03f7.unity3d,Texture2D,pq_c04,7428781066723201170,image/playeritemicon/pq_c04.png,228,160,
image/playeritemicon/pq_c05,ab/c7/c70347b62de053b185a89564b42d456b.unity3d,Texture2D,pq_c05,4523332711025312023,image/playeritemicon/pq_c05.png,228,160,
image/playeritemicon/pq_c06,ab/dd/ddde99d571cdab34678af78f3ec437d5.unity3d,Texture2D,pq_c06,-7716261175246398937,image/playeritemicon/pq_c06.png,228,160,
image/playeritemicon/pq_c07,ab/22/2214dc8b09cab3b450f917383fd3cd6c.unity3d,Texture2D,pq_c07,4561687174533897171,image/playeritemicon/pq_c07.png,228,160,
image/playeritemicon/pq_c09,ab/03/039db5f643323d253baf1803b9ba7f5b.unity3d,Texture2D,pq_c09,-3352544608665993387,image/playeritemicon/pq_c09.png,228,160,
image/playeritemicon/pq_c11,ab/cb/cbd42b6c4b62a89eca412cb84e45cc0d.unity3d,Texture2D,pq_c11,-3900765939378101218,image/playeritemicon/pq_c11.png,228,160,
image/playeritemicon/pq_c12,ab/cc/cc25914cc5075ffd7ccdb748f0c03593.unity3d,Texture2D,pq_c12,3890739820045895715,image/playeritemicon/pq_c12.png,228,160,
image/playeritemicon/pq_h06,ab/e8/e836994d6688aecd6e50bea73d681dd6.unity3d,Texture2D,pq_h06,-7985610220554732225,image/playeritemicon/pq_h06.png,228,160,
image/playeritemicon/pq_h08,ab/2f/2f7fe0aff68abb9b4d1acef6728312c1.unity3d,Texture2D,pq_h08,-6330321670200766712,image/playeritemicon/pq_h08.png,228,160,
image/playeritemicon/pq_h10,ab/d5/d576fd8d9a2b21e027fde1d8bd3e50be.unity3d,Texture2D,pq_h10,3509582004862308946,image/playeritemicon/pq_h10.png,228,160,
image/playeritemicon/pq_h13,ab/d0/d0327752ea5b0bfbcea7f40707627ea0.unity3d,Texture2D,pq_h13,-1489428893495980905,image/playeritemicon/pq_h13.png,228,160,
image/playeritemicon/pq_h14,ab/ca/cab3b1df5ea7b8b50f82f41393a111b7.unity3d,Texture2D,pq_h14,1952910170059631616,image/playeritemicon/pq_h14.png,228,160,
image/playeritemicon/pq_l02,ab/58/5864ed6095f51d7440903728c7151267.unity3d,Texture2D,pq_l02,-2169181807505412512,image/playeritemicon/pq_l02.png,228,160,
image/playeritemicon/pq_l05,ab/d1/d1a65340c688a17e3c6475c8c002b4c9.unity3d,Texture2D,pq_l05,6138303008910470274,image/playeritemicon/pq_l05.png,228,160,
image/playeritemicon/pq_l07,ab/00/00bb1febb74b06bc5f53802ca0a3e711.unity3d,Texture2D,pq_l07,3462270308498609225,image/playeritemicon/pq_l07.png,228,160,
image/playeritemicon/pq_l09,ab/fc/fc6f75be97c935adab1a0861b3ba11b9.unity3d,Texture2D,pq_l09,1484720640535518988,image/playeritemicon/pq_l09.png,228,160,
image/playeritemicon/pq_l10,ab/26/264bd8f0b016dec0d47aa3a9defb6d01.unity3d,Texture2D,pq_l10,-4013706483803085508,image/playeritemicon/pq_l10.png,228,160,
image/playeritemicon/pq_p01,ab/17/173f8b7a60ab438371e9977475d8a69a.unity3d,Texture2D,pq_p01,8237101033097014258,image/playeritemicon/pq_p01.png,228,160,
image/playeritemicon/pq_p03,ab/29/29f98e4a581ef4ff1b02cd8342daa923.unity3d,Texture2D,pq_p03,1980548177250919569,image/playeritemicon/pq_p03.png,228,160,
image/playeritemicon/pq_p04,ab/51/51fe6058d27ff3f5b8fafdfac2167a51.unity3d,Texture2D,pq_p04,-6422782122435783952,image/playeritemicon/pq_p04.png,228,160,
image/playeritemicon/pq_p06,ab/b3/b38634a5bd2629c668a48aa3e16cf4bf.unity3d,Texture2D,pq_p06,-5030041406057061277,image/playeritemicon/pq_p06.png,228,160,
image/playeritemicon/pq_p07,ab/bc/bc1676a50e52db05e46ef22bc2a11c57.unity3d,Texture2D,pq_p07,5195088664539773909,image/playeritemicon/pq_p07.png,228,160,
image/playeritemicon/pq_p08,ab/19/191d798a313ef065bc2322f72f01ed3d.unity3d,Texture2D,pq_p08,-1903980996617310176,image/playeritemicon/pq_p08.png,228,160,
image/playeritemicon/pq_p10,ab/1d/1dcb46c2f8a25af3e2852e46bef67405.unity3d,Texture2D,pq_p10,-2725686557225499752,image/playeritemicon/pq_p10.png,228,160,
image/playeritemicon/pq_p12,ab/bd/bd25b284065fb99bd5e0cfb4adae4d84.unity3d,Texture2D,pq_p12,-633054667426123636,image/playeritemicon/pq_p12.png,228,160,
image/playeritemicon/pq_p13,ab/f9/f9a3801ec14d7110a555af74c31b3cd3.unity3d,Texture2D,pq_p13,704665880663820001,image/playeritemicon/pq_p13.png,228,160,
image/playeritemicon/pq_p14,ab/c8/c88c0dbc1b823144db3bfcaac87770da.unity3d,Texture2D,pq_p14,-8018297320207688580,image/playeritemicon/pq_p14.png,228,160,
image/playeritemicon/pq_x02,ab/46/465445b4434268c5046ead31056d0d33.unity3d,Texture2D,pq_x02,-5991707204009997944,image/playeritemicon/pq_x02.png,228,160,
image/playeritemicon/pq_x04,ab/31/31648225b9f16fa4faf1b1c8bffbe79f.unity3d,Texture2D,pq_x04,-2441015073253749345,image/playeritemicon/pq_x04.png,228,160,
image/playeritemicon/pq_x08,ab/02/02571a564de17fb388a5e64335c57026.unity3d,Texture2D,pq_x08,7403440739471346056,image/playeritemicon/pq_x08.png,228,160,
image/playeritemicon/pq_x09,ab/c3/c37106389b48435466f0f0246f34bd70.unity3d,Texture2D,pq_x09,-3410028424953459393,image/playeritemicon/pq_x09.png,228,160,
image/playeritemicon/pq_x10,ab/fc/fcdabf1b7243234ca1411747a48809cc.unity3d,Texture2D,pq_x10,-3148188582757591384,image/playeritemicon/pq_x10.png,228,160,
image/playeritemicon/pq_x11,ab/c9/c9c966d5f8c38b7c2a04b06aa45b59e8.unity3d,Texture2D,pq_x11,-8896187799288407471,image/playeritemicon/pq_x11.png,228,160,
image/playeritemicon/pq_x13,ab/e0/e0c83568a7230f06495d7c6e51facfab.unity3d,Texture2D,pq_x13,-3540265628220264840,image/playeritemicon/pq_x13.png,228,160,
image/playeritemicon/pq_x14,ab/3d/3d148a2cba850093e5d5e54178c933a0.unity3d,Texture2D,pq_x14,1414482474986723538,image/playeritemicon/pq_x14.png,228,160,
image/playeritemicon/pq_z05,ab/67/676baa2a580d4885fd912aa6ac2ac7ac.unity3d,Texture2D,pq_z05,4379487134575181909,image/playeritemicon/pq_z05.png,228,160,
image/playeritemicon/pq_z08,ab/ca/cae872cf00140b9e89d841b091c47b31.unity3d,Texture2D,pq_z08,-2374795936686403674,image/playeritemicon/pq_z08.png,228,160,
image/playeritemicon/wing_0002,ab/51/51c687d2dab9c3bc7c1247e49e9bf17f.unity3d,Texture2D,wing_0002,-1713875442948395650,image/playeritemicon/wing_0002.png,228,160,
image/playeritemicon/wing_0006,ab/fb/fb8cd0bcd602aecd272dac86d4a6e16c.unity3d,Texture2D,wing_0006,2468074298600275357,image/playeritemicon/wing_0006.png,228,160,
image/playeritemicon/wing_0009,ab/c0/c08dcb0a61e6fc954f56e33869eba513.unity3d,Texture2D,wing_0009,4048571794643284024,image/playeritemicon/wing_0009.png,228,160,
image/playeritemicon/wing_0011,ab/e2/e2c26d6cfa5df9f02bde67f722f888d6.unity3d,Texture2D,wing_0011,6510201989805615275,image/playeritemicon/wing_0011.png,228,160,
image/playeritemicon/wing_0012,ab/42/42fd6f16866e774dbc0cb19fb04ca761.unity3d,Texture2D,wing_0012,6700035418465110988,image/playeritemicon/wing_0012.png,228,160,
image/playeritemicon/wing_0020,ab/f0/f0bba45bf32e385dba11bbc16d925558.unity3d,Texture2D,wing_0020,-5900874994304576946,image/playeritemicon/wing_0020.png,228,160,
image/playeritemicon/wing_0024,ab/b3/b3cb93a35fb231a19e338814cd9ac7b9.unity3d,Texture2D,wing_0024,-3901287201437356227,image/playeritemicon/wing_0024.png,228,160,
image/playeritemicon/wing_0025,ab/b5/b5b1c988cd2318b26c568400157b6c0e.unity3d,Texture2D,wing_0025,-8583419203544952394,image/playeritemicon/wing_0025.png,228,160,
image/playeritemicon/wing_0030,ab/ea/ea80f177566932d61f94875a6adfe712.unity3d,Texture2D,wing_0030,1077284544671208022,image/playeritemicon/wing_0030.png,228,160,
image/playeritemicon/wing_0034,ab/c8/c895cbe68e23c77a59f6eb49d1bc3c50.unity3d,Texture2D,wing_0034,-8043043313208082441,image/playeritemicon/wing_0034.png,228,160,
image/playeritemicon/wing_0035,ab/d5/d5020ad74089f5336c6c57dea9d7c048.unity3d,Texture2D,wing_0035,5697891177151137788,image/playeritemicon/wing_0035.png,228,160,
image/playeritemicon/wing_0038,ab/fd/fd638494ed813f07b93fd14523115396.unity3d,Texture2D,wing_0038,7273991936059180502,image/playeritemicon/wing_0038.png,228,160,
image/playeritemicon/wing_0041,ab/04/047a26b9120d3e72ba6b375925914b93.unity3d,Texture2D,wing_0041,511253118596097742,image/playeritemicon/wing_0041.png,228,160,
image/playeritemicon/wing_0042,ab/f4/f4e25632a4fb069eaadbb6d2ed1e9f0e.unity3d,Texture2D,wing_0042,-2448903510374233383,image/playeritemicon/wing_0042.png,228,160,
image/playeritemicon/wing_0046,ab/fc/fc946fca07afbdaccaf45b36dfd75f65.unity3d,Texture2D,wing_0046,6769708399167568624,image/playeritemicon/wing_0046.png,228,160,
image/playeritemicon/wing_0051,ab/ea/ea91f1813228315cffbf71cc53f2793b.unity3d,Texture2D,wing_0051,-5734003735506658166,image/playeritemicon/wing_0051.png,228,160,
image/playeritemicon/wing_0055,ab/2f/2f6497adaf59f4ca65de25ca33edc464.unity3d,Texture2D,wing_0055,-7537500820746717913,image/playeritemicon/wing_0055.png,228,160,
image/playeritemicon/wing_0056,ab/e5/e5c9be78d1764c18d819ed7659f6af51.unity3d,Texture2D,wing_0056,5248361462217755467,image/playeritemicon/wing_0056.png,228,160,
image/playeritemicon/wing_0059,ab/c0/c06c41f16258cc746e1025d6ca0bc3c1.unity3d,Texture2D,wing_0059,8753993807349280487,image/playeritemicon/wing_0059.png,228,160,
image/playeritemicon/wing_0062,ab/c0/c0e95a9cd6ecc9bdcc29f7990fe79861.unity3d,Texture2D,wing_0062,6246240362377599980,image/playeritemicon/wing_0062.png,228,160,
image/playeritemicon/wing_0065,ab/d5/d57560cb4c579a2c9238f2341ed37d14.unity3d,Texture2D,wing_0065,2926064878336245587,image/playeritemicon/wing_0065.png,228,160,
image/playeritemicon/wing_0067,ab/65/655cf0f31f84c369ef76838ad9df376e.unity3d,Texture2D,wing_0067,-877626652948996635,image/playeritemicon/wing_0067.png,228,160,
image/playeritemicon/wing_0068,ab/c0/c0a5fc7d52d5a010d3898775c6e166ca.unity3d,Texture2D,wing_0068,-6848746322843121469,image/playeritemicon/wing_0068.png,228,160,
image/playeritemicon/wing_0073,ab/0d/0d44aecfc67e9169ee0d1e3443f92338.unity3d,Texture2D,wing_0073,3677285603759076375,image/playeritemicon/wing_0073.png,228,160,
image/playeritemicon/wing_0074,ab/2d/2d4068b91b7328858ddc51be6144b9b4.unity3d,Texture2D,wing_0074,-6488608536327727197,image/playeritemicon/wing_0074.png,228,160,
image/playeritemicon/wing_0076,ab/dd/dd1009396a774b59f6c2fed897eab5c4.unity3d,Texture2D,wing_0076,-1350759506300124185,image/playeritemicon/wing_0076.png,228,160,
image/playeritemicon/wing_0077,ab/41/4179312ff0a57d947203e86dc2fa9518.unity3d,Texture2D,wing_0077,3262043247193693213,image/playeritemicon/wing_0077.png,228,160,
image/playeritemicon/wing_0078,ab/c0/c0ed9a122461e0a76dd465eccc661cc9.unity3d,Texture2D,wing_0078,-2943031906053812848,image/playeritemicon/wing_0078.png,228,160,
image/playeritemicon/wing_0079,ab/36/3669f2b98548ad90dc690c9ce3edf4b0.unity3d,Texture2D,wing_0079,5064909727194990646,image/playeritemicon/wing_0079.png,228,160,
image/playeritemicon/wing_0081,ab/e4/e43a98f8163f97eb7baa6cf0bb345d1f.unity3d,Texture2D,wing_0081,-4959607606204227199,image/playeritemicon/wing_0081.png,228,160,
image/playeritemicon/wing_0084,ab/e0/e00795ae7a49ac2f150f84c0e5ed432e.unity3d,Texture2D,wing_0084,-9215740715677149972,image/playeritemicon/wing_0084.png,228,160,
image/playeritemicon/wing_0085,ab/ca/ca6964c1599bf75931534dea4e350498.unity3d,Texture2D,wing_0085,8128704009450288553,image/playeritemicon/wing_0085.png,228,160,
image/playeritemicon/wing_0087,ab/af/af2cad72588cf9a0568398b5f33d2215.unity3d,Texture2D,wing_0087,-5970987581147033405,image/playeritemicon/wing_0087.png,228,160,
image/playeritemicon/wing_0091,ab/2f/2f19a63c7b01c9dd726e2b7ea9993c37.unity3d,Texture2D,wing_0091,-4454290484950790519,image/playeritemicon/wing_0091.png,228,160,
image/playeritemicon/wing_0099,ab/02/026cf02607cd7f0fb4ccb5a44e17c237.unity3d,Texture2D,wing_0099,8582982173829680380,image/playeritemicon/wing_0099.png,228,160,
image/playeritemicon/wing_0104,ab/f7/f70dc5ac713b851b5492f77f6972e6ec.unity3d,Texture2D,wing_0104,-1560738054198609105,image/playeritemicon/wing_0104.png,228,160,
image/playeritemicon/wing_0108,ab/64/649340202668eb348d1c38fcfc110c3e.unity3d,Texture2D,wing_0108,-3488719573004682412,image/playeritemicon/wing_0108.png,228,160,
image/playeritemicon/wing_0109,ab/dd/dd7e848906da1cd415e466afab354fa4.unity3d,Texture2D,wing_0109,-2124988421563333948,image/playeritemicon/wing_0109.png,228,160,
image/playeritemicon/wing_0115,ab/35/35921edb2a5f9dc3f7ccc493f4c184ee.unity3d,Texture2D,wing_0115,-4513703520117891185,image/playeritemicon/wing_0115.png,228,160,
image/playeritemicon/wing_0120,ab/cd/cdc751819d39607e5d27fcf11fe4a62f.unity3d,Texture2D,wing_0120,-169592568075937,image/playeritemicon/wing_0120.png,228,160,
image/playeritemicon/wing_0121,ab/31/3106275c0f040eabcf54837a23c12d96.unity3d,Texture2D,wing_0121,-6269261740360583828,image/playeritemicon/wing_0121.png,228,160,
image/playeritemicon/wing_0122,ab/31/319589e22b7c59f28bc3713856875252.unity3d,Texture2D,wing_0122,8674341034808628556,image/playeritemicon/wing_0122.png,228,160,
image/playeritemicon/wing_0123,ab/65/654c40e9e774b3506a8d1ded4ab707e7.unity3d,Texture2D,wing_0123,-5156161055536127727,image/playeritemicon/wing_0123.png,228,160,
image/playeritemicon/wing_0125,ab/46/461300899562861416a8448421467078.unity3d,Texture2D,wing_0125,-6110602715399783703,image/playeritemicon/wing_0125.png,228,160,
image/playeritemicon/wing_0131,ab/32/3230671f49c9d3c93869e27a2e72e8c5.unity3d,Texture2D,wing_0131,-4167355658570224101,image/playeritemicon/wing_0131.png,228,160,
image/playeritemicon/wing_0136,ab/00/0038af0f5bd6e1cade2e7f4d392150b8.unity3d,Texture2D,wing_0136,571115036539697098,image/playeritemicon/wing_0136.png,228,160,
image/playeritemicon/wing_0142,ab/0d/0dd15078237b384e42c429c5f25f7f68.unity3d,Texture2D,wing_0142,-2355402678302407626,image/playeritemicon/wing_0142.png,228,160,
image/playeritemicon/wing_0146,ab/f4/f4a1d2ef24b736f95c6ced95ab17d4d4.unity3d,Texture2D,wing_0146,3563707718317637555,image/playeritemicon/wing_0146.png,228,160,
image/playeritemicon/wing_0147,ab/c7/c7851c46b91a711e3d425c72e768dfc5.unity3d,Texture2D,wing_0147,8058475858161632992,image/playeritemicon/wing_0147.png,228,160,
image/playeritemicon/wing_0148,ab/d2/d2a938000f836f204cccff9f28463f5c.unity3d,Texture2D,wing_0148,-6570820313560287062,image/playeritemicon/wing_0148.png,228,160,
image/playeritemicon/wing_0149,ab/fd/fd6d9afa82f947cd5545f9f6f37cc88d.unity3d,Texture2D,wing_0149,-8162279295188328501,image/playeritemicon/wing_0149.png,228,160,
image/playeritemicon/wing_0150,ab/f4/f47128525e5b0d14f1a5e980f06bf3b2.unity3d,Texture2D,wing_0150,-267740510317914705,image/playeritemicon/wing_0150.png,228,160,
image/playeritemicon/wing_0155,ab/bd/bd635d6f63f1a24dc0e322cc8269f07d.unity3d,Texture2D,wing_0155,-6413960486929756872,image/playeritemicon/wing_0155.png,228,160,
image/playeritemicon/wing_0157,ab/47/47a11f4c2a3150ae1cb230f83c495e2a.unity3d,Texture2D,wing_0157,-6360112009969177424,image/playeritemicon/wing_0157.png,228,160,
image/playeritemicon/wing_0158,ab/26/26cc33b84f3d9a1006af2fd81a97dbf6.unity3d,Texture2D,wing_0158,8088479113281367183,image/playeritemicon/wing_0158.png,228,160,
image/playeritemicon/wing_0160,ab/cc/cc39e6bed71f30c3bc37ade7e5af9b0b.unity3d,Texture2D,wing_0160,-2242345837392934018,image/playeritemicon/wing_0160.png,228,160,
image/playeritemicon/wing_0162,ab/cd/cd1fc57d17a80a39a9382f8f3e6873f1.unity3d,Texture2D,wing_0162,8216234017694086285,image/playeritemicon/wing_0162.png,228,160,
image/playeritemicon/wing_0163,ab/e3/e3f838d7e996df4a12b91dd3f367e1ba.unity3d,Texture2D,wing_0163,-415313544437242460,image/playeritemicon/wing_0163.png,228,160,
image/playeritemicon/wing_0173,ab/f7/f7d67f7f22bbdf9a878ddf887cbddb23.unity3d,Texture2D,wing_0173,-8866328568121389060,image/playeritemicon/wing_0173.png,228,160,
image/playeritemicon/wing_0174,ab/0d/0de3f95bac05f30b19a90d086d48946b.unity3d,Texture2D,wing_0174,5839964878825472011,image/playeritemicon/wing_0174.png,228,160,
image/playeritemicon/wing_0179,ab/c3/c36b1ec67a69e07add279cbbbd7ea318.unity3d,Texture2D,wing_0179,-1545523459480227546,image/playeritemicon/wing_0179.png,228,160,
image/playeritemicon/wing_0184,ab/dd/dd1ab5d3254fae8894e65cbace90fb54.unity3d,Texture2D,wing_0184,-6701672600608727261,image/playeritemicon/wing_0184.png,228,160,
image/playeritemicon/wing_0185,ab/0d/0d7e64bd82ce76ae515b79515c8d86b9.unity3d,Texture2D,wing_0185,-2269268676492445013,image/playeritemicon/wing_0185.png,228,160,
image/playeritemicon/wing_0186,ab/1d/1d497392cbeeeb63193584212d0d48c5.unity3d,Texture2D,wing_0186,1647619681121212015,image/playeritemicon/wing_0186.png,228,160,
image/playeritemicon/wing_0187,ab/f5/f5713b832da332d55a7a60a04c88edf3.unity3d,Texture2D,wing_0187,-4800515329376728967,image/playeritemicon/wing_0187.png,228,160,
image/playeritemicon/wing_0188,ab/af/af3771e94de6a25ae433b245f8fc1592.unity3d,Texture2D,wing_0188,-8505728265044729473,image/playeritemicon/wing_0188.png,228,160,
image/playeritemicon/wing_0189,ab/d8/d898fd14a25ca2abc52bbbcc05238d47.unity3d,Texture2D,wing_0189,-6210506994992593255,image/playeritemicon/wing_0189.png,228,160,
image/playeritemicon/wing_0190,ab/35/35dda78880c88b237d3f204b5865682d.unity3d,Texture2D,wing_0190,-6952946377805177039,image/playeritemicon/wing_0190.png,228,160,
image/playeritemicon/wing_0195,ab/ca/ca1ab8b2a717fb9d55e9a28a9106a49e.unity3d,Texture2D,wing_0195,-4683381665439475286,image/playeritemicon/wing_0195.png,228,160,
image/playeritemicon/wing_0198,ab/e4/e4b48c4d59eeb95b287d47d9d48f8611.unity3d,Texture2D,wing_0198,2387464813919503895,image/playeritemicon/wing_0198.png,228,160,
image/playeritemicon/wing_0199,ab/51/51b82bcecb7d17c7ca2269cd580f0cd4.unity3d,Texture2D,wing_0199,-2361969666894630850,image/playeritemicon/wing_0199.png,228,160,
image/playeritemicon/wing_0201,ab/e0/e0bec6df35c2dd35af0de6f7a06d345d.unity3d,Texture2D,wing_0201,-5693821601781956038,image/playeritemicon/wing_0201.png,228,160,
image/playeritemicon/wing_0202,ab/3c/3cadd7b8b7745eed00a5daf389146d2b.unity3d,Texture2D,wing_0202,-2283608660071247537,image/playeritemicon/wing_0202.png,228,160,
image/playeritemicon/wing_0203,ab/55/550fe61e57b36785fcc87d69ec042010.unity3d,Texture2D,wing_0203,8651508170009592136,image/playeritemicon/wing_0203.png,228,160,
image/playeritemicon/wing_0206,ab/ed/ed32d5f47e46b52c8c5041a0b1348303.unity3d,Texture2D,wing_0206,242994142172025580,image/playeritemicon/wing_0206.png,228,160,
image/playeritemicon/wing_0208,ab/2d/2d52171080ac9eaad18e1456e65a5d77.unity3d,Texture2D,wing_0208,4811607983043369704,image/playeritemicon/wing_0208.png,228,160,
image/playeritemicon/wing_0210,ab/e0/e0676c59863e7f613c838c5d9ac74493.unity3d,Texture2D,wing_0210,7637507921294927622,image/playeritemicon/wing_0210.png,228,160,
image/playeritemicon/wing_0216,ab/3c/3c594cb52d496c4325ec9efa96ee7693.unity3d,Texture2D,wing_0216,865295012085280083,image/playeritemicon/wing_0216.png,228,160,
image/playeritemicon/wing_0217,ab/fa/fa458538fbd4737385194891921caa49.unity3d,Texture2D,wing_0217,7721290352719227011,image/playeritemicon/wing_0217.png,228,160,
image/playeritemicon/wing_0219,ab/65/6513bb4b6de1559ae34f7d80dc093582.unity3d,Texture2D,wing_0219,-2836456922392908667,image/playeritemicon/wing_0219.png,228,160,
image/playeritemicon/wing_0224,ab/bc/bc91d668e5a8b39282504e90cf18479c.unity3d,Texture2D,wing_0224,6969418693104987469,image/playeritemicon/wing_0224.png,228,160,
image/playeritemicon/wing_0232,ab/c1/c18a3ddab45e5aec23f9beb36a291205.unity3d,Texture2D,wing_0232,-225213992633759891,image/playeritemicon/wing_0232.png,228,160,
image/playeritemicon/wing_0234,ab/1d/1df7af6bbde9fa29208b2f4e17922659.unity3d,Texture2D,wing_0234,4141381953380981229,image/playeritemicon/wing_0234.png,228,160,
image/playeritemicon/wing_0237,ab/ec/ec8b65acbc908c727775ebf094d06dd2.unity3d,Texture2D,wing_0237,2175845204261440143,image/playeritemicon/wing_0237.png,228,160,
image/playeritemicon/wing_0240,ab/31/3161742407b0d1eb03e97caebbb00542.unity3d,Texture2D,wing_0240,-912498724773861581,image/playeritemicon/wing_0240.png,228,160,
image/playeritemicon/wing_0241,ab/26/260509488efbbb05559584b85b2d23e9.unity3d,Texture2D,wing_0241,436042132185969090,image/playeritemicon/wing_0241.png,228,160,
image/playeritemicon/wing_0243,ab/43/43a5206495db60745a3d0cd48853a160.unity3d,Texture2D,wing_0243,5974961194525326804,image/playeritemicon/wing_0243.png,228,160,
image/playeritemicon/wing_0246,ab/fc/fcfb9f3a64e148f1d982928b57d70574.unity3d,Texture2D,wing_0246,-3968099043376290282,image/playeritemicon/wing_0246.png,228,160,
image/playeritemicon/wing_0247,ab/69/69c75b9c9565bfa504eae7d9114efbc1.unity3d,Texture2D,wing_0247,7479581479302979135,image/playeritemicon/wing_0247.png,228,160,
image/playeritemicon/wing_0256,ab/f8/f82145958addddbdf898f2c846b055fb.unity3d,Texture2D,wing_0256,-2963399627814400563,image/playeritemicon/wing_0256.png,228,160,
image/playeritemicon/wing_0257,ab/0b/0b0340430ff996e350d1eefa9585da45.unity3d,Texture2D,wing_0257,-3227876286564685442,image/playeritemicon/wing_0257.png,228,160,
image/playeritemicon/wing_0260,ab/d3/d3b8fa231028fcd85b025a2faea5191a.unity3d,Texture2D,wing_0260,9196404520173925551,image/playeritemicon/wing_0260.png,228,160,
image/playeritemicon/wing_0261,ab/62/629ed5fb508a4583d2ee5f632feee0ed.unity3d,Texture2D,wing_0261,5049455707698585768,image/playeritemicon/wing_0261.png,228,160,
image/playeritemicon/wing_0265,ab/c1/c1caa120704b78a0592cb7c454b587b7.unity3d,Texture2D,wing_0265,6997581736815664816,image/playeritemicon/wing_0265.png,228,160,
image/playeritemicon/wing_0268,ab/31/31961ac44ee6c51de5d5201dfee370b9.unity3d,Texture2D,wing_0268,-6603422705157337952,image/playeritemicon/wing_0268.png,228,160,
image/playeritemicon/wing_0270,ab/17/1766c769935c4d1007f10e1a9a6fbb32.unity3d,Texture2D,wing_0270,5383588786254816661,image/playeritemicon/wing_0270.png,228,160,
image/playeritemicon/wing_0271,ab/de/de477a7f977a6e7ede06ae630a5b1d82.unity3d,Texture2D,wing_0271,2660962567664636118,image/playeritemicon/wing_0271.png,228,160,
image/playeritemicon/wing_0280,ab/3f/3f8cc537214447c10b23d056133a6470.unity3d,Texture2D,wing_0280,-5861272584045414698,image/playeritemicon/wing_0280.png,228,160,
image/playeritemicon/wing_0281,ab/b3/b357e14ececac9dccde971d91dfd1c5d.unity3d,Texture2D,wing_0281,7665703746906881794,image/playeritemicon/wing_0281.png,228,160,
image/playeritemicon/wing_0289,ab/fc/fc4fbe026535c82dc15669db39bf7269.unity3d,Texture2D,wing_0289,1463421811288332388,image/playeritemicon/wing_0289.png,228,160,
image/playeritemicon/wing_0293,ab/04/04d85780d38f266fbcf670b8245f8a2a.unity3d,Texture2D,wing_0293,215175743333987292,image/playeritemicon/wing_0293.png,228,160,
image/playeritemicon/wing_0299,ab/31/31c959f391dae36fe2d5cb46089198e4.unity3d,Texture2D,wing_0299,4946525739221584011,image/playeritemicon/wing_0299.png,228,160,
image/playeritemicon/wing_0300,ab/e4/e448e4955b4913b3cb9b3f40f34305b5.unity3d,Texture2D,wing_0300,-151530354136801568,image/playeritemicon/wing_0300.png,228,160,
image/playeritemicon/wing_0305,ab/66/662b242d841ba15135178481a7096cd4.unity3d,Texture2D,wing_0305,-2098083188418445213,image/playeritemicon/wing_0305.png,228,160,
image/playeritemicon/wing_0314,ab/3c/3c5ca7a07dbbad57ba64fa1cbc32cec9.unity3d,Texture2D,wing_0314,612934347669478816,image/playeritemicon/wing_0314.png,228,160,
image/playeritemicon/wing_0317,ab/22/222fa11f3040cb12ff7909dc2559274d.unity3d,Texture2D,wing_0317,4765206811727193045,image/playeritemicon/wing_0317.png,228,160,
image/playeritemicon/wing_0329,ab/af/afd5e091695281e6538fa4e657bcd13c.unity3d,Texture2D,wing_0329,-8488234768602423153,image/playeritemicon/wing_0329.png,228,160,
image/playeritemicon/wing_0330,ab/53/533c14b48e7307aefd1b5b7bcffd54c2.unity3d,Texture2D,wing_0330,-4661645205008551967,image/playeritemicon/wing_0330.png,228,160,
image/playeritemicon/wing_0334,ab/cc/cca1dcd3a1f290d914128cf987546ca4.unity3d,Texture2D,wing_0334,6593039697070530838,image/playeritemicon/wing_0334.png,228,160,
image/playeritemicon/wing_0335,ab/55/555710eb48f6adcea5f428507f6cad86.unity3d,Texture2D,wing_0335,5358377632600652212,image/playeritemicon/wing_0335.png,228,160,
image/playeritemicon/wing_0337,ab/e2/e21b3f630992533dadf0f23d2f07c466.unity3d,Texture2D,wing_0337,-4364543891175435948,image/playeritemicon/wing_0337.png,228,160,
image/playeritemicon/wing_0339,ab/3c/3cc488ea941fa71e6ae8bcbcef196d32.unity3d,Texture2D,wing_0339,2569285696297808740,image/playeritemicon/wing_0339.png,228,160,
image/playeritemicon/wing_0341,ab/ca/ca33032dd413fa693d55455c47e87594.unity3d,Texture2D,wing_0341,-8691732583372229581,image/playeritemicon/wing_0341.png,228,160,
image/playeritemicon/wing_0343,ab/f8/f8ab9d8155866ec73f70ddacb866a7a7.unity3d,Texture2D,wing_0343,-4451336688269673374,image/playeritemicon/wing_0343.png,228,160,
image/playeritemicon/wing_0347,ab/e9/e9001d4f636e47882dddc9070bbe5bde.unity3d,Texture2D,wing_0347,-6763026883833970981,image/playeritemicon/wing_0347.png,228,160,
image/playeritemicon/wing_0354,ab/cd/cd84007c91675cc7e8a6b2195f3e6092.unity3d,Texture2D,wing_0354,-4789976281587923268,image/playeritemicon/wing_0354.png,228,160,
image/playeritemicon/wing_0356,ab/40/407c5b2aed1f417b11967ea96ffdef14.unity3d,Texture2D,wing_0356,1305392097768259826,image/playeritemicon/wing_0356.png,228,160,
image/playeritemicon/zongzi,ab/d8/d84109a3e200ea0bee527c09ff3d32e9.unity3d,Texture2D,zongzi,-1778180065394811495,image/playeritemicon/zongzi.png,228,160,
image/privilegeicon/ac_18,ab/c8/c8036a1ef4711d2f1ad45a7c567878e9.unity3d,Texture2D,ac_18,5089779854706673728,image/privilegeicon/ac_18.png,228,160,
image/privilegeicon/cj_chenhao_lv2,ab/cf/cf805d0b1646f8f31a05358bb9f8f563.unity3d,Texture2D,CJ_chenhao_lv2,-6500404702682588375,image/privilegeicon/cj_chenhao_lv2.png,228,160,
image/privilegeicon/tequan_baocunka,ab/c1/c196b13ab999d396bdf9c3c61cc0697b.unity3d,Texture2D,tequan_baocunka,-7670365032937791451,image/privilegeicon/tequan_baocunka.png,228,160,
image/privilegeicon/tequan_chepai,ab/f0/f02095893d3f8c3e3ac05b456d4e0d98.unity3d,Texture2D,tequan_chepai,8944662812775847909,image/privilegeicon/tequan_chepai.png,228,160,
image/privilegeicon/tequan_dapei_2,ab/1d/1d74c22433c2fcb516fb97b96a48aa7f.unity3d,Texture2D,tequan_dapei_2,-716233771039051433,image/privilegeicon/tequan_dapei_2.png,228,160,
image/privilegeicon/tequan_feitan,ab/f9/f9a8fe5c638436d10f87a93a24ab27a4.unity3d,Texture2D,tequan_feitan,7841684753620394570,image/privilegeicon/tequan_feitan.png,228,160,
image/privilegeicon/tequan_icon,ab/62/628ebabab63a7fc301a6356918e06f25.unity3d,Texture2D,tequan_icon,395459206998755473,image/privilegeicon/tequan_icon.png,228,160,
image/privilegeicon/tequan_jinchang,ab/0e/0ea016310144bc4280d9778062072d9f.unity3d,Texture2D,tequan_jinchang,-3894158212625800555,image/privilegeicon/tequan_jinchang.png,228,160,
image/privilegeicon/tequan_kubi,ab/c5/c5821317301bd0d6f47a0f64d3ebc674.unity3d,Texture2D,tequan_kubi,-4378905875851426688,image/privilegeicon/tequan_kubi.png,228,160,
image/privilegeicon/tequan_laba,ab/f3/f30a215af9fef448bd38ab19e599c608.unity3d,Texture2D,tequan_laba,3040654318020294290,image/privilegeicon/tequan_laba.png,228,160,
image/privilegeicon/tequan_libao,ab/40/400c68c2b57527b9ce3a2e8bd17c750c.unity3d,Texture2D,tequan_libao,8652854459536288296,image/privilegeicon/tequan_libao.png,228,160,
image/privilegeicon/tequan_meirilibao_s11,ab/27/27f158ad12a51a33420180a7fc8d8121.unity3d,Texture2D,tequan_meirilibao_s11,597836596951162681,image/privilegeicon/tequan_meirilibao_s11.png,228,160,
image/privilegeicon/tequan_meirilibao_s12,ab/fa/fa3652038c6f9da1552cc16de4ed3b13.unity3d,Texture2D,tequan_meirilibao_s12,5283981370657906732,image/privilegeicon/tequan_meirilibao_s12.png,228,160,
image/privilegeicon/tequan_meirilibao_s4,ab/62/62f1e0809eac80063b48c3e4a6420f34.unity3d,Texture2D,tequan_meirilibao_s4,209185216241880632,image/privilegeicon/tequan_meirilibao_s4.png,228,160,
image/privilegeicon/tequan_meirilibao_s5,ab/3c/3ce6617b160d515dbbb71c251e549e26.unity3d,Texture2D,tequan_meirilibao_s5,6866451188134276423,image/privilegeicon/tequan_meirilibao_s5.png,228,160,
image/privilegeicon/tequan_meirilibao_s6,ab/fd/fda924d349cdc9413906c25ed85e7417.unity3d,Texture2D,tequan_meirilibao_s6,5657196149894806765,image/privilegeicon/tequan_meirilibao_s6.png,228,160,
image/privilegeicon/tequan_meirilibao_s9,ab/26/26fa02fc3b930327b1b89a25b8ce9348.unity3d,Texture2D,tequan_meirilibao_s9,-794284841999555789,image/privilegeicon/tequan_meirilibao_s9.png,228,160,
image/privilegeicon/tequan_penqi,ab/c8/c8b7276b9a0409b63d9cafb7d54e4e05.unity3d,Texture2D,tequan_penqi,1461438219849065923,image/privilegeicon/tequan_penqi.png,228,160,
image/privilegeicon/tequan_penqitong,ab/e2/e20da0a7995edfabd1ae894b7b5da5af.unity3d,Texture2D,tequan_penqitong,-1406733079976932607,image/privilegeicon/tequan_penqitong.png,228,160,
image/privilegeicon/tequan_qipao2,ab/49/4981e8c5305bc055b6815be36c68337d.unity3d,Texture2D,tequan_qipao2,-1741643838285717084,image/privilegeicon/tequan_qipao2.png,228,160,
image/privilegeicon/tequan_tianshuka,ab/58/5829a79058886b99acc8a963222202e7.unity3d,Texture2D,tequan_tianshuka,-3422281936370032999,image/privilegeicon/tequan_tianshuka.png,228,160,
image/privilegeicon/tequan_tiyan,ab/69/699a2dca7ea95bbab6e633a3ac0b20ab.unity3d,Texture2D,tequan_tiyan,-2588649480539035908,image/privilegeicon/tequan_tiyan.png,228,160,
image/privilegeicon/tequan_touxiangkuang,ab/1d/1ddc8769f3de6cf90fb594af507c1ffa.unity3d,Texture2D,tequan_touxiangkuang,3366669420588053476,image/privilegeicon/tequan_touxiangkuang.png,228,160,
image/privilegeicon/tequan_wing2,ab/b3/b30465d83eaf7042f0e21d56c50c0c65.unity3d,Texture2D,tequan_wing2,-338255034287284210,image/privilegeicon/tequan_wing2.png,228,160,
image/privilegeicon/tequan_yinji,ab/c7/c726212af88f7facf31b4a206d09d2c8.unity3d,Texture2D,tequan_yinji,-2664664764475458924,image/privilegeicon/tequan_yinji.png,228,160,
image/rankicon/rank_1,ab/00/00bcb5cee91689136a9f9b5866675def.unity3d,Texture2D,Rank_1,-7027836818448677003,image/rankicon/rank_1.png,448,300,
image/rankicon/rank_1_1,ab/47/47f66c06101bf3d48cb3cbe8f8c459a1.unity3d,Texture2D,Rank_1_1,5457365205600809304,image/rankicon/rank_1_1.png,84,48,
image/rankicon/rank_10,ab/f8/f80ca7464c03b42f97f7d61813b6d9cd.unity3d,Texture2D,Rank_10,828248497023718426,image/rankicon/rank_10.png,448,300,
image/rankicon/rank_11,ab/03/034804ab6982099f090b2ad98b7ea5a4.unity3d,Texture2D,Rank_11,-7315394520289795914,image/rankicon/rank_11.png,448,300,
image/rankicon/rank_12,ab/3c/3c454595c2e487d3500e76886acd6b06.unity3d,Texture2D,Rank_12,-121014175016726294,image/rankicon/rank_12.png,448,220,
image/rankicon/rank_12_1_hand,ab/d3/d3208527e94a7b5b0e7214b283c526bc.unity3d,Texture2D,Rank_12_1_Hand,-4436403835442816194,image/rankicon/rank_12_1_hand.png,448,300,
image/rankicon/rank_2_1,ab/43/434590be571cd2036f39acde19297a5a.unity3d,Texture2D,Rank_2_1,2263480405692781531,image/rankicon/rank_2_1.png,84,48,
image/rankicon/rank_2_1_hand,ab/f7/f7ba41615f30646f7dac6cc7d637798e.unity3d,Texture2D,Rank_2_1_Hand,-1363014480365438015,image/rankicon/rank_2_1_hand.png,448,300,
image/rankicon/rank_3_1,ab/be/bed253afdd9827dc6cc9f4f1ae29dd2c.unity3d,Texture2D,Rank_3_1,6477605541584300639,image/rankicon/rank_3_1.png,84,48,
image/rankicon/rank_3_1_hand,ab/fa/fa506ed9674d32d3277bb837abb1a5bd.unity3d,Texture2D,Rank_3_1_Hand,-7120362069391505393,image/rankicon/rank_3_1_hand.png,448,300,
image/rankicon/rank_3_5,ab/70/700037e092cf042cc24e6910337725f2.unity3d,Texture2D,Rank_3_5,8842297312266400720,image/rankicon/rank_3_5.png,84,48,
image/rankicon/rank_4_2,ab/e5/e5774682fa01bdf907c9c2263c285b3d.unity3d,Texture2D,Rank_4_2,1377300901440734910,image/rankicon/rank_4_2.png,84,48,
image/rankicon/rank_5,ab/fa/fa1a9817dd23a9e90dc3270fabd12adc.unity3d,Texture2D,Rank_5,-2632591180836227212,image/rankicon/rank_5.png,448,300,
image/rankicon/rank_5_1,ab/0b/0bb33c0a79f8e870509d4dcbc0d25571.unity3d,Texture2D,Rank_5_1,-5363357593520207118,image/rankicon/rank_5_1.png,84,48,
image/rankicon/rank_5_2,ab/e5/e516ff9ca2e525032a43b28776ae6097.unity3d,Texture2D,Rank_5_2,695495601429383221,image/rankicon/rank_5_2.png,84,48,
image/rankicon/rank_5_3,ab/e8/e8994cc19c4b0eb136610ca704232b47.unity3d,Texture2D,Rank_5_3,-1552825463367473160,image/rankicon/rank_5_3.png,84,48,
image/rankicon/rank_6_1,ab/f5/f5973f20c36be2a16f8c54a1523fda0b.unity3d,Texture2D,Rank_6_1,1600938974555716058,image/rankicon/rank_6_1.png,84,48,
image/rankicon/rank_6_1_hand,ab/41/4141a0d9510fb835f0fed69d1635f4fd.unity3d,Texture2D,Rank_6_1_Hand,-1694602330968635318,image/rankicon/rank_6_1_hand.png,448,300,
image/rankicon/rank_6_2,ab/00/00f2ac3984420e9ca3e5bc36a17c9807.unity3d,Texture2D,Rank_6_2,4105494219519257964,image/rankicon/rank_6_2.png,84,48,
image/rankicon/rank_6_5,ab/0a/0a55735fb8b45fe6ec575e96f7e7d7d0.unity3d,Texture2D,Rank_6_5,-6893815365838855368,image/rankicon/rank_6_5.png,84,48,
image/rankicon/rank_7,ab/c9/c9a8b32a3c5dfa1596beb32eead934d8.unity3d,Texture2D,Rank_7,-4033885582082387586,image/rankicon/rank_7.png,448,300,
image/rankicon/rank_8,ab/cd/cd1dc37ff736631aef6c3a4ac251a84c.unity3d,Texture2D,Rank_8,874757668799252314,image/rankicon/rank_8.png,448,300,
image/rankicon/rank_9_1_hand,ab/b0/b00782626d197b4ff91888df6912421c.unity3d,Texture2D,Rank_9_1_Hand,-4685999044080109285,image/rankicon/rank_9_1_hand.png,448,300,
image/roomtrackicon/battlecource03_icon,ab/3d/3d737d32ec9b1c6d495e476afa38370d.unity3d,Texture2D,battleCource03_icon,-1454678819731600871,image/roomtrackicon/battlecource03_icon.png,480,60,
image/roomtrackicon/beach_i01_icon,ab/31/31d7b3744de2aa5da6e7b0e6122d8d26.unity3d,Texture2D,beach_i01_icon,-3466537219861479835,image/roomtrackicon/beach_i01_icon.png,480,60,
image/roomtrackicon/brodi_r01_icon,ab/55/5560c0f2d24c04834b87f268e77ea0f0.unity3d,Texture2D,brodi_r01_icon,728324996770102073,image/roomtrackicon/brodi_r01_icon.png,480,60,
image/roomtrackicon/camelot_i01_icon,ab/cb/cb37a172b8089f9fc41f6e0c3014cc04.unity3d,Texture2D,camelot_i01_icon,-3978329409071640806,image/roomtrackicon/camelot_i01_icon.png,480,60,
image/roomtrackicon/camelot_r02_icon,ab/de/de75819d30c313b0375dc7dbac1a014e.unity3d,Texture2D,camelot_r02_icon,4432241302060671131,image/roomtrackicon/camelot_r02_icon.png,480,60,
image/roomtrackicon/china_i01_icon,ab/04/041276e8fc45adc80488d8447419d152.unity3d,Texture2D,china_i01_icon,871316091331811652,image/roomtrackicon/china_i01_icon.png,480,60,
image/roomtrackicon/china_i06_icon,ab/f0/f01926cfc64487a775a4c35105444265.unity3d,Texture2D,china_i06_icon,5577796893889429934,image/roomtrackicon/china_i06_icon.png,480,60,
image/roomtrackicon/china_r02_icon,ab/16/161b4ad8b499363da4e0b9348b053b67.unity3d,Texture2D,china_r02_icon,2013187018615858089,image/roomtrackicon/china_r02_icon.png,480,60,
image/roomtrackicon/china_r04_icon,ab/40/402cdee0e140faeccaa8e84d79a48180.unity3d,Texture2D,china_r04_icon,6053936611986504699,image/roomtrackicon/china_r04_icon.png,480,60,
image/roomtrackicon/china_r08_icon,ab/43/43ebf7302c54c79db9ebe6b2931b497d.unity3d,Texture2D,china_r08_icon,7430721212442554028,image/roomtrackicon/china_r08_icon.png,480,60,
image/roomtrackicon/desert_i01_icon,ab/32/321035beb5b400bb7e6db5d3858ca555.unity3d,Texture2D,desert_i01_icon,8443027964771763842,image/roomtrackicon/desert_i01_icon.png,480,60,
image/roomtrackicon/desert_i04_icon,ab/40/4032a6c7ba5a0fbc24f0c4c2b57d8b51.unity3d,Texture2D,desert_i04_icon,-6573812513737388047,image/roomtrackicon/desert_i04_icon.png,480,60,
image/roomtrackicon/desert_r01_icon,ab/41/414ddd80848e5c83acb379edf2759e63.unity3d,Texture2D,desert_r01_icon,3357427157625025656,image/roomtrackicon/desert_r01_icon.png,480,60,
image/roomtrackicon/desert_r02_icon,ab/0d/0d44eb6961ca333b954a930b730e6f99.unity3d,Texture2D,desert_r02_icon,7722361822157834024,image/roomtrackicon/desert_r02_icon.png,480,60,
image/roomtrackicon/factory_i02_icon,ab/ed/ed5217a3a31b444775d089102db5fe1c.unity3d,Texture2D,factory_i02_icon,-5773735323161429134,image/roomtrackicon/factory_i02_icon.png,480,60,
image/roomtrackicon/factory_i03_icon,ab/e8/e865df930bbf527ff8c3c136cc43ec06.unity3d,Texture2D,factory_i03_icon,-7245246536075538894,image/roomtrackicon/factory_i03_icon.png,480,60,
image/roomtrackicon/factory_r02_icon,ab/e3/e34d28af04e57f0b0e9b70a902ac9b9d.unity3d,Texture2D,factory_r02_icon,2768850687992447485,image/roomtrackicon/factory_r02_icon.png,480,60,
image/roomtrackicon/fairy_r01_icon,ab/17/177bf383a274e34f89f3321fea37909e.unity3d,Texture2D,fairy_r01_icon,-8409421063556115863,image/roomtrackicon/fairy_r01_icon.png,480,60,
image/roomtrackicon/fairy_r02_icon,ab/c8/c8e294a4f7f0323f3c820d8c5765d17d.unity3d,Texture2D,fairy_r02_icon,-1628830774060582259,image/roomtrackicon/fairy_r02_icon.png,480,60,
image/roomtrackicon/forest_i01_icon,ab/c8/c81d0d246650f05735a893ad83700e98.unity3d,Texture2D,forest_i01_icon,-5536650965271134342,image/roomtrackicon/forest_i01_icon.png,480,60,
image/roomtrackicon/forest_i06_icon,ab/29/290ad7b19879b578e498a74ffe59ef83.unity3d,Texture2D,forest_i06_icon,8140513032328207148,image/roomtrackicon/forest_i06_icon.png,480,60,
image/roomtrackicon/forest_i07_icon,ab/70/70f87df23108726de56f00b05c8722b4.unity3d,Texture2D,forest_i07_icon,-2031623840511303205,image/roomtrackicon/forest_i07_icon.png,480,60,
image/roomtrackicon/forest_r02_icon01,ab/c0/c06643080a90cb82cb34909e66ce4240.unity3d,Texture2D,forest_r02_icon01,3420805992752582823,image/roomtrackicon/forest_r02_icon01.png,480,60,
image/roomtrackicon/forest_r05_icon,ab/32/3224584dd34281f11b74bb19f5b16d24.unity3d,Texture2D,forest_r05_icon,5847892020288525290,image/roomtrackicon/forest_r05_icon.png,480,60,
image/roomtrackicon/god_i02_icon,ab/be/be502de8087ea53d856ceea4b5d752a3.unity3d,Texture2D,god_i02_icon,-4994403176556736713,image/roomtrackicon/god_i02_icon.png,480,60,
image/roomtrackicon/god_r01_icon,ab/42/422f633939af9d2e6ba4a6938a1a7a8f.unity3d,Texture2D,god_r01_icon,-6489555355398381722,image/roomtrackicon/god_r01_icon.png,480,60,
image/roomtrackicon/gold_i05_icon,ab/b8/b899697bc48024458f4f41c5773ffaf3.unity3d,Texture2D,gold_i05_icon,9148027911710744198,image/roomtrackicon/gold_i05_icon.png,480,60,
image/roomtrackicon/gold_r02_icon,ab/d8/d860bf8baa161b191aed2d1a7bf6d28a.unity3d,Texture2D,gold_r02_icon,-6050720754803487780,image/roomtrackicon/gold_r02_icon.png,480,60,
image/roomtrackicon/ice_r01_icon,ab/0b/0bc6fd516b60435b5aaa9093d649a9ad.unity3d,Texture2D,ice_r01_icon,-9061312515984745591,image/roomtrackicon/ice_r01_icon.png,480,60,
image/roomtrackicon/ice_r03_icon,ab/17/176357d16cad10d35e0608d777d85cfb.unity3d,Texture2D,ice_r03_icon,2989109866380515152,image/roomtrackicon/ice_r03_icon.png,480,60,
image/roomtrackicon/jurassic_r04_icon,ab/27/278ed7d47a4d81fa0e8cc63e39d926b9.unity3d,Texture2D,jurassic_r04_icon,1224329665099003412,image/roomtrackicon/jurassic_r04_icon.png,480,60,
image/roomtrackicon/map_chuanqi,ab/28/28c2fcf3a464bb41ec2632c51e95b82d.unity3d,Texture2D,map_chuanqi,-6750672745087502292,image/roomtrackicon/map_chuanqi.png,480,60,
image/roomtrackicon/map_fengkuang,ab/c7/c7b28f74b04cf7993071875575681a8d.unity3d,Texture2D,map_fengkuang,-8531074461528022444,image/roomtrackicon/map_fengkuang.png,480,60,
image/roomtrackicon/map_huodong,ab/cc/cc213eb3d833f6f48ef313c3253010c4.unity3d,Texture2D,map_huodong,8321124781252580275,image/roomtrackicon/map_huodong.png,480,60,
image/roomtrackicon/map_jingdian,ab/2d/2d79c1520359bacb1b2c437febe0319f.unity3d,Texture2D,map_jingdian,227740956562841227,image/roomtrackicon/map_jingdian.png,480,60,
image/roomtrackicon/map_renqijiandan,ab/cc/ccaecb4f6b9133e27f2290ab957bafde.unity3d,Texture2D,map_renqijiandan,6313194583263658512,image/roomtrackicon/map_renqijiandan.png,480,60,
image/roomtrackicon/map_xintu,ab/ee/ee8a12b29d42680ea42b13b8320db81f.unity3d,Texture2D,map_xintu,7236645514157213052,image/roomtrackicon/map_xintu.png,480,60,
image/roomtrackicon/map_zhuanyejingsu,ab/62/6210f7fa0c37ed65b0e48bd82bdff8ab.unity3d,Texture2D,map_zhuanyejingsu,8903401619927601184,image/roomtrackicon/map_zhuanyejingsu.png,480,60,
image/roomtrackicon/mine_i02_icon,ab/b8/b8b09e17c2277e5ad631be464080fb28.unity3d,Texture2D,mine_i02_icon,5436637345417477342,image/roomtrackicon/mine_i02_icon.png,480,60,
image/roomtrackicon/mine_r02_icon,ab/d8/d8d6bb4276eac88631352c6556a6518f.unity3d,Texture2D,mine_r02_icon,-7453606029020395717,image/roomtrackicon/mine_r02_icon.png,480,60,
image/roomtrackicon/mine_r04_icon,ab/64/645fa96516329189b4c6a9fa0eda4cd6.unity3d,Texture2D,mine_r04_icon,-5347770773389668835,image/roomtrackicon/mine_r04_icon.png,480,60,
image/roomtrackicon/mobile_qq_scene_icon,ab/cc/cc9d3061c7279c248179ee1ef8a7f9ab.unity3d,Texture2D,mobile_qq_scene_icon,8193320899487631560,image/roomtrackicon/mobile_qq_scene_icon.png,480,60,
image/roomtrackicon/moonhill_i03_icon,ab/23/23bba23b77365b0e62886e463f35ad7a.unity3d,Texture2D,moonhill_i03_icon,-7434018582658457975,image/roomtrackicon/moonhill_i03_icon.png,480,60,
image/roomtrackicon/moonhill_i04_icon,ab/50/508f9371be379880e94638b5800c96bc.unity3d,Texture2D,moonhill_i04_icon,-998358151429381942,image/roomtrackicon/moonhill_i04_icon.png,480,60,
image/roomtrackicon/moonhill_r01_icon,ab/f3/f3f75b4e6d808ed4e2ddb24c030d5c2d.unity3d,Texture2D,moonhill_r01_icon,-5680696791281838951,image/roomtrackicon/moonhill_r01_icon.png,480,60,
image/roomtrackicon/nemo_i01_icon,ab/43/43d163d7b7707a81db2e30ab7b163af3.unity3d,Texture2D,nemo_i01_icon,-3216824158003037097,image/roomtrackicon/nemo_i01_icon.png,480,60,
image/roomtrackicon/nemo_i02_icon,ab/c9/c93a162a4104cf77a741c90545a760a0.unity3d,Texture2D,nemo_i02_icon,5344184861113762448,image/roomtrackicon/nemo_i02_icon.png,480,60,
image/roomtrackicon/nemo_i03_icon,ab/23/235abb77bb193ff229403458bef1c71e.unity3d,Texture2D,nemo_i03_icon,834536450361761391,image/roomtrackicon/nemo_i03_icon.png,480,60,
image/roomtrackicon/northeu_i01_icon,ab/0c/0c761dba613aeebd3331c1e043d79b35.unity3d,Texture2D,northeu_i01_icon,-2265698223969148351,image/roomtrackicon/northeu_i01_icon.png,480,60,
image/roomtrackicon/northeu_i05_icon01,ab/67/676daf4d2a9cfebc57bfd272b7d56d8e.unity3d,Texture2D,northeu_i05_icon01,9029074298193898680,image/roomtrackicon/northeu_i05_icon01.png,480,60,
image/roomtrackicon/northeu_i06_icon,ab/ea/eabc1949c73f108b914433986a44940c.unity3d,Texture2D,northeu_i06_icon,2294101839521162035,image/roomtrackicon/northeu_i06_icon.png,480,60,
image/roomtrackicon/northeu_i08_icon,ab/b0/b0dd6a9b33f72c003aa0726aa439e658.unity3d,Texture2D,northeu_i08_icon,158636087034493522,image/roomtrackicon/northeu_i08_icon.png,480,60,
image/roomtrackicon/northeu_r01_icon,ab/c3/c3803c3c8f882a3adad6398950780b4d.unity3d,Texture2D,northeu_r01_icon,-6311419781714699362,image/roomtrackicon/northeu_r01_icon.png,480,60,
image/roomtrackicon/northeu_r02_icon,ab/e8/e842e2683ff3300ad61cb839080d5a5d.unity3d,Texture2D,northeu_r02_icon,2715456528823394635,image/roomtrackicon/northeu_r02_icon.png,480,60,
image/roomtrackicon/northeu_r03_icon,ab/0a/0a3c8d4f1555fcc39ca0c5e2ef04b016.unity3d,Texture2D,northeu_r03_icon,-8588795543031636774,image/roomtrackicon/northeu_r03_icon.png,480,60,
image/roomtrackicon/nymph_r01_icon,ab/f5/f53bf8e26d3f8e95e66870344be8145a.unity3d,Texture2D,nymph_r01_icon,-2542751026928711229,image/roomtrackicon/nymph_r01_icon.png,480,60,
image/roomtrackicon/park_happy_icon,ab/27/2768b574a52992ead1e085e65e18782f.unity3d,Texture2D,park_happy_icon,4462667191373682801,image/roomtrackicon/park_happy_icon.png,480,60,
image/roomtrackicon/pirate_i03_icon,ab/c9/c9e96ea1b2e0d779d7222b76b086614c.unity3d,Texture2D,pirate_i03_icon,5426828975871462025,image/roomtrackicon/pirate_i03_icon.png,480,60,
image/roomtrackicon/pirate_r02_icon,ab/c3/c3f76a033a5a97323895107a2fbc3d2c.unity3d,Texture2D,pirate_r02_icon,-2550271150761084585,image/roomtrackicon/pirate_r02_icon.png,480,60,
image/roomtrackicon/pirate_r03_icon,ab/26/269965c23989e62643fb151fe1729378.unity3d,Texture2D,pirate_r03_icon,3926590059416903256,image/roomtrackicon/pirate_r03_icon.png,480,60,
image/roomtrackicon/pirate_r05_icon,ab/cf/cf7eb0bfff9c646ed52e56055090e2a3.unity3d,Texture2D,pirate_r05_icon,-1678406349266583602,image/roomtrackicon/pirate_r05_icon.png,480,60,
image/roomtrackicon/sword_i02_icon,ab/bd/bd8457772166d91a91b1972f13d1a9c3.unity3d,Texture2D,sword_i02_icon,1327504163997315547,image/roomtrackicon/sword_i02_icon.png,480,60,
image/roomtrackicon/sword_r01_icon,ab/46/46f1d589f301b5ca4f865399fc72cc97.unity3d,Texture2D,sword_r01_icon,-6867185731096336039,image/roomtrackicon/sword_r01_icon.png,480,60,
image/roomtrackicon/sword_r02_icon,ab/23/233b1b2858fdf271603158d04dd560d1.unity3d,Texture2D,sword_r02_icon,8339242459797336255,image/roomtrackicon/sword_r02_icon.png,480,60,
image/roomtrackicon/tomb_i01_icon,ab/f0/f027909be2e9edff3a0dc80ad2dafe5e.unity3d,Texture2D,tomb_i01_icon,-2097315744481912672,image/roomtrackicon/tomb_i01_icon.png,480,60,
image/roomtrackicon/tomb_i01_icon01,ab/3b/3b369196caf63e47701eb04a8e3e2ee2.unity3d,Texture2D,tomb_i01_icon01,1589777855124796302,image/roomtrackicon/tomb_i01_icon01.png,480,60,
image/roomtrackicon/tomb_i04_icon,ab/1d/1d991c93a7d23fc14d41f0e3e6a41ffe.unity3d,Texture2D,tomb_i04_icon,3799242165206945049,image/roomtrackicon/tomb_i04_icon.png,480,60,
image/roomtrackicon/village_f01_icon,ab/64/648132fb716c951e417372811a8586b7.unity3d,Texture2D,village_f01_icon,2342128811768144077,image/roomtrackicon/village_f01_icon.png,480,60,
image/roomtrackicon/village_i03_icon,ab/b6/b6007b18162e736d2f8d04a00bb9f9f9.unity3d,Texture2D,village_i03_icon,6222044211422565123,image/roomtrackicon/village_i03_icon.png,480,60,
image/roomtrackicon/village_r12_icon,ab/02/0250f2fb979b6f94cd358411a1b4ba99.unity3d,Texture2D,village_r12_icon,8687493356255389597,image/roomtrackicon/village_r12_icon.png,480,60,
image/roomtrackicon/wkc_r03_icon,ab/02/024395eeac6eed6b1dcd8f2e36285161.unity3d,Texture2D,wkc_r03_icon,5568461317040757590,image/roomtrackicon/wkc_r03_icon.png,480,60,
image/roomtrackicon/wkc_r05_icon,ab/c9/c9f09159934fcc90bbca79945684e4a2.unity3d,Texture2D,wkc_r05_icon,-2590711159543319571,image/roomtrackicon/wkc_r05_icon.png,480,60,
image/roomtrackicon/world_i02_icon,ab/ee/eea8c3647061575a7d1f86adb45b4e1b.unity3d,Texture2D,world_i02_icon,-7620711650523942290,image/roomtrackicon/world_i02_icon.png,480,60,
image/roomtrackicon/world_i03_icon,ab/3c/3ce5ae1c842c1cc732b60a2e12665d6c.unity3d,Texture2D,world_i03_icon,-3257879915145852237,image/roomtrackicon/world_i03_icon.png,480,60,
image/roomtrackicon/world_r05_icon,ab/ee/eed69ccf75f328a1c6719f883b899d21.unity3d,Texture2D,world_r05_icon,1509288262014040549,image/roomtrackicon/world_r05_icon.png,480,60,
image/roomtracksmallicon/abyss_r02_icon,ab/f3/f3b579f950f71a10ba3b64ff28a63314.unity3d,Texture2D,abyss_r02_icon,-7400774858584686022,image/roomtracksmallicon/abyss_r02_icon.png,468,152,
image/roomtracksmallicon/battlecource01_icon,ab/cd/cd28e48ec4dfb42aa5da0fb24205e3dd.unity3d,Texture2D,battleCource01_icon,1149081914688951497,image/roomtracksmallicon/battlecource01_icon.png,520,140,
image/roomtracksmallicon/beach_r04_icon,ab/58/587718ce5444d2219561b977bf3e3af6.unity3d,Texture2D,beach_r04_icon,-783601482344010873,image/roomtracksmallicon/beach_r04_icon.png,520,140,
image/roomtracksmallicon/camelot_i01_icon,ab/26/26749972dbc36ba588451f749017d4d9.unity3d,Texture2D,camelot_i01_icon,-3155593387841980147,image/roomtracksmallicon/camelot_i01_icon.png,468,152,
image/roomtracksmallicon/camelot_r02_icon,ab/b6/b63320c8e5fdd2527c2174af67a6575e.unity3d,Texture2D,camelot_r02_icon,-5526329535164124948,image/roomtracksmallicon/camelot_r02_icon.png,468,152,
image/roomtracksmallicon/castle_i02_icon,ab/31/317ec6a5964f9aefc6b4f1c279bdaa88.unity3d,Texture2D,castle_i02_icon,-6992632783545319755,image/roomtracksmallicon/castle_i02_icon.png,520,140,
image/roomtracksmallicon/castle_i05_icon,ab/53/53ff08f723c07d49f005a357237c9cd1.unity3d,Texture2D,castle_i05_icon,1016353106188183005,image/roomtracksmallicon/castle_i05_icon.png,520,140,
image/roomtracksmallicon/china_r01_icon,ab/fb/fba0681758bd78ac61afc9632a0f2498.unity3d,Texture2D,china_r01_icon,6165703172631691868,image/roomtracksmallicon/china_r01_icon.png,520,140,
image/roomtracksmallicon/china_r04_icon,ab/e2/e28d1e8ebfc27db6e786bb3ba25fe6ae.unity3d,Texture2D,china_r04_icon,8064655018131457962,image/roomtracksmallicon/china_r04_icon.png,520,140,
image/roomtracksmallicon/china_r06_icon,ab/e8/e8700201ed2487c8c7a8dc976a47fcb7.unity3d,Texture2D,china_r06_icon,8261002484925690031,image/roomtracksmallicon/china_r06_icon.png,468,152,
image/roomtracksmallicon/desert_i02_icon,ab/d5/d5fc04e9d5961b13ff8f25f2c87fdc13.unity3d,Texture2D,desert_i02_icon,-8549162265395437425,image/roomtracksmallicon/desert_i02_icon.png,520,140,
image/roomtracksmallicon/desert_i03_icon,ab/03/03da58df3439f0efb1fc0f266f5ea0cf.unity3d,Texture2D,desert_i03_icon,-6422036138725091102,image/roomtracksmallicon/desert_i03_icon.png,520,140,
image/roomtracksmallicon/desert_i05_icon,ab/03/03718d0402c34a5575728e6c61373bc0.unity3d,Texture2D,desert_i05_icon,4176431791104349011,image/roomtracksmallicon/desert_i05_icon.png,520,140,
image/roomtracksmallicon/desert_r04_icon,ab/e3/e351382413f6f3ffa7faffa5a19b0000.unity3d,Texture2D,desert_r04_icon,-1624366112292858559,image/roomtracksmallicon/desert_r04_icon.png,468,152,
image/roomtracksmallicon/factory_i02_icon,ab/de/def1a53d3aac8675c60160a6533d0444.unity3d,Texture2D,factory_i02_icon,-921384187704412710,image/roomtracksmallicon/factory_i02_icon.png,520,140,
image/roomtracksmallicon/factory_i03_icon,ab/b8/b8e7f15fb39470aaccf301ca5c082fde.unity3d,Texture2D,factory_i03_icon,-3309864131162076447,image/roomtracksmallicon/factory_i03_icon.png,520,140,
image/roomtracksmallicon/factory_r02_icon,ab/e9/e9de07d7551794446daa5e94cb737ee1.unity3d,Texture2D,factory_r02_icon,-4793351609742570440,image/roomtracksmallicon/factory_r02_icon.png,520,140,
image/roomtracksmallicon/fairy_r02_icon,ab/35/351bc8f416a23dd4856ed33e60e19cab.unity3d,Texture2D,fairy_r02_icon,-3866950250377943460,image/roomtracksmallicon/fairy_r02_icon.png,468,152,
image/roomtracksmallicon/forest_f01_icon,ab/cd/cddc27faef70da25c928bd254498942d.unity3d,Texture2D,forest_f01_icon,-2864267637362852359,image/roomtracksmallicon/forest_f01_icon.png,520,140,
image/roomtracksmallicon/forest_i01_icon,ab/3d/3df0f9e2719879b1438eab79174d92a6.unity3d,Texture2D,forest_i01_icon,-9098553259134417571,image/roomtracksmallicon/forest_i01_icon.png,520,140,
image/roomtracksmallicon/forest_i02_icon,ab/32/3293b9b39f5eef41673e0bf45e6f9838.unity3d,Texture2D,forest_i02_icon,359587446535471780,image/roomtracksmallicon/forest_i02_icon.png,520,140,
image/roomtracksmallicon/forest_i04_icon,ab/f7/f71e6079857ec4535063904c1f6e5f9d.unity3d,Texture2D,forest_i04_icon,7726388830943894598,image/roomtracksmallicon/forest_i04_icon.png,520,140,
image/roomtracksmallicon/forest_i06_icon,ab/c1/c116c1facde2d90c56c1f5fec0533379.unity3d,Texture2D,forest_i06_icon,-2174120664018354859,image/roomtracksmallicon/forest_i06_icon.png,520,140,
image/roomtracksmallicon/forest_r02_icon01,ab/46/46989cabda43bf9cb04b3b60241e466e.unity3d,Texture2D,forest_r02_icon01,-4344201279696973686,image/roomtracksmallicon/forest_r02_icon01.png,520,140,
image/roomtracksmallicon/forest_r05_icon,ab/f8/f824c54c992fc88b6d2c01aa7ea7f7f8.unity3d,Texture2D,forest_r05_icon,7492644057697709283,image/roomtracksmallicon/forest_r05_icon.png,520,140,
image/roomtracksmallicon/god_r01_icon,ab/23/23f161b8411ec4b22f79e2fdbcba94ba.unity3d,Texture2D,god_r01_icon,7538478427322061356,image/roomtracksmallicon/god_r01_icon.png,468,152,
image/roomtracksmallicon/god_r02_icon,ab/cb/cb98c56667cbca775d4cc8bddb4f9c4c.unity3d,Texture2D,god_r02_icon,-3955794811087265297,image/roomtracksmallicon/god_r02_icon.png,520,140,
image/roomtracksmallicon/ice_c001_icon,ab/e8/e826ca522c1c51161d1389f5ffaf886a.unity3d,Texture2D,ice_c001_icon,-4897219830160467201,image/roomtracksmallicon/ice_c001_icon.png,520,140,
image/roomtracksmallicon/ice_i01_icon,ab/d1/d1976cab11070836787527f3124964e5.unity3d,Texture2D,ice_i01_icon,3195727186799921863,image/roomtracksmallicon/ice_i01_icon.png,520,140,
image/roomtracksmallicon/ice_i02_icon,ab/cf/cf28e0ebf05034db20c72894c28cb3b8.unity3d,Texture2D,ice_i02_icon,7410546089186544506,image/roomtracksmallicon/ice_i02_icon.png,520,140,
image/roomtracksmallicon/ice_i03_icon,ab/22/22fa380f5ee9ab43fc5e0b3a57fba165.unity3d,Texture2D,ice_i03_icon,3943155859786918434,image/roomtracksmallicon/ice_i03_icon.png,520,140,
image/roomtracksmallicon/ice_i05_icon,ab/d2/d2d8c0d8203f43072713f738c072ed45.unity3d,Texture2D,ice_i05_icon,6991157961169131921,image/roomtracksmallicon/ice_i05_icon.png,520,140,
image/roomtracksmallicon/ice_r01_icon,ab/d3/d31cc9fee85ff5e9434d16d8cf807654.unity3d,Texture2D,ice_r01_icon,-7805646337235724674,image/roomtracksmallicon/ice_r01_icon.png,520,140,
image/roomtracksmallicon/jurassic_i01_icon,ab/d5/d534c0d354bf597bd2a0c103ef9f8fff.unity3d,Texture2D,jurassic_i01_icon,8353591886722811193,image/roomtracksmallicon/jurassic_i01_icon.png,520,140,
image/roomtracksmallicon/jurassic_i02_icon,ab/c8/c8ce269ad141b5d79f6a6cea21dfa229.unity3d,Texture2D,jurassic_i02_icon,-3263285147674620422,image/roomtracksmallicon/jurassic_i02_icon.png,520,140,
image/roomtracksmallicon/jurassic_r03_icon,ab/c6/c6be094c744c6f4740890c926a0e409e.unity3d,Texture2D,jurassic_r03_icon,-4066004399410840235,image/roomtracksmallicon/jurassic_r03_icon.png,520,140,
image/roomtracksmallicon/map_jingdian,ab/c7/c75c28ed956d61b9c4023c2c800dfc23.unity3d,Texture2D,map_jingdian,896350631784122467,image/roomtracksmallicon/map_jingdian.png,520,140,
image/roomtracksmallicon/map_renqikunnan,ab/ed/ed9ba1cfbc419c4712f93d23d4d54e05.unity3d,Texture2D,map_renqikunnan,-6854592242410787438,image/roomtracksmallicon/map_renqikunnan.png,520,140,
image/roomtracksmallicon/mine_i01_icon,ab/d2/d200d6816736db1875d11ac63e52d8af.unity3d,Texture2D,mine_i01_icon,8684285419896017572,image/roomtracksmallicon/mine_i01_icon.png,520,140,
image/roomtracksmallicon/mine_i02_icon,ab/03/030f8cdb30fe501603ddee04bbea74cf.unity3d,Texture2D,mine_i02_icon,-3075389343197501389,image/roomtracksmallicon/mine_i02_icon.png,520,140,
image/roomtracksmallicon/mine_i03_icon,ab/d0/d09ee420b554c88f474e86b54d387abf.unity3d,Texture2D,mine_i03_icon,-6974408111984808846,image/roomtracksmallicon/mine_i03_icon.png,468,152,
image/roomtracksmallicon/mine_r01_icon,ab/0c/0c869f0b4389a705ac59f40dbebf1735.unity3d,Texture2D,mine_r01_icon,3332481834169023504,image/roomtracksmallicon/mine_r01_icon.png,520,140,
image/roomtracksmallicon/moonhill_r02_icon,ab/35/35c4521848ad62e8ce8b98aa2cb9a0b4.unity3d,Texture2D,moonhill_r02_icon,-5280450043767277587,image/roomtracksmallicon/moonhill_r02_icon.png,520,140,
image/roomtracksmallicon/nemo_i03_icon,ab/c5/c5cc67aa7230245c0a9be9668f809497.unity3d,Texture2D,nemo_i03_icon,7426937378426134998,image/roomtracksmallicon/nemo_i03_icon.png,468,152,
image/roomtracksmallicon/nemo_r01_icon,ab/3d/3d76ebb9009efb60d2adbc293df7df27.unity3d,Texture2D,nemo_r01_icon,-5612985332584083056,image/roomtracksmallicon/nemo_r01_icon.png,520,140,
image/roomtracksmallicon/northeu_i03_icon,ab/d5/d5d0862a33d9e15e3f793a43942ec496.unity3d,Texture2D,northeu_i03_icon,4122828071889964424,image/roomtracksmallicon/northeu_i03_icon.png,520,140,
image/roomtracksmallicon/northeu_r01_icon,ab/0a/0a439be46aab23b702b8087360cfe7ba.unity3d,Texture2D,northeu_r01_icon,-6872988579605508315,image/roomtracksmallicon/northeu_r01_icon.png,520,140,
image/roomtracksmallicon/park_r01_icon,ab/dd/dd48a616066a4c0e34a7c3e040743fda.unity3d,Texture2D,park_r01_icon,-2226373701107043827,image/roomtracksmallicon/park_r01_icon.png,520,140,
image/roomtracksmallicon/park_r02_icon,ab/16/1656137291810d6f716783c368058022.unity3d,Texture2D,park_r02_icon,7082087695427522975,image/roomtracksmallicon/park_r02_icon.png,520,140,
image/roomtracksmallicon/pirate_i03_icon,ab/49/49d684b3c17ca4646d7a982ae86f7555.unity3d,Texture2D,pirate_i03_icon,5984902100740219473,image/roomtracksmallicon/pirate_i03_icon.png,520,140,
image/roomtracksmallicon/pirate_r03_icon,ab/43/4368e8e2f038ae58fc09fc67375498ea.unity3d,Texture2D,pirate_r03_icon,-8739020423457808359,image/roomtracksmallicon/pirate_r03_icon.png,520,140,
image/roomtracksmallicon/sword_r02_icon,ab/dd/ddc7bd5fe76a7b91d94b5bea48dfce64.unity3d,Texture2D,sword_r02_icon,-6271728978924242414,image/roomtracksmallicon/sword_r02_icon.png,520,140,
image/roomtracksmallicon/tomb_i01_icon01,ab/cc/cc9f629aaf8f4f1a45f396a027d6fc09.unity3d,Texture2D,tomb_i01_icon01,-5479403418872989903,image/roomtracksmallicon/tomb_i01_icon01.png,520,140,
image/roomtracksmallicon/tomb_i04_icon,ab/ec/ec9bc6c93ca0694214f719a2a0b98f82.unity3d,Texture2D,tomb_i04_icon,605599163363495516,image/roomtracksmallicon/tomb_i04_icon.png,520,140,
image/roomtracksmallicon/tomb_r02_icon,ab/58/586bf8bd46a5edd21e5741a5123cfd8a.unity3d,Texture2D,tomb_r02_icon,7044712197313577293,image/roomtracksmallicon/tomb_r02_icon.png,520,140,
image/roomtracksmallicon/tomb_r03_icon,ab/42/42457d397a17d5199ac463192afc283d.unity3d,Texture2D,tomb_r03_icon,8534432614986588596,image/roomtracksmallicon/tomb_r03_icon.png,468,152,
image/roomtracksmallicon/village_i02_icon,ab/69/69ca97b36afbbc755063a80e7aa220e7.unity3d,Texture2D,village_i02_icon,6628011500691134413,image/roomtracksmallicon/village_i02_icon.png,520,140,
image/roomtracksmallicon/village_r01_icon01,ab/ec/ec79de1c40041975318f96f3bb949c93.unity3d,Texture2D,village_r01_icon01,-6030867640414317563,image/roomtracksmallicon/village_r01_icon01.png,520,140,
image/roomtracksmallicon/village_r03_icon,ab/17/17ec0251a1f9425e18ce82e49b151e71.unity3d,Texture2D,village_r03_icon,3775564178325126367,image/roomtracksmallicon/village_r03_icon.png,520,140,
image/roomtracksmallicon/wkc_r02_icon,ab/40/40dfa1dbd08310b8a4f741ee50e457b0.unity3d,Texture2D,wkc_r02_icon,7233767370070280213,image/roomtracksmallicon/wkc_r02_icon.png,468,152,
image/roomtracksmallicon/wkc_r03_icon,ab/42/42ced35d48c1e1e63fa48f0e13519963.unity3d,Texture2D,wkc_r03_icon,6721900029034500131,image/roomtracksmallicon/wkc_r03_icon.png,468,152,
image/roomtracksmallicon/wkc_r04_icon,ab/49/49ccd8a81232d0f28d6017b6c3a33978.unity3d,Texture2D,wkc_r04_icon,-3820591013779672684,image/roomtracksmallicon/wkc_r04_icon.png,520,140,
image/roomtracksmallicon/wkc_r05_icon,ab/cb/cbac60c642120579d417248b6a65627f.unity3d,Texture2D,wkc_r05_icon,-8243901091199996390,image/roomtracksmallicon/wkc_r05_icon.png,520,140,
image/roomtracksmallicon/world_i05_icon,ab/19/193a450068228af67ad42ffebcd7cc98.unity3d,Texture2D,world_i05_icon,-5156531249787456727,image/roomtracksmallicon/world_i05_icon.png,468,152,
image/roomtracksmallicon/world_r05_icon,ab/40/4015ba9893dd96f491c48255276461ed.unity3d,Texture2D,world_r05_icon,-1459850420830470158,image/roomtracksmallicon/world_r05_icon.png,520,140,
image/roomtracksmallicon/world_r06_icon,ab/3f/3f314d64806139afe1881c9883dc6649.unity3d,Texture2D,world_r06_icon,-3805028472151517520,image/roomtracksmallicon/world_r06_icon.png,520,140,
image/roomtracksmallicon/world_r10 icon,ab/51/5165316570005b070e24d456d22d8160.unity3d,Texture2D,world_r10 icon,-965297123805090552,image/roomtracksmallicon/world_r10_icon.png,520,140,
image/skillicon/10281,ab/16/16fdc5c47b4b54c1c151fb3d50149a5f.unity3d,Texture2D,10281,8884813499080277736,image/skillicon/10281.png,48,48,
image/skillicon/10303,ab/55/55531ca76ac149dc6b37e7a814c3af29.unity3d,Texture2D,10303,-4969054040933810708,image/skillicon/10303.png,48,48,
image/skillicon/10338,ab/cb/cb507ec1584ed2be412be90d570d5f49.unity3d,Texture2D,10338,-4454167794001910506,image/skillicon/10338.png,48,48,
image/skillicon/10480,ab/b8/b8522ad7dcefb7523fa4f59e2311c2d5.unity3d,Texture2D,10480,-7988838061803450875,image/skillicon/10480.png,48,48,
image/skillicon/10486,ab/03/036b9fa5f673dac898b90206e7d85e2c.unity3d,Texture2D,10486,-8611434270495033013,image/skillicon/10486.png,50,50,
image/skillicon/activewakeeff,ab/0c/0c8191f461b9f3665bb13120bd7f9e23.unity3d,Texture2D,activewakeeff,8677371275024728506,image/skillicon/activewakeeff.png,92,92,
image/skillicon/activewakeeff_half,ab/cb/cbc31cd927a3871b5993c604b548012b.unity3d,Texture2D,activewakeeff_half,-366781237244753194,image/skillicon/activewakeeff_half.png,92,92,
image/skillicon/beidiancitie,ab/27/27f03fb2bd6558ae907e7d264a34e602.unity3d,Texture2D,beidiancitie,6366265127628259105,image/skillicon/beidiancitie.png,48,48,
image/skillicon/beishuijd,ab/50/50b2f75f6216ba2e1e174bdc678cf39d.unity3d,Texture2D,beishuijd,-5000144267953794896,image/skillicon/beishuijd.png,48,48,
image/skillicon/beiyongn2o,ab/69/698fb49fcc123b8c4f24bf318c3e33bf.unity3d,Texture2D,beiyongn2o,-2803848554339616808,image/skillicon/beiyongn2o.png,48,48,
image/skillicon/beizhadedun,ab/bc/bc407c6cecde45420839075f71405863.unity3d,Texture2D,beizhadedun,9078754387375749455,image/skillicon/beizhadedun.png,48,48,
image/skillicon/bingkuaidanqi,ab/3c/3c9dceead45554993e8d71ca38abf992.unity3d,Texture2D,bingkuaidanqi,-5826221747441868139,image/skillicon/bingkuaidanqi.png,48,48,
image/skillicon/bingwencjd,ab/51/513646b0570c9371116cf0e68d2460bd.unity3d,Texture2D,bingwencjd,-2728033472243041703,image/skillicon/bingwencjd.png,48,48,
image/skillicon/bingxixueren,ab/3b/3be005abcf01970c8bce83533124574d.unity3d,Texture2D,bingxixueren,1047562258846238560,image/skillicon/bingxixueren.png,48,48,
image/skillicon/bpjhjiaopidszd,ab/02/02f4a49f85fc69edccb9ed9821146979.unity3d,Texture2D,bpjhjiaopidszd,-1553571259407376428,image/skillicon/bpjhjiaopidszd.png,48,48,
image/skillicon/chaoxuntuo,ab/0e/0ec74a29c726c0351fe5d2186b18d0a9.unity3d,Texture2D,chaoxuntuo,696075412219212471,image/skillicon/chaoxuntuo.png,48,48,
image/skillicon/chuansongluzhang,ab/31/311a25b8d29bb597768729295cadf664.unity3d,Texture2D,chuansongluzhang,-877765293768546914,image/skillicon/chuansongluzhang.png,48,48,
image/skillicon/citiebhd,ab/c0/c0690eb4b8a26070677614dbfc917a4f.unity3d,Texture2D,citiebhd,-4906567282464611133,image/skillicon/citiebhd.png,48,48,
image/skillicon/citiedamowang,ab/af/af3801b057939b1fbcb64e4ff0b5512e.unity3d,Texture2D,citiedamowang,1536303320380042204,image/skillicon/citiedamowang.png,48,48,
image/skillicon/citiedaodan,ab/cd/cddd8a21180196b659652ccd4ef34ce5.unity3d,Texture2D,citiedaodan,-1643257442560091602,image/skillicon/citiedaodan.png,48,48,
image/skillicon/citiehd,ab/d8/d8bd1adfabe2771597bcefd4b3b8ba62.unity3d,Texture2D,citiehd,7054990048324584212,image/skillicon/citiehd.png,48,48,
image/skillicon/citieshandian,ab/e3/e35766f3e1a9afdc2fe71ac9e19c0477.unity3d,Texture2D,citieshandian,-1865413759126340568,image/skillicon/citieshandian.png,48,48,
image/skillicon/cthjd,ab/f1/f1b012e0f881880fb82d1546b81fd02a.unity3d,Texture2D,cthjd,-5310763209369115393,image/skillicon/cthjd.png,48,48,
image/skillicon/cyuncmfd,ab/c5/c5ec2ce00543b5181df0850542f920e4.unity3d,Texture2D,cyuncmfd,-3409171176742658137,image/skillicon/cyuncmfd.png,48,48,
image/skillicon/dancidedun,ab/62/6258d3dffcc07bac8e24226b02ce78df.unity3d,Texture2D,dancidedun,-8820804807155254716,image/skillicon/dancidedun.png,48,48,
image/skillicon/danqidongli1,ab/69/699a7b45fab49a78066a191be6c39c19.unity3d,Texture2D,danqidongli1,331141287689149237,image/skillicon/danqidongli1.png,48,48,
image/skillicon/danqizhuandun,ab/0c/0cbe218a313386818f67e6bea9cb347c.unity3d,Texture2D,danqizhuandun,2381851086891906571,image/skillicon/danqizhuandun.png,48,48,
image/skillicon/daodanbucitie,ab/c9/c98b0ccf4999db20d3dc69fbd4646ad3.unity3d,Texture2D,daodanbucitie,1481832081995902795,image/skillicon/daodanbucitie.png,48,48,
image/skillicon/daodanbuqi,ab/f7/f74af7c64f506bd4159cd13326f437c0.unity3d,Texture2D,daodanbuqi,5335083043928709997,image/skillicon/daodanbuqi.png,48,48,
image/skillicon/daodanzcd,ab/46/46926b91d8971bff96073687815a420f.unity3d,Texture2D,daodanzcd,8807065230625578427,image/skillicon/daodanzcd.png,48,48,
image/skillicon/daodeng,ab/c6/c653a2292ab38bdd1b65edda090b0c62.unity3d,Texture2D,daodeng,-6213453435376660193,image/skillicon/daodeng.png,48,48,
image/skillicon/dcyzdcd,ab/e8/e8354163dde6a3809ce6978ace5b4e4c.unity3d,Texture2D,dcyzdcd,-8274732995894931148,image/skillicon/dcyzdcd.png,48,48,
image/skillicon/dianchangdc,ab/fb/fbf7f8d2ba6c7c3787e350a2222a876b.unity3d,Texture2D,dianchangdc,-6778173738877749392,image/skillicon/dianchangdc.png,48,48,
image/skillicon/diancidilei,ab/19/19c36b395ce7075e87c5a529842bf1b2.unity3d,Texture2D,diancidilei,8672629631114348442,image/skillicon/diancidilei.png,48,48,
image/skillicon/diancizhuandun,ab/fa/faa6809b733e3b7201edec8c8ae387c1.unity3d,Texture2D,diancizhuandun,9042924445728041321,image/skillicon/diancizhuandun.png,48,48,
image/skillicon/dilei,ab/cd/cd2a5bb1e12167a50a69a6716e93f1d8.unity3d,Texture2D,dilei,-4169150874918279013,image/skillicon/dilei.png,48,48,
image/skillicon/dingweiqiu,ab/27/2770459fc641fd2927033a3e8500bcbb.unity3d,Texture2D,dingweiqiu,-8040637840640773644,image/skillicon/dingweiqiu.png,48,48,
image/skillicon/dmdmzdd,ab/28/28bee4f2499582f3e13b996f4464a2d1.unity3d,Texture2D,dmdmzdd,9063395469360990293,image/skillicon/dmdmzdd.png,48,48,
image/skillicon/dsluzhang,ab/f3/f398ec514a94dc42bec66a732901ff25.unity3d,Texture2D,dsluzhang,8457459839122890037,image/skillicon/dsluzhang.png,48,48,
image/skillicon/duxingxianjing,ab/53/53c37d998f32fab93248daaf462978da.unity3d,Texture2D,duxingxianjing,3805813296926649213,image/skillicon/duxingxianjing.png,48,48,
image/skillicon/dzdttq,ab/b5/b5d25ab1656cf5d77bf0a4e9f221915b.unity3d,Texture2D,dzdttq,7787089989553901501,image/skillicon/dzdttq.png,48,48,
image/skillicon/fangcangying,ab/fb/fb52acbf20be42acb4643a1a0c07dc19.unity3d,Texture2D,fangcangying,-4136086185195311136,image/skillicon/fangcangying.png,48,48,
image/skillicon/fangshuifjd,ab/d0/d009f58d6125fdacee898547ce7eb600.unity3d,Texture2D,fangshuifjd,-122744306399809596,image/skillicon/fangshuifjd.png,48,48,
image/skillicon/fangyudanshui,ab/36/3682b86c2086f683ae15677944de4b12.unity3d,Texture2D,fangyudanshui,-3652195604576770002,image/skillicon/fangyudanshui.png,48,48,
image/skillicon/fangyudaodan,ab/0e/0e48cc414bd751e2ed151802082f421d.unity3d,Texture2D,fangyudaodan,3860989274346369606,image/skillicon/fangyudaodan.png,48,48,
image/skillicon/fangyudilei,ab/2d/2db73c618b2c9cc2ba3ad15f569ac4d2.unity3d,Texture2D,fangyudilei,-300764174822125602,image/skillicon/fangyudilei.png,48,48,
image/skillicon/fangyudilei2,ab/d0/d070bcf9770fae54bc679e15e794578b.unity3d,Texture2D,fangyudilei2,-7496552039780063841,image/skillicon/fangyudilei2.png,48,48,
image/skillicon/fangyufanglei,ab/de/dea89d6a60d2f96b42431a140e012bd6.unity3d,Texture2D,fangyufanglei,2919414289701110058,image/skillicon/fangyufanglei.png,48,48,
image/skillicon/fangyujinwen,ab/42/429cca97df42ad6c6c8804c346571fb6.unity3d,Texture2D,fangyujinwen,-505082676777410168,image/skillicon/fangyujinwen.png,48,48,
image/skillicon/fangyuluzhang,ab/d1/d1e193a4ce2a8441c45cf84b077f5d3f.unity3d,Texture2D,fangyuluzhang,1277436354208170423,image/skillicon/fangyuluzhang.png,48,48,
image/skillicon/fangyulzjp,ab/0c/0c84801d4e3db4b35198952fd3e5ea53.unity3d,Texture2D,fangyulzjp,1620848347646805596,image/skillicon/fangyulzjp.png,48,48,
image/skillicon/fangyulzjpyw,ab/e8/e8319df1e619e48d6cef8fccfe8eff06.unity3d,Texture2D,fangyulzjpyw,6102515867540070168,image/skillicon/fangyulzjpyw.png,48,48,
image/skillicon/fangyunangua,ab/50/503cc67adfbcd74c0f82d6930122337b.unity3d,Texture2D,fangyunangua,1719510083744032057,image/skillicon/fangyunangua.png,48,48,
image/skillicon/fangyushuizhadan,ab/1d/1d8fd154297bdc933290c1084ce893e7.unity3d,Texture2D,fangyushuizhadan,8532363834256787964,image/skillicon/fangyushuizhadan.png,48,48,
image/skillicon/feidiemowang,ab/3b/3bbd77cf90ebd104226ac573a5875f5f.unity3d,Texture2D,feidiemowang,-3347039519336608225,image/skillicon/feidiemowang.png,48,48,
image/skillicon/fenselihe,ab/bc/bc814028af9735cc8dad66c4a252b0c1.unity3d,Texture2D,fenselihe,-7097634468252261338,image/skillicon/fenselihe.png,48,48,
image/skillicon/fxsdaodandcd,ab/58/58d51df8dcc8a74f0fb4a07adf5ffd91.unity3d,Texture2D,fxsdaodandcd,-3196557932927571721,image/skillicon/fxsdaodandcd.png,48,48,
image/skillicon/gangjiadedan,ab/03/03f8f65797b24cc1b0e386196b6f2d84.unity3d,Texture2D,gangjiadedan,-5604159294740027570,image/skillicon/gangjiadedan.png,48,48,
image/skillicon/gangjiafy,ab/16/16b295d7419d263e8dfd035ee92f7dc5.unity3d,Texture2D,gangjiafy,-8275377214173280970,image/skillicon/gangjiafy.png,48,48,
image/skillicon/gdfyfzb,ab/64/64b8703b806f4d8e1b5ccbd86f6a5aaa.unity3d,Texture2D,gdfyfzb,-1483313769643758833,image/skillicon/gdfyfzb.png,48,48,
image/skillicon/gesila1,ab/ec/ec848ce1a159ce39f9f47c8cbe792d28.unity3d,Texture2D,gesila1,5784629871489473902,image/skillicon/gesila1.png,48,48,
image/skillicon/guidundd,ab/d3/d3e6c0509b358a579f51d64e2c1e5ef2.unity3d,Texture2D,guidundd,-7576655588234404219,image/skillicon/guidundd.png,48,48,
image/skillicon/guiguidanqi2,ab/02/02a5f8ba0ad31535a062364e4c428788.unity3d,Texture2D,guiguidanqi2,-5355094531296209034,image/skillicon/guiguidanqi2.png,48,48,
image/skillicon/heiyunjindunfeidie,ab/00/002db96659e01134f72f95f6b9b70a9c.unity3d,Texture2D,heiyunjindunfeidie,-8352976371012754820,image/skillicon/heiyunjindunfeidie.png,48,48,
image/skillicon/houzhuidongli,ab/cc/cc670d62151b138237141453f90cab5c.unity3d,Texture2D,houzhuidongli,-5663746321273437912,image/skillicon/houzhuidongli.png,48,48,
image/skillicon/houzhuidongli1,ab/19/19f934d62ece21b28b0ccec45f366a2a.unity3d,Texture2D,houzhuidongli1,9112551546942173670,image/skillicon/houzhuidongli1.png,48,48,
image/skillicon/huangjindanqi,ab/e0/e006378cfd3051a2822a67a064b39234.unity3d,Texture2D,huangjindanqi,5478023424944666835,image/skillicon/huangjindanqi.png,48,48,
image/skillicon/huangjinkangxing,ab/c7/c75134f6bdfda917c68e7ade4ee98a3f.unity3d,Texture2D,huangjinkangxing,3091382042238980788,image/skillicon/huangjinkangxing.png,48,48,
image/skillicon/huangjinshuicangying,ab/eb/eb534f504d8ca043fb65e239bef3f20d.unity3d,Texture2D,huangjinshuicangying,4768983393468924591,image/skillicon/huangjinshuicangying.png,48,48,
image/skillicon/huangjinshuizhadan,ab/19/19525579ef430f19cc4f2b703f913d52.unity3d,Texture2D,huangjinshuizhadan,4687066324020095281,image/skillicon/huangjinshuizhadan.png,48,48,
image/skillicon/huodsdzddan,ab/e3/e31a2f089044ab60a01d7e2e13d74420.unity3d,Texture2D,huodsdzddan,-353261518918756108,image/skillicon/huodsdzddan.png,48,48,
image/skillicon/huoqiursdlianfa,ab/43/4316a67c0e24c6f0b4420c8cf5ae7717.unity3d,Texture2D,huoqiursdlianfa,-6801647158136504781,image/skillicon/huoqiursdlianfa.png,48,48,
image/skillicon/huoyandaodan2,ab/c7/c77d0930d951ec6cdff689cfa7e70b46.unity3d,Texture2D,huoyandaodan2,-4463356020130143613,image/skillicon/huoyandaodan2.png,48,48,
image/skillicon/icon_charge,ab/29/29466f137f4054eec724f6aeed37a8b5.unity3d,Texture2D,icon_charge,-3463606253109965893,image/skillicon/icon_charge.png,48,48,
image/skillicon/icon_copy,ab/0d/0d61eaf6996a8d76e15a3708e0100e8b.unity3d,Texture2D,icon_copy,-8645927981855556473,image/skillicon/icon_copy.png,48,48,
image/skillicon/icon_forestbear,ab/0e/0e621fb3c63b1aaecc01203f8d1f01f0.unity3d,Texture2D,icon_forestbear,-1292052290294844373,image/skillicon/icon_forestbear.png,48,48,
image/skillicon/icon_forestking,ab/eb/eb2aa739c568b5ad5215cffc4976b9a8.unity3d,Texture2D,icon_forestking,4407952904667152987,image/skillicon/icon_forestking.png,48,48,
image/skillicon/icon_moguaifj,ab/ec/ece1ec5a88ca123586db52abbe179ca0.unity3d,Texture2D,icon_moguaifj,8879430430191029852,image/skillicon/icon_moguaifj.png,48,48,
image/skillicon/icon_wlbf,ab/c7/c7fb4280d502dbd632c081ec55d00152.unity3d,Texture2D,icon_wlbf,2993449887908225828,image/skillicon/icon_wlbf.png,48,48,
image/skillicon/icon_xiaopenqiang,ab/49/49873a38f7a6990df4cf63149432a6d7.unity3d,Texture2D,icon_xiaopenqiang,-3368909468890693950,image/skillicon/icon_xiaopenqiang.png,48,48,
image/skillicon/jiadianche,ab/28/287a004c3f605e4bb3e255333d3f1a2d.unity3d,Texture2D,jiadianche,4185939814244460245,image/skillicon/jiadianche.png,48,48,
image/skillicon/jiandiwuyunmidu,ab/40/4027e2f8c7f20ca576fae3763123859e.unity3d,Texture2D,jiandiwuyunmidu,-8757740427304609034,image/skillicon/jiandiwuyunmidu.png,48,48,
image/skillicon/jianongpmbq,ab/c7/c77c98a0d35bbc51b143a45d48037282.unity3d,Texture2D,jianongpmbq,-5985222465211132195,image/skillicon/jianongpmbq.png,48,48,
image/skillicon/jiansuche,ab/40/40788a2c63b3471c3c447f490994b34d.unity3d,Texture2D,jiansuche,-5320256182641284130,image/skillicon/jiansuche.png,48,48,
image/skillicon/jiaopibuqi,ab/d3/d3a08e542643d3dbad30dfffb7acba02.unity3d,Texture2D,jiaopibuqi,-6124019409234614922,image/skillicon/jiaopibuqi.png,48,48,
image/skillicon/jichudongli,ab/26/2681ed5da5dd088d9041d2e64ab133b8.unity3d,Texture2D,jichudongli,8703886781372409276,image/skillicon/jichudongli.png,48,48,
image/skillicon/jichudongli1,ab/62/62023024d679cccc5606a2b376845dde.unity3d,Texture2D,jichudongli1,3313543062145693486,image/skillicon/jichudongli1.png,48,48,
image/skillicon/jinbijiacheng,ab/65/658a966a36f9b1cf46a15e62109ff848.unity3d,Texture2D,jinbijiacheng,-6484703141052012463,image/skillicon/jinbijiacheng.png,48,48,
image/skillicon/jinglingmen,ab/66/66c43e9570821027f5caeb94b74bec44.unity3d,Texture2D,jinglingmen,3741592194046299221,image/skillicon/jinglingmen.png,48,48,
image/skillicon/jiqisudu1,ab/b6/b68664dfce15f4c00d047b0dea086772.unity3d,Texture2D,jiqisudu1,-6111140972813116397,image/skillicon/jiqisudu1.png,48,48,
image/skillicon/konglongdaodan,ab/f0/f0cae5ebf10f2a9bbcb7329aa22cc970.unity3d,Texture2D,konglongdaodan,6091119628731818989,image/skillicon/konglongdaodan.png,48,48,
image/skillicon/leishenchui,ab/58/58c920c3662427fd6b0d3fd3b3b313ee.unity3d,Texture2D,leishenchui,5736142209577102820,image/skillicon/leishenchui.png,48,48,
image/skillicon/lianxuzhadan,ab/e2/e21458699f5f7c966476b915ee99bf77.unity3d,Texture2D,lianxuzhadan,-7218372041752771275,image/skillicon/lianxuzhadan.png,48,48,
image/skillicon/luzhangddd,ab/c1/c1d0845fc83a8cc0c4ff5249bd9cbe06.unity3d,Texture2D,luzhangddd,896307063509911778,image/skillicon/luzhangddd.png,48,48,
image/skillicon/mowang,ab/c5/c52fcb8a678b9521b77e1624fbdc45a4.unity3d,Texture2D,mowang,-503202039760577068,image/skillicon/mowang.png,48,48,
image/skillicon/mowangshanhu,ab/04/0459b70cbcfe23a1efb49d529eb1862a.unity3d,Texture2D,mowangshanhu,3342841289874385955,image/skillicon/mowangshanhu.png,48,48,
image/skillicon/nanguadanqi,ab/bc/bc21a672dafe7fbb22d37fc5f1e9fb2a.unity3d,Texture2D,nanguadanqi,-7499658307983296871,image/skillicon/nanguadanqi.png,48,48,
image/skillicon/nianyadanqi,ab/f7/f75eaf2802fc2adcfa0eda3d24e50078.unity3d,Texture2D,nianyadanqi,8066039807499418742,image/skillicon/nianyadanqi.png,48,48,
image/skillicon/pengzhuangfangyu,ab/d0/d0dd7db796c67f4d4b3f9358413784ae.unity3d,Texture2D,pengzhuangfangyu,-1572809610452979320,image/skillicon/pengzhuangfangyu.png,48,48,
image/skillicon/pengzhuanggongji,ab/cf/cfdc6d43771f8ed149d465c942ee4d56.unity3d,Texture2D,pengzhuanggongji,-1815844759797486002,image/skillicon/pengzhuanggongji.png,48,48,
image/skillicon/piaoyidongli1,ab/28/28865c968ac0124d75bb9353096f7c07.unity3d,Texture2D,piaoyidongli1,6683207957876755463,image/skillicon/piaoyidongli1.png,48,48,
image/skillicon/piaoyizuduidanqidongli,ab/d8/d87579abf952459d6bd4b657d2902888.unity3d,Texture2D,piaoyizuduidanqidongli,6850913725426086619,image/skillicon/piaoyizuduidanqidongli.png,48,48,
image/skillicon/piaoyizuduidanqidongli1,ab/b3/b380dd3f32b0731f435bd6ff56f29893.unity3d,Texture2D,piaoyizuduidanqidongli1,-3149800881725150117,image/skillicon/piaoyizuduidanqidongli1.png,48,48,
image/skillicon/pingdifj,ab/70/700c7cf450869ba2552df70be735c84f.unity3d,Texture2D,pingdifj,-2994133540220720223,image/skillicon/pingdifj.png,48,48,
image/skillicon/qhshengyan,ab/be/be1a682a161025ad53c1a3aaaccbbc0f.unity3d,Texture2D,qhshengyan,8905316336267495578,image/skillicon/qhshengyan.png,48,48,
image/skillicon/qiangdaoluzhang,ab/cc/cc5c03e43088b4906e47607ac3d6c92a.unity3d,Texture2D,qiangdaoluzhang,-961729871445117264,image/skillicon/qiangdaoluzhang.png,48,48,
image/skillicon/qiangliqz,ab/e8/e8938995de2294e820ad95a9c135fd2f.unity3d,Texture2D,qiangliqz,201062120605344474,image/skillicon/qiangliqz.png,48,48,
image/skillicon/ranshaodan,ab/d2/d26ccf1f79bb26fbd9777abf9699a0ad.unity3d,Texture2D,ranshaodan,9156091934672392119,image/skillicon/ranshaodan.png,48,48,
image/skillicon/ranshaodzdcd,ab/e8/e84e6bd05bfd5ae099ed27c1f4e09265.unity3d,Texture2D,ranshaodzdcd,8607875911439585702,image/skillicon/ranshaodzdcd.png,48,48,
image/skillicon/rongyanzhadan,ab/c0/c0d956f7c893ee6df39c7940a1367ba8.unity3d,Texture2D,rongyanzhadan,3215727366635669654,image/skillicon/rongyanzhadan.png,48,48,
image/skillicon/rtbuhq,ab/cd/cd1aa9d163714892516a2926aadc9cb4.unity3d,Texture2D,rtbuhq,5983853033118019845,image/skillicon/rtbuhq.png,48,48,
image/skillicon/sanchongxiangjiao,ab/26/26af5dbee43ed0067c425676729ccd12.unity3d,Texture2D,sanchongxiangjiao,-5219508699488856189,image/skillicon/sanchongxiangjiao.png,48,48,
image/skillicon/sbwlian,ab/27/2746dc7b79292c7596ccca5370b05fe1.unity3d,Texture2D,sbwlian,5621852915150963703,image/skillicon/sbwlian.png,48,48,
image/skillicon/shandianbuqi,ab/03/03d1fbf8960489408dd84d721ac9be6d.unity3d,Texture2D,shandianbuqi,7658922029333269641,image/skillicon/shandianbuqi.png,48,48,
image/skillicon/shanqiuhuanjing,ab/65/65573b98983c932a484b888cb61162dd.unity3d,Texture2D,shanqiuhuanjing,6734372902695639371,image/skillicon/shanqiuhuanjing.png,48,48,
image/skillicon/shoujidzb,ab/bc/bcc05b63643b396fdacab472e2984d9d.unity3d,Texture2D,shoujidzb,3721680569001150377,image/skillicon/shoujidzb.png,48,48,
image/skillicon/shoujixiadan,ab/02/026a0424d8b8050432ffb1d5fb68a182.unity3d,Texture2D,shoujixiadan,4010345191929097573,image/skillicon/shoujixiadan.png,48,48,
image/skillicon/shuangchongdaodan,ab/0d/0d2d4f914809d3d69d4b218de98d3e03.unity3d,Texture2D,shuangchongdaodan,-7257616547021957945,image/skillicon/shuangchongdaodan.png,48,48,
image/skillicon/shuangfadaodan,ab/b8/b8b90356736356236c2bbf30483feb77.unity3d,Texture2D,shuangfadaodan,-4266452781987585962,image/skillicon/shuangfadaodan.png,48,48,
image/skillicon/shuangjiacheng,ab/bc/bcc211c8d1af118ce88f1d8f2be1d28f.unity3d,Texture2D,shuangjiacheng,3377133265766056069,image/skillicon/shuangjiacheng.png,48,48,
image/skillicon/shuicangying,ab/e9/e9b932bb987fbbf23619420a81328ae2.unity3d,Texture2D,shuicangying,-6835783219193338881,image/skillicon/shuicangying.png,48,48,
image/skillicon/shuicangyingbuqi,ab/ed/ed6849553ace10edfb703524d1bc2956.unity3d,Texture2D,shuicangyingbuqi,-3727688518948659216,image/skillicon/shuicangyingbuqi.png,48,48,
image/skillicon/shuiyingdaodan,ab/47/475ae16b604ed3df4bfd7b742bcdae2a.unity3d,Texture2D,shuiyingdaodan,-7852910822322268221,image/skillicon/shuiyingdaodan.png,48,48,
image/skillicon/shuizhabucangying,ab/46/46457894d39c57648dfa8b01e3d1c7a9.unity3d,Texture2D,shuizhabucangying,2156723141565862932,image/skillicon/shuizhabucangying.png,48,48,
image/skillicon/shuizhabuqi,ab/31/31ba1aa8336ae32c7822e5bf1996e759.unity3d,Texture2D,shuizhabuqi,5114378626201303964,image/skillicon/shuizhabuqi.png,48,48,
image/skillicon/shuizhadanbuqi,ab/af/af85d974a4e4fd954a4632ea2b530a50.unity3d,Texture2D,shuizhadanbuqi,7646820528788018217,image/skillicon/shuizhadanbuqi.png,48,48,
image/skillicon/suoxiaodianchang,ab/0c/0ca9ea09a894351723a63290c8475990.unity3d,Texture2D,suoxiaodianchang,-4577846622838672111,image/skillicon/suoxiaodianchang.png,48,48,
image/skillicon/taiyindaodan,ab/41/41516d4f4b03c873715fcd78f844190b.unity3d,Texture2D,taiyindaodan,167876102205641345,image/skillicon/taiyindaodan.png,48,48,
image/skillicon/taiyinxianjin,ab/65/65b8ebf2a72124c09a2ee4ba34080dfb.unity3d,Texture2D,taiyinxianjin,825730204542270411,image/skillicon/taiyinxianjin.png,48,48,
image/skillicon/tansheqibu,ab/c8/c8b72225b25e22ef67d3c8aabaad7271.unity3d,Texture2D,tansheqibu,-6777402567926652553,image/skillicon/tansheqibu.png,48,48,
image/skillicon/texing_icon_01_h,ab/0e/0e9525bb858012b9d8e914a4ddcc4098.unity3d,Texture2D,texing_icon_01_h,2326846521394438594,image/skillicon/texing_icon_01_h.png,48,48,
image/skillicon/tianhuo,ab/65/652f6682aa31ed2372f5564b3cdef1a9.unity3d,Texture2D,tianhuo,-1900199747157029077,image/skillicon/tianhuo.png,48,48,
image/skillicon/tiantianquan,ab/e5/e57199f602c57c887f6d9cffe36ed56e.unity3d,Texture2D,tiantianquan,-9190105072495800453,image/skillicon/tiantianquan.png,48,48,
image/skillicon/tianxie,ab/1d/1df5ed3a0568a6c809c5d4bfc61a26ab.unity3d,Texture2D,tianxie,-6870413594012919712,image/skillicon/tianxie.png,48,48,
image/skillicon/tiewangszd,ab/bc/bc5862b6ff05f31961983ad045c7c97a.unity3d,Texture2D,tiewangszd,7358854516915192257,image/skillicon/tiewangszd.png,48,48,
image/skillicon/tongxinzhongzi,ab/bc/bc71da316a59faf2675221f04d86de38.unity3d,Texture2D,tongxinzhongzi,1434946332795313188,image/skillicon/tongxinzhongzi.png,48,48,
image/skillicon/toudianche,ab/18/186ba1661727e927ea60fb1c32b76a1b.unity3d,Texture2D,toudianche,-3607122159224421211,image/skillicon/toudianche.png,48,48,
image/skillicon/tuanduimada,ab/55/55f0013c0dd5ff9a28abce98484de2d0.unity3d,Texture2D,tuanduimada,4077554042013551297,image/skillicon/tuanduimada.png,48,48,
image/skillicon/tuanzidl,ab/64/6484e33a9fbda1764ac69b2dfa5fcd57.unity3d,Texture2D,tuanzidl,4719034286499087076,image/skillicon/tuanzidl.png,48,48,
image/skillicon/tunshidamowang,ab/f4/f4c6aafdbf31aef87a51212ab3907b74.unity3d,Texture2D,tunshidamowang,-34280542195131498,image/skillicon/tunshidamowang.png,48,48,
image/skillicon/tunshizhiying,ab/d3/d3a3524c62415b25438219a6f1ead7f3.unity3d,Texture2D,tunshizhiying,7256848361869930649,image/skillicon/tunshizhiying.png,48,48,
image/skillicon/tuopiaodanqidongli,ab/d1/d16257056a718c5a52d43a952940ec5e.unity3d,Texture2D,tuopiaodanqidongli,7953296993110559211,image/skillicon/tuopiaodanqidongli.png,48,48,
image/skillicon/wakeoff,ab/51/516b952d4f3e2bf9669a9cf478222b7a.unity3d,Texture2D,wakeoff,7171511168178012284,image/skillicon/wakeoff.png,92,92,
image/skillicon/weiliutishi,ab/27/27d7ce4fce27019b7a70730d5f65bd25.unity3d,Texture2D,weiliutishi,-7504258152093280401,image/skillicon/weiliutishi.png,48,48,
image/skillicon/weiliuxiaoying,ab/26/262794e17218acd6c2a675f3523cb169.unity3d,Texture2D,weiliuxiaoying,-5373903674520386886,image/skillicon/weiliuxiaoying.png,48,48,
image/skillicon/wuxianqiqiu,ab/27/272b6c75de703e522d22d70b293f42c7.unity3d,Texture2D,wuxianqiqiu,-7664817111289239469,image/skillicon/wuxianqiqiu.png,48,48,
image/skillicon/xiangjiaoche,ab/41/41394d56ef4efc8d9b805ebecb4a9e62.unity3d,Texture2D,xiangjiaoche,1739386385358484835,image/skillicon/xiangjiaoche.png,48,48,
image/skillicon/xiaopendongli,ab/41/410e7441ff2cfe1e3b82bf088ae904e9.unity3d,Texture2D,xiaopendongli,2217605397090606253,image/skillicon/xiaopendongli.png,48,48,
image/skillicon/xiaopenshijian,ab/ec/ec679152d0d3f6b090894a83c074e925.unity3d,Texture2D,xiaopenshijian,-8552791531282724195,image/skillicon/xiaopenshijian.png,48,48,
image/skillicon/xiaopenshijian1,ab/29/29dfbfef6f1d31d16a6961df014acf43.unity3d,Texture2D,xiaopenshijian1,2828516039304473275,image/skillicon/xiaopenshijian1.png,48,48,
image/skillicon/xiayingfeibiao,ab/23/23386e6a3a030d17e8bd3a646c997ab6.unity3d,Texture2D,xiayingfeibiao,-7095786055256483051,image/skillicon/xiayingfeibiao.png,48,48,
image/skillicon/xielongbao,ab/40/400d1702ae49c1a98ee9c0209b5e5d30.unity3d,Texture2D,xielongbao,-2524933680244654922,image/skillicon/xielongbao.png,48,48,
image/skillicon/xielongdanxh,ab/f5/f5b04eefd8b917cae5fda21405d837ca.unity3d,Texture2D,xielongdanxh,-1081450494914315997,image/skillicon/xielongdanxh.png,48,48,
image/skillicon/xindanqi,ab/fd/fdf33ebc0d29e03bad1f949c95ae2216.unity3d,Texture2D,xindanqi,1416470378753588294,image/skillicon/xindanqi.png,48,48,
image/skillicon/xingxingdanqi,ab/53/5353adbd766deddfb85e4e3f92e37e5b.unity3d,Texture2D,xingxingdanqi,3030797696067376885,image/skillicon/xingxingdanqi.png,48,48,
image/skillicon/xiongmaodanqi,ab/19/19275cbbaa350646a47bb379c29e650a.unity3d,Texture2D,xiongmaodanqi,-2146573657891964700,image/skillicon/xiongmaodanqi.png,48,48,
image/skillicon/xiongmaodaodan,ab/fd/fd768541b3bafcd44e7bbf687e7800eb.unity3d,Texture2D,xiongmaodaodan,3605417175089336164,image/skillicon/xiongmaodaodan.png,48,48,
image/skillicon/xuedilei,ab/1d/1decbe6ffd797f03bfd38b7a1a2cdfd8.unity3d,Texture2D,xuedilei,-9148031413730248752,image/skillicon/xuedilei.png,48,48,
image/skillicon/xuerenfeidie,ab/e4/e424e4a8c0edf3e7bfb37fe8275b9f89.unity3d,Texture2D,xuerenfeidie,-2282772268782106061,image/skillicon/xuerenfeidie.png,48,48,
image/skillicon/xuntuo,ab/31/31d02981467fb869e2fe8211feac82e8.unity3d,Texture2D,xuntuo,5101999142102172639,image/skillicon/xuntuo.png,48,48,
image/skillicon/xuntuojincangying,ab/0b/0bc366b856bba9eddef1a65a2a4a003a.unity3d,Texture2D,xuntuojincangying,8770717196213153086,image/skillicon/xuntuojincangying.png,48,48,
image/skillicon/xwfcdche02,ab/f9/f98b00d52719ac56ac0d54ddd13fe3cf.unity3d,Texture2D,xwfCDche02,-6614480058128887093,image/skillicon/xwfcdche02.png,48,48,
image/skillicon/xwffzjsc01,ab/ee/ee90a62ddb9c4d8d1f3c2743ffd2ceea.unity3d,Texture2D,XWFFZJSC01,-4011723163252270649,image/skillicon/xwffzjsc01.png,48,48,
image/skillicon/xwfjiansutoudian03,ab/d8/d882853e4ba1c3538de9c7549fa8ce59.unity3d,Texture2D,xwfjiansutoudian03,-884391426477505245,image/skillicon/xwfjiansutoudian03.png,48,48,
image/skillicon/xwfjiansutoudianche02,ab/ec/ec4c610128d4506da53238448b0dea36.unity3d,Texture2D,xwfjiansutoudianche02,-180035400973341956,image/skillicon/xwfjiansutoudianche02.png,48,48,
image/skillicon/xwfjiasuche01,ab/70/70bb648b77eae904f53b3a74a58cd68e.unity3d,Texture2D,xwfJiasuche01,3930696124363261339,image/skillicon/xwfjiasuche01.png,48,48,
image/skillicon/xwfjncdc01,ab/ed/eda71586730183b5d7f506b7f7a9e480.unity3d,Texture2D,XWFJNCDC01,-7396361351194119659,image/skillicon/xwfjncdc01.png,48,48,
image/skillicon/xwfpbwjc01,ab/ec/ec3e940d99cea5a6a71b03603faa8211.unity3d,Texture2D,XWFPBWJC01,521370927017789906,image/skillicon/xwfpbwjc01.png,48,48,
image/skillicon/xwfsjsxc01,ab/03/03cdd48ce7c2a78a81123bed25362e13.unity3d,Texture2D,XWFSJSXC01,6610933487013768635,image/skillicon/xwfsjsxc01.png,48,48,
image/skillicon/xwftdc01,ab/1d/1de9c0d4c9e57f9115af4dd54db9dc4a.unity3d,Texture2D,XWFTDC01,-2883234164564882327,image/skillicon/xwftdc01.png,48,48,
image/skillicon/xwftianshiche02,ab/35/35687917c73e7584ec8f31e82a9f7116.unity3d,Texture2D,xwftianshiche02,265766973668554112,image/skillicon/xwftianshiche02.png,48,48,
image/skillicon/xwftsshc02,ab/b5/b57a0ef3591d24aaddce753e1e425966.unity3d,Texture2D,XWFTSSHC02,-929927507517715124,image/skillicon/xwftsshc02.png,48,48,
image/skillicon/xwftzlzc01,ab/67/6717ea18f08f87f66d5d522690fb783e.unity3d,Texture2D,XWFTZLZC01,-9075969632319628237,image/skillicon/xwftzlzc01.png,48,48,
image/skillicon/xwfzddlc02,ab/50/50e5b8376d2c9cae96018a9e0d3605d6.unity3d,Texture2D,XWFZDDLC02,-3242149523505334595,image/skillicon/xwfzddlc02.png,48,48,
image/skillicon/yayazhadan,ab/fb/fb70a76abf8bd1c9320f84c49446866a.unity3d,Texture2D,yayazhadan,4059597034303239377,image/skillicon/yayazhadan.png,48,48,
image/skillicon/yddtxxj,ab/b5/b5a63ef1f1e188d24ed88480bf8e30a8.unity3d,Texture2D,yddtxxj,3625231072730582430,image/skillicon/yddtxxj.png,48,48,
image/skillicon/yhdcgfdcdl,ab/16/16822810a282521227e7a25581966179.unity3d,Texture2D,yhdcgfdcdl,-381298540896058543,image/skillicon/yhdcgfdcdl.png,48,48,
image/skillicon/yinshen,ab/70/707130d96df60db10aff1a80535aed12.unity3d,Texture2D,yinshen,2133953134501614547,image/skillicon/yinshen.png,48,48,
image/skillicon/yunxing,ab/b0/b071e59dfd7f6d4e80e49605ee3171d5.unity3d,Texture2D,yunxing,4413718539463442350,image/skillicon/yunxing.png,48,48,
image/skillicon/yunxingdan,ab/0c/0c39c0698f94afa93d7577de79a9f464.unity3d,Texture2D,yunxingdan,2739270816037431966,image/skillicon/yunxingdan.png,48,48,
image/skillicon/yzbudun,ab/b5/b5a8e8fe3e2f3746558e91238a1aae5d.unity3d,Texture2D,yzbudun,-272509742491803143,image/skillicon/yzbudun.png,48,48,
image/skillicon/zhendangbo,ab/e5/e5ca80ba4705a013e3e3cd956548a2b7.unity3d,Texture2D,zhendangbo,-6887317702407235170,image/skillicon/zhendangbo.png,48,48,
image/skillicon/zhixianzuduidanqidongli,ab/31/31df292cb17a461fd9786ac5d1ca077d.unity3d,Texture2D,zhixianzuduidanqidongli,-6742817251716432696,image/skillicon/zhixianzuduidanqidongli.png,48,48,
image/skillicon/zhuzhudanqi,ab/16/161fab313c0d83cacd9c7502d23cad6f.unity3d,Texture2D,zhuzhudanqi,-4909448427289752917,image/skillicon/zhuzhudanqi.png,48,48,
image/skillicon/zibao,ab/eb/eba6f48b4d0e1e02fb0f5abfa6f66c42.unity3d,Texture2D,zibao,-1537664063384292900,image/skillicon/zibao.png,48,48,
image/skillicon/zibaobcy,ab/43/43e4a1f161416334018f966c083a824c.unity3d,Texture2D,zibaobcy,-3049370079389409807,image/skillicon/zibaobcy.png,48,48,
image/skillicon/zibaowang,ab/bc/bc7fe9999ffcad5a50d66c6dce024ba4.unity3d,Texture2D,zibaowang,-2013894767424749544,image/skillicon/zibaowang.png,48,48,
image/skillicon/zibaozbingbao,ab/d3/d35c76418a192f73a532a376ebba19f2.unity3d,Texture2D,zibaozbingbao,7454471700464809303,image/skillicon/zibaozbingbao.png,48,48,
image/skillicon/zidongjiqixiaolv,ab/32/327ea9f7b6eacdfc4b8df42672ccbcaf.unity3d,Texture2D,zidongjiqixiaolv,-314764224517801922,image/skillicon/zidongjiqixiaolv.png,48,48,
image/skillicon/zidongjiqixiaolv1,ab/c5/c5bd4fc9442395c066f25cef6beca264.unity3d,Texture2D,zidongjiqixiaolv1,-15806389064090670,image/skillicon/zidongjiqixiaolv1.png,48,48,
image/skillicon/zuduidanqidongli,ab/58/58934c6cbddd173d9bc9a752422cafb1.unity3d,Texture2D,zuduidanqidongli,5357982792910127105,image/skillicon/zuduidanqidongli.png,48,48,
image/skillicon/zuqiuhudun,ab/d2/d2d7d9f9af6757d48f919b38040e692f.unity3d,Texture2D,zuqiuhudun,2120686202575138199,image/skillicon/zuqiuhudun.png,48,48,
image/systemicon/growth mission_gaizhuang,ab/f9/f979403434b38488e9cefc2094cd6f26.unity3d,Texture2D,Growth mission_gaizhuang,-4933129287197425837,image/systemicon/growth_mission_gaizhuang.png,52,52,
image/systemicon/growth mission_tongxingzheng,ab/d5/d57e49125191631f49b30735246233da.unity3d,Texture2D,Growth mission_tongxingzheng,-6829991213489408739,image/systemicon/growth_mission_tongxingzheng.png,52,52,
image/systemicon/growth mission_tuzhuang,ab/2f/2ff4c5b2bc575af6acacef0328263a1c.unity3d,Texture2D,Growth mission_tuzhuang,-2312730607803736387,image/systemicon/growth_mission_tuzhuang.png,52,52,
image/systemicon/growth mission_zijian,ab/d3/d391f0701080dbe0d109ea08abcb8d6d.unity3d,Texture2D,Growth mission_zijian,-7516753669319827419,image/systemicon/growth_mission_zijian.png,52,52,
image/systemicon/growth-mission_jiazhao,ab/0a/0ac7d699bc63dea9925de2183c5011f8.unity3d,Texture2D,Growth-mission_jiazhao,6468301613721671919,image/systemicon/growth-mission_jiazhao.png,52,52,
image/systemicon/growth-mission_tianfu,ab/c1/c12614424bb3284cf1c4fa8b99e8e16e.unity3d,Texture2D,Growth-mission_tianfu,1651279135051393979,image/systemicon/growth-mission_tianfu.png,52,52,
image/trackicon/abyss_i03_icon,ab/af/afe3638091051ea87f03d1f9e3fcccc0.unity3d,Texture2D,abyss_i03_icon,4668859113950127541,image/trackicon/abyss_i03_icon.png,500,256,
image/trackicon/abyss_r02_icon,ab/b6/b67300918dc683651fe9ba4f5d80605f.unity3d,Texture2D,abyss_r02_icon,-9152521923196257195,image/trackicon/abyss_r02_icon.png,500,256,
image/trackicon/battlecource03_icon,ab/3f/3f8eb808d9caf68f4c3291143190f1ef.unity3d,Texture2D,battleCource03_icon,2082415112974290492,image/trackicon/battlecource03_icon.png,500,256,
image/trackicon/beach_i01_icon2,ab/65/65c1e37f13ecfc9c01fe1a30f1583b60.unity3d,Texture2D,beach_i01_icon2,-7406830081245867125,image/trackicon/beach_i01_icon2.png,340,176,
image/trackicon/beach_r01_icon,ab/f7/f76a2534e5c2e4b5db714585d65c7594.unity3d,Texture2D,beach_r01_icon,-571497117265538951,image/trackicon/beach_r01_icon.png,500,256,
image/trackicon/beach_r04_icon,ab/e3/e33731e4419b84d911df57a91effb585.unity3d,Texture2D,beach_r04_icon,-3961299362217280449,image/trackicon/beach_r04_icon.png,500,256,
image/trackicon/brodi_r01_icon,ab/17/177c950788841272a131d34d6c72e732.unity3d,Texture2D,brodi_r01_icon,-649411316187640940,image/trackicon/brodi_r01_icon.png,500,256,
image/trackicon/camelot_r02_icon,ab/2f/2fc18b28af999b5678ad035638a9300e.unity3d,Texture2D,camelot_r02_icon,-1285502285797984483,image/trackicon/camelot_r02_icon.png,500,256,
image/trackicon/castle_i02_icon,ab/cb/cb22b3be75810a6b4b6b9b578ee0e9b2.unity3d,Texture2D,castle_i02_icon,174985468315745619,image/trackicon/castle_i02_icon.png,500,256,
image/trackicon/castle_i03_icon,ab/55/55c66eac58355db3019ef358efb52259.unity3d,Texture2D,castle_i03_icon,9212665000182249842,image/trackicon/castle_i03_icon.png,500,256,
image/trackicon/castle_i04_icon,ab/64/6449b7c90e4efad21427801371ba779a.unity3d,Texture2D,castle_i04_icon,-3010475563064699693,image/trackicon/castle_i04_icon.png,500,256,
image/trackicon/castle_r01_icon2,ab/27/27348d415df23c9c3c2fc685b3b10126.unity3d,Texture2D,castle_r01_icon2,4337706728277850955,image/trackicon/castle_r01_icon2.png,340,176,
image/trackicon/china_i01_icon,ab/c8/c8906bc2359668c50497e9e1b6d7fc50.unity3d,Texture2D,china_i01_icon,3052140988309220418,image/trackicon/china_i01_icon.png,500,256,
image/trackicon/china_i02_icon,ab/e0/e0d21b9d4eb4d803a379abc142e6acb2.unity3d,Texture2D,china_i02_icon,2304442457244928423,image/trackicon/china_i02_icon.png,500,256,
image/trackicon/china_i05_icon,ab/0c/0cb1dfba54bebcdc772dfc6d32692de8.unity3d,Texture2D,china_i05_icon,6123271880912343292,image/trackicon/china_i05_icon.png,500,256,
image/trackicon/china_r02_icon2,ab/04/04cb8909711a421c7c207863419e9a0e.unity3d,Texture2D,china_r02_icon2,-8940857165624133199,image/trackicon/china_r02_icon2.png,500,256,
image/trackicon/china_r02_icon3,ab/d1/d13ef7bbccea270a45b2ef78bc455435.unity3d,Texture2D,china_r02_icon3,-880799315947276650,image/trackicon/china_r02_icon3.png,500,256,
image/trackicon/china_r05_icon,ab/d2/d286f0dba21d5bf057fa33525a80546a.unity3d,Texture2D,china_r05_icon,7637117161934874105,image/trackicon/china_r05_icon.png,500,256,
image/trackicon/china_r08_icon2,ab/62/621270486c82dbfae5fdc3bb2e50e090.unity3d,Texture2D,china_r08_icon2,-8363496312014562529,image/trackicon/china_r08_icon2.png,500,256,
image/trackicon/china_r08_icon3,ab/c1/c158cf580d34d743ff1dd0ad7ec5457e.unity3d,Texture2D,china_r08_icon3,-5629240266305767978,image/trackicon/china_r08_icon3.png,500,256,
image/trackicon/desert_i03_icon,ab/49/4980fb10c6054ed674e2c341ab08d0b9.unity3d,Texture2D,desert_i03_icon,-6550171183893200716,image/trackicon/desert_i03_icon.png,500,256,
image/trackicon/desert_r01_icon,ab/f9/f97a1d63793f611f503f1b259714e1a8.unity3d,Texture2D,desert_r01_icon,-5321359457390576660,image/trackicon/desert_r01_icon.png,500,256,
image/trackicon/desert_r01_icon1,ab/50/50fca41cde2f7b3575d506e83f483338.unity3d,Texture2D,desert_r01_icon1,8683199318938987937,image/trackicon/desert_r01_icon1.png,340,176,
image/trackicon/factory_r01_icon,ab/66/663515f25aa3c65898c5dcf9d68214d1.unity3d,Texture2D,factory_r01_icon,-4928866800148589329,image/trackicon/factory_r01_icon.png,500,256,
image/trackicon/factory_r01_icon1,ab/2d/2d25ab75676738b9241dff8fb7cbb75f.unity3d,Texture2D,factory_r01_icon1,-3098372452150027789,image/trackicon/factory_r01_icon1.png,340,176,
image/trackicon/factory_r02_icon,ab/e8/e869283bd1187feeb39c1853c8977a20.unity3d,Texture2D,factory_r02_icon,-6659733667217934246,image/trackicon/factory_r02_icon.png,500,256,
image/trackicon/factory_r03_icon,ab/46/46b6b17a03c06757f054e40822e48aa5.unity3d,Texture2D,factory_r03_icon,8458747495640857815,image/trackicon/factory_r03_icon.png,500,256,
image/trackicon/fairy_i01_icon,ab/3f/3f59f12b8be060649176efbcfe774d0f.unity3d,Texture2D,fairy_i01_icon,-4321103801292092226,image/trackicon/fairy_i01_icon.png,500,256,
image/trackicon/fairy_i04_icon,ab/f0/f024de13c73f19df4c130c6e9b58dc58.unity3d,Texture2D,fairy_I04_icon,8712908888321583140,image/trackicon/fairy_i04_icon.png,500,256,
image/trackicon/fairy_r01_icon,ab/c1/c177cec8e7a090b8c60b7dd7c345f4b3.unity3d,Texture2D,fairy_r01_icon,4313846667451431117,image/trackicon/fairy_r01_icon.png,500,256,
image/trackicon/forest_i02_icon,ab/f3/f37e23cd5d66b664eca9e6a2eb536f70.unity3d,Texture2D,forest_i02_icon,-839678680747692326,image/trackicon/forest_i02_icon.png,500,256,
image/trackicon/forest_i05_icon,ab/26/269f062d85b3710e034aeb9ed5403a55.unity3d,Texture2D,forest_i05_icon,-5307262124590169393,image/trackicon/forest_i05_icon.png,500,256,
image/trackicon/forest_i05_icon2,ab/47/47efe093603daf2b22a73954b9c9415e.unity3d,Texture2D,forest_i05_icon2,3690116017546415155,image/trackicon/forest_i05_icon2.png,340,176,
image/trackicon/forest_i06_icon,ab/70/70cea9cdcd13464657e937953b524b12.unity3d,Texture2D,forest_i06_icon,-989763554452299821,image/trackicon/forest_i06_icon.png,500,256,
image/trackicon/forest_i07_icon,ab/cb/cb9a4c58658526bc913200736df61dc8.unity3d,Texture2D,forest_i07_icon,3612865541441460158,image/trackicon/forest_i07_icon.png,500,256,
image/trackicon/forest_r02_icon1,ab/42/4247583927a35f9460936f5c1142aed0.unity3d,Texture2D,forest_r02_icon1,-764045974251076878,image/trackicon/forest_r02_icon1.png,340,176,
image/trackicon/forest_r04_icon,ab/c0/c0dc5f29375da91f8af99e71004a2aa9.unity3d,Texture2D,forest_r04_icon,-6173175857221465894,image/trackicon/forest_r04_icon.png,500,256,
image/trackicon/forest_r04_icon1,ab/31/3180999c69643549e0fc63eb4f64b2b2.unity3d,Texture2D,forest_r04_icon1,3098090300005932054,image/trackicon/forest_r04_icon1.png,340,176,
image/trackicon/forest_r05_icon,ab/e2/e2dc2a231bca2b238ce7e15f4141414f.unity3d,Texture2D,forest_r05_icon,8106551870754619828,image/trackicon/forest_r05_icon.png,500,256,
image/trackicon/forest_r06_icon,ab/b6/b6e92d17bb2cc7e321d0dabb90e95306.unity3d,Texture2D,forest_r06_icon,-7300364730169612458,image/trackicon/forest_r06_icon.png,500,256,
image/trackicon/god_i02_icon,ab/18/18d58aecee3b19cdb7f08fcb6ddbbb16.unity3d,Texture2D,god_i02_icon,8435402485667957912,image/trackicon/god_i02_icon.png,500,256,
image/trackicon/god_r02_icon,ab/c6/c6e845f8f0dd1189c5d08892d4f57b27.unity3d,Texture2D,god_r02_icon,-7298254327847710198,image/trackicon/god_r02_icon.png,500,256,
image/trackicon/gold_r01_icon,ab/af/afdbadd31d84dea1884c32a9f49e1698.unity3d,Texture2D,gold_r01_icon,-7144702956312322339,image/trackicon/gold_r01_icon.png,500,256,
image/trackicon/gold_r02_icon2,ab/70/700e3f8ea5a55c629c37372f6ba0808b.unity3d,Texture2D,gold_r02_icon2,8383238396989523187,image/trackicon/gold_r02_icon2.png,340,176,
image/trackicon/gold_r02_icon3,ab/02/02a76d748898e497992bfb9d64db9084.unity3d,Texture2D,gold_r02_icon3,5285772224278738163,image/trackicon/gold_r02_icon3.png,340,176,
image/trackicon/ice_f01_icon,ab/b3/b3e91f6b4e66fae0fba267cbf4222e8b.unity3d,Texture2D,ice_f01_icon,-1203175694271382800,image/trackicon/ice_f01_icon.png,500,256,
image/trackicon/ice_i02_icon,ab/40/40b84aabcf63bac5d810966e75e0ab6d.unity3d,Texture2D,ice_i02_icon,-1352336672308144234,image/trackicon/ice_i02_icon.png,500,256,
image/trackicon/ice_i05_icon,ab/0d/0d667336343fe7a558c5b2ebf8985c4f.unity3d,Texture2D,ice_i05_icon,-7790831619310971752,image/trackicon/ice_i05_icon.png,500,256,
image/trackicon/ice_r01_icon,ab/67/677549c7ee745d18c64b07c31437da5a.unity3d,Texture2D,ice_r01_icon,-3271547207205310924,image/trackicon/ice_r01_icon.png,500,256,
image/trackicon/ice_r03_icon,ab/64/648f9927eec543f50a07bb6edfb45ddc.unity3d,Texture2D,ice_r03_icon,4330922184236974127,image/trackicon/ice_r03_icon.png,500,256,
image/trackicon/jurassic_i02_icon,ab/3b/3baa78b26a9f1717eb1a1c1028d74490.unity3d,Texture2D,jurassic_i02_icon,-6891284056111701146,image/trackicon/jurassic_i02_icon.png,500,256,
image/trackicon/jurassic_r01_icon,ab/bd/bd7e9f59f11bb90576756f6d5e12a55e.unity3d,Texture2D,jurassic_r01_icon,-6151777782820180707,image/trackicon/jurassic_r01_icon.png,500,256,
image/trackicon/jurassic_r03_icon,ab/66/6696fc7d451b1562ae4cd2ee22834cd8.unity3d,Texture2D,jurassic_r03_icon,4875639613507805732,image/trackicon/jurassic_r03_icon.png,500,256,
image/trackicon/jurassic_r03_icon1,ab/03/03a64444f0d6f55ca6688e7189b1fc47.unity3d,Texture2D,jurassic_r03_icon1,-1212605140705139370,image/trackicon/jurassic_r03_icon1.png,340,176,
image/trackicon/jurassic_r04_icon,ab/f5/f5eb6c4f8608549575f6d8e432cb6edf.unity3d,Texture2D,jurassic_r04_icon,1399703340415636615,image/trackicon/jurassic_r04_icon.png,500,256,
image/trackicon/map_chuanqi,ab/d0/d0bd6cb135115ceccde057d1d47bc421.unity3d,Texture2D,map_chuanqi,-8891920181689678744,image/trackicon/map_chuanqi.png,500,256,
image/trackicon/map_renqijiandan,ab/0a/0a1b34b218601e2fca54b29908747cb5.unity3d,Texture2D,map_renqijiandan,4555307267906518963,image/trackicon/map_renqijiandan.png,500,256,
image/trackicon/map_xintu,ab/16/16cbb5c73c10bfc729dbc5b1836462f3.unity3d,Texture2D,map_xintu,-3399671292746053673,image/trackicon/map_xintu.png,500,256,
image/trackicon/mechanic_i01_icon,ab/22/22072ac3de7780a9b6c9f2bcdc8c5189.unity3d,Texture2D,mechanic_i01_icon,-6681423564083773472,image/trackicon/mechanic_i01_icon.png,500,256,
image/trackicon/mechanic_r01_icon,ab/f1/f1ccfb14e617249933bec697aa281c3f.unity3d,Texture2D,mechanic_r01_icon,-3619354713352183160,image/trackicon/mechanic_r01_icon.png,500,256,
image/trackicon/mine_i02_icon,ab/32/32c23d24119d737eadef1e4906396465.unity3d,Texture2D,mine_i02_icon,-5220614848311256928,image/trackicon/mine_i02_icon.png,500,256,
image/trackicon/mine_r01_icon,ab/b5/b5853060899ae147b45b76ab918a661b.unity3d,Texture2D,mine_r01_icon,6751759524855732504,image/trackicon/mine_r01_icon.png,500,256,
image/trackicon/mine_r02_icon,ab/c1/c18dcfbf2911d4ba543dbefe0f875804.unity3d,Texture2D,mine_r02_icon,7772373422557761711,image/trackicon/mine_r02_icon.png,500,256,
image/trackicon/moonhill_i03_icon,ab/2f/2f43a2ef1c0a862a8fdc98626f8f00de.unity3d,Texture2D,moonhill_i03_icon,-789720916511414825,image/trackicon/moonhill_i03_icon.png,500,256,
image/trackicon/moonhill_r01_icon,ab/3b/3bcc55d3de04a23ff330efdaefe7ee75.unity3d,Texture2D,moonhill_r01_icon,-187713644062102355,image/trackicon/moonhill_r01_icon.png,500,256,
image/trackicon/nemo_i01_icon,ab/36/3604cad33fb24db8c9a53804ba44607c.unity3d,Texture2D,nemo_i01_icon,-527050081685083032,image/trackicon/nemo_i01_icon.png,500,256,
image/trackicon/nemo_i02_icon,ab/bc/bccd19a477d1b590017c88f70aece5dd.unity3d,Texture2D,nemo_i02_icon,8206568459876146340,image/trackicon/nemo_i02_icon.png,500,256,
image/trackicon/nemo_i03_icon,ab/0c/0cddbfbe24c4254d59e9c3786b6bf6e1.unity3d,Texture2D,nemo_i03_icon,8813277101662942082,image/trackicon/nemo_i03_icon.png,500,256,
image/trackicon/nemo_r01_icon1,ab/e2/e287bcbe3b9774452bdc98fdb82a324e.unity3d,Texture2D,nemo_r01_icon1,-6050076112042489392,image/trackicon/nemo_r01_icon1.png,500,256,
image/trackicon/northeu_i01_icon,ab/42/42c2928c82246144b06438e2ec88beac.unity3d,Texture2D,northeu_i01_icon,-3965682665494397991,image/trackicon/northeu_i01_icon.png,500,256,
image/trackicon/northeu_i05_icon01,ab/f1/f13d318ce97c5269908f8153703ae2d7.unity3d,Texture2D,northeu_i05_icon01,7584433704406324434,image/trackicon/northeu_i05_icon01.png,500,256,
image/trackicon/northeu_i08_icon,ab/64/644a87000af08a6f14c6b5d2675f7ca9.unity3d,Texture2D,northeu_i08_icon,6209578982619359869,image/trackicon/northeu_i08_icon.png,500,256,
image/trackicon/northeu_r01_icon2,ab/e8/e8d726c05bb6329967accdd84f8bd2ea.unity3d,Texture2D,northeu_r01_icon2,2710946381370445352,image/trackicon/northeu_r01_icon2.png,340,176,
image/trackicon/northeu_r01_icon3,ab/3b/3b1000e53088edcdc90de9b84ba0ff32.unity3d,Texture2D,northeu_r01_icon3,-7115452045553770248,image/trackicon/northeu_r01_icon3.png,340,176,
image/trackicon/northeu_r03_icon,ab/ca/cafaaec815439d89d2d0fa58bb041034.unity3d,Texture2D,northeu_r03_icon,3746672546937133162,image/trackicon/northeu_r03_icon.png,500,256,
image/trackicon/nymph_i02_icon,ab/67/679f9147aaf09311e3a9c16d1f77a4d6.unity3d,Texture2D,nymph_i02_icon,90492015680833177,image/trackicon/nymph_i02_icon.png,500,256,
image/trackicon/park_r02_icon,ab/f1/f1b5c2e192236ce631cdf9d46f3af588.unity3d,Texture2D,park_r02_icon,-5045528882962826129,image/trackicon/park_r02_icon.png,500,256,
image/trackicon/pirate_i01_icon,ab/cd/cdb37846e6f0d32a68ece3a21f22d0b1.unity3d,Texture2D,pirate_i01_icon,-8721925706621870189,image/trackicon/pirate_i01_icon.png,500,256,
image/trackicon/pirate_r01_icon2,ab/d5/d5142f919dc7a7b75d29362c81203e81.unity3d,Texture2D,pirate_r01_icon2,-7826981126775543928,image/trackicon/pirate_r01_icon2.png,340,176,
image/trackicon/pirate_r02_icon,ab/28/28e1c15fb36aea6734afc312cecf896d.unity3d,Texture2D,pirate_r02_icon,1819759336218569527,image/trackicon/pirate_r02_icon.png,500,256,
image/trackicon/pirate_r02_icon1,ab/0d/0d7e600b34eddb649e017c324e943554.unity3d,Texture2D,Pirate_r02_icon1,-7808829964815958749,image/trackicon/pirate_r02_icon1.png,340,176,
image/trackicon/pirate_r02_icon2,ab/d0/d01e4f22279d16d0ecef48a129293645.unity3d,Texture2D,Pirate_r02_icon2,-4288047648398301113,image/trackicon/pirate_r02_icon2.png,340,176,
image/trackicon/pirate_r03_icon1,ab/41/413dd46158113dac3b8cf17b20f5f2cf.unity3d,Texture2D,pirate_r03_icon1,7436276887027354835,image/trackicon/pirate_r03_icon1.png,500,256,
image/trackicon/pirate_r03_icon2,ab/eb/ebcbfe5886c2fd79a6d731db8b909544.unity3d,Texture2D,pirate_r03_icon2,3546307298104044434,image/trackicon/pirate_r03_icon2.png,500,256,
image/trackicon/pirate_r04_icon,ab/f1/f17c05093e6b910b523d4bd9c8686024.unity3d,Texture2D,pirate_r04_icon,68998519665015687,image/trackicon/pirate_r04_icon.png,500,256,
image/trackicon/random_suijijingsu,ab/bd/bdb77355126f92b13e5a9631999acd91.unity3d,Texture2D,random_suijijingsu,-5785699722755360979,image/trackicon/random_suijijingsu.png,372,212,
image/trackicon/shouce/beixifuwei,ab/f4/f4f119a52f2f8878a28ba0d346567cee.unity3d,Texture2D,beixifuwei,4985653714236260315,image/trackicon/shouce/beixifuwei.png,900,500,
image/trackicon/shouce/chaojidanqi,ab/f7/f73b432ceece3515efa6c6ad35609cd1.unity3d,Texture2D,chaojidanqi,-4873826922097308500,image/trackicon/shouce/chaojidanqi.png,900,500,
image/trackicon/shouce/chaojishuicangying,ab/e2/e24ace2c744123ae35c3ea9e0f196567.unity3d,Texture2D,chaojishuicangying,-4193864975222206164,image/trackicon/shouce/chaojishuicangying.png,900,500,
image/trackicon/shouce/chechong,ab/42/42ef6f5848e051d211b1caabf2373dd0.unity3d,Texture2D,chechong,-1356383324626841777,image/trackicon/shouce/chechong.png,900,500,
image/trackicon/shouce/chuanqiangdaodan,ab/ca/ca98e86156d712dba1dd962c24d1ec14.unity3d,Texture2D,chuanqiangdaodan,2893351482803050122,image/trackicon/shouce/chuanqiangdaodan.png,900,500,
image/trackicon/shouce/citie,ab/bc/bc3209ae77601b9279af77d43e264a9d.unity3d,Texture2D,citie,1826030946172777836,image/trackicon/shouce/citie.png,900,500,
image/trackicon/shouce/daodan,ab/04/046c11aeb47c275655a7e2e88183b2ba.unity3d,Texture2D,daodan,-7869873963506452672,image/trackicon/shouce/daodan.png,900,500,
image/trackicon/shouce/daojudanqi,ab/3c/3cb6de2fb7f2e01e175798f1430dedc7.unity3d,Texture2D,daojudanqi,1007283988147617661,image/trackicon/shouce/daojudanqi.png,900,500,
image/trackicon/shouce/diancibo,ab/26/268792e12fa90a9bd23675420412a598.unity3d,Texture2D,diancibo,-964229204137273108,image/trackicon/shouce/diancibo.png,900,500,
image/trackicon/shouce/dianpiaowuhuizheng,ab/40/4011f1f8dae89eddfe050f40f58d2da1.unity3d,Texture2D,dianpiaowuhuizheng,6565051770847785615,image/trackicon/shouce/dianpiaowuhuizheng.png,900,500,
image/trackicon/shouce/duanpiaobuqi,ab/58/582dfe7c9a74948b8e0476be4c6cab0b.unity3d,Texture2D,duanpiaobuqi,112936124025654602,image/trackicon/shouce/duanpiaobuqi.png,900,500,
image/trackicon/shouce/duobishuizhadan,ab/e8/e8cfb0f181e5b2eccb13af698b291438.unity3d,Texture2D,duobishuizhadan,5779132951761722689,image/trackicon/shouce/duobishuizhadan.png,900,500,
image/trackicon/shouce/fanxiangxingshi,ab/e5/e5901d0107be3fca8f993ea35189bb90.unity3d,Texture2D,fanxiangxingshi,-1564052895190447280,image/trackicon/shouce/fanxiangxingshi.png,900,500,
image/trackicon/shouce/feidie,ab/c0/c05cfa8653dc26b234f06cbd8b3c560e.unity3d,Texture2D,feidie,-1419231640414583770,image/trackicon/shouce/feidie.png,900,500,
image/trackicon/shouce/fuwei,ab/f1/f1e8436d784b1ac0dc58792b8c6a93b2.unity3d,Texture2D,fuwei,6776073988443347789,image/trackicon/shouce/fuwei.png,900,500,
image/trackicon/shouce/guanchataiyin,ab/c5/c5d3fcae7b1f37422e87d914953afdbe.unity3d,Texture2D,guanchataiyin,-2040115150778326048,image/trackicon/shouce/guanchataiyin.png,900,500,
image/trackicon/shouce/huangjindun,ab/3d/3d2a4216c090652b37c765335bea5d53.unity3d,Texture2D,huangjindun,-3073498170888477694,image/trackicon/shouce/huangjindun.png,900,500,
image/trackicon/shouce/juneiyindao,ab/36/3645679d36796f4366b4bb28a6a968b4.unity3d,Texture2D,juneiyindao,-4916103117202704192,image/trackicon/shouce/juneiyindao.png,900,500,
image/trackicon/shouce/kongzhongcitie,ab/d1/d118887507bce90305af653ea50da3a2.unity3d,Texture2D,kongzhongcitie,6770528344160812287,image/trackicon/shouce/kongzhongcitie.png,900,500,
image/trackicon/shouce/s_wan,ab/be/be6bfb9af899f6e8ada6fc039b6847bd.unity3d,Texture2D,s_wan,-5725411973661466779,image/trackicon/shouce/s_wan.png,900,500,
image/trackicon/shouce/shiji,ab/03/03ecb3fd3a0af654bb72052d572218df.unity3d,Texture2D,shiji,5368188003900537535,image/trackicon/shouce/shiji.png,900,500,
image/trackicon/shouce/shuicangying,ab/cc/cce0e17f19f1f98bd92434276fc6c5bf.unity3d,Texture2D,shuicangying,-2215019447400724500,image/trackicon/shouce/shuicangying.png,900,500,
image/trackicon/shouce/shunshibaochong,ab/d3/d318119d4698cae5ae6081b423a972da.unity3d,Texture2D,shunshibaochong,2424937001749432317,image/trackicon/shouce/shunshibaochong.png,900,500,
image/trackicon/shouce/tianshi,ab/28/28f64db9654cc3decd2f7140eb0f7a10.unity3d,Texture2D,tianshi,-4795749568053872594,image/trackicon/shouce/tianshi.png,900,500,
image/trackicon/shouce/toushi,ab/e8/e851dd33471cb82879883fdf6f3bc83b.unity3d,Texture2D,toushi,8466618750823340699,image/trackicon/shouce/toushi.png,900,500,
image/trackicon/shouce/toushijing,ab/36/36622b887038093467c4790d26762af1.unity3d,Texture2D,toushijing,-4636084667910657112,image/trackicon/shouce/toushijing.png,900,500,
image/trackicon/shouce/tuandui,ab/0e/0ef7c3f9d0aff8c562c9d920fee21220.unity3d,Texture2D,tuandui,-4871464717306403108,image/trackicon/shouce/tuandui.png,900,500,
image/trackicon/shouce/wudanqipiaoyi,ab/36/364977d72efc35992cd010670e4e58c7.unity3d,Texture2D,wudanqipiaoyi,3169301980962290085,image/trackicon/shouce/wudanqipiaoyi.png,900,500,
image/trackicon/shouce/yinshendanqi,ab/40/40784a8284903a35ba22ef7c76295ec6.unity3d,Texture2D,yinshendanqi,-2970859539888115159,image/trackicon/shouce/yinshendanqi.png,900,500,
image/trackicon/shouce/you_u_wan,ab/af/af9d1f8e78a25ccfb1191f35bab71bbc.unity3d,Texture2D,you_u_wan,7896516629569097273,image/trackicon/shouce/you_u_wan.png,900,500,
image/trackicon/shouce/yunwu,ab/3c/3c7183db8d5d8f1cf5bdd86bd92b0d56.unity3d,Texture2D,yunwu,2197243827784844708,image/trackicon/shouce/yunwu.png,900,500,
image/trackicon/shouce/zhongjianxingshi,ab/ec/ecd1ae1ccdecf6fe17f5eaeb653778e4.unity3d,Texture2D,zhongjianxingshi,1007075040526309385,image/trackicon/shouce/zhongjianxingshi.png,900,500,
image/trackicon/shouce/zuijiahua,ab/f5/f5db9e1c83a380fe6e36fc67d76a4346.unity3d,Texture2D,zuijiahua,3532787845944802354,image/trackicon/shouce/zuijiahua.png,900,500,
image/trackicon/shouce/zuozhuan,ab/e8/e86696adc7d223176d2e7b69c0cc5a90.unity3d,Texture2D,zuozhuan,7012744859030273201,image/trackicon/shouce/zuozhuan.png,900,500,
image/trackicon/steam_i01_icon,ab/c0/c0cff7cefb89914925fe5c9e5372c510.unity3d,Texture2D,steam_i01_icon,-9000895275976553141,image/trackicon/steam_i01_icon.png,500,256,
image/trackicon/stream_r02_icon2,ab/1d/1d31be6f5940a3d8566d748845a78a81.unity3d,Texture2D,stream_r02_icon2,-4860296569600074820,image/trackicon/stream_r02_icon2.png,340,176,
image/trackicon/sword_i01_icon,ab/f9/f97ca886b9c330b8e08267705bcf9f02.unity3d,Texture2D,sword_i01_icon,-357487951637710948,image/trackicon/sword_i01_icon.png,500,256,
image/trackicon/sword_i02_icon,ab/fd/fda23c71d16fc3b25912dbf1388a5ec4.unity3d,Texture2D,sword_i02_icon,1422849486253282482,image/trackicon/sword_i02_icon.png,500,256,
image/trackicon/sword_r02_icon,ab/af/af629f9070185cf4db31c031c01b3856.unity3d,Texture2D,sword_r02_icon,-4079998230696536541,image/trackicon/sword_r02_icon.png,500,256,
image/trackicon/tomb_i04_icon,ab/41/411a48e96ff88bce7a307619780d9ffa.unity3d,Texture2D,tomb_i04_icon,5778522823221049929,image/trackicon/tomb_i04_icon.png,500,256,
image/trackicon/tomb_r02_icon,ab/cd/cdffd0c4ab5e3e96d967d3121abba4f5.unity3d,Texture2D,tomb_r02_icon,1636156553846424951,image/trackicon/tomb_r02_icon.png,500,256,
image/trackicon/tomb_r02_icon2,ab/53/534fe96ecd64aac12882231a15d39cfe.unity3d,Texture2D,tomb_r02_icon2,4963845527864552605,image/trackicon/tomb_r02_icon2.png,500,256,
image/trackicon/tomb_r02_icon3,ab/0a/0a79afad53fd27d3121acd2a65d82e7b.unity3d,Texture2D,tomb_r02_icon3,-1407506159056812203,image/trackicon/tomb_r02_icon3.png,500,256,
image/trackicon/village_c101_icon,ab/b6/b6502cafcf6b61e0e43e2b70f98569be.unity3d,Texture2D,village_c101_icon,3275903849026178010,image/trackicon/village_c101_icon.png,500,256,
image/trackicon/village_c114_icon,ab/e8/e88c9c0cf0ff8eedf6a0b52b71d92f09.unity3d,Texture2D,village_c114_icon,8517224974379871187,image/trackicon/village_c114_icon.png,341,175,
image/trackicon/village_f01_icon,ab/be/bed26b3f7f8fb0b57fd0bae3ce35f42d.unity3d,Texture2D,village_f01_icon,-2237012441232816481,image/trackicon/village_f01_icon.png,500,256,
image/trackicon/village_i01_icon,ab/19/19d2315a8d36c26313d5f2eb39304a6e.unity3d,Texture2D,village_i01_icon,-5583874987191928764,image/trackicon/village_i01_icon.png,500,256,
image/trackicon/village_i03_icon,ab/c0/c065f40623addd5db66804be6ec18695.unity3d,Texture2D,village_i03_icon,-142913627063233068,image/trackicon/village_i03_icon.png,500,256,
image/trackicon/village_l02_01_icon,ab/ee/ee8ec761e52f2985776841b0a39ce83a.unity3d,Texture2D,village_l02_01_icon,-1173689168982942070,image/trackicon/village_l02_01_icon.png,500,256,
image/trackicon/village_l04_01_icon,ab/c0/c0f75d42747f28f248f4eeff89d1b919.unity3d,Texture2D,village_l04_01_icon,-1338765397116000064,image/trackicon/village_l04_01_icon.png,500,256,
image/trackicon/village_l04_03_icon,ab/0b/0b08d80e813bcc91847cbc3f77d47233.unity3d,Texture2D,village_l04_03_icon,5305310238693390516,image/trackicon/village_l04_03_icon.png,500,256,
image/trackicon/village_r01_icon,ab/3c/3cfaa9123a7f0b8640a1f39da9034e21.unity3d,Texture2D,village_r01_icon,-6734933625178959061,image/trackicon/village_r01_icon.png,500,256,
image/trackicon/village_r01_icon01,ab/eb/ebb9e9b942416bb1e42912c30c21ebd5.unity3d,Texture2D,village_r01_icon01,2823862574876827789,image/trackicon/village_r01_icon01.png,500,256,
image/trackicon/village_r01_icon2,ab/55/55edf1c98eaeaa2786ec776f8eaeef09.unity3d,Texture2D,village_r01_icon2,5210131386876548281,image/trackicon/village_r01_icon2.png,340,176,
image/trackicon/village_r05_icon1,ab/e9/e9e25aa2b74bbdd7bbc7d1a1d1fd3d5b.unity3d,Texture2D,village_r05_icon1,-621942681204627438,image/trackicon/village_r05_icon1.png,500,256,
image/trackicon/village_r05_icon2,ab/0a/0ab7506de67140e73e9c50e4f3cd3fc8.unity3d,Texture2D,village_r05_icon2,-3781228776867646877,image/trackicon/village_r05_icon2.png,500,256,
image/trackicon/village_r05_icon3,ab/58/58e1c356c189e28b10df9d4bcf704718.unity3d,Texture2D,village_r05_icon3,5260608563339890016,image/trackicon/village_r05_icon3.png,500,256,
image/trackicon/village_r12_icon,ab/c1/c16c81a556294550ae602d29fde9fc61.unity3d,Texture2D,village_r12_icon,-361032173007304804,image/trackicon/village_r12_icon.png,500,256,
image/trackicon/wkc_r01_icon1,ab/b8/b89f5068f0a4c987c4acc0a6d96752e5.unity3d,Texture2D,wkc_r01_icon1,1616835293136816650,image/trackicon/wkc_r01_icon1.png,340,176,
image/trackicon/wkc_r01_icon2,ab/d8/d84dcc8d046f5b7cdeb6db3560b8e582.unity3d,Texture2D,wkc_r01_icon2,7572316586445461660,image/trackicon/wkc_r01_icon2.png,340,176,
image/trackicon/wkc_r02_icon,ab/3d/3d00d9728cfdd3899e6e308dbb429c74.unity3d,Texture2D,wkc_r02_icon,3060043818022938645,image/trackicon/wkc_r02_icon.png,500,256,
image/trackicon/wkc_r03_icon,ab/d1/d1e0f141185bd1211595b0fc74531c07.unity3d,Texture2D,wkc_r03_icon,5592210922211143839,image/trackicon/wkc_r03_icon.png,500,256,
image/trackicon/world_environment_02_icon,ab/3d/3d5851e46bd6c89656f9d19e6f0032c5.unity3d,Texture2D,world_environment_02_icon,1339540182830094119,image/trackicon/world_environment_02_icon.png,500,256,
image/trackicon/world_i01_icon,ab/ed/ed89d2fdfb33e0e6c810efe5d81512e6.unity3d,Texture2D,world_i01_icon,-235914185000621507,image/trackicon/world_i01_icon.png,500,256,
image/trackicon/world_i01_icon3,ab/fd/fd5eee29545f2146dd3d75bef1cdc839.unity3d,Texture2D,world_i01_icon3,2587164912831356742,image/trackicon/world_i01_icon3.png,340,176,
image/trackicon/world_i02_icon,ab/51/51421e13604039ff635735f75d58433d.unity3d,Texture2D,world_i02_icon,-7652781428521118460,image/trackicon/world_i02_icon.png,500,256,
image/trackicon/world_i03_icon,ab/31/3134962cee3b883eebba4966852f381c.unity3d,Texture2D,world_i03_icon,6745740841534873180,image/trackicon/world_i03_icon.png,500,256,
image/trackicon/world_i03_icon1,ab/de/decb08083f49314e3afe20ea81bdbe9d.unity3d,Texture2D,world_i03_icon1,-1719119094510763889,image/trackicon/world_i03_icon1.png,340,176,
image/trackicon/world_i05_icon,ab/c6/c613f7917f6b951c743834de08f65886.unity3d,Texture2D,world_i05_icon,6623792882438649148,image/trackicon/world_i05_icon.png,500,256,
image/trackicon/world_r02_icon,ab/70/70e992b524471763a309af8fc75e463a.unity3d,Texture2D,world_r02_icon,-8953700407845173304,image/trackicon/world_r02_icon.png,500,256,
image/trackicon/world_r02_icon1,ab/0c/0ccf91c3a1cdcb8f6e1babdff131ef8b.unity3d,Texture2D,world_r02_icon1,7272202135959010567,image/trackicon/world_r02_icon1.png,340,176,
image/trackicon/world_r02_icon2,ab/fc/fc981c873c98917c1954ac4f082eed34.unity3d,Texture2D,world_r02_icon2,-1544221113809291155,image/trackicon/world_r02_icon2.png,340,176,
image/trackicon/world_r06_icon,ab/02/02bec9963244f5d7b08a17c52c163b91.unity3d,Texture2D,world_r06_icon,3044792651233074256,image/trackicon/world_r06_icon.png,500,256,
image/trackicon/world_r10_icon,ab/fc/fcab57ae9b0ec2fee5b18b7451999346.unity3d,Texture2D,world_r10_icon,2141470599436537445,image/trackicon/world_r10_icon.png,500,256,
image/tracktopicicon/10,ab/70/70683dd3bd6e1ed4f1c9f72873bf9208.unity3d,Texture2D,10,6549466306331676968,image/tracktopicicon/10.png,64,64,
image/tracktopicicon/16,ab/b3/b37ea487a1a05eb88d435de98daa7d9f.unity3d,Texture2D,16,-7535446088653526415,image/tracktopicicon/16.png,64,64,
image/tracktopicicon/18,ab/e9/e9630ce8efc3afd4119d6908212991cc.unity3d,Texture2D,18,1529008160019026407,image/tracktopicicon/18.png,64,64,
image/tracktopicicon/20,ab/dd/dda7ee0ecfa49e026103c023104371b0.unity3d,Texture2D,20,2400115664747722933,image/tracktopicicon/20.png,64,64,
image/tracktopicicon/23,ab/ea/ea9449ea57732af5a4dba2b6fb9a8134.unity3d,Texture2D,23,987713375746888588,image/tracktopicicon/23.png,64,64,
image/tracktopicicon/25,ab/b8/b8d5c8328a8c10dd304f9348361f2f0a.unity3d,Texture2D,25,-5471566918389383949,image/tracktopicicon/25.png,64,64,
image/tracktopicicon/26,ab/bd/bd490bf219db8ab8882674c359176900.unity3d,Texture2D,26,4227669437194229150,image/tracktopicicon/26.png,64,64,
image/tracktopicicon/27,ab/d2/d2d36763bfeb4f5c967f11baa13431d0.unity3d,Texture2D,27,3246097450675741008,image/tracktopicicon/27.png,64,64,
image/trainicon/iazhao_white_daoju,ab/e0/e00e549b4b6bd6894a36485c4d8be86c.unity3d,Texture2D,iazhao_white_daoju,1129486514172045560,image/trainicon/iazhao_white_daoju.png,164,164,
image/trainicon/jiazhao_blue_gaojipiao,ab/2d/2d22896abab4e89407e08eddf011b52c.unity3d,Texture2D,jiazhao_blue_gaojipiao,-1294391521728609934,image/trainicon/jiazhao_blue_gaojipiao.png,328,328,
image/trainicon/jiazhao_blue_jichupen,ab/50/501636b78249d28d9ea255a5e5a24ec1.unity3d,Texture2D,jiazhao_blue_jichupen,6517501655594256740,image/trainicon/jiazhao_blue_jichupen.png,328,328,
image/trainicon/jiazhao_blue_jishi,ab/46/4637c6f555f5fd426fbd334451c8f310.unity3d,Texture2D,jiazhao_blue_jishi,8444861055716020239,image/trainicon/jiazhao_blue_jishi.png,328,328,
image/trainicon/jiazhao_green_daoju,ab/c0/c018781b1b368a00b8180c9d6789ee67.unity3d,Texture2D,jiazhao_green_daoju,-2749240866696387653,image/trainicon/jiazhao_green_daoju.png,164,164,
image/trainicon/jiazhao_green_jiqiao,ab/cc/cc2df2bbf48a741a0b8b009b1b6b4b0a.unity3d,Texture2D,jiazhao_green_jiqiao,3086757049815758048,image/trainicon/jiazhao_green_jiqiao.png,328,328,
image/trainicon/jiazhao_purple_gaojipiao,ab/c6/c6b938a67a9c1e717b2db70b0bb2cf2c.unity3d,Texture2D,jiazhao_purple_gaojipiao,6413998230758789911,image/trainicon/jiazhao_purple_gaojipiao.png,164,164,
image/trainicon/jiazhao_purple_jichupen,ab/62/6281f6c8d8726340521e9003836f76b6.unity3d,Texture2D,jiazhao_purple_jichupen,7061459064190560871,image/trainicon/jiazhao_purple_jichupen.png,164,164,
image/trainicon/jiazhao_purple_jiqiao,ab/0e/0eb6a2e98b3c5fe0a3306e8216bedae1.unity3d,Texture2D,jiazhao_purple_jiqiao,2471170424878984751,image/trainicon/jiazhao_purple_jiqiao.png,164,164,
image/trainicon/jiazhao_purple_jishi,ab/c5/c54b5023da20780859044d5b8a6d99ee.unity3d,Texture2D,jiazhao_purple_jishi,2496078942432016883,image/trainicon/jiazhao_purple_jishi.png,164,164,
image/trainicon/jiazhao_red_daoju,ab/cb/cb598860ef5e13a7b524529df17162f4.unity3d,Texture2D,jiazhao_red_daoju,9202468481680043408,image/trainicon/jiazhao_red_daoju.png,164,164,
image/trainicon/jiazhao_red_gaojipen,ab/ed/edcc07839160b56ef594ab1f5dc3f6b5.unity3d,Texture2D,jiazhao_red_gaojipen,6076311836063719711,image/trainicon/jiazhao_red_gaojipen.png,328,328,
image/trainicon/jiazhao_red_jichupen,ab/d1/d1376a542767b09d177fc24fa4a0092e.unity3d,Texture2D,jiazhao_red_jichupen,-2912465908403557250,image/trainicon/jiazhao_red_jichupen.png,328,328,
image/trainicon/jiazhao_red_jichupiao,ab/af/afcc3ed3343031ed7c71749dc995b371.unity3d,Texture2D,jiazhao_red_jichupiao,-5326054322900888949,image/trainicon/jiazhao_red_jichupiao.png,328,328,
image/trainicon/jiazhao_white_gaojipen,ab/eb/ebb29c0e55bfdda75f872e62b825b47c.unity3d,Texture2D,jiazhao_white_gaojipen,-5944133384464033170,image/trainicon/jiazhao_white_gaojipen.png,328,328,
image/trainicon/jiazhao_white_jichupiao,ab/f0/f03b6521eb90ff2569a58d82d1202dbd.unity3d,Texture2D,jiazhao_white_jichupiao,-4872842865454811673,image/trainicon/jiazhao_white_jichupiao.png,328,328,
image/trainicon/jiazhao_white_jingsu,ab/ee/ee55fc31d86f26e39b4336bde180af92.unity3d,Texture2D,jiazhao_white_jingsu,-423721939430658611,image/trainicon/jiazhao_white_jingsu.png,328,328,
image/trainicon/jiazhao_white_jiqiao,ab/3d/3d5f2a5bcc71169ef22f2b7a768651cb.unity3d,Texture2D,jiazhao_white_jiqiao,1205896654944360506,image/trainicon/jiazhao_white_jiqiao.png,328,328,
image/trainicon/jiazhao_yellow_daoju,ab/69/699eb7b1068367aa01e9d98261589b8c.unity3d,Texture2D,jiazhao_yellow_daoju,-6750047438487436601,image/trainicon/jiazhao_yellow_daoju.png,164,164,
image/trainicon/jiazhao_yellow_gaojipiao,ab/b0/b0b1d89b883c8c8d4df745a2163d6fdd.unity3d,Texture2D,jiazhao_yellow_gaojipiao,7247046467243387945,image/trainicon/jiazhao_yellow_gaojipiao.png,328,328,
image/trainicon/jiazhao_yellow_jichupen,ab/c1/c1395e22fe1d9f7a6bfbb87f3178d6ab.unity3d,Texture2D,jiazhao_yellow_jichupen,-8570358203733545132,image/trainicon/jiazhao_yellow_jichupen.png,328,328,
image/trainicon/jiazhao_yellow_jiqiao,ab/18/18abd10ffed3a2fe60e9fa61e2e6483c.unity3d,Texture2D,jiazhao_yellow_jiqiao,9123131944179438945,image/trainicon/jiazhao_yellow_jiqiao.png,328,328,
image/videoicon/desert_r01_icon,ab/49/490cf682cdb7140dad64ad4373e4cce9.unity3d,Texture2D,desert_r01_icon,-8837638459672627759,image/videoicon/desert_r01_icon.png,500,256,
image/videoicon/piaoyiguowan,ab/0e/0e9b4ba94685d6ca92411df4e250e84b.unity3d,Texture2D,piaoyiguowan,-3935820630860262709,image/videoicon/piaoyiguowan.png,900,500,
image/videoicon/village_l04_03_icon,ab/d3/d39018d8c25fd3a23cccb6bd48cdd29e.unity3d,Texture2D,village_l04_03_icon,8487967125200873301,image/videoicon/village_l04_03_icon.png,500,256,
